!set useApproximateCountDistinct false
!use druidtest://?componentSupplier=StandardMSQComponentSupplier&datasets=sql/src/test/quidem/qatests/qaArray/ops_funcs
!set outputformat mysql
#-------------------------------------------------------------------------
# TESTCASE: test_array_funcs TEST_ID: A1_B5_C19_D1
#-------------------------------------------------------------------------
SELECT array_contains(a_mixed, 1) AS col
FROM test_array;
+------+
| col  |
+------+
| true |
| true |
| true |
| true |
+------+
(4 rows)

!ok

#-------------------------------------------------------------------------
# TESTCASE: test_array_funcs TEST_ID: A1_B5_C20_D1
#-------------------------------------------------------------------------
SELECT array_contains(json_value(a_nested, '$[6]' RETURNING varchar array), 1) AS col
FROM test_array;
+------+
| col  |
+------+
| true |
| true |
| true |
| true |
+------+
(4 rows)

!ok

#-------------------------------------------------------------------------
# TESTCASE: test_array_funcs TEST_ID: A1_B5_C21_D1
#-------------------------------------------------------------------------
SELECT array_contains(json_value(a_nested, '$[7][6]' RETURNING varchar array), 1) AS col
FROM test_array;
+------+
| col  |
+------+
| true |
| true |
| true |
| true |
+------+
(4 rows)

!ok

#-------------------------------------------------------------------------
# TESTCASE: test_array_funcs TEST_ID: A1_B5_C22_D1
#-------------------------------------------------------------------------
SELECT array_contains(a_nested, 1) AS col
FROM test_array;
Cannot apply 'ARRAY_CONTAINS' to arguments of type 'ARRAY_CONTAINS(
!error

#-------------------------------------------------------------------------
# TESTCASE: test_array_funcs TEST_ID: A1_B5_C23_D1
#-------------------------------------------------------------------------
SELECT array_contains(json_value(a_nested, '$[7]' RETURNING varchar array), 1) AS col
FROM test_array;
+-----+
| col |
+-----+
|     |
|     |
|     |
|     |
+-----+
(4 rows)

!ok

#-------------------------------------------------------------------------
# TESTCASE: test_array_funcs TEST_ID: A1_B5_C24_D1
#-------------------------------------------------------------------------
SELECT array_contains(json_value(a_nested, '$[7][7]' RETURNING varchar array), 1) AS col
FROM test_array;
+-----+
| col |
+-----+
|     |
|     |
|     |
|     |
+-----+
(4 rows)

!ok

#-------------------------------------------------------------------------
# TESTCASE: test_array_funcs TEST_ID: A1_B6_C1_D1
#-------------------------------------------------------------------------
SELECT array_overlap(a_bool, ARRAY[1]) AS col
FROM test_array;
+------+
| col  |
+------+
| true |
| true |
| true |
| true |
+------+
(4 rows)

!ok

#-------------------------------------------------------------------------
# TESTCASE: test_array_funcs TEST_ID: A1_B6_C2_D1
#-------------------------------------------------------------------------
SELECT array_overlap(json_value(a_nested, '$[0]' RETURNING boolean array), ARRAY[1]) AS col
FROM test_array;
+------+
| col  |
+------+
| true |
| true |
| true |
| true |
+------+
(4 rows)

!ok

#-------------------------------------------------------------------------
# TESTCASE: test_array_funcs TEST_ID: A1_B6_C3_D1
#-------------------------------------------------------------------------
SELECT array_overlap(json_value(a_nested, '$[7][0]' RETURNING boolean array), ARRAY[1]) AS col
FROM test_array;
+------+
| col  |
+------+
| true |
| true |
| true |
| true |
+------+
(4 rows)

!ok

#-------------------------------------------------------------------------
# TESTCASE: test_array_funcs TEST_ID: A1_B6_C4_D1
#-------------------------------------------------------------------------
SELECT array_overlap(a_int, ARRAY[1]) AS col
FROM test_array;
+------+
| col  |
+------+
| true |
| true |
| true |
| true |
+------+
(4 rows)

!ok

#-------------------------------------------------------------------------
# TESTCASE: test_array_funcs TEST_ID: A1_B6_C5_D1
#-------------------------------------------------------------------------
SELECT array_overlap(json_value(a_nested, '$[1]' RETURNING bigint array), ARRAY[1]) AS col
FROM test_array;
+------+
| col  |
+------+
| true |
| true |
| true |
| true |
+------+
(4 rows)

!ok

#-------------------------------------------------------------------------
# TESTCASE: test_array_funcs TEST_ID: A1_B6_C6_D1
#-------------------------------------------------------------------------
SELECT array_overlap(json_value(a_nested, '$[7][1]' RETURNING bigint array), ARRAY[1]) AS col
FROM test_array;
+------+
| col  |
+------+
| true |
| true |
| true |
| true |
+------+
(4 rows)

!ok

#-------------------------------------------------------------------------
# TESTCASE: test_array_funcs TEST_ID: A1_B6_C7_D1
#-------------------------------------------------------------------------
SELECT array_overlap(a_float, ARRAY[1]) AS col
FROM test_array;
+-------+
| col   |
+-------+
| false |
| false |
| false |
| false |
+-------+
(4 rows)

!ok

#-------------------------------------------------------------------------
# TESTCASE: test_array_funcs TEST_ID: A1_B6_C8_D1
#-------------------------------------------------------------------------
SELECT array_overlap(json_value(a_nested, '$[2]' RETURNING decimal array), ARRAY[1]) AS col
FROM test_array;
+-------+
| col   |
+-------+
| false |
| false |
| false |
| false |
+-------+
(4 rows)

!ok

#-------------------------------------------------------------------------
# TESTCASE: test_array_funcs TEST_ID: A1_B6_C9_D1
#-------------------------------------------------------------------------
SELECT array_overlap(json_value(a_nested, '$[7][2]' RETURNING decimal array), ARRAY[1]) AS col
FROM test_array;
+-------+
| col   |
+-------+
| false |
| false |
| false |
| false |
+-------+
(4 rows)

!ok

#-------------------------------------------------------------------------
# TESTCASE: test_array_funcs TEST_ID: A1_B6_C10_D1
#-------------------------------------------------------------------------
SELECT array_overlap(a_str, ARRAY[1]) AS col
FROM test_array;
+-------+
| col   |
+-------+
| false |
| false |
| false |
| false |
+-------+
(4 rows)

!ok

#-------------------------------------------------------------------------
# TESTCASE: test_array_funcs TEST_ID: A1_B6_C11_D1
#-------------------------------------------------------------------------
SELECT array_overlap(json_value(a_nested, '$[3]' RETURNING varchar array), ARRAY[1]) AS col
FROM test_array;
+-------+
| col   |
+-------+
| false |
| false |
| false |
| false |
+-------+
(4 rows)

!ok

#-------------------------------------------------------------------------
# TESTCASE: test_array_funcs TEST_ID: A1_B6_C12_D1
#-------------------------------------------------------------------------
SELECT array_overlap(json_value(a_nested, '$[7][3]' RETURNING varchar array), ARRAY[1]) AS col
FROM test_array;
+-------+
| col   |
+-------+
| false |
| false |
| false |
| false |
+-------+
(4 rows)

!ok

#-------------------------------------------------------------------------
# TESTCASE: test_array_funcs TEST_ID: A1_B6_C13_D1
#-------------------------------------------------------------------------
SELECT array_overlap(a_null, ARRAY[1]) AS col
FROM test_array;
+-------+
| col   |
+-------+
| false |
| false |
| false |
| false |
+-------+
(4 rows)

!ok

#-------------------------------------------------------------------------
# TESTCASE: test_array_funcs TEST_ID: A1_B6_C14_D1
#-------------------------------------------------------------------------
SELECT array_overlap(json_value(a_nested, '$[4]' RETURNING varchar array), ARRAY[1]) AS col
FROM test_array;
+-------+
| col   |
+-------+
| false |
| false |
| false |
| false |
+-------+
(4 rows)

!ok

#-------------------------------------------------------------------------
# TESTCASE: test_array_funcs TEST_ID: A1_B6_C15_D1
#-------------------------------------------------------------------------
SELECT array_overlap(json_value(a_nested, '$[7][4]' RETURNING varchar array), ARRAY[1]) AS col
FROM test_array;
+-------+
| col   |
+-------+
| false |
| false |
| false |
| false |
+-------+
(4 rows)

!ok

#-------------------------------------------------------------------------
# TESTCASE: test_array_funcs TEST_ID: A1_B6_C16_D1
#-------------------------------------------------------------------------
SELECT array_overlap(a_empty, ARRAY[1]) AS col
FROM test_array;
+-------+
| col   |
+-------+
| false |
| false |
| false |
| false |
+-------+
(4 rows)

!ok

#-------------------------------------------------------------------------
# TESTCASE: test_array_funcs TEST_ID: A1_B6_C17_D1
#-------------------------------------------------------------------------
SELECT array_overlap(json_value(a_nested, '$[5]' RETURNING varchar array), ARRAY[1]) AS col
FROM test_array;
+-------+
| col   |
+-------+
| false |
| false |
| false |
| false |
+-------+
(4 rows)

!ok

#-------------------------------------------------------------------------
# TESTCASE: test_array_funcs TEST_ID: A1_B6_C18_D1
#-------------------------------------------------------------------------
SELECT array_overlap(json_value(a_nested, '$[7][5]' RETURNING varchar array), ARRAY[1]) AS col
FROM test_array;
+-------+
| col   |
+-------+
| false |
| false |
| false |
| false |
+-------+
(4 rows)

!ok

#-------------------------------------------------------------------------
# TESTCASE: test_array_funcs TEST_ID: A1_B6_C19_D1
#-------------------------------------------------------------------------
SELECT array_overlap(a_mixed, ARRAY[1]) AS col
FROM test_array;
+------+
| col  |
+------+
| true |
| true |
| true |
| true |
+------+
(4 rows)

!ok

#-------------------------------------------------------------------------
# TESTCASE: test_array_funcs TEST_ID: A1_B6_C20_D1
#-------------------------------------------------------------------------
SELECT array_overlap(json_value(a_nested, '$[6]' RETURNING varchar array), ARRAY[1]) AS col
FROM test_array;
+------+
| col  |
+------+
| true |
| true |
| true |
| true |
+------+
(4 rows)

!ok

#-------------------------------------------------------------------------
# TESTCASE: test_array_funcs TEST_ID: A1_B6_C21_D1
#-------------------------------------------------------------------------
SELECT array_overlap(json_value(a_nested, '$[7][6]' RETURNING varchar array), ARRAY[1]) AS col
FROM test_array;
+------+
| col  |
+------+
| true |
| true |
| true |
| true |
+------+
(4 rows)

!ok

#-------------------------------------------------------------------------
# TESTCASE: test_array_funcs TEST_ID: A1_B6_C22_D1
#-------------------------------------------------------------------------
SELECT array_overlap(a_nested, ARRAY[1]) AS col
FROM test_array;
Cannot apply 'ARRAY_OVERLAP' to arguments of type 'ARRAY_OVERLAP(
!error

#-------------------------------------------------------------------------
# TESTCASE: test_array_funcs TEST_ID: A1_B6_C23_D1
#-------------------------------------------------------------------------
SELECT array_overlap(json_value(a_nested, '$[7]' RETURNING varchar array), ARRAY[1]) AS col
FROM test_array;
+-----+
| col |
+-----+
|     |
|     |
|     |
|     |
+-----+
(4 rows)

!ok

#-------------------------------------------------------------------------
# TESTCASE: test_array_funcs TEST_ID: A1_B6_C24_D1
#-------------------------------------------------------------------------
SELECT array_overlap(json_value(a_nested, '$[7][7]' RETURNING varchar array), ARRAY[1]) AS col
FROM test_array;
+-----+
| col |
+-----+
|     |
|     |
|     |
|     |
+-----+
(4 rows)

!ok

#-------------------------------------------------------------------------
# TESTCASE: test_array_funcs TEST_ID: A1_B7_C1_D1
#-------------------------------------------------------------------------
SELECT array_offset_of(a_bool, 1) AS col
FROM test_array;
+-----+
| col |
+-----+
|   0 |
|   0 |
|   2 |
|   2 |
+-----+
(4 rows)

!ok

#-------------------------------------------------------------------------
# TESTCASE: test_array_funcs TEST_ID: A1_B7_C2_D1
#-------------------------------------------------------------------------
SELECT array_offset_of(json_value(a_nested, '$[0]' RETURNING boolean array), 1) AS col
FROM test_array;
+-----+
| col |
+-----+
|   0 |
|   0 |
|   2 |
|   2 |
+-----+
(4 rows)

!ok

#-------------------------------------------------------------------------
# TESTCASE: test_array_funcs TEST_ID: A1_B7_C3_D1
#-------------------------------------------------------------------------
SELECT array_offset_of(json_value(a_nested, '$[7][0]' RETURNING boolean array), 1) AS col
FROM test_array;
+-----+
| col |
+-----+
|   0 |
|   0 |
|   2 |
|   2 |
+-----+
(4 rows)

!ok

#-------------------------------------------------------------------------
# TESTCASE: test_array_funcs TEST_ID: A1_B7_C4_D1
#-------------------------------------------------------------------------
SELECT array_offset_of(a_int, 1) AS col
FROM test_array;
+-----+
| col |
+-----+
|   0 |
|   0 |
|   2 |
|   2 |
+-----+
(4 rows)

!ok

#-------------------------------------------------------------------------
# TESTCASE: test_array_funcs TEST_ID: A1_B7_C5_D1
#-------------------------------------------------------------------------
SELECT array_offset_of(json_value(a_nested, '$[1]' RETURNING bigint array), 1) AS col
FROM test_array;
+-----+
| col |
+-----+
|   0 |
|   0 |
|   2 |
|   2 |
+-----+
(4 rows)

!ok

#-------------------------------------------------------------------------
# TESTCASE: test_array_funcs TEST_ID: A1_B7_C6_D1
#-------------------------------------------------------------------------
SELECT array_offset_of(json_value(a_nested, '$[7][1]' RETURNING bigint array), 1) AS col
FROM test_array;
+-----+
| col |
+-----+
|   0 |
|   0 |
|   2 |
|   2 |
+-----+
(4 rows)

!ok

#-------------------------------------------------------------------------
# TESTCASE: test_array_funcs TEST_ID: A1_B7_C7_D1
#-------------------------------------------------------------------------
SELECT array_offset_of(a_float, 1) AS col
FROM test_array;
+-----+
| col |
+-----+
|     |
|     |
|     |
|     |
+-----+
(4 rows)

!ok

#-------------------------------------------------------------------------
# TESTCASE: test_array_funcs TEST_ID: A1_B7_C8_D1
#-------------------------------------------------------------------------
SELECT array_offset_of(json_value(a_nested, '$[2]' RETURNING decimal array), 1) AS col
FROM test_array;
+-----+
| col |
+-----+
|     |
|     |
|     |
|     |
+-----+
(4 rows)

!ok

#-------------------------------------------------------------------------
# TESTCASE: test_array_funcs TEST_ID: A1_B7_C9_D1
#-------------------------------------------------------------------------
SELECT array_offset_of(json_value(a_nested, '$[7][2]' RETURNING decimal array), 1) AS col
FROM test_array;
+-----+
| col |
+-----+
|     |
|     |
|     |
|     |
+-----+
(4 rows)

!ok

#-------------------------------------------------------------------------
# TESTCASE: test_array_funcs TEST_ID: A1_B7_C10_D1
#-------------------------------------------------------------------------
SELECT array_offset_of(a_str, 1) AS col
FROM test_array;
+-----+
| col |
+-----+
|     |
|     |
|     |
|     |
+-----+
(4 rows)

!ok

#-------------------------------------------------------------------------
# TESTCASE: test_array_funcs TEST_ID: A1_B7_C11_D1
#-------------------------------------------------------------------------
SELECT array_offset_of(json_value(a_nested, '$[3]' RETURNING varchar array), 1) AS col
FROM test_array;
+-----+
| col |
+-----+
|     |
|     |
|     |
|     |
+-----+
(4 rows)

!ok

#-------------------------------------------------------------------------
# TESTCASE: test_array_funcs TEST_ID: A1_B7_C12_D1
#-------------------------------------------------------------------------
SELECT array_offset_of(json_value(a_nested, '$[7][3]' RETURNING varchar array), 1) AS col
FROM test_array;
+-----+
| col |
+-----+
|     |
|     |
|     |
|     |
+-----+
(4 rows)

!ok

#-------------------------------------------------------------------------
# TESTCASE: test_array_funcs TEST_ID: A1_B7_C13_D1
#-------------------------------------------------------------------------
SELECT array_offset_of(a_null, 1) AS col
FROM test_array;
+-----+
| col |
+-----+
|     |
|     |
|     |
|     |
+-----+
(4 rows)

!ok

#-------------------------------------------------------------------------
# TESTCASE: test_array_funcs TEST_ID: A1_B7_C14_D1
#-------------------------------------------------------------------------
SELECT array_offset_of(json_value(a_nested, '$[4]' RETURNING varchar array), 1) AS col
FROM test_array;
+-----+
| col |
+-----+
|     |
|     |
|     |
|     |
+-----+
(4 rows)

!ok

#-------------------------------------------------------------------------
# TESTCASE: test_array_funcs TEST_ID: A1_B7_C15_D1
#-------------------------------------------------------------------------
SELECT array_offset_of(json_value(a_nested, '$[7][4]' RETURNING varchar array), 1) AS col
FROM test_array;
+-----+
| col |
+-----+
|     |
|     |
|     |
|     |
+-----+
(4 rows)

!ok

#-------------------------------------------------------------------------
# TESTCASE: test_array_funcs TEST_ID: A1_B7_C16_D1
#-------------------------------------------------------------------------
SELECT array_offset_of(a_empty, 1) AS col
FROM test_array;
+-----+
| col |
+-----+
|     |
|     |
|     |
|     |
+-----+
(4 rows)

!ok

#-------------------------------------------------------------------------
# TESTCASE: test_array_funcs TEST_ID: A1_B7_C17_D1
#-------------------------------------------------------------------------
SELECT array_offset_of(json_value(a_nested, '$[5]' RETURNING varchar array), 1) AS col
FROM test_array;
+-----+
| col |
+-----+
|     |
|     |
|     |
|     |
+-----+
(4 rows)

!ok

#-------------------------------------------------------------------------
# TESTCASE: test_array_funcs TEST_ID: A1_B7_C18_D1
#-------------------------------------------------------------------------
SELECT array_offset_of(json_value(a_nested, '$[7][5]' RETURNING varchar array), 1) AS col
FROM test_array;
+-----+
| col |
+-----+
|     |
|     |
|     |
|     |
+-----+
(4 rows)

!ok

#-------------------------------------------------------------------------
# TESTCASE: test_array_funcs TEST_ID: A1_B7_C19_D1
#-------------------------------------------------------------------------
SELECT array_offset_of(a_mixed, 1) AS col
FROM test_array;
+-----+
| col |
+-----+
|     |
|     |
|     |
|     |
+-----+
(4 rows)

!ok

#-------------------------------------------------------------------------
# TESTCASE: test_array_funcs TEST_ID: A1_B7_C20_D1
#-------------------------------------------------------------------------
SELECT array_offset_of(json_value(a_nested, '$[6]' RETURNING varchar array), 1) AS col
FROM test_array;
+-----+
| col |
+-----+
|     |
|     |
|     |
|     |
+-----+
(4 rows)

!ok

