!set useApproximateCountDistinct false
!use druidtest://?componentSupplier=AllDruidEnginesComponentSupplier&datasets=sql/src/test/quidem/qatests/qaArray/sql
!set outputformat mysql
#-------------------------------------------------------------------------
# TESTCASE: test_subquery_with_where TEST_ID: A4_B9_C10
#-------------------------------------------------------------------------
WITH t1 AS
  (SELECT *
   FROM test_array)
SELECT a_str,
       count(*) cnt
FROM t1
WHERE a_str<>json_value(a_nested, '$[3]' RETURNING varchar array)
GROUP BY a_str;
+-------+-----+
| a_str | cnt |
+-------+-----+
+-------+-----+
(0 rows)

!ok

#-------------------------------------------------------------------------
# TESTCASE: test_subquery_with_where TEST_ID: A4_B10_C1
#-------------------------------------------------------------------------
SELECT a_str
FROM test_array
WHERE a_str<>json_value(a_nested, '$[7][3]' RETURNING varchar array);
+-------+
| a_str |
+-------+
+-------+
(0 rows)

!ok

#-------------------------------------------------------------------------
# TESTCASE: test_subquery_with_where TEST_ID: A4_B10_C2
#-------------------------------------------------------------------------
SELECT a_str,
       count(*) cnt
FROM test_array
WHERE a_str<>json_value(a_nested, '$[7][3]' RETURNING varchar array)
GROUP BY a_str;
+-------+-----+
| a_str | cnt |
+-------+-----+
+-------+-----+
(0 rows)

!ok

#-------------------------------------------------------------------------
# TESTCASE: test_subquery_with_where TEST_ID: A4_B10_C3
#-------------------------------------------------------------------------
SELECT a_str
FROM
  (SELECT *
   FROM test_array
   WHERE a_str<>json_value(a_nested, '$[7][3]' RETURNING varchar array));
+-------+
| a_str |
+-------+
+-------+
(0 rows)

!ok

#-------------------------------------------------------------------------
# TESTCASE: test_subquery_with_where TEST_ID: A4_B10_C4
#-------------------------------------------------------------------------
SELECT a_str,
       count(*) cnt
FROM
  (SELECT *
   FROM test_array
   WHERE a_str<>json_value(a_nested, '$[7][3]' RETURNING varchar array))
GROUP BY a_str;
+-------+-----+
| a_str | cnt |
+-------+-----+
+-------+-----+
(0 rows)

!ok

#-------------------------------------------------------------------------
# TESTCASE: test_subquery_with_where TEST_ID: A4_B10_C5
#-------------------------------------------------------------------------
SELECT a_str
FROM
  (SELECT *
   FROM test_array)
WHERE a_str<>json_value(a_nested, '$[7][3]' RETURNING varchar array);
+-------+
| a_str |
+-------+
+-------+
(0 rows)

!ok

#-------------------------------------------------------------------------
# TESTCASE: test_subquery_with_where TEST_ID: A4_B10_C6
#-------------------------------------------------------------------------
SELECT a_str,
       count(*) cnt
FROM
  (SELECT *
   FROM test_array)
WHERE a_str<>json_value(a_nested, '$[7][3]' RETURNING varchar array)
GROUP BY a_str;
+-------+-----+
| a_str | cnt |
+-------+-----+
+-------+-----+
(0 rows)

!ok

#-------------------------------------------------------------------------
# TESTCASE: test_subquery_with_where TEST_ID: A4_B10_C7
#-------------------------------------------------------------------------
WITH t1 AS
  (SELECT *
   FROM test_array
   WHERE a_str<>json_value(a_nested, '$[7][3]' RETURNING varchar array))
SELECT a_str
FROM t1;
+-------+
| a_str |
+-------+
+-------+
(0 rows)

!ok

#-------------------------------------------------------------------------
# TESTCASE: test_subquery_with_where TEST_ID: A4_B10_C8
#-------------------------------------------------------------------------
WITH t1 AS
  (SELECT *
   FROM test_array
   WHERE a_str<>json_value(a_nested, '$[7][3]' RETURNING varchar array))
SELECT a_str,
       count(*) cnt
FROM t1
GROUP BY a_str;
+-------+-----+
| a_str | cnt |
+-------+-----+
+-------+-----+
(0 rows)

!ok

#-------------------------------------------------------------------------
# TESTCASE: test_subquery_with_where TEST_ID: A4_B10_C9
#-------------------------------------------------------------------------
WITH t1 AS
  (SELECT *
   FROM test_array)
SELECT a_str
FROM t1
WHERE a_str<>json_value(a_nested, '$[7][3]' RETURNING varchar array);
+-------+
| a_str |
+-------+
+-------+
(0 rows)

!ok

#-------------------------------------------------------------------------
# TESTCASE: test_subquery_with_where TEST_ID: A4_B10_C10
#-------------------------------------------------------------------------
WITH t1 AS
  (SELECT *
   FROM test_array)
SELECT a_str,
       count(*) cnt
FROM t1
WHERE a_str<>json_value(a_nested, '$[7][3]' RETURNING varchar array)
GROUP BY a_str;
+-------+-----+
| a_str | cnt |
+-------+-----+
+-------+-----+
(0 rows)

!ok

#-------------------------------------------------------------------------
# TESTCASE: test_subquery_with_where TEST_ID: A4_B11_C1
#-------------------------------------------------------------------------
SELECT a_str
FROM test_array
WHERE a_str>ARRAY['S1',
                  'S2'];
+----------------+
| a_str          |
+----------------+
| [S1, S2, null] |
| [S1, S2, null] |
+----------------+
(2 rows)

!ok

#-------------------------------------------------------------------------
# TESTCASE: test_subquery_with_where TEST_ID: A4_B11_C2
#-------------------------------------------------------------------------
SELECT a_str,
       count(*) cnt
FROM test_array
WHERE a_str>ARRAY['S1',
                  'S2']
GROUP BY a_str;
+----------------+-----+
| a_str          | cnt |
+----------------+-----+
| [S1, S2, null] |   2 |
+----------------+-----+
(1 row)

!ok

#-------------------------------------------------------------------------
# TESTCASE: test_subquery_with_where TEST_ID: A4_B11_C3
#-------------------------------------------------------------------------
SELECT a_str
FROM
  (SELECT *
   FROM test_array
   WHERE a_str>ARRAY['S1',
                     'S2']);
+----------------+
| a_str          |
+----------------+
| [S1, S2, null] |
| [S1, S2, null] |
+----------------+
(2 rows)

!ok

#-------------------------------------------------------------------------
# TESTCASE: test_subquery_with_where TEST_ID: A4_B11_C4
#-------------------------------------------------------------------------
SELECT a_str,
       count(*) cnt
FROM
  (SELECT *
   FROM test_array
   WHERE a_str>ARRAY['S1',
                     'S2'])
GROUP BY a_str;
+----------------+-----+
| a_str          | cnt |
+----------------+-----+
| [S1, S2, null] |   2 |
+----------------+-----+
(1 row)

!ok

#-------------------------------------------------------------------------
# TESTCASE: test_subquery_with_where TEST_ID: A4_B11_C5
#-------------------------------------------------------------------------
SELECT a_str
FROM
  (SELECT *
   FROM test_array)
WHERE a_str>ARRAY['S1',
                  'S2'];
+----------------+
| a_str          |
+----------------+
| [S1, S2, null] |
| [S1, S2, null] |
+----------------+
(2 rows)

!ok

#-------------------------------------------------------------------------
# TESTCASE: test_subquery_with_where TEST_ID: A4_B11_C6
#-------------------------------------------------------------------------
SELECT a_str,
       count(*) cnt
FROM
  (SELECT *
   FROM test_array)
WHERE a_str>ARRAY['S1',
                  'S2']
GROUP BY a_str;
+----------------+-----+
| a_str          | cnt |
+----------------+-----+
| [S1, S2, null] |   2 |
+----------------+-----+
(1 row)

!ok

#-------------------------------------------------------------------------
# TESTCASE: test_subquery_with_where TEST_ID: A4_B11_C7
#-------------------------------------------------------------------------
WITH t1 AS
  (SELECT *
   FROM test_array
   WHERE a_str>ARRAY['S1',
                     'S2'])
SELECT a_str
FROM t1;
+----------------+
| a_str          |
+----------------+
| [S1, S2, null] |
| [S1, S2, null] |
+----------------+
(2 rows)

!ok

#-------------------------------------------------------------------------
# TESTCASE: test_subquery_with_where TEST_ID: A4_B11_C8
#-------------------------------------------------------------------------
WITH t1 AS
  (SELECT *
   FROM test_array
   WHERE a_str>ARRAY['S1',
                     'S2'])
SELECT a_str,
       count(*) cnt
FROM t1
GROUP BY a_str;
+----------------+-----+
| a_str          | cnt |
+----------------+-----+
| [S1, S2, null] |   2 |
+----------------+-----+
(1 row)

!ok

#-------------------------------------------------------------------------
# TESTCASE: test_subquery_with_where TEST_ID: A4_B11_C9
#-------------------------------------------------------------------------
WITH t1 AS
  (SELECT *
   FROM test_array)
SELECT a_str
FROM t1
WHERE a_str>ARRAY['S1',
                  'S2'];
+----------------+
| a_str          |
+----------------+
| [S1, S2, null] |
| [S1, S2, null] |
+----------------+
(2 rows)

!ok

#-------------------------------------------------------------------------
# TESTCASE: test_subquery_with_where TEST_ID: A4_B11_C10
#-------------------------------------------------------------------------
WITH t1 AS
  (SELECT *
   FROM test_array)
SELECT a_str,
       count(*) cnt
FROM t1
WHERE a_str>ARRAY['S1',
                  'S2']
GROUP BY a_str;
+----------------+-----+
| a_str          | cnt |
+----------------+-----+
| [S1, S2, null] |   2 |
+----------------+-----+
(1 row)

!ok

#-------------------------------------------------------------------------
# TESTCASE: test_subquery_with_where TEST_ID: A4_B12_C1
#-------------------------------------------------------------------------
SELECT a_str
FROM test_array
WHERE a_str>ARRAY['S1',
                  'S2',
                  NULL];
+-------+
| a_str |
+-------+
+-------+
(0 rows)

!ok

#-------------------------------------------------------------------------
# TESTCASE: test_subquery_with_where TEST_ID: A4_B12_C2
#-------------------------------------------------------------------------
SELECT a_str,
       count(*) cnt
FROM test_array
WHERE a_str>ARRAY['S1',
                  'S2',
                  NULL]
GROUP BY a_str;
+-------+-----+
| a_str | cnt |
+-------+-----+
+-------+-----+
(0 rows)

!ok

#-------------------------------------------------------------------------
# TESTCASE: test_subquery_with_where TEST_ID: A4_B12_C3
#-------------------------------------------------------------------------
SELECT a_str
FROM
  (SELECT *
   FROM test_array
   WHERE a_str>ARRAY['S1',
                     'S2',
                     NULL]);
+-------+
| a_str |
+-------+
+-------+
(0 rows)

!ok

#-------------------------------------------------------------------------
# TESTCASE: test_subquery_with_where TEST_ID: A4_B12_C4
#-------------------------------------------------------------------------
SELECT a_str,
       count(*) cnt
FROM
  (SELECT *
   FROM test_array
   WHERE a_str>ARRAY['S1',
                     'S2',
                     NULL])
GROUP BY a_str;
+-------+-----+
| a_str | cnt |
+-------+-----+
+-------+-----+
(0 rows)

!ok

#-------------------------------------------------------------------------
# TESTCASE: test_subquery_with_where TEST_ID: A4_B12_C5
#-------------------------------------------------------------------------
SELECT a_str
FROM
  (SELECT *
   FROM test_array)
WHERE a_str>ARRAY['S1',
                  'S2',
                  NULL];
+-------+
| a_str |
+-------+
+-------+
(0 rows)

!ok

#-------------------------------------------------------------------------
# TESTCASE: test_subquery_with_where TEST_ID: A4_B12_C6
#-------------------------------------------------------------------------
SELECT a_str,
       count(*) cnt
FROM
  (SELECT *
   FROM test_array)
WHERE a_str>ARRAY['S1',
                  'S2',
                  NULL]
GROUP BY a_str;
+-------+-----+
| a_str | cnt |
+-------+-----+
+-------+-----+
(0 rows)

!ok

#-------------------------------------------------------------------------
# TESTCASE: test_subquery_with_where TEST_ID: A4_B12_C7
#-------------------------------------------------------------------------
WITH t1 AS
  (SELECT *
   FROM test_array
   WHERE a_str>ARRAY['S1',
                     'S2',
                     NULL])
SELECT a_str
FROM t1;
+-------+
| a_str |
+-------+
+-------+
(0 rows)

!ok

#-------------------------------------------------------------------------
# TESTCASE: test_subquery_with_where TEST_ID: A4_B12_C8
#-------------------------------------------------------------------------
WITH t1 AS
  (SELECT *
   FROM test_array
   WHERE a_str>ARRAY['S1',
                     'S2',
                     NULL])
SELECT a_str,
       count(*) cnt
FROM t1
GROUP BY a_str;
+-------+-----+
| a_str | cnt |
+-------+-----+
+-------+-----+
(0 rows)

!ok

#-------------------------------------------------------------------------
# TESTCASE: test_subquery_with_where TEST_ID: A4_B12_C9
#-------------------------------------------------------------------------
WITH t1 AS
  (SELECT *
   FROM test_array)
SELECT a_str
FROM t1
WHERE a_str>ARRAY['S1',
                  'S2',
                  NULL];
+-------+
| a_str |
+-------+
+-------+
(0 rows)

!ok

#-------------------------------------------------------------------------
# TESTCASE: test_subquery_with_where TEST_ID: A4_B12_C10
#-------------------------------------------------------------------------
WITH t1 AS
  (SELECT *
   FROM test_array)
SELECT a_str,
       count(*) cnt
FROM t1
WHERE a_str>ARRAY['S1',
                  'S2',
                  NULL]
GROUP BY a_str;
+-------+-----+
| a_str | cnt |
+-------+-----+
+-------+-----+
(0 rows)

!ok

#-------------------------------------------------------------------------
# TESTCASE: test_subquery_with_where TEST_ID: A4_B13_C1
#-------------------------------------------------------------------------
SELECT a_str
FROM test_array
WHERE a_str>ARRAY['S1',
                  'S2',
                  'S3'];
+-------+
| a_str |
+-------+
+-------+
(0 rows)

!ok

#-------------------------------------------------------------------------
# TESTCASE: test_subquery_with_where TEST_ID: A4_B13_C2
#-------------------------------------------------------------------------
SELECT a_str,
       count(*) cnt
FROM test_array
WHERE a_str>ARRAY['S1',
                  'S2',
                  'S3']
GROUP BY a_str;
+-------+-----+
| a_str | cnt |
+-------+-----+
+-------+-----+
(0 rows)

!ok

#-------------------------------------------------------------------------
# TESTCASE: test_subquery_with_where TEST_ID: A4_B13_C3
#-------------------------------------------------------------------------
SELECT a_str
FROM
  (SELECT *
   FROM test_array
   WHERE a_str>ARRAY['S1',
                     'S2',
                     'S3']);
+-------+
| a_str |
+-------+
+-------+
(0 rows)

!ok

#-------------------------------------------------------------------------
# TESTCASE: test_subquery_with_where TEST_ID: A4_B13_C4
#-------------------------------------------------------------------------
SELECT a_str,
       count(*) cnt
FROM
  (SELECT *
   FROM test_array
   WHERE a_str>ARRAY['S1',
                     'S2',
                     'S3'])
GROUP BY a_str;
+-------+-----+
| a_str | cnt |
+-------+-----+
+-------+-----+
(0 rows)

!ok

#-------------------------------------------------------------------------
# TESTCASE: test_subquery_with_where TEST_ID: A4_B13_C5
#-------------------------------------------------------------------------
SELECT a_str
FROM
  (SELECT *
   FROM test_array)
WHERE a_str>ARRAY['S1',
                  'S2',
                  'S3'];
+-------+
| a_str |
+-------+
+-------+
(0 rows)

!ok

#-------------------------------------------------------------------------
# TESTCASE: test_subquery_with_where TEST_ID: A4_B13_C6
#-------------------------------------------------------------------------
SELECT a_str,
       count(*) cnt
FROM
  (SELECT *
   FROM test_array)
WHERE a_str>ARRAY['S1',
                  'S2',
                  'S3']
GROUP BY a_str;
+-------+-----+
| a_str | cnt |
+-------+-----+
+-------+-----+
(0 rows)

!ok

#-------------------------------------------------------------------------
# TESTCASE: test_subquery_with_where TEST_ID: A4_B13_C7
#-------------------------------------------------------------------------
WITH t1 AS
  (SELECT *
   FROM test_array
   WHERE a_str>ARRAY['S1',
                     'S2',
                     'S3'])
SELECT a_str
FROM t1;
+-------+
| a_str |
+-------+
+-------+
(0 rows)

!ok

#-------------------------------------------------------------------------
# TESTCASE: test_subquery_with_where TEST_ID: A4_B13_C8
#-------------------------------------------------------------------------
WITH t1 AS
  (SELECT *
   FROM test_array
   WHERE a_str>ARRAY['S1',
                     'S2',
                     'S3'])
SELECT a_str,
       count(*) cnt
FROM t1
GROUP BY a_str;
+-------+-----+
| a_str | cnt |
+-------+-----+
+-------+-----+
(0 rows)

!ok

#-------------------------------------------------------------------------
# TESTCASE: test_subquery_with_where TEST_ID: A4_B13_C9
#-------------------------------------------------------------------------
WITH t1 AS
  (SELECT *
   FROM test_array)
SELECT a_str
FROM t1
WHERE a_str>ARRAY['S1',
                  'S2',
                  'S3'];
+-------+
| a_str |
+-------+
+-------+
(0 rows)

!ok

#-------------------------------------------------------------------------
# TESTCASE: test_subquery_with_where TEST_ID: A4_B13_C10
#-------------------------------------------------------------------------
WITH t1 AS
  (SELECT *
   FROM test_array)
SELECT a_str,
       count(*) cnt
FROM t1
WHERE a_str>ARRAY['S1',
                  'S2',
                  'S3']
GROUP BY a_str;
+-------+-----+
| a_str | cnt |
+-------+-----+
+-------+-----+
(0 rows)

!ok

#-------------------------------------------------------------------------
# TESTCASE: test_subquery_with_where TEST_ID: A4_B14_C1
#-------------------------------------------------------------------------
SELECT a_str
FROM test_array
WHERE a_str>json_value(a_nested, '$[3]' RETURNING varchar array);
+-------+
| a_str |
+-------+
+-------+
(0 rows)

!ok

#-------------------------------------------------------------------------
# TESTCASE: test_subquery_with_where TEST_ID: A4_B14_C2
#-------------------------------------------------------------------------
SELECT a_str,
       count(*) cnt
FROM test_array
WHERE a_str>json_value(a_nested, '$[3]' RETURNING varchar array)
GROUP BY a_str;
+-------+-----+
| a_str | cnt |
+-------+-----+
+-------+-----+
(0 rows)

!ok

#-------------------------------------------------------------------------
# TESTCASE: test_subquery_with_where TEST_ID: A4_B14_C3
#-------------------------------------------------------------------------
SELECT a_str
FROM
  (SELECT *
   FROM test_array
   WHERE a_str>json_value(a_nested, '$[3]' RETURNING varchar array));
+-------+
| a_str |
+-------+
+-------+
(0 rows)

!ok

#-------------------------------------------------------------------------
# TESTCASE: test_subquery_with_where TEST_ID: A4_B14_C4
#-------------------------------------------------------------------------
SELECT a_str,
       count(*) cnt
FROM
  (SELECT *
   FROM test_array
   WHERE a_str>json_value(a_nested, '$[3]' RETURNING varchar array))
GROUP BY a_str;
+-------+-----+
| a_str | cnt |
+-------+-----+
+-------+-----+
(0 rows)

!ok

#-------------------------------------------------------------------------
# TESTCASE: test_subquery_with_where TEST_ID: A4_B14_C5
#-------------------------------------------------------------------------
SELECT a_str
FROM
  (SELECT *
   FROM test_array)
WHERE a_str>json_value(a_nested, '$[3]' RETURNING varchar array);
+-------+
| a_str |
+-------+
+-------+
(0 rows)

!ok

#-------------------------------------------------------------------------
# TESTCASE: test_subquery_with_where TEST_ID: A4_B14_C6
#-------------------------------------------------------------------------
SELECT a_str,
       count(*) cnt
FROM
  (SELECT *
   FROM test_array)
WHERE a_str>json_value(a_nested, '$[3]' RETURNING varchar array)
GROUP BY a_str;
+-------+-----+
| a_str | cnt |
+-------+-----+
+-------+-----+
(0 rows)

!ok

#-------------------------------------------------------------------------
# TESTCASE: test_subquery_with_where TEST_ID: A4_B14_C7
#-------------------------------------------------------------------------
WITH t1 AS
  (SELECT *
   FROM test_array
   WHERE a_str>json_value(a_nested, '$[3]' RETURNING varchar array))
SELECT a_str
FROM t1;
+-------+
| a_str |
+-------+
+-------+
(0 rows)

!ok

#-------------------------------------------------------------------------
# TESTCASE: test_subquery_with_where TEST_ID: A4_B14_C8
#-------------------------------------------------------------------------
WITH t1 AS
  (SELECT *
   FROM test_array
   WHERE a_str>json_value(a_nested, '$[3]' RETURNING varchar array))
SELECT a_str,
       count(*) cnt
FROM t1
GROUP BY a_str;
+-------+-----+
| a_str | cnt |
+-------+-----+
+-------+-----+
(0 rows)

!ok

#-------------------------------------------------------------------------
# TESTCASE: test_subquery_with_where TEST_ID: A4_B14_C9
#-------------------------------------------------------------------------
WITH t1 AS
  (SELECT *
   FROM test_array)
SELECT a_str
FROM t1
WHERE a_str>json_value(a_nested, '$[3]' RETURNING varchar array);
+-------+
| a_str |
+-------+
+-------+
(0 rows)

!ok

