!set useApproximateCountDistinct false
!use druidtest://?componentSupplier=AllDruidEnginesComponentSupplier&datasets=sql/src/test/quidem/qatests/qaArray/sql
!set outputformat mysql
#-------------------------------------------------------------------------
# TESTCASE: test_subquery_with_where TEST_ID: A7_B38_C10
#-------------------------------------------------------------------------
WITH t1 AS
  (SELECT *
   FROM test_array)
SELECT a_mixed,
       count(*) cnt
FROM t1
WHERE (a_mixed<json_value(a_nested, '$[6]' RETURNING varchar array)) IS NOT FALSE
GROUP BY a_mixed;
+---------+-----+
| a_mixed | cnt |
+---------+-----+
+---------+-----+
(0 rows)

!ok

#-------------------------------------------------------------------------
# TESTCASE: test_subquery_with_where TEST_ID: A7_B39_C1
#-------------------------------------------------------------------------
SELECT a_mixed
FROM test_array
WHERE a_mixed BETWEEN json_value(a_nested, '$[6]' RETURNING varchar array) AND json_value(a_nested, '$[7][6]' RETURNING varchar array);
+--------------------------+
| a_mixed                  |
+--------------------------+
| [null, S1, 0.1, 1, true] |
| [null, S1, 0.1, 1, true] |
| [true, 1, 0.1, S1, null] |
| [true, 1, 0.1, S1, null] |
+--------------------------+
(4 rows)

!ok

#-------------------------------------------------------------------------
# TESTCASE: test_subquery_with_where TEST_ID: A7_B39_C2
#-------------------------------------------------------------------------
SELECT a_mixed,
       count(*) cnt
FROM test_array
WHERE a_mixed BETWEEN json_value(a_nested, '$[6]' RETURNING varchar array) AND json_value(a_nested, '$[7][6]' RETURNING varchar array)
GROUP BY a_mixed;
+--------------------------+-----+
| a_mixed                  | cnt |
+--------------------------+-----+
| [null, S1, 0.1, 1, true] |   2 |
| [true, 1, 0.1, S1, null] |   2 |
+--------------------------+-----+
(2 rows)

!ok

#-------------------------------------------------------------------------
# TESTCASE: test_subquery_with_where TEST_ID: A7_B39_C3
#-------------------------------------------------------------------------
SELECT a_mixed
FROM
  (SELECT *
   FROM test_array
   WHERE a_mixed BETWEEN json_value(a_nested, '$[6]' RETURNING varchar array) AND json_value(a_nested, '$[7][6]' RETURNING varchar array));
+--------------------------+
| a_mixed                  |
+--------------------------+
| [null, S1, 0.1, 1, true] |
| [null, S1, 0.1, 1, true] |
| [true, 1, 0.1, S1, null] |
| [true, 1, 0.1, S1, null] |
+--------------------------+
(4 rows)

!ok

#-------------------------------------------------------------------------
# TESTCASE: test_subquery_with_where TEST_ID: A7_B39_C4
#-------------------------------------------------------------------------
SELECT a_mixed,
       count(*) cnt
FROM
  (SELECT *
   FROM test_array
   WHERE a_mixed BETWEEN json_value(a_nested, '$[6]' RETURNING varchar array) AND json_value(a_nested, '$[7][6]' RETURNING varchar array))
GROUP BY a_mixed;
+--------------------------+-----+
| a_mixed                  | cnt |
+--------------------------+-----+
| [null, S1, 0.1, 1, true] |   2 |
| [true, 1, 0.1, S1, null] |   2 |
+--------------------------+-----+
(2 rows)

!ok

#-------------------------------------------------------------------------
# TESTCASE: test_subquery_with_where TEST_ID: A7_B39_C5
#-------------------------------------------------------------------------
SELECT a_mixed
FROM
  (SELECT *
   FROM test_array)
WHERE a_mixed BETWEEN json_value(a_nested, '$[6]' RETURNING varchar array) AND json_value(a_nested, '$[7][6]' RETURNING varchar array);
+--------------------------+
| a_mixed                  |
+--------------------------+
| [null, S1, 0.1, 1, true] |
| [null, S1, 0.1, 1, true] |
| [true, 1, 0.1, S1, null] |
| [true, 1, 0.1, S1, null] |
+--------------------------+
(4 rows)

!ok

#-------------------------------------------------------------------------
# TESTCASE: test_subquery_with_where TEST_ID: A7_B39_C6
#-------------------------------------------------------------------------
SELECT a_mixed,
       count(*) cnt
FROM
  (SELECT *
   FROM test_array)
WHERE a_mixed BETWEEN json_value(a_nested, '$[6]' RETURNING varchar array) AND json_value(a_nested, '$[7][6]' RETURNING varchar array)
GROUP BY a_mixed;
+--------------------------+-----+
| a_mixed                  | cnt |
+--------------------------+-----+
| [null, S1, 0.1, 1, true] |   2 |
| [true, 1, 0.1, S1, null] |   2 |
+--------------------------+-----+
(2 rows)

!ok

#-------------------------------------------------------------------------
# TESTCASE: test_subquery_with_where TEST_ID: A7_B39_C7
#-------------------------------------------------------------------------
WITH t1 AS
  (SELECT *
   FROM test_array
   WHERE a_mixed BETWEEN json_value(a_nested, '$[6]' RETURNING varchar array) AND json_value(a_nested, '$[7][6]' RETURNING varchar array))
SELECT a_mixed
FROM t1;
+--------------------------+
| a_mixed                  |
+--------------------------+
| [null, S1, 0.1, 1, true] |
| [null, S1, 0.1, 1, true] |
| [true, 1, 0.1, S1, null] |
| [true, 1, 0.1, S1, null] |
+--------------------------+
(4 rows)

!ok

#-------------------------------------------------------------------------
# TESTCASE: test_subquery_with_where TEST_ID: A7_B39_C8
#-------------------------------------------------------------------------
WITH t1 AS
  (SELECT *
   FROM test_array
   WHERE a_mixed BETWEEN json_value(a_nested, '$[6]' RETURNING varchar array) AND json_value(a_nested, '$[7][6]' RETURNING varchar array))
SELECT a_mixed,
       count(*) cnt
FROM t1
GROUP BY a_mixed;
+--------------------------+-----+
| a_mixed                  | cnt |
+--------------------------+-----+
| [null, S1, 0.1, 1, true] |   2 |
| [true, 1, 0.1, S1, null] |   2 |
+--------------------------+-----+
(2 rows)

!ok

#-------------------------------------------------------------------------
# TESTCASE: test_subquery_with_where TEST_ID: A7_B39_C9
#-------------------------------------------------------------------------
WITH t1 AS
  (SELECT *
   FROM test_array)
SELECT a_mixed
FROM t1
WHERE a_mixed BETWEEN json_value(a_nested, '$[6]' RETURNING varchar array) AND json_value(a_nested, '$[7][6]' RETURNING varchar array);
+--------------------------+
| a_mixed                  |
+--------------------------+
| [null, S1, 0.1, 1, true] |
| [null, S1, 0.1, 1, true] |
| [true, 1, 0.1, S1, null] |
| [true, 1, 0.1, S1, null] |
+--------------------------+
(4 rows)

!ok

#-------------------------------------------------------------------------
# TESTCASE: test_subquery_with_where TEST_ID: A7_B39_C10
#-------------------------------------------------------------------------
WITH t1 AS
  (SELECT *
   FROM test_array)
SELECT a_mixed,
       count(*) cnt
FROM t1
WHERE a_mixed BETWEEN json_value(a_nested, '$[6]' RETURNING varchar array) AND json_value(a_nested, '$[7][6]' RETURNING varchar array)
GROUP BY a_mixed;
+--------------------------+-----+
| a_mixed                  | cnt |
+--------------------------+-----+
| [null, S1, 0.1, 1, true] |   2 |
| [true, 1, 0.1, S1, null] |   2 |
+--------------------------+-----+
(2 rows)

!ok

#-------------------------------------------------------------------------
# TESTCASE: test_subquery_with_where TEST_ID: A7_B40_C1
#-------------------------------------------------------------------------
SELECT a_mixed
FROM test_array
WHERE a_mixed NOT BETWEEN json_value(a_nested, '$[6]' RETURNING varchar array) AND json_value(a_nested, '$[7][6]' RETURNING varchar array);
+---------+
| a_mixed |
+---------+
+---------+
(0 rows)

!ok

#-------------------------------------------------------------------------
# TESTCASE: test_subquery_with_where TEST_ID: A7_B40_C2
#-------------------------------------------------------------------------
SELECT a_mixed,
       count(*) cnt
FROM test_array
WHERE a_mixed NOT BETWEEN json_value(a_nested, '$[6]' RETURNING varchar array) AND json_value(a_nested, '$[7][6]' RETURNING varchar array)
GROUP BY a_mixed;
+---------+-----+
| a_mixed | cnt |
+---------+-----+
+---------+-----+
(0 rows)

!ok

#-------------------------------------------------------------------------
# TESTCASE: test_subquery_with_where TEST_ID: A7_B40_C3
#-------------------------------------------------------------------------
SELECT a_mixed
FROM
  (SELECT *
   FROM test_array
   WHERE a_mixed NOT BETWEEN json_value(a_nested, '$[6]' RETURNING varchar array) AND json_value(a_nested, '$[7][6]' RETURNING varchar array));
+---------+
| a_mixed |
+---------+
+---------+
(0 rows)

!ok

#-------------------------------------------------------------------------
# TESTCASE: test_subquery_with_where TEST_ID: A7_B40_C4
#-------------------------------------------------------------------------
SELECT a_mixed,
       count(*) cnt
FROM
  (SELECT *
   FROM test_array
   WHERE a_mixed NOT BETWEEN json_value(a_nested, '$[6]' RETURNING varchar array) AND json_value(a_nested, '$[7][6]' RETURNING varchar array))
GROUP BY a_mixed;
+---------+-----+
| a_mixed | cnt |
+---------+-----+
+---------+-----+
(0 rows)

!ok

#-------------------------------------------------------------------------
# TESTCASE: test_subquery_with_where TEST_ID: A7_B40_C5
#-------------------------------------------------------------------------
SELECT a_mixed
FROM
  (SELECT *
   FROM test_array)
WHERE a_mixed NOT BETWEEN json_value(a_nested, '$[6]' RETURNING varchar array) AND json_value(a_nested, '$[7][6]' RETURNING varchar array);
+---------+
| a_mixed |
+---------+
+---------+
(0 rows)

!ok

#-------------------------------------------------------------------------
# TESTCASE: test_subquery_with_where TEST_ID: A7_B40_C6
#-------------------------------------------------------------------------
SELECT a_mixed,
       count(*) cnt
FROM
  (SELECT *
   FROM test_array)
WHERE a_mixed NOT BETWEEN json_value(a_nested, '$[6]' RETURNING varchar array) AND json_value(a_nested, '$[7][6]' RETURNING varchar array)
GROUP BY a_mixed;
+---------+-----+
| a_mixed | cnt |
+---------+-----+
+---------+-----+
(0 rows)

!ok

#-------------------------------------------------------------------------
# TESTCASE: test_subquery_with_where TEST_ID: A7_B40_C7
#-------------------------------------------------------------------------
WITH t1 AS
  (SELECT *
   FROM test_array
   WHERE a_mixed NOT BETWEEN json_value(a_nested, '$[6]' RETURNING varchar array) AND json_value(a_nested, '$[7][6]' RETURNING varchar array))
SELECT a_mixed
FROM t1;
+---------+
| a_mixed |
+---------+
+---------+
(0 rows)

!ok

#-------------------------------------------------------------------------
# TESTCASE: test_subquery_with_where TEST_ID: A7_B40_C8
#-------------------------------------------------------------------------
WITH t1 AS
  (SELECT *
   FROM test_array
   WHERE a_mixed NOT BETWEEN json_value(a_nested, '$[6]' RETURNING varchar array) AND json_value(a_nested, '$[7][6]' RETURNING varchar array))
SELECT a_mixed,
       count(*) cnt
FROM t1
GROUP BY a_mixed;
+---------+-----+
| a_mixed | cnt |
+---------+-----+
+---------+-----+
(0 rows)

!ok

#-------------------------------------------------------------------------
# TESTCASE: test_subquery_with_where TEST_ID: A7_B40_C9
#-------------------------------------------------------------------------
WITH t1 AS
  (SELECT *
   FROM test_array)
SELECT a_mixed
FROM t1
WHERE a_mixed NOT BETWEEN json_value(a_nested, '$[6]' RETURNING varchar array) AND json_value(a_nested, '$[7][6]' RETURNING varchar array);
+---------+
| a_mixed |
+---------+
+---------+
(0 rows)

!ok

#-------------------------------------------------------------------------
# TESTCASE: test_subquery_with_where TEST_ID: A7_B40_C10
#-------------------------------------------------------------------------
WITH t1 AS
  (SELECT *
   FROM test_array)
SELECT a_mixed,
       count(*) cnt
FROM t1
WHERE a_mixed NOT BETWEEN json_value(a_nested, '$[6]' RETURNING varchar array) AND json_value(a_nested, '$[7][6]' RETURNING varchar array)
GROUP BY a_mixed;
+---------+-----+
| a_mixed | cnt |
+---------+-----+
+---------+-----+
(0 rows)

!ok

#-------------------------------------------------------------------------
# TESTCASE: test_subquery_with_where TEST_ID: A7_B41_C1
#-------------------------------------------------------------------------
SELECT a_mixed
FROM test_array
WHERE array_to_string(a_mixed, ',') like '%';
+--------------------------+
| a_mixed                  |
+--------------------------+
| [null, S1, 0.1, 1, true] |
| [null, S1, 0.1, 1, true] |
| [true, 1, 0.1, S1, null] |
| [true, 1, 0.1, S1, null] |
+--------------------------+
(4 rows)

!ok

#-------------------------------------------------------------------------
# TESTCASE: test_subquery_with_where TEST_ID: A7_B41_C2
#-------------------------------------------------------------------------
SELECT a_mixed,
       count(*) cnt
FROM test_array
WHERE array_to_string(a_mixed, ',') like '%'
GROUP BY a_mixed;
+--------------------------+-----+
| a_mixed                  | cnt |
+--------------------------+-----+
| [null, S1, 0.1, 1, true] |   2 |
| [true, 1, 0.1, S1, null] |   2 |
+--------------------------+-----+
(2 rows)

!ok

#-------------------------------------------------------------------------
# TESTCASE: test_subquery_with_where TEST_ID: A7_B41_C3
#-------------------------------------------------------------------------
SELECT a_mixed
FROM
  (SELECT *
   FROM test_array
   WHERE array_to_string(a_mixed, ',') like '%');
+--------------------------+
| a_mixed                  |
+--------------------------+
| [null, S1, 0.1, 1, true] |
| [null, S1, 0.1, 1, true] |
| [true, 1, 0.1, S1, null] |
| [true, 1, 0.1, S1, null] |
+--------------------------+
(4 rows)

!ok

#-------------------------------------------------------------------------
# TESTCASE: test_subquery_with_where TEST_ID: A7_B41_C4
#-------------------------------------------------------------------------
SELECT a_mixed,
       count(*) cnt
FROM
  (SELECT *
   FROM test_array
   WHERE array_to_string(a_mixed, ',') like '%')
GROUP BY a_mixed;
+--------------------------+-----+
| a_mixed                  | cnt |
+--------------------------+-----+
| [null, S1, 0.1, 1, true] |   2 |
| [true, 1, 0.1, S1, null] |   2 |
+--------------------------+-----+
(2 rows)

!ok

#-------------------------------------------------------------------------
# TESTCASE: test_subquery_with_where TEST_ID: A7_B41_C5
#-------------------------------------------------------------------------
SELECT a_mixed
FROM
  (SELECT *
   FROM test_array)
WHERE array_to_string(a_mixed, ',') like '%';
+--------------------------+
| a_mixed                  |
+--------------------------+
| [null, S1, 0.1, 1, true] |
| [null, S1, 0.1, 1, true] |
| [true, 1, 0.1, S1, null] |
| [true, 1, 0.1, S1, null] |
+--------------------------+
(4 rows)

!ok

#-------------------------------------------------------------------------
# TESTCASE: test_subquery_with_where TEST_ID: A7_B41_C6
#-------------------------------------------------------------------------
SELECT a_mixed,
       count(*) cnt
FROM
  (SELECT *
   FROM test_array)
WHERE array_to_string(a_mixed, ',') like '%'
GROUP BY a_mixed;
+--------------------------+-----+
| a_mixed                  | cnt |
+--------------------------+-----+
| [null, S1, 0.1, 1, true] |   2 |
| [true, 1, 0.1, S1, null] |   2 |
+--------------------------+-----+
(2 rows)

!ok

#-------------------------------------------------------------------------
# TESTCASE: test_subquery_with_where TEST_ID: A7_B41_C7
#-------------------------------------------------------------------------
WITH t1 AS
  (SELECT *
   FROM test_array
   WHERE array_to_string(a_mixed, ',') like '%')
SELECT a_mixed
FROM t1;
+--------------------------+
| a_mixed                  |
+--------------------------+
| [null, S1, 0.1, 1, true] |
| [null, S1, 0.1, 1, true] |
| [true, 1, 0.1, S1, null] |
| [true, 1, 0.1, S1, null] |
+--------------------------+
(4 rows)

!ok

#-------------------------------------------------------------------------
# TESTCASE: test_subquery_with_where TEST_ID: A7_B41_C8
#-------------------------------------------------------------------------
WITH t1 AS
  (SELECT *
   FROM test_array
   WHERE array_to_string(a_mixed, ',') like '%')
SELECT a_mixed,
       count(*) cnt
FROM t1
GROUP BY a_mixed;
+--------------------------+-----+
| a_mixed                  | cnt |
+--------------------------+-----+
| [null, S1, 0.1, 1, true] |   2 |
| [true, 1, 0.1, S1, null] |   2 |
+--------------------------+-----+
(2 rows)

!ok

#-------------------------------------------------------------------------
# TESTCASE: test_subquery_with_where TEST_ID: A7_B41_C9
#-------------------------------------------------------------------------
WITH t1 AS
  (SELECT *
   FROM test_array)
SELECT a_mixed
FROM t1
WHERE array_to_string(a_mixed, ',') like '%';
+--------------------------+
| a_mixed                  |
+--------------------------+
| [null, S1, 0.1, 1, true] |
| [null, S1, 0.1, 1, true] |
| [true, 1, 0.1, S1, null] |
| [true, 1, 0.1, S1, null] |
+--------------------------+
(4 rows)

!ok

#-------------------------------------------------------------------------
# TESTCASE: test_subquery_with_where TEST_ID: A7_B41_C10
#-------------------------------------------------------------------------
WITH t1 AS
  (SELECT *
   FROM test_array)
SELECT a_mixed,
       count(*) cnt
FROM t1
WHERE array_to_string(a_mixed, ',') like '%'
GROUP BY a_mixed;
+--------------------------+-----+
| a_mixed                  | cnt |
+--------------------------+-----+
| [null, S1, 0.1, 1, true] |   2 |
| [true, 1, 0.1, S1, null] |   2 |
+--------------------------+-----+
(2 rows)

!ok

#-------------------------------------------------------------------------
# TESTCASE: test_subquery_with_where TEST_ID: A7_B42_C1
#-------------------------------------------------------------------------
SELECT a_mixed
FROM test_array
WHERE array_to_string(json_value(a_nested, '$[6]' RETURNING varchar array), ',') not like '%';
+---------+
| a_mixed |
+---------+
+---------+
(0 rows)

!ok

#-------------------------------------------------------------------------
# TESTCASE: test_subquery_with_where TEST_ID: A7_B42_C2
#-------------------------------------------------------------------------
SELECT a_mixed,
       count(*) cnt
FROM test_array
WHERE array_to_string(json_value(a_nested, '$[6]' RETURNING varchar array), ',') not like '%'
GROUP BY a_mixed;
+---------+-----+
| a_mixed | cnt |
+---------+-----+
+---------+-----+
(0 rows)

!ok

#-------------------------------------------------------------------------
# TESTCASE: test_subquery_with_where TEST_ID: A7_B42_C3
#-------------------------------------------------------------------------
SELECT a_mixed
FROM
  (SELECT *
   FROM test_array
   WHERE array_to_string(json_value(a_nested, '$[6]' RETURNING varchar array), ',') not like '%');
+---------+
| a_mixed |
+---------+
+---------+
(0 rows)

!ok

#-------------------------------------------------------------------------
# TESTCASE: test_subquery_with_where TEST_ID: A7_B42_C4
#-------------------------------------------------------------------------
SELECT a_mixed,
       count(*) cnt
FROM
  (SELECT *
   FROM test_array
   WHERE array_to_string(json_value(a_nested, '$[6]' RETURNING varchar array), ',') not like '%')
GROUP BY a_mixed;
+---------+-----+
| a_mixed | cnt |
+---------+-----+
+---------+-----+
(0 rows)

!ok

#-------------------------------------------------------------------------
# TESTCASE: test_subquery_with_where TEST_ID: A7_B42_C5
#-------------------------------------------------------------------------
SELECT a_mixed
FROM
  (SELECT *
   FROM test_array)
WHERE array_to_string(json_value(a_nested, '$[6]' RETURNING varchar array), ',') not like '%';
+---------+
| a_mixed |
+---------+
+---------+
(0 rows)

!ok

#-------------------------------------------------------------------------
# TESTCASE: test_subquery_with_where TEST_ID: A7_B42_C6
#-------------------------------------------------------------------------
SELECT a_mixed,
       count(*) cnt
FROM
  (SELECT *
   FROM test_array)
WHERE array_to_string(json_value(a_nested, '$[6]' RETURNING varchar array), ',') not like '%'
GROUP BY a_mixed;
+---------+-----+
| a_mixed | cnt |
+---------+-----+
+---------+-----+
(0 rows)

!ok

#-------------------------------------------------------------------------
# TESTCASE: test_subquery_with_where TEST_ID: A7_B42_C7
#-------------------------------------------------------------------------
WITH t1 AS
  (SELECT *
   FROM test_array
   WHERE array_to_string(json_value(a_nested, '$[6]' RETURNING varchar array), ',') not like '%')
SELECT a_mixed
FROM t1;
+---------+
| a_mixed |
+---------+
+---------+
(0 rows)

!ok

#-------------------------------------------------------------------------
# TESTCASE: test_subquery_with_where TEST_ID: A7_B42_C8
#-------------------------------------------------------------------------
WITH t1 AS
  (SELECT *
   FROM test_array
   WHERE array_to_string(json_value(a_nested, '$[6]' RETURNING varchar array), ',') not like '%')
SELECT a_mixed,
       count(*) cnt
FROM t1
GROUP BY a_mixed;
+---------+-----+
| a_mixed | cnt |
+---------+-----+
+---------+-----+
(0 rows)

!ok

#-------------------------------------------------------------------------
# TESTCASE: test_subquery_with_where TEST_ID: A7_B42_C9
#-------------------------------------------------------------------------
WITH t1 AS
  (SELECT *
   FROM test_array)
SELECT a_mixed
FROM t1
WHERE array_to_string(json_value(a_nested, '$[6]' RETURNING varchar array), ',') not like '%';
+---------+
| a_mixed |
+---------+
+---------+
(0 rows)

!ok

#-------------------------------------------------------------------------
# TESTCASE: test_subquery_with_where TEST_ID: A7_B42_C10
#-------------------------------------------------------------------------
WITH t1 AS
  (SELECT *
   FROM test_array)
SELECT a_mixed,
       count(*) cnt
FROM t1
WHERE array_to_string(json_value(a_nested, '$[6]' RETURNING varchar array), ',') not like '%'
GROUP BY a_mixed;
+---------+-----+
| a_mixed | cnt |
+---------+-----+
+---------+-----+
(0 rows)

!ok

#-------------------------------------------------------------------------
# TESTCASE: test_subquery_with_where TEST_ID: A7_B43_C1
#-------------------------------------------------------------------------
SELECT a_mixed
FROM test_array
WHERE a_mixed IN (json_value(a_nested, '$[6]' RETURNING varchar array),
                  json_value(a_nested, '$[7][6]' RETURNING varchar array));
+--------------------------+
| a_mixed                  |
+--------------------------+
| [null, S1, 0.1, 1, true] |
| [null, S1, 0.1, 1, true] |
| [true, 1, 0.1, S1, null] |
| [true, 1, 0.1, S1, null] |
+--------------------------+
(4 rows)

!ok

#-------------------------------------------------------------------------
# TESTCASE: test_subquery_with_where TEST_ID: A7_B43_C2
#-------------------------------------------------------------------------
SELECT a_mixed,
       count(*) cnt
FROM test_array
WHERE a_mixed IN (json_value(a_nested, '$[6]' RETURNING varchar array),
                  json_value(a_nested, '$[7][6]' RETURNING varchar array))
GROUP BY a_mixed;
+--------------------------+-----+
| a_mixed                  | cnt |
+--------------------------+-----+
| [null, S1, 0.1, 1, true] |   2 |
| [true, 1, 0.1, S1, null] |   2 |
+--------------------------+-----+
(2 rows)

!ok

#-------------------------------------------------------------------------
# TESTCASE: test_subquery_with_where TEST_ID: A7_B43_C3
#-------------------------------------------------------------------------
SELECT a_mixed
FROM
  (SELECT *
   FROM test_array
   WHERE a_mixed IN (json_value(a_nested, '$[6]' RETURNING varchar array),
                     json_value(a_nested, '$[7][6]' RETURNING varchar array)));
+--------------------------+
| a_mixed                  |
+--------------------------+
| [null, S1, 0.1, 1, true] |
| [null, S1, 0.1, 1, true] |
| [true, 1, 0.1, S1, null] |
| [true, 1, 0.1, S1, null] |
+--------------------------+
(4 rows)

!ok

#-------------------------------------------------------------------------
# TESTCASE: test_subquery_with_where TEST_ID: A7_B43_C4
#-------------------------------------------------------------------------
SELECT a_mixed,
       count(*) cnt
FROM
  (SELECT *
   FROM test_array
   WHERE a_mixed IN (json_value(a_nested, '$[6]' RETURNING varchar array),
                     json_value(a_nested, '$[7][6]' RETURNING varchar array)))
GROUP BY a_mixed;
+--------------------------+-----+
| a_mixed                  | cnt |
+--------------------------+-----+
| [null, S1, 0.1, 1, true] |   2 |
| [true, 1, 0.1, S1, null] |   2 |
+--------------------------+-----+
(2 rows)

!ok

#-------------------------------------------------------------------------
# TESTCASE: test_subquery_with_where TEST_ID: A7_B43_C5
#-------------------------------------------------------------------------
SELECT a_mixed
FROM
  (SELECT *
   FROM test_array)
WHERE a_mixed IN (json_value(a_nested, '$[6]' RETURNING varchar array),
                  json_value(a_nested, '$[7][6]' RETURNING varchar array));
+--------------------------+
| a_mixed                  |
+--------------------------+
| [null, S1, 0.1, 1, true] |
| [null, S1, 0.1, 1, true] |
| [true, 1, 0.1, S1, null] |
| [true, 1, 0.1, S1, null] |
+--------------------------+
(4 rows)

!ok

#-------------------------------------------------------------------------
# TESTCASE: test_subquery_with_where TEST_ID: A7_B43_C6
#-------------------------------------------------------------------------
SELECT a_mixed,
       count(*) cnt
FROM
  (SELECT *
   FROM test_array)
WHERE a_mixed IN (json_value(a_nested, '$[6]' RETURNING varchar array),
                  json_value(a_nested, '$[7][6]' RETURNING varchar array))
GROUP BY a_mixed;
+--------------------------+-----+
| a_mixed                  | cnt |
+--------------------------+-----+
| [null, S1, 0.1, 1, true] |   2 |
| [true, 1, 0.1, S1, null] |   2 |
+--------------------------+-----+
(2 rows)

!ok

#-------------------------------------------------------------------------
# TESTCASE: test_subquery_with_where TEST_ID: A7_B43_C7
#-------------------------------------------------------------------------
WITH t1 AS
  (SELECT *
   FROM test_array
   WHERE a_mixed IN (json_value(a_nested, '$[6]' RETURNING varchar array),
                     json_value(a_nested, '$[7][6]' RETURNING varchar array)))
SELECT a_mixed
FROM t1;
+--------------------------+
| a_mixed                  |
+--------------------------+
| [null, S1, 0.1, 1, true] |
| [null, S1, 0.1, 1, true] |
| [true, 1, 0.1, S1, null] |
| [true, 1, 0.1, S1, null] |
+--------------------------+
(4 rows)

!ok

#-------------------------------------------------------------------------
# TESTCASE: test_subquery_with_where TEST_ID: A7_B43_C8
#-------------------------------------------------------------------------
WITH t1 AS
  (SELECT *
   FROM test_array
   WHERE a_mixed IN (json_value(a_nested, '$[6]' RETURNING varchar array),
                     json_value(a_nested, '$[7][6]' RETURNING varchar array)))
SELECT a_mixed,
       count(*) cnt
FROM t1
GROUP BY a_mixed;
+--------------------------+-----+
| a_mixed                  | cnt |
+--------------------------+-----+
| [null, S1, 0.1, 1, true] |   2 |
| [true, 1, 0.1, S1, null] |   2 |
+--------------------------+-----+
(2 rows)

!ok

#-------------------------------------------------------------------------
# TESTCASE: test_subquery_with_where TEST_ID: A7_B43_C9
#-------------------------------------------------------------------------
WITH t1 AS
  (SELECT *
   FROM test_array)
SELECT a_mixed
FROM t1
WHERE a_mixed IN (json_value(a_nested, '$[6]' RETURNING varchar array),
                  json_value(a_nested, '$[7][6]' RETURNING varchar array));
+--------------------------+
| a_mixed                  |
+--------------------------+
| [null, S1, 0.1, 1, true] |
| [null, S1, 0.1, 1, true] |
| [true, 1, 0.1, S1, null] |
| [true, 1, 0.1, S1, null] |
+--------------------------+
(4 rows)

!ok

