!set useApproximateCountDistinct false
!use druidtest://?componentSupplier=AllDruidEnginesComponentSupplier&datasets=sql/src/test/quidem/qatests/qaArray/sql
!set outputformat mysql
#-------------------------------------------------------------------------
# TESTCASE: test_subquery_with_where TEST_ID: A1_B22_C10
#-------------------------------------------------------------------------
WITH t1 AS
  (SELECT *
   FROM test_array)
SELECT a_bool,
       count(*) cnt
FROM t1
WHERE a_bool<ARRAY[1,
                   0,
                   NULL]
GROUP BY a_bool;
+--------------+-----+
| a_bool       | cnt |
+--------------+-----+
| [null, 0, 1] |   2 |
+--------------+-----+
(1 row)

!ok

#-------------------------------------------------------------------------
# TESTCASE: test_subquery_with_where TEST_ID: A1_B23_C1
#-------------------------------------------------------------------------
SELECT a_bool
FROM test_array
WHERE a_bool<ARRAY[1,
                   2,
                   3];
+--------------+
| a_bool       |
+--------------+
| [1, 0, null] |
| [1, 0, null] |
| [null, 0, 1] |
| [null, 0, 1] |
+--------------+
(4 rows)

!ok

#-------------------------------------------------------------------------
# TESTCASE: test_subquery_with_where TEST_ID: A1_B23_C2
#-------------------------------------------------------------------------
SELECT a_bool,
       count(*) cnt
FROM test_array
WHERE a_bool<ARRAY[1,
                   2,
                   3]
GROUP BY a_bool;
+--------------+-----+
| a_bool       | cnt |
+--------------+-----+
| [1, 0, null] |   2 |
| [null, 0, 1] |   2 |
+--------------+-----+
(2 rows)

!ok

#-------------------------------------------------------------------------
# TESTCASE: test_subquery_with_where TEST_ID: A1_B23_C3
#-------------------------------------------------------------------------
SELECT a_bool
FROM
  (SELECT *
   FROM test_array
   WHERE a_bool<ARRAY[1,
                      2,
                      3]);
+--------------+
| a_bool       |
+--------------+
| [1, 0, null] |
| [1, 0, null] |
| [null, 0, 1] |
| [null, 0, 1] |
+--------------+
(4 rows)

!ok

#-------------------------------------------------------------------------
# TESTCASE: test_subquery_with_where TEST_ID: A1_B23_C4
#-------------------------------------------------------------------------
SELECT a_bool,
       count(*) cnt
FROM
  (SELECT *
   FROM test_array
   WHERE a_bool<ARRAY[1,
                      2,
                      3])
GROUP BY a_bool;
+--------------+-----+
| a_bool       | cnt |
+--------------+-----+
| [1, 0, null] |   2 |
| [null, 0, 1] |   2 |
+--------------+-----+
(2 rows)

!ok

#-------------------------------------------------------------------------
# TESTCASE: test_subquery_with_where TEST_ID: A1_B23_C5
#-------------------------------------------------------------------------
SELECT a_bool
FROM
  (SELECT *
   FROM test_array)
WHERE a_bool<ARRAY[1,
                   2,
                   3];
+--------------+
| a_bool       |
+--------------+
| [1, 0, null] |
| [1, 0, null] |
| [null, 0, 1] |
| [null, 0, 1] |
+--------------+
(4 rows)

!ok

#-------------------------------------------------------------------------
# TESTCASE: test_subquery_with_where TEST_ID: A1_B23_C6
#-------------------------------------------------------------------------
SELECT a_bool,
       count(*) cnt
FROM
  (SELECT *
   FROM test_array)
WHERE a_bool<ARRAY[1,
                   2,
                   3]
GROUP BY a_bool;
+--------------+-----+
| a_bool       | cnt |
+--------------+-----+
| [1, 0, null] |   2 |
| [null, 0, 1] |   2 |
+--------------+-----+
(2 rows)

!ok

#-------------------------------------------------------------------------
# TESTCASE: test_subquery_with_where TEST_ID: A1_B23_C7
#-------------------------------------------------------------------------
WITH t1 AS
  (SELECT *
   FROM test_array
   WHERE a_bool<ARRAY[1,
                      2,
                      3])
SELECT a_bool
FROM t1;
+--------------+
| a_bool       |
+--------------+
| [1, 0, null] |
| [1, 0, null] |
| [null, 0, 1] |
| [null, 0, 1] |
+--------------+
(4 rows)

!ok

#-------------------------------------------------------------------------
# TESTCASE: test_subquery_with_where TEST_ID: A1_B23_C8
#-------------------------------------------------------------------------
WITH t1 AS
  (SELECT *
   FROM test_array
   WHERE a_bool<ARRAY[1,
                      2,
                      3])
SELECT a_bool,
       count(*) cnt
FROM t1
GROUP BY a_bool;
+--------------+-----+
| a_bool       | cnt |
+--------------+-----+
| [1, 0, null] |   2 |
| [null, 0, 1] |   2 |
+--------------+-----+
(2 rows)

!ok

#-------------------------------------------------------------------------
# TESTCASE: test_subquery_with_where TEST_ID: A1_B23_C9
#-------------------------------------------------------------------------
WITH t1 AS
  (SELECT *
   FROM test_array)
SELECT a_bool
FROM t1
WHERE a_bool<ARRAY[1,
                   2,
                   3];
+--------------+
| a_bool       |
+--------------+
| [1, 0, null] |
| [1, 0, null] |
| [null, 0, 1] |
| [null, 0, 1] |
+--------------+
(4 rows)

!ok

#-------------------------------------------------------------------------
# TESTCASE: test_subquery_with_where TEST_ID: A1_B23_C10
#-------------------------------------------------------------------------
WITH t1 AS
  (SELECT *
   FROM test_array)
SELECT a_bool,
       count(*) cnt
FROM t1
WHERE a_bool<ARRAY[1,
                   2,
                   3]
GROUP BY a_bool;
+--------------+-----+
| a_bool       | cnt |
+--------------+-----+
| [1, 0, null] |   2 |
| [null, 0, 1] |   2 |
+--------------+-----+
(2 rows)

!ok

#-------------------------------------------------------------------------
# TESTCASE: test_subquery_with_where TEST_ID: A1_B24_C1
#-------------------------------------------------------------------------
SELECT a_bool
FROM test_array
WHERE a_bool<json_value(a_nested, '$[0]' RETURNING boolean array);
+--------+
| a_bool |
+--------+
+--------+
(0 rows)

!ok

#-------------------------------------------------------------------------
# TESTCASE: test_subquery_with_where TEST_ID: A1_B24_C2
#-------------------------------------------------------------------------
SELECT a_bool,
       count(*) cnt
FROM test_array
WHERE a_bool<json_value(a_nested, '$[0]' RETURNING boolean array)
GROUP BY a_bool;
+--------+-----+
| a_bool | cnt |
+--------+-----+
+--------+-----+
(0 rows)

!ok

#-------------------------------------------------------------------------
# TESTCASE: test_subquery_with_where TEST_ID: A1_B24_C3
#-------------------------------------------------------------------------
SELECT a_bool
FROM
  (SELECT *
   FROM test_array
   WHERE a_bool<json_value(a_nested, '$[0]' RETURNING boolean array));
+--------+
| a_bool |
+--------+
+--------+
(0 rows)

!ok

#-------------------------------------------------------------------------
# TESTCASE: test_subquery_with_where TEST_ID: A1_B24_C4
#-------------------------------------------------------------------------
SELECT a_bool,
       count(*) cnt
FROM
  (SELECT *
   FROM test_array
   WHERE a_bool<json_value(a_nested, '$[0]' RETURNING boolean array))
GROUP BY a_bool;
+--------+-----+
| a_bool | cnt |
+--------+-----+
+--------+-----+
(0 rows)

!ok

#-------------------------------------------------------------------------
# TESTCASE: test_subquery_with_where TEST_ID: A1_B24_C5
#-------------------------------------------------------------------------
SELECT a_bool
FROM
  (SELECT *
   FROM test_array)
WHERE a_bool<json_value(a_nested, '$[0]' RETURNING boolean array);
+--------+
| a_bool |
+--------+
+--------+
(0 rows)

!ok

#-------------------------------------------------------------------------
# TESTCASE: test_subquery_with_where TEST_ID: A1_B24_C6
#-------------------------------------------------------------------------
SELECT a_bool,
       count(*) cnt
FROM
  (SELECT *
   FROM test_array)
WHERE a_bool<json_value(a_nested, '$[0]' RETURNING boolean array)
GROUP BY a_bool;
+--------+-----+
| a_bool | cnt |
+--------+-----+
+--------+-----+
(0 rows)

!ok

#-------------------------------------------------------------------------
# TESTCASE: test_subquery_with_where TEST_ID: A1_B24_C7
#-------------------------------------------------------------------------
WITH t1 AS
  (SELECT *
   FROM test_array
   WHERE a_bool<json_value(a_nested, '$[0]' RETURNING boolean array))
SELECT a_bool
FROM t1;
+--------+
| a_bool |
+--------+
+--------+
(0 rows)

!ok

#-------------------------------------------------------------------------
# TESTCASE: test_subquery_with_where TEST_ID: A1_B24_C8
#-------------------------------------------------------------------------
WITH t1 AS
  (SELECT *
   FROM test_array
   WHERE a_bool<json_value(a_nested, '$[0]' RETURNING boolean array))
SELECT a_bool,
       count(*) cnt
FROM t1
GROUP BY a_bool;
+--------+-----+
| a_bool | cnt |
+--------+-----+
+--------+-----+
(0 rows)

!ok

#-------------------------------------------------------------------------
# TESTCASE: test_subquery_with_where TEST_ID: A1_B24_C9
#-------------------------------------------------------------------------
WITH t1 AS
  (SELECT *
   FROM test_array)
SELECT a_bool
FROM t1
WHERE a_bool<json_value(a_nested, '$[0]' RETURNING boolean array);
+--------+
| a_bool |
+--------+
+--------+
(0 rows)

!ok

#-------------------------------------------------------------------------
# TESTCASE: test_subquery_with_where TEST_ID: A1_B24_C10
#-------------------------------------------------------------------------
WITH t1 AS
  (SELECT *
   FROM test_array)
SELECT a_bool,
       count(*) cnt
FROM t1
WHERE a_bool<json_value(a_nested, '$[0]' RETURNING boolean array)
GROUP BY a_bool;
+--------+-----+
| a_bool | cnt |
+--------+-----+
+--------+-----+
(0 rows)

!ok

#-------------------------------------------------------------------------
# TESTCASE: test_subquery_with_where TEST_ID: A1_B25_C1
#-------------------------------------------------------------------------
SELECT a_bool
FROM test_array
WHERE a_bool<json_value(a_nested, '$[7][0]' RETURNING boolean array);
+--------+
| a_bool |
+--------+
+--------+
(0 rows)

!ok

#-------------------------------------------------------------------------
# TESTCASE: test_subquery_with_where TEST_ID: A1_B25_C2
#-------------------------------------------------------------------------
SELECT a_bool,
       count(*) cnt
FROM test_array
WHERE a_bool<json_value(a_nested, '$[7][0]' RETURNING boolean array)
GROUP BY a_bool;
+--------+-----+
| a_bool | cnt |
+--------+-----+
+--------+-----+
(0 rows)

!ok

#-------------------------------------------------------------------------
# TESTCASE: test_subquery_with_where TEST_ID: A1_B25_C3
#-------------------------------------------------------------------------
SELECT a_bool
FROM
  (SELECT *
   FROM test_array
   WHERE a_bool<json_value(a_nested, '$[7][0]' RETURNING boolean array));
+--------+
| a_bool |
+--------+
+--------+
(0 rows)

!ok

#-------------------------------------------------------------------------
# TESTCASE: test_subquery_with_where TEST_ID: A1_B25_C4
#-------------------------------------------------------------------------
SELECT a_bool,
       count(*) cnt
FROM
  (SELECT *
   FROM test_array
   WHERE a_bool<json_value(a_nested, '$[7][0]' RETURNING boolean array))
GROUP BY a_bool;
+--------+-----+
| a_bool | cnt |
+--------+-----+
+--------+-----+
(0 rows)

!ok

#-------------------------------------------------------------------------
# TESTCASE: test_subquery_with_where TEST_ID: A1_B25_C5
#-------------------------------------------------------------------------
SELECT a_bool
FROM
  (SELECT *
   FROM test_array)
WHERE a_bool<json_value(a_nested, '$[7][0]' RETURNING boolean array);
+--------+
| a_bool |
+--------+
+--------+
(0 rows)

!ok

#-------------------------------------------------------------------------
# TESTCASE: test_subquery_with_where TEST_ID: A1_B25_C6
#-------------------------------------------------------------------------
SELECT a_bool,
       count(*) cnt
FROM
  (SELECT *
   FROM test_array)
WHERE a_bool<json_value(a_nested, '$[7][0]' RETURNING boolean array)
GROUP BY a_bool;
+--------+-----+
| a_bool | cnt |
+--------+-----+
+--------+-----+
(0 rows)

!ok

#-------------------------------------------------------------------------
# TESTCASE: test_subquery_with_where TEST_ID: A1_B25_C7
#-------------------------------------------------------------------------
WITH t1 AS
  (SELECT *
   FROM test_array
   WHERE a_bool<json_value(a_nested, '$[7][0]' RETURNING boolean array))
SELECT a_bool
FROM t1;
+--------+
| a_bool |
+--------+
+--------+
(0 rows)

!ok

#-------------------------------------------------------------------------
# TESTCASE: test_subquery_with_where TEST_ID: A1_B25_C8
#-------------------------------------------------------------------------
WITH t1 AS
  (SELECT *
   FROM test_array
   WHERE a_bool<json_value(a_nested, '$[7][0]' RETURNING boolean array))
SELECT a_bool,
       count(*) cnt
FROM t1
GROUP BY a_bool;
+--------+-----+
| a_bool | cnt |
+--------+-----+
+--------+-----+
(0 rows)

!ok

#-------------------------------------------------------------------------
# TESTCASE: test_subquery_with_where TEST_ID: A1_B25_C9
#-------------------------------------------------------------------------
WITH t1 AS
  (SELECT *
   FROM test_array)
SELECT a_bool
FROM t1
WHERE a_bool<json_value(a_nested, '$[7][0]' RETURNING boolean array);
+--------+
| a_bool |
+--------+
+--------+
(0 rows)

!ok

#-------------------------------------------------------------------------
# TESTCASE: test_subquery_with_where TEST_ID: A1_B25_C10
#-------------------------------------------------------------------------
WITH t1 AS
  (SELECT *
   FROM test_array)
SELECT a_bool,
       count(*) cnt
FROM t1
WHERE a_bool<json_value(a_nested, '$[7][0]' RETURNING boolean array)
GROUP BY a_bool;
+--------+-----+
| a_bool | cnt |
+--------+-----+
+--------+-----+
(0 rows)

!ok

#-------------------------------------------------------------------------
# TESTCASE: test_subquery_with_where TEST_ID: A1_B26_C1
#-------------------------------------------------------------------------
SELECT a_bool
FROM test_array
WHERE a_bool<=ARRAY[1,
                    0];
+--------------+
| a_bool       |
+--------------+
| [null, 0, 1] |
| [null, 0, 1] |
+--------------+
(2 rows)

!ok

#-------------------------------------------------------------------------
# TESTCASE: test_subquery_with_where TEST_ID: A1_B26_C2
#-------------------------------------------------------------------------
SELECT a_bool,
       count(*) cnt
FROM test_array
WHERE a_bool<=ARRAY[1,
                    0]
GROUP BY a_bool;
+--------------+-----+
| a_bool       | cnt |
+--------------+-----+
| [null, 0, 1] |   2 |
+--------------+-----+
(1 row)

!ok

#-------------------------------------------------------------------------
# TESTCASE: test_subquery_with_where TEST_ID: A1_B26_C3
#-------------------------------------------------------------------------
SELECT a_bool
FROM
  (SELECT *
   FROM test_array
   WHERE a_bool<=ARRAY[1,
                       0]);
+--------------+
| a_bool       |
+--------------+
| [null, 0, 1] |
| [null, 0, 1] |
+--------------+
(2 rows)

!ok

#-------------------------------------------------------------------------
# TESTCASE: test_subquery_with_where TEST_ID: A1_B26_C4
#-------------------------------------------------------------------------
SELECT a_bool,
       count(*) cnt
FROM
  (SELECT *
   FROM test_array
   WHERE a_bool<=ARRAY[1,
                       0])
GROUP BY a_bool;
+--------------+-----+
| a_bool       | cnt |
+--------------+-----+
| [null, 0, 1] |   2 |
+--------------+-----+
(1 row)

!ok

#-------------------------------------------------------------------------
# TESTCASE: test_subquery_with_where TEST_ID: A1_B26_C5
#-------------------------------------------------------------------------
SELECT a_bool
FROM
  (SELECT *
   FROM test_array)
WHERE a_bool<=ARRAY[1,
                    0];
+--------------+
| a_bool       |
+--------------+
| [null, 0, 1] |
| [null, 0, 1] |
+--------------+
(2 rows)

!ok

#-------------------------------------------------------------------------
# TESTCASE: test_subquery_with_where TEST_ID: A1_B26_C6
#-------------------------------------------------------------------------
SELECT a_bool,
       count(*) cnt
FROM
  (SELECT *
   FROM test_array)
WHERE a_bool<=ARRAY[1,
                    0]
GROUP BY a_bool;
+--------------+-----+
| a_bool       | cnt |
+--------------+-----+
| [null, 0, 1] |   2 |
+--------------+-----+
(1 row)

!ok

#-------------------------------------------------------------------------
# TESTCASE: test_subquery_with_where TEST_ID: A1_B26_C7
#-------------------------------------------------------------------------
WITH t1 AS
  (SELECT *
   FROM test_array
   WHERE a_bool<=ARRAY[1,
                       0])
SELECT a_bool
FROM t1;
+--------------+
| a_bool       |
+--------------+
| [null, 0, 1] |
| [null, 0, 1] |
+--------------+
(2 rows)

!ok

#-------------------------------------------------------------------------
# TESTCASE: test_subquery_with_where TEST_ID: A1_B26_C8
#-------------------------------------------------------------------------
WITH t1 AS
  (SELECT *
   FROM test_array
   WHERE a_bool<=ARRAY[1,
                       0])
SELECT a_bool,
       count(*) cnt
FROM t1
GROUP BY a_bool;
+--------------+-----+
| a_bool       | cnt |
+--------------+-----+
| [null, 0, 1] |   2 |
+--------------+-----+
(1 row)

!ok

#-------------------------------------------------------------------------
# TESTCASE: test_subquery_with_where TEST_ID: A1_B26_C9
#-------------------------------------------------------------------------
WITH t1 AS
  (SELECT *
   FROM test_array)
SELECT a_bool
FROM t1
WHERE a_bool<=ARRAY[1,
                    0];
+--------------+
| a_bool       |
+--------------+
| [null, 0, 1] |
| [null, 0, 1] |
+--------------+
(2 rows)

!ok

#-------------------------------------------------------------------------
# TESTCASE: test_subquery_with_where TEST_ID: A1_B26_C10
#-------------------------------------------------------------------------
WITH t1 AS
  (SELECT *
   FROM test_array)
SELECT a_bool,
       count(*) cnt
FROM t1
WHERE a_bool<=ARRAY[1,
                    0]
GROUP BY a_bool;
+--------------+-----+
| a_bool       | cnt |
+--------------+-----+
| [null, 0, 1] |   2 |
+--------------+-----+
(1 row)

!ok

#-------------------------------------------------------------------------
# TESTCASE: test_subquery_with_where TEST_ID: A1_B27_C1
#-------------------------------------------------------------------------
SELECT a_bool
FROM test_array
WHERE a_bool<=ARRAY[1,
                    0,
                    NULL];
+--------------+
| a_bool       |
+--------------+
| [1, 0, null] |
| [1, 0, null] |
| [null, 0, 1] |
| [null, 0, 1] |
+--------------+
(4 rows)

!ok

#-------------------------------------------------------------------------
# TESTCASE: test_subquery_with_where TEST_ID: A1_B27_C2
#-------------------------------------------------------------------------
SELECT a_bool,
       count(*) cnt
FROM test_array
WHERE a_bool<=ARRAY[1,
                    0,
                    NULL]
GROUP BY a_bool;
+--------------+-----+
| a_bool       | cnt |
+--------------+-----+
| [1, 0, null] |   2 |
| [null, 0, 1] |   2 |
+--------------+-----+
(2 rows)

!ok

#-------------------------------------------------------------------------
# TESTCASE: test_subquery_with_where TEST_ID: A1_B27_C3
#-------------------------------------------------------------------------
SELECT a_bool
FROM
  (SELECT *
   FROM test_array
   WHERE a_bool<=ARRAY[1,
                       0,
                       NULL]);
+--------------+
| a_bool       |
+--------------+
| [1, 0, null] |
| [1, 0, null] |
| [null, 0, 1] |
| [null, 0, 1] |
+--------------+
(4 rows)

!ok

#-------------------------------------------------------------------------
# TESTCASE: test_subquery_with_where TEST_ID: A1_B27_C4
#-------------------------------------------------------------------------
SELECT a_bool,
       count(*) cnt
FROM
  (SELECT *
   FROM test_array
   WHERE a_bool<=ARRAY[1,
                       0,
                       NULL])
GROUP BY a_bool;
+--------------+-----+
| a_bool       | cnt |
+--------------+-----+
| [1, 0, null] |   2 |
| [null, 0, 1] |   2 |
+--------------+-----+
(2 rows)

!ok

#-------------------------------------------------------------------------
# TESTCASE: test_subquery_with_where TEST_ID: A1_B27_C5
#-------------------------------------------------------------------------
SELECT a_bool
FROM
  (SELECT *
   FROM test_array)
WHERE a_bool<=ARRAY[1,
                    0,
                    NULL];
+--------------+
| a_bool       |
+--------------+
| [1, 0, null] |
| [1, 0, null] |
| [null, 0, 1] |
| [null, 0, 1] |
+--------------+
(4 rows)

!ok

#-------------------------------------------------------------------------
# TESTCASE: test_subquery_with_where TEST_ID: A1_B27_C6
#-------------------------------------------------------------------------
SELECT a_bool,
       count(*) cnt
FROM
  (SELECT *
   FROM test_array)
WHERE a_bool<=ARRAY[1,
                    0,
                    NULL]
GROUP BY a_bool;
+--------------+-----+
| a_bool       | cnt |
+--------------+-----+
| [1, 0, null] |   2 |
| [null, 0, 1] |   2 |
+--------------+-----+
(2 rows)

!ok

#-------------------------------------------------------------------------
# TESTCASE: test_subquery_with_where TEST_ID: A1_B27_C7
#-------------------------------------------------------------------------
WITH t1 AS
  (SELECT *
   FROM test_array
   WHERE a_bool<=ARRAY[1,
                       0,
                       NULL])
SELECT a_bool
FROM t1;
+--------------+
| a_bool       |
+--------------+
| [1, 0, null] |
| [1, 0, null] |
| [null, 0, 1] |
| [null, 0, 1] |
+--------------+
(4 rows)

!ok

#-------------------------------------------------------------------------
# TESTCASE: test_subquery_with_where TEST_ID: A1_B27_C8
#-------------------------------------------------------------------------
WITH t1 AS
  (SELECT *
   FROM test_array
   WHERE a_bool<=ARRAY[1,
                       0,
                       NULL])
SELECT a_bool,
       count(*) cnt
FROM t1
GROUP BY a_bool;
+--------------+-----+
| a_bool       | cnt |
+--------------+-----+
| [1, 0, null] |   2 |
| [null, 0, 1] |   2 |
+--------------+-----+
(2 rows)

!ok

#-------------------------------------------------------------------------
# TESTCASE: test_subquery_with_where TEST_ID: A1_B27_C9
#-------------------------------------------------------------------------
WITH t1 AS
  (SELECT *
   FROM test_array)
SELECT a_bool
FROM t1
WHERE a_bool<=ARRAY[1,
                    0,
                    NULL];
+--------------+
| a_bool       |
+--------------+
| [1, 0, null] |
| [1, 0, null] |
| [null, 0, 1] |
| [null, 0, 1] |
+--------------+
(4 rows)

!ok

