!set dartQueryId 00000000-0000-0000-0000-000000000000
!set useApproximateCountDistinct false
!use druidtest://?componentSupplier=StandardAndMSQComponentSupplier&datasets=sql/src/test/quidem/qatests/qaArray/sql
!set outputformat mysql
#-------------------------------------------------------------------------
# TESTCASE: test_subquery_with_where TEST_ID: A1_B17_C10
#-------------------------------------------------------------------------
WITH t1 AS
  (SELECT *
   FROM test_array)
SELECT a_bool,
       count(*) cnt
FROM t1
WHERE a_bool>=ARRAY[1,
                    0,
                    NULL]
GROUP BY a_bool;
+--------------+-----+
| a_bool       | cnt |
+--------------+-----+
| [1, 0, null] |   2 |
+--------------+-----+
(1 row)

!ok

#-------------------------------------------------------------------------
# TESTCASE: test_subquery_with_where TEST_ID: A1_B18_C1
#-------------------------------------------------------------------------
SELECT a_bool
FROM test_array
WHERE a_bool>=ARRAY[1,
                    2,
                    3];
+--------+
| a_bool |
+--------+
+--------+
(0 rows)

!ok

#-------------------------------------------------------------------------
# TESTCASE: test_subquery_with_where TEST_ID: A1_B18_C2
#-------------------------------------------------------------------------
SELECT a_bool,
       count(*) cnt
FROM test_array
WHERE a_bool>=ARRAY[1,
                    2,
                    3]
GROUP BY a_bool;
+--------+-----+
| a_bool | cnt |
+--------+-----+
+--------+-----+
(0 rows)

!ok

#-------------------------------------------------------------------------
# TESTCASE: test_subquery_with_where TEST_ID: A1_B18_C3
#-------------------------------------------------------------------------
SELECT a_bool
FROM
  (SELECT *
   FROM test_array
   WHERE a_bool>=ARRAY[1,
                       2,
                       3]);
+--------+
| a_bool |
+--------+
+--------+
(0 rows)

!ok

#-------------------------------------------------------------------------
# TESTCASE: test_subquery_with_where TEST_ID: A1_B18_C4
#-------------------------------------------------------------------------
SELECT a_bool,
       count(*) cnt
FROM
  (SELECT *
   FROM test_array
   WHERE a_bool>=ARRAY[1,
                       2,
                       3])
GROUP BY a_bool;
+--------+-----+
| a_bool | cnt |
+--------+-----+
+--------+-----+
(0 rows)

!ok

#-------------------------------------------------------------------------
# TESTCASE: test_subquery_with_where TEST_ID: A1_B18_C5
#-------------------------------------------------------------------------
SELECT a_bool
FROM
  (SELECT *
   FROM test_array)
WHERE a_bool>=ARRAY[1,
                    2,
                    3];
+--------+
| a_bool |
+--------+
+--------+
(0 rows)

!ok

#-------------------------------------------------------------------------
# TESTCASE: test_subquery_with_where TEST_ID: A1_B18_C6
#-------------------------------------------------------------------------
SELECT a_bool,
       count(*) cnt
FROM
  (SELECT *
   FROM test_array)
WHERE a_bool>=ARRAY[1,
                    2,
                    3]
GROUP BY a_bool;
+--------+-----+
| a_bool | cnt |
+--------+-----+
+--------+-----+
(0 rows)

!ok

#-------------------------------------------------------------------------
# TESTCASE: test_subquery_with_where TEST_ID: A1_B18_C7
#-------------------------------------------------------------------------
WITH t1 AS
  (SELECT *
   FROM test_array
   WHERE a_bool>=ARRAY[1,
                       2,
                       3])
SELECT a_bool
FROM t1;
+--------+
| a_bool |
+--------+
+--------+
(0 rows)

!ok

#-------------------------------------------------------------------------
# TESTCASE: test_subquery_with_where TEST_ID: A1_B18_C8
#-------------------------------------------------------------------------
WITH t1 AS
  (SELECT *
   FROM test_array
   WHERE a_bool>=ARRAY[1,
                       2,
                       3])
SELECT a_bool,
       count(*) cnt
FROM t1
GROUP BY a_bool;
+--------+-----+
| a_bool | cnt |
+--------+-----+
+--------+-----+
(0 rows)

!ok

#-------------------------------------------------------------------------
# TESTCASE: test_subquery_with_where TEST_ID: A1_B18_C9
#-------------------------------------------------------------------------
WITH t1 AS
  (SELECT *
   FROM test_array)
SELECT a_bool
FROM t1
WHERE a_bool>=ARRAY[1,
                    2,
                    3];
+--------+
| a_bool |
+--------+
+--------+
(0 rows)

!ok

#-------------------------------------------------------------------------
# TESTCASE: test_subquery_with_where TEST_ID: A1_B18_C10
#-------------------------------------------------------------------------
WITH t1 AS
  (SELECT *
   FROM test_array)
SELECT a_bool,
       count(*) cnt
FROM t1
WHERE a_bool>=ARRAY[1,
                    2,
                    3]
GROUP BY a_bool;
+--------+-----+
| a_bool | cnt |
+--------+-----+
+--------+-----+
(0 rows)

!ok

#-------------------------------------------------------------------------
# TESTCASE: test_subquery_with_where TEST_ID: A1_B19_C1
#-------------------------------------------------------------------------
SELECT a_bool
FROM test_array
WHERE a_bool>=json_value(a_nested, '$[0]' RETURNING boolean array);
+--------------+
| a_bool       |
+--------------+
| [1, 0, null] |
| [1, 0, null] |
| [null, 0, 1] |
| [null, 0, 1] |
+--------------+
(4 rows)

!ok

#-------------------------------------------------------------------------
# TESTCASE: test_subquery_with_where TEST_ID: A1_B19_C2
#-------------------------------------------------------------------------
SELECT a_bool,
       count(*) cnt
FROM test_array
WHERE a_bool>=json_value(a_nested, '$[0]' RETURNING boolean array)
GROUP BY a_bool;
+--------------+-----+
| a_bool       | cnt |
+--------------+-----+
| [1, 0, null] |   2 |
| [null, 0, 1] |   2 |
+--------------+-----+
(2 rows)

!ok

#-------------------------------------------------------------------------
# TESTCASE: test_subquery_with_where TEST_ID: A1_B19_C3
#-------------------------------------------------------------------------
SELECT a_bool
FROM
  (SELECT *
   FROM test_array
   WHERE a_bool>=json_value(a_nested, '$[0]' RETURNING boolean array));
+--------------+
| a_bool       |
+--------------+
| [1, 0, null] |
| [1, 0, null] |
| [null, 0, 1] |
| [null, 0, 1] |
+--------------+
(4 rows)

!ok

#-------------------------------------------------------------------------
# TESTCASE: test_subquery_with_where TEST_ID: A1_B19_C4
#-------------------------------------------------------------------------
SELECT a_bool,
       count(*) cnt
FROM
  (SELECT *
   FROM test_array
   WHERE a_bool>=json_value(a_nested, '$[0]' RETURNING boolean array))
GROUP BY a_bool;
+--------------+-----+
| a_bool       | cnt |
+--------------+-----+
| [1, 0, null] |   2 |
| [null, 0, 1] |   2 |
+--------------+-----+
(2 rows)

!ok

#-------------------------------------------------------------------------
# TESTCASE: test_subquery_with_where TEST_ID: A1_B19_C5
#-------------------------------------------------------------------------
SELECT a_bool
FROM
  (SELECT *
   FROM test_array)
WHERE a_bool>=json_value(a_nested, '$[0]' RETURNING boolean array);
+--------------+
| a_bool       |
+--------------+
| [1, 0, null] |
| [1, 0, null] |
| [null, 0, 1] |
| [null, 0, 1] |
+--------------+
(4 rows)

!ok

#-------------------------------------------------------------------------
# TESTCASE: test_subquery_with_where TEST_ID: A1_B19_C6
#-------------------------------------------------------------------------
SELECT a_bool,
       count(*) cnt
FROM
  (SELECT *
   FROM test_array)
WHERE a_bool>=json_value(a_nested, '$[0]' RETURNING boolean array)
GROUP BY a_bool;
+--------------+-----+
| a_bool       | cnt |
+--------------+-----+
| [1, 0, null] |   2 |
| [null, 0, 1] |   2 |
+--------------+-----+
(2 rows)

!ok

#-------------------------------------------------------------------------
# TESTCASE: test_subquery_with_where TEST_ID: A1_B19_C7
#-------------------------------------------------------------------------
WITH t1 AS
  (SELECT *
   FROM test_array
   WHERE a_bool>=json_value(a_nested, '$[0]' RETURNING boolean array))
SELECT a_bool
FROM t1;
+--------------+
| a_bool       |
+--------------+
| [1, 0, null] |
| [1, 0, null] |
| [null, 0, 1] |
| [null, 0, 1] |
+--------------+
(4 rows)

!ok

#-------------------------------------------------------------------------
# TESTCASE: test_subquery_with_where TEST_ID: A1_B19_C8
#-------------------------------------------------------------------------
WITH t1 AS
  (SELECT *
   FROM test_array
   WHERE a_bool>=json_value(a_nested, '$[0]' RETURNING boolean array))
SELECT a_bool,
       count(*) cnt
FROM t1
GROUP BY a_bool;
+--------------+-----+
| a_bool       | cnt |
+--------------+-----+
| [1, 0, null] |   2 |
| [null, 0, 1] |   2 |
+--------------+-----+
(2 rows)

!ok

#-------------------------------------------------------------------------
# TESTCASE: test_subquery_with_where TEST_ID: A1_B19_C9
#-------------------------------------------------------------------------
WITH t1 AS
  (SELECT *
   FROM test_array)
SELECT a_bool
FROM t1
WHERE a_bool>=json_value(a_nested, '$[0]' RETURNING boolean array);
+--------------+
| a_bool       |
+--------------+
| [1, 0, null] |
| [1, 0, null] |
| [null, 0, 1] |
| [null, 0, 1] |
+--------------+
(4 rows)

!ok

#-------------------------------------------------------------------------
# TESTCASE: test_subquery_with_where TEST_ID: A1_B19_C10
#-------------------------------------------------------------------------
WITH t1 AS
  (SELECT *
   FROM test_array)
SELECT a_bool,
       count(*) cnt
FROM t1
WHERE a_bool>=json_value(a_nested, '$[0]' RETURNING boolean array)
GROUP BY a_bool;
+--------------+-----+
| a_bool       | cnt |
+--------------+-----+
| [1, 0, null] |   2 |
| [null, 0, 1] |   2 |
+--------------+-----+
(2 rows)

!ok

#-------------------------------------------------------------------------
# TESTCASE: test_subquery_with_where TEST_ID: A1_B20_C1
#-------------------------------------------------------------------------
SELECT a_bool
FROM test_array
WHERE a_bool>=json_value(a_nested, '$[7][0]' RETURNING boolean array);
+--------------+
| a_bool       |
+--------------+
| [1, 0, null] |
| [1, 0, null] |
| [null, 0, 1] |
| [null, 0, 1] |
+--------------+
(4 rows)

!ok

#-------------------------------------------------------------------------
# TESTCASE: test_subquery_with_where TEST_ID: A1_B20_C2
#-------------------------------------------------------------------------
SELECT a_bool,
       count(*) cnt
FROM test_array
WHERE a_bool>=json_value(a_nested, '$[7][0]' RETURNING boolean array)
GROUP BY a_bool;
+--------------+-----+
| a_bool       | cnt |
+--------------+-----+
| [1, 0, null] |   2 |
| [null, 0, 1] |   2 |
+--------------+-----+
(2 rows)

!ok

#-------------------------------------------------------------------------
# TESTCASE: test_subquery_with_where TEST_ID: A1_B20_C3
#-------------------------------------------------------------------------
SELECT a_bool
FROM
  (SELECT *
   FROM test_array
   WHERE a_bool>=json_value(a_nested, '$[7][0]' RETURNING boolean array));
+--------------+
| a_bool       |
+--------------+
| [1, 0, null] |
| [1, 0, null] |
| [null, 0, 1] |
| [null, 0, 1] |
+--------------+
(4 rows)

!ok

#-------------------------------------------------------------------------
# TESTCASE: test_subquery_with_where TEST_ID: A1_B20_C4
#-------------------------------------------------------------------------
SELECT a_bool,
       count(*) cnt
FROM
  (SELECT *
   FROM test_array
   WHERE a_bool>=json_value(a_nested, '$[7][0]' RETURNING boolean array))
GROUP BY a_bool;
+--------------+-----+
| a_bool       | cnt |
+--------------+-----+
| [1, 0, null] |   2 |
| [null, 0, 1] |   2 |
+--------------+-----+
(2 rows)

!ok

#-------------------------------------------------------------------------
# TESTCASE: test_subquery_with_where TEST_ID: A1_B20_C5
#-------------------------------------------------------------------------
SELECT a_bool
FROM
  (SELECT *
   FROM test_array)
WHERE a_bool>=json_value(a_nested, '$[7][0]' RETURNING boolean array);
+--------------+
| a_bool       |
+--------------+
| [1, 0, null] |
| [1, 0, null] |
| [null, 0, 1] |
| [null, 0, 1] |
+--------------+
(4 rows)

!ok

#-------------------------------------------------------------------------
# TESTCASE: test_subquery_with_where TEST_ID: A1_B20_C6
#-------------------------------------------------------------------------
SELECT a_bool,
       count(*) cnt
FROM
  (SELECT *
   FROM test_array)
WHERE a_bool>=json_value(a_nested, '$[7][0]' RETURNING boolean array)
GROUP BY a_bool;
+--------------+-----+
| a_bool       | cnt |
+--------------+-----+
| [1, 0, null] |   2 |
| [null, 0, 1] |   2 |
+--------------+-----+
(2 rows)

!ok

#-------------------------------------------------------------------------
# TESTCASE: test_subquery_with_where TEST_ID: A1_B20_C7
#-------------------------------------------------------------------------
WITH t1 AS
  (SELECT *
   FROM test_array
   WHERE a_bool>=json_value(a_nested, '$[7][0]' RETURNING boolean array))
SELECT a_bool
FROM t1;
+--------------+
| a_bool       |
+--------------+
| [1, 0, null] |
| [1, 0, null] |
| [null, 0, 1] |
| [null, 0, 1] |
+--------------+
(4 rows)

!ok

#-------------------------------------------------------------------------
# TESTCASE: test_subquery_with_where TEST_ID: A1_B20_C8
#-------------------------------------------------------------------------
WITH t1 AS
  (SELECT *
   FROM test_array
   WHERE a_bool>=json_value(a_nested, '$[7][0]' RETURNING boolean array))
SELECT a_bool,
       count(*) cnt
FROM t1
GROUP BY a_bool;
+--------------+-----+
| a_bool       | cnt |
+--------------+-----+
| [1, 0, null] |   2 |
| [null, 0, 1] |   2 |
+--------------+-----+
(2 rows)

!ok

#-------------------------------------------------------------------------
# TESTCASE: test_subquery_with_where TEST_ID: A1_B20_C9
#-------------------------------------------------------------------------
WITH t1 AS
  (SELECT *
   FROM test_array)
SELECT a_bool
FROM t1
WHERE a_bool>=json_value(a_nested, '$[7][0]' RETURNING boolean array);
+--------------+
| a_bool       |
+--------------+
| [1, 0, null] |
| [1, 0, null] |
| [null, 0, 1] |
| [null, 0, 1] |
+--------------+
(4 rows)

!ok

#-------------------------------------------------------------------------
# TESTCASE: test_subquery_with_where TEST_ID: A1_B20_C10
#-------------------------------------------------------------------------
WITH t1 AS
  (SELECT *
   FROM test_array)
SELECT a_bool,
       count(*) cnt
FROM t1
WHERE a_bool>=json_value(a_nested, '$[7][0]' RETURNING boolean array)
GROUP BY a_bool;
+--------------+-----+
| a_bool       | cnt |
+--------------+-----+
| [1, 0, null] |   2 |
| [null, 0, 1] |   2 |
+--------------+-----+
(2 rows)

!ok

#-------------------------------------------------------------------------
# TESTCASE: test_subquery_with_where TEST_ID: A1_B21_C1
#-------------------------------------------------------------------------
SELECT a_bool
FROM test_array
WHERE a_bool<ARRAY[1,
                   0];
+--------------+
| a_bool       |
+--------------+
| [null, 0, 1] |
| [null, 0, 1] |
+--------------+
(2 rows)

!ok

#-------------------------------------------------------------------------
# TESTCASE: test_subquery_with_where TEST_ID: A1_B21_C2
#-------------------------------------------------------------------------
SELECT a_bool,
       count(*) cnt
FROM test_array
WHERE a_bool<ARRAY[1,
                   0]
GROUP BY a_bool;
+--------------+-----+
| a_bool       | cnt |
+--------------+-----+
| [null, 0, 1] |   2 |
+--------------+-----+
(1 row)

!ok

#-------------------------------------------------------------------------
# TESTCASE: test_subquery_with_where TEST_ID: A1_B21_C3
#-------------------------------------------------------------------------
SELECT a_bool
FROM
  (SELECT *
   FROM test_array
   WHERE a_bool<ARRAY[1,
                      0]);
+--------------+
| a_bool       |
+--------------+
| [null, 0, 1] |
| [null, 0, 1] |
+--------------+
(2 rows)

!ok

#-------------------------------------------------------------------------
# TESTCASE: test_subquery_with_where TEST_ID: A1_B21_C4
#-------------------------------------------------------------------------
SELECT a_bool,
       count(*) cnt
FROM
  (SELECT *
   FROM test_array
   WHERE a_bool<ARRAY[1,
                      0])
GROUP BY a_bool;
+--------------+-----+
| a_bool       | cnt |
+--------------+-----+
| [null, 0, 1] |   2 |
+--------------+-----+
(1 row)

!ok

#-------------------------------------------------------------------------
# TESTCASE: test_subquery_with_where TEST_ID: A1_B21_C5
#-------------------------------------------------------------------------
SELECT a_bool
FROM
  (SELECT *
   FROM test_array)
WHERE a_bool<ARRAY[1,
                   0];
+--------------+
| a_bool       |
+--------------+
| [null, 0, 1] |
| [null, 0, 1] |
+--------------+
(2 rows)

!ok

#-------------------------------------------------------------------------
# TESTCASE: test_subquery_with_where TEST_ID: A1_B21_C6
#-------------------------------------------------------------------------
SELECT a_bool,
       count(*) cnt
FROM
  (SELECT *
   FROM test_array)
WHERE a_bool<ARRAY[1,
                   0]
GROUP BY a_bool;
+--------------+-----+
| a_bool       | cnt |
+--------------+-----+
| [null, 0, 1] |   2 |
+--------------+-----+
(1 row)

!ok

#-------------------------------------------------------------------------
# TESTCASE: test_subquery_with_where TEST_ID: A1_B21_C7
#-------------------------------------------------------------------------
WITH t1 AS
  (SELECT *
   FROM test_array
   WHERE a_bool<ARRAY[1,
                      0])
SELECT a_bool
FROM t1;
+--------------+
| a_bool       |
+--------------+
| [null, 0, 1] |
| [null, 0, 1] |
+--------------+
(2 rows)

!ok

#-------------------------------------------------------------------------
# TESTCASE: test_subquery_with_where TEST_ID: A1_B21_C8
#-------------------------------------------------------------------------
WITH t1 AS
  (SELECT *
   FROM test_array
   WHERE a_bool<ARRAY[1,
                      0])
SELECT a_bool,
       count(*) cnt
FROM t1
GROUP BY a_bool;
+--------------+-----+
| a_bool       | cnt |
+--------------+-----+
| [null, 0, 1] |   2 |
+--------------+-----+
(1 row)

!ok

#-------------------------------------------------------------------------
# TESTCASE: test_subquery_with_where TEST_ID: A1_B21_C9
#-------------------------------------------------------------------------
WITH t1 AS
  (SELECT *
   FROM test_array)
SELECT a_bool
FROM t1
WHERE a_bool<ARRAY[1,
                   0];
+--------------+
| a_bool       |
+--------------+
| [null, 0, 1] |
| [null, 0, 1] |
+--------------+
(2 rows)

!ok

#-------------------------------------------------------------------------
# TESTCASE: test_subquery_with_where TEST_ID: A1_B21_C10
#-------------------------------------------------------------------------
WITH t1 AS
  (SELECT *
   FROM test_array)
SELECT a_bool,
       count(*) cnt
FROM t1
WHERE a_bool<ARRAY[1,
                   0]
GROUP BY a_bool;
+--------------+-----+
| a_bool       | cnt |
+--------------+-----+
| [null, 0, 1] |   2 |
+--------------+-----+
(1 row)

!ok

#-------------------------------------------------------------------------
# TESTCASE: test_subquery_with_where TEST_ID: A1_B22_C1
#-------------------------------------------------------------------------
SELECT a_bool
FROM test_array
WHERE a_bool<ARRAY[1,
                   0,
                   NULL];
+--------------+
| a_bool       |
+--------------+
| [null, 0, 1] |
| [null, 0, 1] |
+--------------+
(2 rows)

!ok

#-------------------------------------------------------------------------
# TESTCASE: test_subquery_with_where TEST_ID: A1_B22_C2
#-------------------------------------------------------------------------
SELECT a_bool,
       count(*) cnt
FROM test_array
WHERE a_bool<ARRAY[1,
                   0,
                   NULL]
GROUP BY a_bool;
+--------------+-----+
| a_bool       | cnt |
+--------------+-----+
| [null, 0, 1] |   2 |
+--------------+-----+
(1 row)

!ok

#-------------------------------------------------------------------------
# TESTCASE: test_subquery_with_where TEST_ID: A1_B22_C3
#-------------------------------------------------------------------------
SELECT a_bool
FROM
  (SELECT *
   FROM test_array
   WHERE a_bool<ARRAY[1,
                      0,
                      NULL]);
+--------------+
| a_bool       |
+--------------+
| [null, 0, 1] |
| [null, 0, 1] |
+--------------+
(2 rows)

!ok

#-------------------------------------------------------------------------
# TESTCASE: test_subquery_with_where TEST_ID: A1_B22_C4
#-------------------------------------------------------------------------
SELECT a_bool,
       count(*) cnt
FROM
  (SELECT *
   FROM test_array
   WHERE a_bool<ARRAY[1,
                      0,
                      NULL])
GROUP BY a_bool;
+--------------+-----+
| a_bool       | cnt |
+--------------+-----+
| [null, 0, 1] |   2 |
+--------------+-----+
(1 row)

!ok

#-------------------------------------------------------------------------
# TESTCASE: test_subquery_with_where TEST_ID: A1_B22_C5
#-------------------------------------------------------------------------
SELECT a_bool
FROM
  (SELECT *
   FROM test_array)
WHERE a_bool<ARRAY[1,
                   0,
                   NULL];
+--------------+
| a_bool       |
+--------------+
| [null, 0, 1] |
| [null, 0, 1] |
+--------------+
(2 rows)

!ok

#-------------------------------------------------------------------------
# TESTCASE: test_subquery_with_where TEST_ID: A1_B22_C6
#-------------------------------------------------------------------------
SELECT a_bool,
       count(*) cnt
FROM
  (SELECT *
   FROM test_array)
WHERE a_bool<ARRAY[1,
                   0,
                   NULL]
GROUP BY a_bool;
+--------------+-----+
| a_bool       | cnt |
+--------------+-----+
| [null, 0, 1] |   2 |
+--------------+-----+
(1 row)

!ok

#-------------------------------------------------------------------------
# TESTCASE: test_subquery_with_where TEST_ID: A1_B22_C7
#-------------------------------------------------------------------------
WITH t1 AS
  (SELECT *
   FROM test_array
   WHERE a_bool<ARRAY[1,
                      0,
                      NULL])
SELECT a_bool
FROM t1;
+--------------+
| a_bool       |
+--------------+
| [null, 0, 1] |
| [null, 0, 1] |
+--------------+
(2 rows)

!ok

#-------------------------------------------------------------------------
# TESTCASE: test_subquery_with_where TEST_ID: A1_B22_C8
#-------------------------------------------------------------------------
WITH t1 AS
  (SELECT *
   FROM test_array
   WHERE a_bool<ARRAY[1,
                      0,
                      NULL])
SELECT a_bool,
       count(*) cnt
FROM t1
GROUP BY a_bool;
+--------------+-----+
| a_bool       | cnt |
+--------------+-----+
| [null, 0, 1] |   2 |
+--------------+-----+
(1 row)

!ok

#-------------------------------------------------------------------------
# TESTCASE: test_subquery_with_where TEST_ID: A1_B22_C9
#-------------------------------------------------------------------------
WITH t1 AS
  (SELECT *
   FROM test_array)
SELECT a_bool
FROM t1
WHERE a_bool<ARRAY[1,
                   0,
                   NULL];
+--------------+
| a_bool       |
+--------------+
| [null, 0, 1] |
| [null, 0, 1] |
+--------------+
(2 rows)

!ok

