!set useApproximateCountDistinct false
!use druidtest://?componentSupplier=AllDruidEnginesComponentSupplier&datasets=sql/src/test/quidem/qatests/qaArray/sql
!set outputformat mysql
#-------------------------------------------------------------------------
# TESTCASE: test_subquery_with_where TEST_ID: A2_B11_C10
#-------------------------------------------------------------------------
WITH t1 AS
  (SELECT *
   FROM test_array)
SELECT a_int,
       count(*) cnt
FROM t1
WHERE a_int>ARRAY[1,
                  2]
GROUP BY a_int;
+--------------+-----+
| a_int        | cnt |
+--------------+-----+
| [1, 2, null] |   2 |
+--------------+-----+
(1 row)

!ok

#-------------------------------------------------------------------------
# TESTCASE: test_subquery_with_where TEST_ID: A2_B12_C1
#-------------------------------------------------------------------------
SELECT a_int
FROM test_array
WHERE a_int>ARRAY[1,
                  2,
                  NULL];
+-------+
| a_int |
+-------+
+-------+
(0 rows)

!ok

#-------------------------------------------------------------------------
# TESTCASE: test_subquery_with_where TEST_ID: A2_B12_C2
#-------------------------------------------------------------------------
SELECT a_int,
       count(*) cnt
FROM test_array
WHERE a_int>ARRAY[1,
                  2,
                  NULL]
GROUP BY a_int;
+-------+-----+
| a_int | cnt |
+-------+-----+
+-------+-----+
(0 rows)

!ok

#-------------------------------------------------------------------------
# TESTCASE: test_subquery_with_where TEST_ID: A2_B12_C3
#-------------------------------------------------------------------------
SELECT a_int
FROM
  (SELECT *
   FROM test_array
   WHERE a_int>ARRAY[1,
                     2,
                     NULL]);
+-------+
| a_int |
+-------+
+-------+
(0 rows)

!ok

#-------------------------------------------------------------------------
# TESTCASE: test_subquery_with_where TEST_ID: A2_B12_C4
#-------------------------------------------------------------------------
SELECT a_int,
       count(*) cnt
FROM
  (SELECT *
   FROM test_array
   WHERE a_int>ARRAY[1,
                     2,
                     NULL])
GROUP BY a_int;
+-------+-----+
| a_int | cnt |
+-------+-----+
+-------+-----+
(0 rows)

!ok

#-------------------------------------------------------------------------
# TESTCASE: test_subquery_with_where TEST_ID: A2_B12_C5
#-------------------------------------------------------------------------
SELECT a_int
FROM
  (SELECT *
   FROM test_array)
WHERE a_int>ARRAY[1,
                  2,
                  NULL];
+-------+
| a_int |
+-------+
+-------+
(0 rows)

!ok

#-------------------------------------------------------------------------
# TESTCASE: test_subquery_with_where TEST_ID: A2_B12_C6
#-------------------------------------------------------------------------
SELECT a_int,
       count(*) cnt
FROM
  (SELECT *
   FROM test_array)
WHERE a_int>ARRAY[1,
                  2,
                  NULL]
GROUP BY a_int;
+-------+-----+
| a_int | cnt |
+-------+-----+
+-------+-----+
(0 rows)

!ok

#-------------------------------------------------------------------------
# TESTCASE: test_subquery_with_where TEST_ID: A2_B12_C7
#-------------------------------------------------------------------------
WITH t1 AS
  (SELECT *
   FROM test_array
   WHERE a_int>ARRAY[1,
                     2,
                     NULL])
SELECT a_int
FROM t1;
+-------+
| a_int |
+-------+
+-------+
(0 rows)

!ok

#-------------------------------------------------------------------------
# TESTCASE: test_subquery_with_where TEST_ID: A2_B12_C8
#-------------------------------------------------------------------------
WITH t1 AS
  (SELECT *
   FROM test_array
   WHERE a_int>ARRAY[1,
                     2,
                     NULL])
SELECT a_int,
       count(*) cnt
FROM t1
GROUP BY a_int;
+-------+-----+
| a_int | cnt |
+-------+-----+
+-------+-----+
(0 rows)

!ok

#-------------------------------------------------------------------------
# TESTCASE: test_subquery_with_where TEST_ID: A2_B12_C9
#-------------------------------------------------------------------------
WITH t1 AS
  (SELECT *
   FROM test_array)
SELECT a_int
FROM t1
WHERE a_int>ARRAY[1,
                  2,
                  NULL];
+-------+
| a_int |
+-------+
+-------+
(0 rows)

!ok

#-------------------------------------------------------------------------
# TESTCASE: test_subquery_with_where TEST_ID: A2_B12_C10
#-------------------------------------------------------------------------
WITH t1 AS
  (SELECT *
   FROM test_array)
SELECT a_int,
       count(*) cnt
FROM t1
WHERE a_int>ARRAY[1,
                  2,
                  NULL]
GROUP BY a_int;
+-------+-----+
| a_int | cnt |
+-------+-----+
+-------+-----+
(0 rows)

!ok

#-------------------------------------------------------------------------
# TESTCASE: test_subquery_with_where TEST_ID: A2_B13_C1
#-------------------------------------------------------------------------
SELECT a_int
FROM test_array
WHERE a_int>ARRAY[1,
                  2,
                  3];
+-------+
| a_int |
+-------+
+-------+
(0 rows)

!ok

#-------------------------------------------------------------------------
# TESTCASE: test_subquery_with_where TEST_ID: A2_B13_C2
#-------------------------------------------------------------------------
SELECT a_int,
       count(*) cnt
FROM test_array
WHERE a_int>ARRAY[1,
                  2,
                  3]
GROUP BY a_int;
+-------+-----+
| a_int | cnt |
+-------+-----+
+-------+-----+
(0 rows)

!ok

#-------------------------------------------------------------------------
# TESTCASE: test_subquery_with_where TEST_ID: A2_B13_C3
#-------------------------------------------------------------------------
SELECT a_int
FROM
  (SELECT *
   FROM test_array
   WHERE a_int>ARRAY[1,
                     2,
                     3]);
+-------+
| a_int |
+-------+
+-------+
(0 rows)

!ok

#-------------------------------------------------------------------------
# TESTCASE: test_subquery_with_where TEST_ID: A2_B13_C4
#-------------------------------------------------------------------------
SELECT a_int,
       count(*) cnt
FROM
  (SELECT *
   FROM test_array
   WHERE a_int>ARRAY[1,
                     2,
                     3])
GROUP BY a_int;
+-------+-----+
| a_int | cnt |
+-------+-----+
+-------+-----+
(0 rows)

!ok

#-------------------------------------------------------------------------
# TESTCASE: test_subquery_with_where TEST_ID: A2_B13_C5
#-------------------------------------------------------------------------
SELECT a_int
FROM
  (SELECT *
   FROM test_array)
WHERE a_int>ARRAY[1,
                  2,
                  3];
+-------+
| a_int |
+-------+
+-------+
(0 rows)

!ok

#-------------------------------------------------------------------------
# TESTCASE: test_subquery_with_where TEST_ID: A2_B13_C6
#-------------------------------------------------------------------------
SELECT a_int,
       count(*) cnt
FROM
  (SELECT *
   FROM test_array)
WHERE a_int>ARRAY[1,
                  2,
                  3]
GROUP BY a_int;
+-------+-----+
| a_int | cnt |
+-------+-----+
+-------+-----+
(0 rows)

!ok

#-------------------------------------------------------------------------
# TESTCASE: test_subquery_with_where TEST_ID: A2_B13_C7
#-------------------------------------------------------------------------
WITH t1 AS
  (SELECT *
   FROM test_array
   WHERE a_int>ARRAY[1,
                     2,
                     3])
SELECT a_int
FROM t1;
+-------+
| a_int |
+-------+
+-------+
(0 rows)

!ok

#-------------------------------------------------------------------------
# TESTCASE: test_subquery_with_where TEST_ID: A2_B13_C8
#-------------------------------------------------------------------------
WITH t1 AS
  (SELECT *
   FROM test_array
   WHERE a_int>ARRAY[1,
                     2,
                     3])
SELECT a_int,
       count(*) cnt
FROM t1
GROUP BY a_int;
+-------+-----+
| a_int | cnt |
+-------+-----+
+-------+-----+
(0 rows)

!ok

#-------------------------------------------------------------------------
# TESTCASE: test_subquery_with_where TEST_ID: A2_B13_C9
#-------------------------------------------------------------------------
WITH t1 AS
  (SELECT *
   FROM test_array)
SELECT a_int
FROM t1
WHERE a_int>ARRAY[1,
                  2,
                  3];
+-------+
| a_int |
+-------+
+-------+
(0 rows)

!ok

#-------------------------------------------------------------------------
# TESTCASE: test_subquery_with_where TEST_ID: A2_B13_C10
#-------------------------------------------------------------------------
WITH t1 AS
  (SELECT *
   FROM test_array)
SELECT a_int,
       count(*) cnt
FROM t1
WHERE a_int>ARRAY[1,
                  2,
                  3]
GROUP BY a_int;
+-------+-----+
| a_int | cnt |
+-------+-----+
+-------+-----+
(0 rows)

!ok

#-------------------------------------------------------------------------
# TESTCASE: test_subquery_with_where TEST_ID: A2_B14_C1
#-------------------------------------------------------------------------
SELECT a_int
FROM test_array
WHERE a_int>json_value(a_nested, '$[1]' RETURNING bigint array);
+-------+
| a_int |
+-------+
+-------+
(0 rows)

!ok

#-------------------------------------------------------------------------
# TESTCASE: test_subquery_with_where TEST_ID: A2_B14_C2
#-------------------------------------------------------------------------
SELECT a_int,
       count(*) cnt
FROM test_array
WHERE a_int>json_value(a_nested, '$[1]' RETURNING bigint array)
GROUP BY a_int;
+-------+-----+
| a_int | cnt |
+-------+-----+
+-------+-----+
(0 rows)

!ok

#-------------------------------------------------------------------------
# TESTCASE: test_subquery_with_where TEST_ID: A2_B14_C3
#-------------------------------------------------------------------------
SELECT a_int
FROM
  (SELECT *
   FROM test_array
   WHERE a_int>json_value(a_nested, '$[1]' RETURNING bigint array));
+-------+
| a_int |
+-------+
+-------+
(0 rows)

!ok

#-------------------------------------------------------------------------
# TESTCASE: test_subquery_with_where TEST_ID: A2_B14_C4
#-------------------------------------------------------------------------
SELECT a_int,
       count(*) cnt
FROM
  (SELECT *
   FROM test_array
   WHERE a_int>json_value(a_nested, '$[1]' RETURNING bigint array))
GROUP BY a_int;
+-------+-----+
| a_int | cnt |
+-------+-----+
+-------+-----+
(0 rows)

!ok

#-------------------------------------------------------------------------
# TESTCASE: test_subquery_with_where TEST_ID: A2_B14_C5
#-------------------------------------------------------------------------
SELECT a_int
FROM
  (SELECT *
   FROM test_array)
WHERE a_int>json_value(a_nested, '$[1]' RETURNING bigint array);
+-------+
| a_int |
+-------+
+-------+
(0 rows)

!ok

#-------------------------------------------------------------------------
# TESTCASE: test_subquery_with_where TEST_ID: A2_B14_C6
#-------------------------------------------------------------------------
SELECT a_int,
       count(*) cnt
FROM
  (SELECT *
   FROM test_array)
WHERE a_int>json_value(a_nested, '$[1]' RETURNING bigint array)
GROUP BY a_int;
+-------+-----+
| a_int | cnt |
+-------+-----+
+-------+-----+
(0 rows)

!ok

#-------------------------------------------------------------------------
# TESTCASE: test_subquery_with_where TEST_ID: A2_B14_C7
#-------------------------------------------------------------------------
WITH t1 AS
  (SELECT *
   FROM test_array
   WHERE a_int>json_value(a_nested, '$[1]' RETURNING bigint array))
SELECT a_int
FROM t1;
+-------+
| a_int |
+-------+
+-------+
(0 rows)

!ok

#-------------------------------------------------------------------------
# TESTCASE: test_subquery_with_where TEST_ID: A2_B14_C8
#-------------------------------------------------------------------------
WITH t1 AS
  (SELECT *
   FROM test_array
   WHERE a_int>json_value(a_nested, '$[1]' RETURNING bigint array))
SELECT a_int,
       count(*) cnt
FROM t1
GROUP BY a_int;
+-------+-----+
| a_int | cnt |
+-------+-----+
+-------+-----+
(0 rows)

!ok

#-------------------------------------------------------------------------
# TESTCASE: test_subquery_with_where TEST_ID: A2_B14_C9
#-------------------------------------------------------------------------
WITH t1 AS
  (SELECT *
   FROM test_array)
SELECT a_int
FROM t1
WHERE a_int>json_value(a_nested, '$[1]' RETURNING bigint array);
+-------+
| a_int |
+-------+
+-------+
(0 rows)

!ok

#-------------------------------------------------------------------------
# TESTCASE: test_subquery_with_where TEST_ID: A2_B14_C10
#-------------------------------------------------------------------------
WITH t1 AS
  (SELECT *
   FROM test_array)
SELECT a_int,
       count(*) cnt
FROM t1
WHERE a_int>json_value(a_nested, '$[1]' RETURNING bigint array)
GROUP BY a_int;
+-------+-----+
| a_int | cnt |
+-------+-----+
+-------+-----+
(0 rows)

!ok

#-------------------------------------------------------------------------
# TESTCASE: test_subquery_with_where TEST_ID: A2_B15_C1
#-------------------------------------------------------------------------
SELECT a_int
FROM test_array
WHERE a_int>json_value(a_nested, '$[7][1]' RETURNING bigint array);
+-------+
| a_int |
+-------+
+-------+
(0 rows)

!ok

#-------------------------------------------------------------------------
# TESTCASE: test_subquery_with_where TEST_ID: A2_B15_C2
#-------------------------------------------------------------------------
SELECT a_int,
       count(*) cnt
FROM test_array
WHERE a_int>json_value(a_nested, '$[7][1]' RETURNING bigint array)
GROUP BY a_int;
+-------+-----+
| a_int | cnt |
+-------+-----+
+-------+-----+
(0 rows)

!ok

#-------------------------------------------------------------------------
# TESTCASE: test_subquery_with_where TEST_ID: A2_B15_C3
#-------------------------------------------------------------------------
SELECT a_int
FROM
  (SELECT *
   FROM test_array
   WHERE a_int>json_value(a_nested, '$[7][1]' RETURNING bigint array));
+-------+
| a_int |
+-------+
+-------+
(0 rows)

!ok

#-------------------------------------------------------------------------
# TESTCASE: test_subquery_with_where TEST_ID: A2_B15_C4
#-------------------------------------------------------------------------
SELECT a_int,
       count(*) cnt
FROM
  (SELECT *
   FROM test_array
   WHERE a_int>json_value(a_nested, '$[7][1]' RETURNING bigint array))
GROUP BY a_int;
+-------+-----+
| a_int | cnt |
+-------+-----+
+-------+-----+
(0 rows)

!ok

#-------------------------------------------------------------------------
# TESTCASE: test_subquery_with_where TEST_ID: A2_B15_C5
#-------------------------------------------------------------------------
SELECT a_int
FROM
  (SELECT *
   FROM test_array)
WHERE a_int>json_value(a_nested, '$[7][1]' RETURNING bigint array);
+-------+
| a_int |
+-------+
+-------+
(0 rows)

!ok

#-------------------------------------------------------------------------
# TESTCASE: test_subquery_with_where TEST_ID: A2_B15_C6
#-------------------------------------------------------------------------
SELECT a_int,
       count(*) cnt
FROM
  (SELECT *
   FROM test_array)
WHERE a_int>json_value(a_nested, '$[7][1]' RETURNING bigint array)
GROUP BY a_int;
+-------+-----+
| a_int | cnt |
+-------+-----+
+-------+-----+
(0 rows)

!ok

#-------------------------------------------------------------------------
# TESTCASE: test_subquery_with_where TEST_ID: A2_B15_C7
#-------------------------------------------------------------------------
WITH t1 AS
  (SELECT *
   FROM test_array
   WHERE a_int>json_value(a_nested, '$[7][1]' RETURNING bigint array))
SELECT a_int
FROM t1;
+-------+
| a_int |
+-------+
+-------+
(0 rows)

!ok

#-------------------------------------------------------------------------
# TESTCASE: test_subquery_with_where TEST_ID: A2_B15_C8
#-------------------------------------------------------------------------
WITH t1 AS
  (SELECT *
   FROM test_array
   WHERE a_int>json_value(a_nested, '$[7][1]' RETURNING bigint array))
SELECT a_int,
       count(*) cnt
FROM t1
GROUP BY a_int;
+-------+-----+
| a_int | cnt |
+-------+-----+
+-------+-----+
(0 rows)

!ok

#-------------------------------------------------------------------------
# TESTCASE: test_subquery_with_where TEST_ID: A2_B15_C9
#-------------------------------------------------------------------------
WITH t1 AS
  (SELECT *
   FROM test_array)
SELECT a_int
FROM t1
WHERE a_int>json_value(a_nested, '$[7][1]' RETURNING bigint array);
+-------+
| a_int |
+-------+
+-------+
(0 rows)

!ok

#-------------------------------------------------------------------------
# TESTCASE: test_subquery_with_where TEST_ID: A2_B15_C10
#-------------------------------------------------------------------------
WITH t1 AS
  (SELECT *
   FROM test_array)
SELECT a_int,
       count(*) cnt
FROM t1
WHERE a_int>json_value(a_nested, '$[7][1]' RETURNING bigint array)
GROUP BY a_int;
+-------+-----+
| a_int | cnt |
+-------+-----+
+-------+-----+
(0 rows)

!ok

#-------------------------------------------------------------------------
# TESTCASE: test_subquery_with_where TEST_ID: A2_B16_C1
#-------------------------------------------------------------------------
SELECT a_int
FROM test_array
WHERE a_int>=ARRAY[1,
                   2];
+--------------+
| a_int        |
+--------------+
| [1, 2, null] |
| [1, 2, null] |
+--------------+
(2 rows)

!ok

#-------------------------------------------------------------------------
# TESTCASE: test_subquery_with_where TEST_ID: A2_B16_C2
#-------------------------------------------------------------------------
SELECT a_int,
       count(*) cnt
FROM test_array
WHERE a_int>=ARRAY[1,
                   2]
GROUP BY a_int;
+--------------+-----+
| a_int        | cnt |
+--------------+-----+
| [1, 2, null] |   2 |
+--------------+-----+
(1 row)

!ok

#-------------------------------------------------------------------------
# TESTCASE: test_subquery_with_where TEST_ID: A2_B16_C3
#-------------------------------------------------------------------------
SELECT a_int
FROM
  (SELECT *
   FROM test_array
   WHERE a_int>=ARRAY[1,
                      2]);
+--------------+
| a_int        |
+--------------+
| [1, 2, null] |
| [1, 2, null] |
+--------------+
(2 rows)

!ok

#-------------------------------------------------------------------------
# TESTCASE: test_subquery_with_where TEST_ID: A2_B16_C4
#-------------------------------------------------------------------------
SELECT a_int,
       count(*) cnt
FROM
  (SELECT *
   FROM test_array
   WHERE a_int>=ARRAY[1,
                      2])
GROUP BY a_int;
+--------------+-----+
| a_int        | cnt |
+--------------+-----+
| [1, 2, null] |   2 |
+--------------+-----+
(1 row)

!ok

#-------------------------------------------------------------------------
# TESTCASE: test_subquery_with_where TEST_ID: A2_B16_C5
#-------------------------------------------------------------------------
SELECT a_int
FROM
  (SELECT *
   FROM test_array)
WHERE a_int>=ARRAY[1,
                   2];
+--------------+
| a_int        |
+--------------+
| [1, 2, null] |
| [1, 2, null] |
+--------------+
(2 rows)

!ok

#-------------------------------------------------------------------------
# TESTCASE: test_subquery_with_where TEST_ID: A2_B16_C6
#-------------------------------------------------------------------------
SELECT a_int,
       count(*) cnt
FROM
  (SELECT *
   FROM test_array)
WHERE a_int>=ARRAY[1,
                   2]
GROUP BY a_int;
+--------------+-----+
| a_int        | cnt |
+--------------+-----+
| [1, 2, null] |   2 |
+--------------+-----+
(1 row)

!ok

#-------------------------------------------------------------------------
# TESTCASE: test_subquery_with_where TEST_ID: A2_B16_C7
#-------------------------------------------------------------------------
WITH t1 AS
  (SELECT *
   FROM test_array
   WHERE a_int>=ARRAY[1,
                      2])
SELECT a_int
FROM t1;
+--------------+
| a_int        |
+--------------+
| [1, 2, null] |
| [1, 2, null] |
+--------------+
(2 rows)

!ok

#-------------------------------------------------------------------------
# TESTCASE: test_subquery_with_where TEST_ID: A2_B16_C8
#-------------------------------------------------------------------------
WITH t1 AS
  (SELECT *
   FROM test_array
   WHERE a_int>=ARRAY[1,
                      2])
SELECT a_int,
       count(*) cnt
FROM t1
GROUP BY a_int;
+--------------+-----+
| a_int        | cnt |
+--------------+-----+
| [1, 2, null] |   2 |
+--------------+-----+
(1 row)

!ok

#-------------------------------------------------------------------------
# TESTCASE: test_subquery_with_where TEST_ID: A2_B16_C9
#-------------------------------------------------------------------------
WITH t1 AS
  (SELECT *
   FROM test_array)
SELECT a_int
FROM t1
WHERE a_int>=ARRAY[1,
                   2];
+--------------+
| a_int        |
+--------------+
| [1, 2, null] |
| [1, 2, null] |
+--------------+
(2 rows)

!ok

