!set useApproximateCountDistinct false
!use druidtest://?componentSupplier=AllDruidEnginesComponentSupplier&datasets=sql/src/test/quidem/qatests/qaArray/sql
!set outputformat mysql
#-------------------------------------------------------------------------
# TESTCASE: test_subquery_with_where TEST_ID: A0_B20_C10
#-------------------------------------------------------------------------
WITH t1 AS
  (SELECT *
   FROM test_array)
SELECT a_int,
       count(*) cnt
FROM t1
WHERE a_str=a_empty
GROUP BY a_int;
+-------+-----+
| a_int | cnt |
+-------+-----+
+-------+-----+
(0 rows)

!ok

#-------------------------------------------------------------------------
# TESTCASE: test_subquery_with_where TEST_ID: A0_B21_C1
#-------------------------------------------------------------------------
SELECT a_int
FROM test_array
WHERE a_str=a_mixed;
+-------+
| a_int |
+-------+
+-------+
(0 rows)

!ok

#-------------------------------------------------------------------------
# TESTCASE: test_subquery_with_where TEST_ID: A0_B21_C2
#-------------------------------------------------------------------------
SELECT a_int,
       count(*) cnt
FROM test_array
WHERE a_str=a_mixed
GROUP BY a_int;
+-------+-----+
| a_int | cnt |
+-------+-----+
+-------+-----+
(0 rows)

!ok

#-------------------------------------------------------------------------
# TESTCASE: test_subquery_with_where TEST_ID: A0_B21_C3
#-------------------------------------------------------------------------
SELECT a_int
FROM
  (SELECT *
   FROM test_array
   WHERE a_str=a_mixed);
+-------+
| a_int |
+-------+
+-------+
(0 rows)

!ok

#-------------------------------------------------------------------------
# TESTCASE: test_subquery_with_where TEST_ID: A0_B21_C4
#-------------------------------------------------------------------------
SELECT a_int,
       count(*) cnt
FROM
  (SELECT *
   FROM test_array
   WHERE a_str=a_mixed)
GROUP BY a_int;
+-------+-----+
| a_int | cnt |
+-------+-----+
+-------+-----+
(0 rows)

!ok

#-------------------------------------------------------------------------
# TESTCASE: test_subquery_with_where TEST_ID: A0_B21_C5
#-------------------------------------------------------------------------
SELECT a_int
FROM
  (SELECT *
   FROM test_array)
WHERE a_str=a_mixed;
+-------+
| a_int |
+-------+
+-------+
(0 rows)

!ok

#-------------------------------------------------------------------------
# TESTCASE: test_subquery_with_where TEST_ID: A0_B21_C6
#-------------------------------------------------------------------------
SELECT a_int,
       count(*) cnt
FROM
  (SELECT *
   FROM test_array)
WHERE a_str=a_mixed
GROUP BY a_int;
+-------+-----+
| a_int | cnt |
+-------+-----+
+-------+-----+
(0 rows)

!ok

#-------------------------------------------------------------------------
# TESTCASE: test_subquery_with_where TEST_ID: A0_B21_C7
#-------------------------------------------------------------------------
WITH t1 AS
  (SELECT *
   FROM test_array
   WHERE a_str=a_mixed)
SELECT a_int
FROM t1;
+-------+
| a_int |
+-------+
+-------+
(0 rows)

!ok

#-------------------------------------------------------------------------
# TESTCASE: test_subquery_with_where TEST_ID: A0_B21_C8
#-------------------------------------------------------------------------
WITH t1 AS
  (SELECT *
   FROM test_array
   WHERE a_str=a_mixed)
SELECT a_int,
       count(*) cnt
FROM t1
GROUP BY a_int;
+-------+-----+
| a_int | cnt |
+-------+-----+
+-------+-----+
(0 rows)

!ok

#-------------------------------------------------------------------------
# TESTCASE: test_subquery_with_where TEST_ID: A0_B21_C9
#-------------------------------------------------------------------------
WITH t1 AS
  (SELECT *
   FROM test_array)
SELECT a_int
FROM t1
WHERE a_str=a_mixed;
+-------+
| a_int |
+-------+
+-------+
(0 rows)

!ok

#-------------------------------------------------------------------------
# TESTCASE: test_subquery_with_where TEST_ID: A0_B21_C10
#-------------------------------------------------------------------------
WITH t1 AS
  (SELECT *
   FROM test_array)
SELECT a_int,
       count(*) cnt
FROM t1
WHERE a_str=a_mixed
GROUP BY a_int;
+-------+-----+
| a_int | cnt |
+-------+-----+
+-------+-----+
(0 rows)

!ok

#-------------------------------------------------------------------------
# TESTCASE: test_subquery_with_where TEST_ID: A0_B22_C1
#-------------------------------------------------------------------------
SELECT a_int
FROM test_array
WHERE a_str=a_nested;
Cannot apply '=' to arguments of type '<VARCHAR ARRAY> = <COMPLEX<JSON>>'
!error

#-------------------------------------------------------------------------
# TESTCASE: test_subquery_with_where TEST_ID: A0_B22_C2
#-------------------------------------------------------------------------
SELECT a_int,
       count(*) cnt
FROM test_array
WHERE a_str=a_nested
GROUP BY a_int;
Cannot apply '=' to arguments of type '<VARCHAR ARRAY> = <COMPLEX<JSON>>'
!error

#-------------------------------------------------------------------------
# TESTCASE: test_subquery_with_where TEST_ID: A0_B22_C3
#-------------------------------------------------------------------------
SELECT a_int
FROM
  (SELECT *
   FROM test_array
   WHERE a_str=a_nested);
Cannot apply '=' to arguments of type '<VARCHAR ARRAY> = <COMPLEX<JSON>>'
!error

#-------------------------------------------------------------------------
# TESTCASE: test_subquery_with_where TEST_ID: A0_B22_C4
#-------------------------------------------------------------------------
SELECT a_int,
       count(*) cnt
FROM
  (SELECT *
   FROM test_array
   WHERE a_str=a_nested)
GROUP BY a_int;
Cannot apply '=' to arguments of type '<VARCHAR ARRAY> = <COMPLEX<JSON>>'
!error

#-------------------------------------------------------------------------
# TESTCASE: test_subquery_with_where TEST_ID: A0_B22_C5
#-------------------------------------------------------------------------
SELECT a_int
FROM
  (SELECT *
   FROM test_array)
WHERE a_str=a_nested;
Cannot apply '=' to arguments of type '<VARCHAR ARRAY> = <COMPLEX<JSON>>'
!error

#-------------------------------------------------------------------------
# TESTCASE: test_subquery_with_where TEST_ID: A0_B22_C6
#-------------------------------------------------------------------------
SELECT a_int,
       count(*) cnt
FROM
  (SELECT *
   FROM test_array)
WHERE a_str=a_nested
GROUP BY a_int;
Cannot apply '=' to arguments of type '<VARCHAR ARRAY> = <COMPLEX<JSON>>'
!error

#-------------------------------------------------------------------------
# TESTCASE: test_subquery_with_where TEST_ID: A0_B22_C7
#-------------------------------------------------------------------------
WITH t1 AS
  (SELECT *
   FROM test_array
   WHERE a_str=a_nested)
SELECT a_int
FROM t1;
Cannot apply '=' to arguments of type '<VARCHAR ARRAY> = <COMPLEX<JSON>>'
!error

#-------------------------------------------------------------------------
# TESTCASE: test_subquery_with_where TEST_ID: A0_B22_C8
#-------------------------------------------------------------------------
WITH t1 AS
  (SELECT *
   FROM test_array
   WHERE a_str=a_nested)
SELECT a_int,
       count(*) cnt
FROM t1
GROUP BY a_int;
Cannot apply '=' to arguments of type '<VARCHAR ARRAY> = <COMPLEX<JSON>>'
!error

#-------------------------------------------------------------------------
# TESTCASE: test_subquery_with_where TEST_ID: A0_B22_C9
#-------------------------------------------------------------------------
WITH t1 AS
  (SELECT *
   FROM test_array)
SELECT a_int
FROM t1
WHERE a_str=a_nested;
Cannot apply '=' to arguments of type '<VARCHAR ARRAY> = <COMPLEX<JSON>>'
!error

#-------------------------------------------------------------------------
# TESTCASE: test_subquery_with_where TEST_ID: A0_B22_C10
#-------------------------------------------------------------------------
WITH t1 AS
  (SELECT *
   FROM test_array)
SELECT a_int,
       count(*) cnt
FROM t1
WHERE a_str=a_nested
GROUP BY a_int;
Cannot apply '=' to arguments of type '<VARCHAR ARRAY> = <COMPLEX<JSON>>'
!error

#-------------------------------------------------------------------------
# TESTCASE: test_subquery_with_where TEST_ID: A0_B23_C1
#-------------------------------------------------------------------------
SELECT a_int
FROM test_array
WHERE a_null=a_empty;
+-------+
| a_int |
+-------+
+-------+
(0 rows)

!ok

#-------------------------------------------------------------------------
# TESTCASE: test_subquery_with_where TEST_ID: A0_B23_C2
#-------------------------------------------------------------------------
SELECT a_int,
       count(*) cnt
FROM test_array
WHERE a_null=a_empty
GROUP BY a_int;
+-------+-----+
| a_int | cnt |
+-------+-----+
+-------+-----+
(0 rows)

!ok

#-------------------------------------------------------------------------
# TESTCASE: test_subquery_with_where TEST_ID: A0_B23_C3
#-------------------------------------------------------------------------
SELECT a_int
FROM
  (SELECT *
   FROM test_array
   WHERE a_null=a_empty);
+-------+
| a_int |
+-------+
+-------+
(0 rows)

!ok

#-------------------------------------------------------------------------
# TESTCASE: test_subquery_with_where TEST_ID: A0_B23_C4
#-------------------------------------------------------------------------
SELECT a_int,
       count(*) cnt
FROM
  (SELECT *
   FROM test_array
   WHERE a_null=a_empty)
GROUP BY a_int;
+-------+-----+
| a_int | cnt |
+-------+-----+
+-------+-----+
(0 rows)

!ok

#-------------------------------------------------------------------------
# TESTCASE: test_subquery_with_where TEST_ID: A0_B23_C5
#-------------------------------------------------------------------------
SELECT a_int
FROM
  (SELECT *
   FROM test_array)
WHERE a_null=a_empty;
+-------+
| a_int |
+-------+
+-------+
(0 rows)

!ok

#-------------------------------------------------------------------------
# TESTCASE: test_subquery_with_where TEST_ID: A0_B23_C6
#-------------------------------------------------------------------------
SELECT a_int,
       count(*) cnt
FROM
  (SELECT *
   FROM test_array)
WHERE a_null=a_empty
GROUP BY a_int;
+-------+-----+
| a_int | cnt |
+-------+-----+
+-------+-----+
(0 rows)

!ok

#-------------------------------------------------------------------------
# TESTCASE: test_subquery_with_where TEST_ID: A0_B23_C7
#-------------------------------------------------------------------------
WITH t1 AS
  (SELECT *
   FROM test_array
   WHERE a_null=a_empty)
SELECT a_int
FROM t1;
+-------+
| a_int |
+-------+
+-------+
(0 rows)

!ok

#-------------------------------------------------------------------------
# TESTCASE: test_subquery_with_where TEST_ID: A0_B23_C8
#-------------------------------------------------------------------------
WITH t1 AS
  (SELECT *
   FROM test_array
   WHERE a_null=a_empty)
SELECT a_int,
       count(*) cnt
FROM t1
GROUP BY a_int;
+-------+-----+
| a_int | cnt |
+-------+-----+
+-------+-----+
(0 rows)

!ok

#-------------------------------------------------------------------------
# TESTCASE: test_subquery_with_where TEST_ID: A0_B23_C9
#-------------------------------------------------------------------------
WITH t1 AS
  (SELECT *
   FROM test_array)
SELECT a_int
FROM t1
WHERE a_null=a_empty;
+-------+
| a_int |
+-------+
+-------+
(0 rows)

!ok

#-------------------------------------------------------------------------
# TESTCASE: test_subquery_with_where TEST_ID: A0_B23_C10
#-------------------------------------------------------------------------
WITH t1 AS
  (SELECT *
   FROM test_array)
SELECT a_int,
       count(*) cnt
FROM t1
WHERE a_null=a_empty
GROUP BY a_int;
+-------+-----+
| a_int | cnt |
+-------+-----+
+-------+-----+
(0 rows)

!ok

#-------------------------------------------------------------------------
# TESTCASE: test_subquery_with_where TEST_ID: A0_B24_C1
#-------------------------------------------------------------------------
SELECT a_int
FROM test_array
WHERE a_null=a_mixed;
+-------+
| a_int |
+-------+
+-------+
(0 rows)

!ok

#-------------------------------------------------------------------------
# TESTCASE: test_subquery_with_where TEST_ID: A0_B24_C2
#-------------------------------------------------------------------------
SELECT a_int,
       count(*) cnt
FROM test_array
WHERE a_null=a_mixed
GROUP BY a_int;
+-------+-----+
| a_int | cnt |
+-------+-----+
+-------+-----+
(0 rows)

!ok

#-------------------------------------------------------------------------
# TESTCASE: test_subquery_with_where TEST_ID: A0_B24_C3
#-------------------------------------------------------------------------
SELECT a_int
FROM
  (SELECT *
   FROM test_array
   WHERE a_null=a_mixed);
+-------+
| a_int |
+-------+
+-------+
(0 rows)

!ok

#-------------------------------------------------------------------------
# TESTCASE: test_subquery_with_where TEST_ID: A0_B24_C4
#-------------------------------------------------------------------------
SELECT a_int,
       count(*) cnt
FROM
  (SELECT *
   FROM test_array
   WHERE a_null=a_mixed)
GROUP BY a_int;
+-------+-----+
| a_int | cnt |
+-------+-----+
+-------+-----+
(0 rows)

!ok

#-------------------------------------------------------------------------
# TESTCASE: test_subquery_with_where TEST_ID: A0_B24_C5
#-------------------------------------------------------------------------
SELECT a_int
FROM
  (SELECT *
   FROM test_array)
WHERE a_null=a_mixed;
+-------+
| a_int |
+-------+
+-------+
(0 rows)

!ok

#-------------------------------------------------------------------------
# TESTCASE: test_subquery_with_where TEST_ID: A0_B24_C6
#-------------------------------------------------------------------------
SELECT a_int,
       count(*) cnt
FROM
  (SELECT *
   FROM test_array)
WHERE a_null=a_mixed
GROUP BY a_int;
+-------+-----+
| a_int | cnt |
+-------+-----+
+-------+-----+
(0 rows)

!ok

#-------------------------------------------------------------------------
# TESTCASE: test_subquery_with_where TEST_ID: A0_B24_C7
#-------------------------------------------------------------------------
WITH t1 AS
  (SELECT *
   FROM test_array
   WHERE a_null=a_mixed)
SELECT a_int
FROM t1;
+-------+
| a_int |
+-------+
+-------+
(0 rows)

!ok

#-------------------------------------------------------------------------
# TESTCASE: test_subquery_with_where TEST_ID: A0_B24_C8
#-------------------------------------------------------------------------
WITH t1 AS
  (SELECT *
   FROM test_array
   WHERE a_null=a_mixed)
SELECT a_int,
       count(*) cnt
FROM t1
GROUP BY a_int;
+-------+-----+
| a_int | cnt |
+-------+-----+
+-------+-----+
(0 rows)

!ok

#-------------------------------------------------------------------------
# TESTCASE: test_subquery_with_where TEST_ID: A0_B24_C9
#-------------------------------------------------------------------------
WITH t1 AS
  (SELECT *
   FROM test_array)
SELECT a_int
FROM t1
WHERE a_null=a_mixed;
+-------+
| a_int |
+-------+
+-------+
(0 rows)

!ok

#-------------------------------------------------------------------------
# TESTCASE: test_subquery_with_where TEST_ID: A0_B24_C10
#-------------------------------------------------------------------------
WITH t1 AS
  (SELECT *
   FROM test_array)
SELECT a_int,
       count(*) cnt
FROM t1
WHERE a_null=a_mixed
GROUP BY a_int;
+-------+-----+
| a_int | cnt |
+-------+-----+
+-------+-----+
(0 rows)

!ok

#-------------------------------------------------------------------------
# TESTCASE: test_subquery_with_where TEST_ID: A0_B25_C1
#-------------------------------------------------------------------------
SELECT a_int
FROM test_array
WHERE a_null=a_nested;
Cannot apply '=' to arguments of type '<BIGINT ARRAY> = <COMPLEX<JSON>>'
!error

#-------------------------------------------------------------------------
# TESTCASE: test_subquery_with_where TEST_ID: A0_B25_C2
#-------------------------------------------------------------------------
SELECT a_int,
       count(*) cnt
FROM test_array
WHERE a_null=a_nested
GROUP BY a_int;
Cannot apply '=' to arguments of type '<BIGINT ARRAY> = <COMPLEX<JSON>>'
!error

#-------------------------------------------------------------------------
# TESTCASE: test_subquery_with_where TEST_ID: A0_B25_C3
#-------------------------------------------------------------------------
SELECT a_int
FROM
  (SELECT *
   FROM test_array
   WHERE a_null=a_nested);
Cannot apply '=' to arguments of type '<BIGINT ARRAY> = <COMPLEX<JSON>>'
!error

#-------------------------------------------------------------------------
# TESTCASE: test_subquery_with_where TEST_ID: A0_B25_C4
#-------------------------------------------------------------------------
SELECT a_int,
       count(*) cnt
FROM
  (SELECT *
   FROM test_array
   WHERE a_null=a_nested)
GROUP BY a_int;
Cannot apply '=' to arguments of type '<BIGINT ARRAY> = <COMPLEX<JSON>>'
!error

#-------------------------------------------------------------------------
# TESTCASE: test_subquery_with_where TEST_ID: A0_B25_C5
#-------------------------------------------------------------------------
SELECT a_int
FROM
  (SELECT *
   FROM test_array)
WHERE a_null=a_nested;
Cannot apply '=' to arguments of type '<BIGINT ARRAY> = <COMPLEX<JSON>>'
!error

#-------------------------------------------------------------------------
# TESTCASE: test_subquery_with_where TEST_ID: A0_B25_C6
#-------------------------------------------------------------------------
SELECT a_int,
       count(*) cnt
FROM
  (SELECT *
   FROM test_array)
WHERE a_null=a_nested
GROUP BY a_int;
Cannot apply '=' to arguments of type '<BIGINT ARRAY> = <COMPLEX<JSON>>'
!error

#-------------------------------------------------------------------------
# TESTCASE: test_subquery_with_where TEST_ID: A0_B25_C7
#-------------------------------------------------------------------------
WITH t1 AS
  (SELECT *
   FROM test_array
   WHERE a_null=a_nested)
SELECT a_int
FROM t1;
Cannot apply '=' to arguments of type '<BIGINT ARRAY> = <COMPLEX<JSON>>'
!error

#-------------------------------------------------------------------------
# TESTCASE: test_subquery_with_where TEST_ID: A0_B25_C8
#-------------------------------------------------------------------------
WITH t1 AS
  (SELECT *
   FROM test_array
   WHERE a_null=a_nested)
SELECT a_int,
       count(*) cnt
FROM t1
GROUP BY a_int;
Cannot apply '=' to arguments of type '<BIGINT ARRAY> = <COMPLEX<JSON>>'
!error

#-------------------------------------------------------------------------
# TESTCASE: test_subquery_with_where TEST_ID: A0_B25_C9
#-------------------------------------------------------------------------
WITH t1 AS
  (SELECT *
   FROM test_array)
SELECT a_int
FROM t1
WHERE a_null=a_nested;
Cannot apply '=' to arguments of type '<BIGINT ARRAY> = <COMPLEX<JSON>>'
!error

