!set useApproximateCountDistinct false
!use druidtest://?componentSupplier=AllDruidEnginesComponentSupplier&datasets=sql/src/test/quidem/qatests/qaArray/sql
!set outputformat mysql
#-------------------------------------------------------------------------
# TESTCASE: test_subquery_with_where TEST_ID: A7_B8_C10
#-------------------------------------------------------------------------
WITH t1 AS
  (SELECT *
   FROM test_array)
SELECT a_mixed,
       count(*) cnt
FROM t1
WHERE a_mixed<>ARRAY['true',
                     '1',
                     '0.1',
                     'S1',
                     NULL,
                     'extra element']
GROUP BY a_mixed;
+--------------------------+-----+
| a_mixed                  | cnt |
+--------------------------+-----+
| [null, S1, 0.1, 1, true] |   2 |
| [true, 1, 0.1, S1, null] |   2 |
+--------------------------+-----+
(2 rows)

!ok

#-------------------------------------------------------------------------
# TESTCASE: test_subquery_with_where TEST_ID: A7_B9_C1
#-------------------------------------------------------------------------
SELECT a_mixed
FROM test_array
WHERE a_mixed<>json_value(a_nested, '$[6]' RETURNING varchar array);
+---------+
| a_mixed |
+---------+
+---------+
(0 rows)

!ok

#-------------------------------------------------------------------------
# TESTCASE: test_subquery_with_where TEST_ID: A7_B9_C2
#-------------------------------------------------------------------------
SELECT a_mixed,
       count(*) cnt
FROM test_array
WHERE a_mixed<>json_value(a_nested, '$[6]' RETURNING varchar array)
GROUP BY a_mixed;
+---------+-----+
| a_mixed | cnt |
+---------+-----+
+---------+-----+
(0 rows)

!ok

#-------------------------------------------------------------------------
# TESTCASE: test_subquery_with_where TEST_ID: A7_B9_C3
#-------------------------------------------------------------------------
SELECT a_mixed
FROM
  (SELECT *
   FROM test_array
   WHERE a_mixed<>json_value(a_nested, '$[6]' RETURNING varchar array));
+---------+
| a_mixed |
+---------+
+---------+
(0 rows)

!ok

#-------------------------------------------------------------------------
# TESTCASE: test_subquery_with_where TEST_ID: A7_B9_C4
#-------------------------------------------------------------------------
SELECT a_mixed,
       count(*) cnt
FROM
  (SELECT *
   FROM test_array
   WHERE a_mixed<>json_value(a_nested, '$[6]' RETURNING varchar array))
GROUP BY a_mixed;
+---------+-----+
| a_mixed | cnt |
+---------+-----+
+---------+-----+
(0 rows)

!ok

#-------------------------------------------------------------------------
# TESTCASE: test_subquery_with_where TEST_ID: A7_B9_C5
#-------------------------------------------------------------------------
SELECT a_mixed
FROM
  (SELECT *
   FROM test_array)
WHERE a_mixed<>json_value(a_nested, '$[6]' RETURNING varchar array);
+---------+
| a_mixed |
+---------+
+---------+
(0 rows)

!ok

#-------------------------------------------------------------------------
# TESTCASE: test_subquery_with_where TEST_ID: A7_B9_C6
#-------------------------------------------------------------------------
SELECT a_mixed,
       count(*) cnt
FROM
  (SELECT *
   FROM test_array)
WHERE a_mixed<>json_value(a_nested, '$[6]' RETURNING varchar array)
GROUP BY a_mixed;
+---------+-----+
| a_mixed | cnt |
+---------+-----+
+---------+-----+
(0 rows)

!ok

#-------------------------------------------------------------------------
# TESTCASE: test_subquery_with_where TEST_ID: A7_B9_C7
#-------------------------------------------------------------------------
WITH t1 AS
  (SELECT *
   FROM test_array
   WHERE a_mixed<>json_value(a_nested, '$[6]' RETURNING varchar array))
SELECT a_mixed
FROM t1;
+---------+
| a_mixed |
+---------+
+---------+
(0 rows)

!ok

#-------------------------------------------------------------------------
# TESTCASE: test_subquery_with_where TEST_ID: A7_B9_C8
#-------------------------------------------------------------------------
WITH t1 AS
  (SELECT *
   FROM test_array
   WHERE a_mixed<>json_value(a_nested, '$[6]' RETURNING varchar array))
SELECT a_mixed,
       count(*) cnt
FROM t1
GROUP BY a_mixed;
+---------+-----+
| a_mixed | cnt |
+---------+-----+
+---------+-----+
(0 rows)

!ok

#-------------------------------------------------------------------------
# TESTCASE: test_subquery_with_where TEST_ID: A7_B9_C9
#-------------------------------------------------------------------------
WITH t1 AS
  (SELECT *
   FROM test_array)
SELECT a_mixed
FROM t1
WHERE a_mixed<>json_value(a_nested, '$[6]' RETURNING varchar array);
+---------+
| a_mixed |
+---------+
+---------+
(0 rows)

!ok

#-------------------------------------------------------------------------
# TESTCASE: test_subquery_with_where TEST_ID: A7_B9_C10
#-------------------------------------------------------------------------
WITH t1 AS
  (SELECT *
   FROM test_array)
SELECT a_mixed,
       count(*) cnt
FROM t1
WHERE a_mixed<>json_value(a_nested, '$[6]' RETURNING varchar array)
GROUP BY a_mixed;
+---------+-----+
| a_mixed | cnt |
+---------+-----+
+---------+-----+
(0 rows)

!ok

#-------------------------------------------------------------------------
# TESTCASE: test_subquery_with_where TEST_ID: A7_B10_C1
#-------------------------------------------------------------------------
SELECT a_mixed
FROM test_array
WHERE a_mixed<>json_value(a_nested, '$[7][6]' RETURNING varchar array);
+---------+
| a_mixed |
+---------+
+---------+
(0 rows)

!ok

#-------------------------------------------------------------------------
# TESTCASE: test_subquery_with_where TEST_ID: A7_B10_C2
#-------------------------------------------------------------------------
SELECT a_mixed,
       count(*) cnt
FROM test_array
WHERE a_mixed<>json_value(a_nested, '$[7][6]' RETURNING varchar array)
GROUP BY a_mixed;
+---------+-----+
| a_mixed | cnt |
+---------+-----+
+---------+-----+
(0 rows)

!ok

#-------------------------------------------------------------------------
# TESTCASE: test_subquery_with_where TEST_ID: A7_B10_C3
#-------------------------------------------------------------------------
SELECT a_mixed
FROM
  (SELECT *
   FROM test_array
   WHERE a_mixed<>json_value(a_nested, '$[7][6]' RETURNING varchar array));
+---------+
| a_mixed |
+---------+
+---------+
(0 rows)

!ok

#-------------------------------------------------------------------------
# TESTCASE: test_subquery_with_where TEST_ID: A7_B10_C4
#-------------------------------------------------------------------------
SELECT a_mixed,
       count(*) cnt
FROM
  (SELECT *
   FROM test_array
   WHERE a_mixed<>json_value(a_nested, '$[7][6]' RETURNING varchar array))
GROUP BY a_mixed;
+---------+-----+
| a_mixed | cnt |
+---------+-----+
+---------+-----+
(0 rows)

!ok

#-------------------------------------------------------------------------
# TESTCASE: test_subquery_with_where TEST_ID: A7_B10_C5
#-------------------------------------------------------------------------
SELECT a_mixed
FROM
  (SELECT *
   FROM test_array)
WHERE a_mixed<>json_value(a_nested, '$[7][6]' RETURNING varchar array);
+---------+
| a_mixed |
+---------+
+---------+
(0 rows)

!ok

#-------------------------------------------------------------------------
# TESTCASE: test_subquery_with_where TEST_ID: A7_B10_C6
#-------------------------------------------------------------------------
SELECT a_mixed,
       count(*) cnt
FROM
  (SELECT *
   FROM test_array)
WHERE a_mixed<>json_value(a_nested, '$[7][6]' RETURNING varchar array)
GROUP BY a_mixed;
+---------+-----+
| a_mixed | cnt |
+---------+-----+
+---------+-----+
(0 rows)

!ok

#-------------------------------------------------------------------------
# TESTCASE: test_subquery_with_where TEST_ID: A7_B10_C7
#-------------------------------------------------------------------------
WITH t1 AS
  (SELECT *
   FROM test_array
   WHERE a_mixed<>json_value(a_nested, '$[7][6]' RETURNING varchar array))
SELECT a_mixed
FROM t1;
+---------+
| a_mixed |
+---------+
+---------+
(0 rows)

!ok

#-------------------------------------------------------------------------
# TESTCASE: test_subquery_with_where TEST_ID: A7_B10_C8
#-------------------------------------------------------------------------
WITH t1 AS
  (SELECT *
   FROM test_array
   WHERE a_mixed<>json_value(a_nested, '$[7][6]' RETURNING varchar array))
SELECT a_mixed,
       count(*) cnt
FROM t1
GROUP BY a_mixed;
+---------+-----+
| a_mixed | cnt |
+---------+-----+
+---------+-----+
(0 rows)

!ok

#-------------------------------------------------------------------------
# TESTCASE: test_subquery_with_where TEST_ID: A7_B10_C9
#-------------------------------------------------------------------------
WITH t1 AS
  (SELECT *
   FROM test_array)
SELECT a_mixed
FROM t1
WHERE a_mixed<>json_value(a_nested, '$[7][6]' RETURNING varchar array);
+---------+
| a_mixed |
+---------+
+---------+
(0 rows)

!ok

#-------------------------------------------------------------------------
# TESTCASE: test_subquery_with_where TEST_ID: A7_B10_C10
#-------------------------------------------------------------------------
WITH t1 AS
  (SELECT *
   FROM test_array)
SELECT a_mixed,
       count(*) cnt
FROM t1
WHERE a_mixed<>json_value(a_nested, '$[7][6]' RETURNING varchar array)
GROUP BY a_mixed;
+---------+-----+
| a_mixed | cnt |
+---------+-----+
+---------+-----+
(0 rows)

!ok

#-------------------------------------------------------------------------
# TESTCASE: test_subquery_with_where TEST_ID: A7_B11_C1
#-------------------------------------------------------------------------
SELECT a_mixed
FROM test_array
WHERE a_mixed>ARRAY['true',
                    '1',
                    '0.1',
                    'S1'];
+--------------------------+
| a_mixed                  |
+--------------------------+
| [true, 1, 0.1, S1, null] |
| [true, 1, 0.1, S1, null] |
+--------------------------+
(2 rows)

!ok

#-------------------------------------------------------------------------
# TESTCASE: test_subquery_with_where TEST_ID: A7_B11_C2
#-------------------------------------------------------------------------
SELECT a_mixed,
       count(*) cnt
FROM test_array
WHERE a_mixed>ARRAY['true',
                    '1',
                    '0.1',
                    'S1']
GROUP BY a_mixed;
+--------------------------+-----+
| a_mixed                  | cnt |
+--------------------------+-----+
| [true, 1, 0.1, S1, null] |   2 |
+--------------------------+-----+
(1 row)

!ok

#-------------------------------------------------------------------------
# TESTCASE: test_subquery_with_where TEST_ID: A7_B11_C3
#-------------------------------------------------------------------------
SELECT a_mixed
FROM
  (SELECT *
   FROM test_array
   WHERE a_mixed>ARRAY['true',
                       '1',
                       '0.1',
                       'S1']);
+--------------------------+
| a_mixed                  |
+--------------------------+
| [true, 1, 0.1, S1, null] |
| [true, 1, 0.1, S1, null] |
+--------------------------+
(2 rows)

!ok

#-------------------------------------------------------------------------
# TESTCASE: test_subquery_with_where TEST_ID: A7_B11_C4
#-------------------------------------------------------------------------
SELECT a_mixed,
       count(*) cnt
FROM
  (SELECT *
   FROM test_array
   WHERE a_mixed>ARRAY['true',
                       '1',
                       '0.1',
                       'S1'])
GROUP BY a_mixed;
+--------------------------+-----+
| a_mixed                  | cnt |
+--------------------------+-----+
| [true, 1, 0.1, S1, null] |   2 |
+--------------------------+-----+
(1 row)

!ok

#-------------------------------------------------------------------------
# TESTCASE: test_subquery_with_where TEST_ID: A7_B11_C5
#-------------------------------------------------------------------------
SELECT a_mixed
FROM
  (SELECT *
   FROM test_array)
WHERE a_mixed>ARRAY['true',
                    '1',
                    '0.1',
                    'S1'];
+--------------------------+
| a_mixed                  |
+--------------------------+
| [true, 1, 0.1, S1, null] |
| [true, 1, 0.1, S1, null] |
+--------------------------+
(2 rows)

!ok

#-------------------------------------------------------------------------
# TESTCASE: test_subquery_with_where TEST_ID: A7_B11_C6
#-------------------------------------------------------------------------
SELECT a_mixed,
       count(*) cnt
FROM
  (SELECT *
   FROM test_array)
WHERE a_mixed>ARRAY['true',
                    '1',
                    '0.1',
                    'S1']
GROUP BY a_mixed;
+--------------------------+-----+
| a_mixed                  | cnt |
+--------------------------+-----+
| [true, 1, 0.1, S1, null] |   2 |
+--------------------------+-----+
(1 row)

!ok

#-------------------------------------------------------------------------
# TESTCASE: test_subquery_with_where TEST_ID: A7_B11_C7
#-------------------------------------------------------------------------
WITH t1 AS
  (SELECT *
   FROM test_array
   WHERE a_mixed>ARRAY['true',
                       '1',
                       '0.1',
                       'S1'])
SELECT a_mixed
FROM t1;
+--------------------------+
| a_mixed                  |
+--------------------------+
| [true, 1, 0.1, S1, null] |
| [true, 1, 0.1, S1, null] |
+--------------------------+
(2 rows)

!ok

#-------------------------------------------------------------------------
# TESTCASE: test_subquery_with_where TEST_ID: A7_B11_C8
#-------------------------------------------------------------------------
WITH t1 AS
  (SELECT *
   FROM test_array
   WHERE a_mixed>ARRAY['true',
                       '1',
                       '0.1',
                       'S1'])
SELECT a_mixed,
       count(*) cnt
FROM t1
GROUP BY a_mixed;
+--------------------------+-----+
| a_mixed                  | cnt |
+--------------------------+-----+
| [true, 1, 0.1, S1, null] |   2 |
+--------------------------+-----+
(1 row)

!ok

#-------------------------------------------------------------------------
# TESTCASE: test_subquery_with_where TEST_ID: A7_B11_C9
#-------------------------------------------------------------------------
WITH t1 AS
  (SELECT *
   FROM test_array)
SELECT a_mixed
FROM t1
WHERE a_mixed>ARRAY['true',
                    '1',
                    '0.1',
                    'S1'];
+--------------------------+
| a_mixed                  |
+--------------------------+
| [true, 1, 0.1, S1, null] |
| [true, 1, 0.1, S1, null] |
+--------------------------+
(2 rows)

!ok

#-------------------------------------------------------------------------
# TESTCASE: test_subquery_with_where TEST_ID: A7_B11_C10
#-------------------------------------------------------------------------
WITH t1 AS
  (SELECT *
   FROM test_array)
SELECT a_mixed,
       count(*) cnt
FROM t1
WHERE a_mixed>ARRAY['true',
                    '1',
                    '0.1',
                    'S1']
GROUP BY a_mixed;
+--------------------------+-----+
| a_mixed                  | cnt |
+--------------------------+-----+
| [true, 1, 0.1, S1, null] |   2 |
+--------------------------+-----+
(1 row)

!ok

#-------------------------------------------------------------------------
# TESTCASE: test_subquery_with_where TEST_ID: A7_B12_C1
#-------------------------------------------------------------------------
SELECT a_mixed
FROM test_array
WHERE a_mixed>ARRAY['true',
                    '1',
                    '0.1',
                    'S1',
                    NULL];
+---------+
| a_mixed |
+---------+
+---------+
(0 rows)

!ok

#-------------------------------------------------------------------------
# TESTCASE: test_subquery_with_where TEST_ID: A7_B12_C2
#-------------------------------------------------------------------------
SELECT a_mixed,
       count(*) cnt
FROM test_array
WHERE a_mixed>ARRAY['true',
                    '1',
                    '0.1',
                    'S1',
                    NULL]
GROUP BY a_mixed;
+---------+-----+
| a_mixed | cnt |
+---------+-----+
+---------+-----+
(0 rows)

!ok

#-------------------------------------------------------------------------
# TESTCASE: test_subquery_with_where TEST_ID: A7_B12_C3
#-------------------------------------------------------------------------
SELECT a_mixed
FROM
  (SELECT *
   FROM test_array
   WHERE a_mixed>ARRAY['true',
                       '1',
                       '0.1',
                       'S1',
                       NULL]);
+---------+
| a_mixed |
+---------+
+---------+
(0 rows)

!ok

#-------------------------------------------------------------------------
# TESTCASE: test_subquery_with_where TEST_ID: A7_B12_C4
#-------------------------------------------------------------------------
SELECT a_mixed,
       count(*) cnt
FROM
  (SELECT *
   FROM test_array
   WHERE a_mixed>ARRAY['true',
                       '1',
                       '0.1',
                       'S1',
                       NULL])
GROUP BY a_mixed;
+---------+-----+
| a_mixed | cnt |
+---------+-----+
+---------+-----+
(0 rows)

!ok

#-------------------------------------------------------------------------
# TESTCASE: test_subquery_with_where TEST_ID: A7_B12_C5
#-------------------------------------------------------------------------
SELECT a_mixed
FROM
  (SELECT *
   FROM test_array)
WHERE a_mixed>ARRAY['true',
                    '1',
                    '0.1',
                    'S1',
                    NULL];
+---------+
| a_mixed |
+---------+
+---------+
(0 rows)

!ok

#-------------------------------------------------------------------------
# TESTCASE: test_subquery_with_where TEST_ID: A7_B12_C6
#-------------------------------------------------------------------------
SELECT a_mixed,
       count(*) cnt
FROM
  (SELECT *
   FROM test_array)
WHERE a_mixed>ARRAY['true',
                    '1',
                    '0.1',
                    'S1',
                    NULL]
GROUP BY a_mixed;
+---------+-----+
| a_mixed | cnt |
+---------+-----+
+---------+-----+
(0 rows)

!ok

#-------------------------------------------------------------------------
# TESTCASE: test_subquery_with_where TEST_ID: A7_B12_C7
#-------------------------------------------------------------------------
WITH t1 AS
  (SELECT *
   FROM test_array
   WHERE a_mixed>ARRAY['true',
                       '1',
                       '0.1',
                       'S1',
                       NULL])
SELECT a_mixed
FROM t1;
+---------+
| a_mixed |
+---------+
+---------+
(0 rows)

!ok

#-------------------------------------------------------------------------
# TESTCASE: test_subquery_with_where TEST_ID: A7_B12_C8
#-------------------------------------------------------------------------
WITH t1 AS
  (SELECT *
   FROM test_array
   WHERE a_mixed>ARRAY['true',
                       '1',
                       '0.1',
                       'S1',
                       NULL])
SELECT a_mixed,
       count(*) cnt
FROM t1
GROUP BY a_mixed;
+---------+-----+
| a_mixed | cnt |
+---------+-----+
+---------+-----+
(0 rows)

!ok

#-------------------------------------------------------------------------
# TESTCASE: test_subquery_with_where TEST_ID: A7_B12_C9
#-------------------------------------------------------------------------
WITH t1 AS
  (SELECT *
   FROM test_array)
SELECT a_mixed
FROM t1
WHERE a_mixed>ARRAY['true',
                    '1',
                    '0.1',
                    'S1',
                    NULL];
+---------+
| a_mixed |
+---------+
+---------+
(0 rows)

!ok

#-------------------------------------------------------------------------
# TESTCASE: test_subquery_with_where TEST_ID: A7_B12_C10
#-------------------------------------------------------------------------
WITH t1 AS
  (SELECT *
   FROM test_array)
SELECT a_mixed,
       count(*) cnt
FROM t1
WHERE a_mixed>ARRAY['true',
                    '1',
                    '0.1',
                    'S1',
                    NULL]
GROUP BY a_mixed;
+---------+-----+
| a_mixed | cnt |
+---------+-----+
+---------+-----+
(0 rows)

!ok

#-------------------------------------------------------------------------
# TESTCASE: test_subquery_with_where TEST_ID: A7_B13_C1
#-------------------------------------------------------------------------
SELECT a_mixed
FROM test_array
WHERE a_mixed>ARRAY['true',
                    '1',
                    '0.1',
                    'S1',
                    NULL,
                    'extra element'];
+---------+
| a_mixed |
+---------+
+---------+
(0 rows)

!ok

#-------------------------------------------------------------------------
# TESTCASE: test_subquery_with_where TEST_ID: A7_B13_C2
#-------------------------------------------------------------------------
SELECT a_mixed,
       count(*) cnt
FROM test_array
WHERE a_mixed>ARRAY['true',
                    '1',
                    '0.1',
                    'S1',
                    NULL,
                    'extra element']
GROUP BY a_mixed;
+---------+-----+
| a_mixed | cnt |
+---------+-----+
+---------+-----+
(0 rows)

!ok

#-------------------------------------------------------------------------
# TESTCASE: test_subquery_with_where TEST_ID: A7_B13_C3
#-------------------------------------------------------------------------
SELECT a_mixed
FROM
  (SELECT *
   FROM test_array
   WHERE a_mixed>ARRAY['true',
                       '1',
                       '0.1',
                       'S1',
                       NULL,
                       'extra element']);
+---------+
| a_mixed |
+---------+
+---------+
(0 rows)

!ok

#-------------------------------------------------------------------------
# TESTCASE: test_subquery_with_where TEST_ID: A7_B13_C4
#-------------------------------------------------------------------------
SELECT a_mixed,
       count(*) cnt
FROM
  (SELECT *
   FROM test_array
   WHERE a_mixed>ARRAY['true',
                       '1',
                       '0.1',
                       'S1',
                       NULL,
                       'extra element'])
GROUP BY a_mixed;
+---------+-----+
| a_mixed | cnt |
+---------+-----+
+---------+-----+
(0 rows)

!ok

#-------------------------------------------------------------------------
# TESTCASE: test_subquery_with_where TEST_ID: A7_B13_C5
#-------------------------------------------------------------------------
SELECT a_mixed
FROM
  (SELECT *
   FROM test_array)
WHERE a_mixed>ARRAY['true',
                    '1',
                    '0.1',
                    'S1',
                    NULL,
                    'extra element'];
+---------+
| a_mixed |
+---------+
+---------+
(0 rows)

!ok

#-------------------------------------------------------------------------
# TESTCASE: test_subquery_with_where TEST_ID: A7_B13_C6
#-------------------------------------------------------------------------
SELECT a_mixed,
       count(*) cnt
FROM
  (SELECT *
   FROM test_array)
WHERE a_mixed>ARRAY['true',
                    '1',
                    '0.1',
                    'S1',
                    NULL,
                    'extra element']
GROUP BY a_mixed;
+---------+-----+
| a_mixed | cnt |
+---------+-----+
+---------+-----+
(0 rows)

!ok

#-------------------------------------------------------------------------
# TESTCASE: test_subquery_with_where TEST_ID: A7_B13_C7
#-------------------------------------------------------------------------
WITH t1 AS
  (SELECT *
   FROM test_array
   WHERE a_mixed>ARRAY['true',
                       '1',
                       '0.1',
                       'S1',
                       NULL,
                       'extra element'])
SELECT a_mixed
FROM t1;
+---------+
| a_mixed |
+---------+
+---------+
(0 rows)

!ok

#-------------------------------------------------------------------------
# TESTCASE: test_subquery_with_where TEST_ID: A7_B13_C8
#-------------------------------------------------------------------------
WITH t1 AS
  (SELECT *
   FROM test_array
   WHERE a_mixed>ARRAY['true',
                       '1',
                       '0.1',
                       'S1',
                       NULL,
                       'extra element'])
SELECT a_mixed,
       count(*) cnt
FROM t1
GROUP BY a_mixed;
+---------+-----+
| a_mixed | cnt |
+---------+-----+
+---------+-----+
(0 rows)

!ok

#-------------------------------------------------------------------------
# TESTCASE: test_subquery_with_where TEST_ID: A7_B13_C9
#-------------------------------------------------------------------------
WITH t1 AS
  (SELECT *
   FROM test_array)
SELECT a_mixed
FROM t1
WHERE a_mixed>ARRAY['true',
                    '1',
                    '0.1',
                    'S1',
                    NULL,
                    'extra element'];
+---------+
| a_mixed |
+---------+
+---------+
(0 rows)

!ok

