!set dartQueryId 00000000-0000-0000-0000-000000000000
!set useApproximateCountDistinct false
!use druidtest://?componentSupplier=StandardAndMSQComponentSupplier&datasets=sql/src/test/quidem/qatests/qaArray/sql
!set outputformat mysql
#-------------------------------------------------------------------------
# TESTCASE: test_subquery_with_where TEST_ID: A2_B16_C10
#-------------------------------------------------------------------------
WITH t1 AS
  (SELECT *
   FROM test_array)
SELECT a_int,
       count(*) cnt
FROM t1
WHERE a_int>=ARRAY[1,
                   2]
GROUP BY a_int;
+--------------+-----+
| a_int        | cnt |
+--------------+-----+
| [1, 2, null] |   2 |
+--------------+-----+
(1 row)

!ok

#-------------------------------------------------------------------------
# TESTCASE: test_subquery_with_where TEST_ID: A2_B17_C1
#-------------------------------------------------------------------------
SELECT a_int
FROM test_array
WHERE a_int>=ARRAY[1,
                   2,
                   NULL];
+--------------+
| a_int        |
+--------------+
| [1, 2, null] |
| [1, 2, null] |
+--------------+
(2 rows)

!ok

#-------------------------------------------------------------------------
# TESTCASE: test_subquery_with_where TEST_ID: A2_B17_C2
#-------------------------------------------------------------------------
SELECT a_int,
       count(*) cnt
FROM test_array
WHERE a_int>=ARRAY[1,
                   2,
                   NULL]
GROUP BY a_int;
+--------------+-----+
| a_int        | cnt |
+--------------+-----+
| [1, 2, null] |   2 |
+--------------+-----+
(1 row)

!ok

#-------------------------------------------------------------------------
# TESTCASE: test_subquery_with_where TEST_ID: A2_B17_C3
#-------------------------------------------------------------------------
SELECT a_int
FROM
  (SELECT *
   FROM test_array
   WHERE a_int>=ARRAY[1,
                      2,
                      NULL]);
+--------------+
| a_int        |
+--------------+
| [1, 2, null] |
| [1, 2, null] |
+--------------+
(2 rows)

!ok

#-------------------------------------------------------------------------
# TESTCASE: test_subquery_with_where TEST_ID: A2_B17_C4
#-------------------------------------------------------------------------
SELECT a_int,
       count(*) cnt
FROM
  (SELECT *
   FROM test_array
   WHERE a_int>=ARRAY[1,
                      2,
                      NULL])
GROUP BY a_int;
+--------------+-----+
| a_int        | cnt |
+--------------+-----+
| [1, 2, null] |   2 |
+--------------+-----+
(1 row)

!ok

#-------------------------------------------------------------------------
# TESTCASE: test_subquery_with_where TEST_ID: A2_B17_C5
#-------------------------------------------------------------------------
SELECT a_int
FROM
  (SELECT *
   FROM test_array)
WHERE a_int>=ARRAY[1,
                   2,
                   NULL];
+--------------+
| a_int        |
+--------------+
| [1, 2, null] |
| [1, 2, null] |
+--------------+
(2 rows)

!ok

#-------------------------------------------------------------------------
# TESTCASE: test_subquery_with_where TEST_ID: A2_B17_C6
#-------------------------------------------------------------------------
SELECT a_int,
       count(*) cnt
FROM
  (SELECT *
   FROM test_array)
WHERE a_int>=ARRAY[1,
                   2,
                   NULL]
GROUP BY a_int;
+--------------+-----+
| a_int        | cnt |
+--------------+-----+
| [1, 2, null] |   2 |
+--------------+-----+
(1 row)

!ok

#-------------------------------------------------------------------------
# TESTCASE: test_subquery_with_where TEST_ID: A2_B17_C7
#-------------------------------------------------------------------------
WITH t1 AS
  (SELECT *
   FROM test_array
   WHERE a_int>=ARRAY[1,
                      2,
                      NULL])
SELECT a_int
FROM t1;
+--------------+
| a_int        |
+--------------+
| [1, 2, null] |
| [1, 2, null] |
+--------------+
(2 rows)

!ok

#-------------------------------------------------------------------------
# TESTCASE: test_subquery_with_where TEST_ID: A2_B17_C8
#-------------------------------------------------------------------------
WITH t1 AS
  (SELECT *
   FROM test_array
   WHERE a_int>=ARRAY[1,
                      2,
                      NULL])
SELECT a_int,
       count(*) cnt
FROM t1
GROUP BY a_int;
+--------------+-----+
| a_int        | cnt |
+--------------+-----+
| [1, 2, null] |   2 |
+--------------+-----+
(1 row)

!ok

#-------------------------------------------------------------------------
# TESTCASE: test_subquery_with_where TEST_ID: A2_B17_C9
#-------------------------------------------------------------------------
WITH t1 AS
  (SELECT *
   FROM test_array)
SELECT a_int
FROM t1
WHERE a_int>=ARRAY[1,
                   2,
                   NULL];
+--------------+
| a_int        |
+--------------+
| [1, 2, null] |
| [1, 2, null] |
+--------------+
(2 rows)

!ok

#-------------------------------------------------------------------------
# TESTCASE: test_subquery_with_where TEST_ID: A2_B17_C10
#-------------------------------------------------------------------------
WITH t1 AS
  (SELECT *
   FROM test_array)
SELECT a_int,
       count(*) cnt
FROM t1
WHERE a_int>=ARRAY[1,
                   2,
                   NULL]
GROUP BY a_int;
+--------------+-----+
| a_int        | cnt |
+--------------+-----+
| [1, 2, null] |   2 |
+--------------+-----+
(1 row)

!ok

#-------------------------------------------------------------------------
# TESTCASE: test_subquery_with_where TEST_ID: A2_B18_C1
#-------------------------------------------------------------------------
SELECT a_int
FROM test_array
WHERE a_int>=ARRAY[1,
                   2,
                   3];
+-------+
| a_int |
+-------+
+-------+
(0 rows)

!ok

#-------------------------------------------------------------------------
# TESTCASE: test_subquery_with_where TEST_ID: A2_B18_C2
#-------------------------------------------------------------------------
SELECT a_int,
       count(*) cnt
FROM test_array
WHERE a_int>=ARRAY[1,
                   2,
                   3]
GROUP BY a_int;
+-------+-----+
| a_int | cnt |
+-------+-----+
+-------+-----+
(0 rows)

!ok

#-------------------------------------------------------------------------
# TESTCASE: test_subquery_with_where TEST_ID: A2_B18_C3
#-------------------------------------------------------------------------
SELECT a_int
FROM
  (SELECT *
   FROM test_array
   WHERE a_int>=ARRAY[1,
                      2,
                      3]);
+-------+
| a_int |
+-------+
+-------+
(0 rows)

!ok

#-------------------------------------------------------------------------
# TESTCASE: test_subquery_with_where TEST_ID: A2_B18_C4
#-------------------------------------------------------------------------
SELECT a_int,
       count(*) cnt
FROM
  (SELECT *
   FROM test_array
   WHERE a_int>=ARRAY[1,
                      2,
                      3])
GROUP BY a_int;
+-------+-----+
| a_int | cnt |
+-------+-----+
+-------+-----+
(0 rows)

!ok

#-------------------------------------------------------------------------
# TESTCASE: test_subquery_with_where TEST_ID: A2_B18_C5
#-------------------------------------------------------------------------
SELECT a_int
FROM
  (SELECT *
   FROM test_array)
WHERE a_int>=ARRAY[1,
                   2,
                   3];
+-------+
| a_int |
+-------+
+-------+
(0 rows)

!ok

#-------------------------------------------------------------------------
# TESTCASE: test_subquery_with_where TEST_ID: A2_B18_C6
#-------------------------------------------------------------------------
SELECT a_int,
       count(*) cnt
FROM
  (SELECT *
   FROM test_array)
WHERE a_int>=ARRAY[1,
                   2,
                   3]
GROUP BY a_int;
+-------+-----+
| a_int | cnt |
+-------+-----+
+-------+-----+
(0 rows)

!ok

#-------------------------------------------------------------------------
# TESTCASE: test_subquery_with_where TEST_ID: A2_B18_C7
#-------------------------------------------------------------------------
WITH t1 AS
  (SELECT *
   FROM test_array
   WHERE a_int>=ARRAY[1,
                      2,
                      3])
SELECT a_int
FROM t1;
+-------+
| a_int |
+-------+
+-------+
(0 rows)

!ok

#-------------------------------------------------------------------------
# TESTCASE: test_subquery_with_where TEST_ID: A2_B18_C8
#-------------------------------------------------------------------------
WITH t1 AS
  (SELECT *
   FROM test_array
   WHERE a_int>=ARRAY[1,
                      2,
                      3])
SELECT a_int,
       count(*) cnt
FROM t1
GROUP BY a_int;
+-------+-----+
| a_int | cnt |
+-------+-----+
+-------+-----+
(0 rows)

!ok

#-------------------------------------------------------------------------
# TESTCASE: test_subquery_with_where TEST_ID: A2_B18_C9
#-------------------------------------------------------------------------
WITH t1 AS
  (SELECT *
   FROM test_array)
SELECT a_int
FROM t1
WHERE a_int>=ARRAY[1,
                   2,
                   3];
+-------+
| a_int |
+-------+
+-------+
(0 rows)

!ok

#-------------------------------------------------------------------------
# TESTCASE: test_subquery_with_where TEST_ID: A2_B18_C10
#-------------------------------------------------------------------------
WITH t1 AS
  (SELECT *
   FROM test_array)
SELECT a_int,
       count(*) cnt
FROM t1
WHERE a_int>=ARRAY[1,
                   2,
                   3]
GROUP BY a_int;
+-------+-----+
| a_int | cnt |
+-------+-----+
+-------+-----+
(0 rows)

!ok

#-------------------------------------------------------------------------
# TESTCASE: test_subquery_with_where TEST_ID: A2_B19_C1
#-------------------------------------------------------------------------
SELECT a_int
FROM test_array
WHERE a_int>=json_value(a_nested, '$[1]' RETURNING bigint array);
+--------------+
| a_int        |
+--------------+
| [1, 2, null] |
| [1, 2, null] |
| [null, 2, 1] |
| [null, 2, 1] |
+--------------+
(4 rows)

!ok

#-------------------------------------------------------------------------
# TESTCASE: test_subquery_with_where TEST_ID: A2_B19_C2
#-------------------------------------------------------------------------
SELECT a_int,
       count(*) cnt
FROM test_array
WHERE a_int>=json_value(a_nested, '$[1]' RETURNING bigint array)
GROUP BY a_int;
+--------------+-----+
| a_int        | cnt |
+--------------+-----+
| [1, 2, null] |   2 |
| [null, 2, 1] |   2 |
+--------------+-----+
(2 rows)

!ok

#-------------------------------------------------------------------------
# TESTCASE: test_subquery_with_where TEST_ID: A2_B19_C3
#-------------------------------------------------------------------------
SELECT a_int
FROM
  (SELECT *
   FROM test_array
   WHERE a_int>=json_value(a_nested, '$[1]' RETURNING bigint array));
+--------------+
| a_int        |
+--------------+
| [1, 2, null] |
| [1, 2, null] |
| [null, 2, 1] |
| [null, 2, 1] |
+--------------+
(4 rows)

!ok

#-------------------------------------------------------------------------
# TESTCASE: test_subquery_with_where TEST_ID: A2_B19_C4
#-------------------------------------------------------------------------
SELECT a_int,
       count(*) cnt
FROM
  (SELECT *
   FROM test_array
   WHERE a_int>=json_value(a_nested, '$[1]' RETURNING bigint array))
GROUP BY a_int;
+--------------+-----+
| a_int        | cnt |
+--------------+-----+
| [1, 2, null] |   2 |
| [null, 2, 1] |   2 |
+--------------+-----+
(2 rows)

!ok

#-------------------------------------------------------------------------
# TESTCASE: test_subquery_with_where TEST_ID: A2_B19_C5
#-------------------------------------------------------------------------
SELECT a_int
FROM
  (SELECT *
   FROM test_array)
WHERE a_int>=json_value(a_nested, '$[1]' RETURNING bigint array);
+--------------+
| a_int        |
+--------------+
| [1, 2, null] |
| [1, 2, null] |
| [null, 2, 1] |
| [null, 2, 1] |
+--------------+
(4 rows)

!ok

#-------------------------------------------------------------------------
# TESTCASE: test_subquery_with_where TEST_ID: A2_B19_C6
#-------------------------------------------------------------------------
SELECT a_int,
       count(*) cnt
FROM
  (SELECT *
   FROM test_array)
WHERE a_int>=json_value(a_nested, '$[1]' RETURNING bigint array)
GROUP BY a_int;
+--------------+-----+
| a_int        | cnt |
+--------------+-----+
| [1, 2, null] |   2 |
| [null, 2, 1] |   2 |
+--------------+-----+
(2 rows)

!ok

#-------------------------------------------------------------------------
# TESTCASE: test_subquery_with_where TEST_ID: A2_B19_C7
#-------------------------------------------------------------------------
WITH t1 AS
  (SELECT *
   FROM test_array
   WHERE a_int>=json_value(a_nested, '$[1]' RETURNING bigint array))
SELECT a_int
FROM t1;
+--------------+
| a_int        |
+--------------+
| [1, 2, null] |
| [1, 2, null] |
| [null, 2, 1] |
| [null, 2, 1] |
+--------------+
(4 rows)

!ok

#-------------------------------------------------------------------------
# TESTCASE: test_subquery_with_where TEST_ID: A2_B19_C8
#-------------------------------------------------------------------------
WITH t1 AS
  (SELECT *
   FROM test_array
   WHERE a_int>=json_value(a_nested, '$[1]' RETURNING bigint array))
SELECT a_int,
       count(*) cnt
FROM t1
GROUP BY a_int;
+--------------+-----+
| a_int        | cnt |
+--------------+-----+
| [1, 2, null] |   2 |
| [null, 2, 1] |   2 |
+--------------+-----+
(2 rows)

!ok

#-------------------------------------------------------------------------
# TESTCASE: test_subquery_with_where TEST_ID: A2_B19_C9
#-------------------------------------------------------------------------
WITH t1 AS
  (SELECT *
   FROM test_array)
SELECT a_int
FROM t1
WHERE a_int>=json_value(a_nested, '$[1]' RETURNING bigint array);
+--------------+
| a_int        |
+--------------+
| [1, 2, null] |
| [1, 2, null] |
| [null, 2, 1] |
| [null, 2, 1] |
+--------------+
(4 rows)

!ok

#-------------------------------------------------------------------------
# TESTCASE: test_subquery_with_where TEST_ID: A2_B19_C10
#-------------------------------------------------------------------------
WITH t1 AS
  (SELECT *
   FROM test_array)
SELECT a_int,
       count(*) cnt
FROM t1
WHERE a_int>=json_value(a_nested, '$[1]' RETURNING bigint array)
GROUP BY a_int;
+--------------+-----+
| a_int        | cnt |
+--------------+-----+
| [1, 2, null] |   2 |
| [null, 2, 1] |   2 |
+--------------+-----+
(2 rows)

!ok

#-------------------------------------------------------------------------
# TESTCASE: test_subquery_with_where TEST_ID: A2_B20_C1
#-------------------------------------------------------------------------
SELECT a_int
FROM test_array
WHERE a_int>=json_value(a_nested, '$[7][1]' RETURNING bigint array);
+--------------+
| a_int        |
+--------------+
| [1, 2, null] |
| [1, 2, null] |
| [null, 2, 1] |
| [null, 2, 1] |
+--------------+
(4 rows)

!ok

#-------------------------------------------------------------------------
# TESTCASE: test_subquery_with_where TEST_ID: A2_B20_C2
#-------------------------------------------------------------------------
SELECT a_int,
       count(*) cnt
FROM test_array
WHERE a_int>=json_value(a_nested, '$[7][1]' RETURNING bigint array)
GROUP BY a_int;
+--------------+-----+
| a_int        | cnt |
+--------------+-----+
| [1, 2, null] |   2 |
| [null, 2, 1] |   2 |
+--------------+-----+
(2 rows)

!ok

#-------------------------------------------------------------------------
# TESTCASE: test_subquery_with_where TEST_ID: A2_B20_C3
#-------------------------------------------------------------------------
SELECT a_int
FROM
  (SELECT *
   FROM test_array
   WHERE a_int>=json_value(a_nested, '$[7][1]' RETURNING bigint array));
+--------------+
| a_int        |
+--------------+
| [1, 2, null] |
| [1, 2, null] |
| [null, 2, 1] |
| [null, 2, 1] |
+--------------+
(4 rows)

!ok

#-------------------------------------------------------------------------
# TESTCASE: test_subquery_with_where TEST_ID: A2_B20_C4
#-------------------------------------------------------------------------
SELECT a_int,
       count(*) cnt
FROM
  (SELECT *
   FROM test_array
   WHERE a_int>=json_value(a_nested, '$[7][1]' RETURNING bigint array))
GROUP BY a_int;
+--------------+-----+
| a_int        | cnt |
+--------------+-----+
| [1, 2, null] |   2 |
| [null, 2, 1] |   2 |
+--------------+-----+
(2 rows)

!ok

#-------------------------------------------------------------------------
# TESTCASE: test_subquery_with_where TEST_ID: A2_B20_C5
#-------------------------------------------------------------------------
SELECT a_int
FROM
  (SELECT *
   FROM test_array)
WHERE a_int>=json_value(a_nested, '$[7][1]' RETURNING bigint array);
+--------------+
| a_int        |
+--------------+
| [1, 2, null] |
| [1, 2, null] |
| [null, 2, 1] |
| [null, 2, 1] |
+--------------+
(4 rows)

!ok

#-------------------------------------------------------------------------
# TESTCASE: test_subquery_with_where TEST_ID: A2_B20_C6
#-------------------------------------------------------------------------
SELECT a_int,
       count(*) cnt
FROM
  (SELECT *
   FROM test_array)
WHERE a_int>=json_value(a_nested, '$[7][1]' RETURNING bigint array)
GROUP BY a_int;
+--------------+-----+
| a_int        | cnt |
+--------------+-----+
| [1, 2, null] |   2 |
| [null, 2, 1] |   2 |
+--------------+-----+
(2 rows)

!ok

#-------------------------------------------------------------------------
# TESTCASE: test_subquery_with_where TEST_ID: A2_B20_C7
#-------------------------------------------------------------------------
WITH t1 AS
  (SELECT *
   FROM test_array
   WHERE a_int>=json_value(a_nested, '$[7][1]' RETURNING bigint array))
SELECT a_int
FROM t1;
+--------------+
| a_int        |
+--------------+
| [1, 2, null] |
| [1, 2, null] |
| [null, 2, 1] |
| [null, 2, 1] |
+--------------+
(4 rows)

!ok

#-------------------------------------------------------------------------
# TESTCASE: test_subquery_with_where TEST_ID: A2_B20_C8
#-------------------------------------------------------------------------
WITH t1 AS
  (SELECT *
   FROM test_array
   WHERE a_int>=json_value(a_nested, '$[7][1]' RETURNING bigint array))
SELECT a_int,
       count(*) cnt
FROM t1
GROUP BY a_int;
+--------------+-----+
| a_int        | cnt |
+--------------+-----+
| [1, 2, null] |   2 |
| [null, 2, 1] |   2 |
+--------------+-----+
(2 rows)

!ok

#-------------------------------------------------------------------------
# TESTCASE: test_subquery_with_where TEST_ID: A2_B20_C9
#-------------------------------------------------------------------------
WITH t1 AS
  (SELECT *
   FROM test_array)
SELECT a_int
FROM t1
WHERE a_int>=json_value(a_nested, '$[7][1]' RETURNING bigint array);
+--------------+
| a_int        |
+--------------+
| [1, 2, null] |
| [1, 2, null] |
| [null, 2, 1] |
| [null, 2, 1] |
+--------------+
(4 rows)

!ok

#-------------------------------------------------------------------------
# TESTCASE: test_subquery_with_where TEST_ID: A2_B20_C10
#-------------------------------------------------------------------------
WITH t1 AS
  (SELECT *
   FROM test_array)
SELECT a_int,
       count(*) cnt
FROM t1
WHERE a_int>=json_value(a_nested, '$[7][1]' RETURNING bigint array)
GROUP BY a_int;
+--------------+-----+
| a_int        | cnt |
+--------------+-----+
| [1, 2, null] |   2 |
| [null, 2, 1] |   2 |
+--------------+-----+
(2 rows)

!ok

#-------------------------------------------------------------------------
# TESTCASE: test_subquery_with_where TEST_ID: A2_B21_C1
#-------------------------------------------------------------------------
SELECT a_int
FROM test_array
WHERE a_int<ARRAY[1,
                  2];
+--------------+
| a_int        |
+--------------+
| [null, 2, 1] |
| [null, 2, 1] |
+--------------+
(2 rows)

!ok

#-------------------------------------------------------------------------
# TESTCASE: test_subquery_with_where TEST_ID: A2_B21_C2
#-------------------------------------------------------------------------
SELECT a_int,
       count(*) cnt
FROM test_array
WHERE a_int<ARRAY[1,
                  2]
GROUP BY a_int;
+--------------+-----+
| a_int        | cnt |
+--------------+-----+
| [null, 2, 1] |   2 |
+--------------+-----+
(1 row)

!ok

#-------------------------------------------------------------------------
# TESTCASE: test_subquery_with_where TEST_ID: A2_B21_C3
#-------------------------------------------------------------------------
SELECT a_int
FROM
  (SELECT *
   FROM test_array
   WHERE a_int<ARRAY[1,
                     2]);
+--------------+
| a_int        |
+--------------+
| [null, 2, 1] |
| [null, 2, 1] |
+--------------+
(2 rows)

!ok

#-------------------------------------------------------------------------
# TESTCASE: test_subquery_with_where TEST_ID: A2_B21_C4
#-------------------------------------------------------------------------
SELECT a_int,
       count(*) cnt
FROM
  (SELECT *
   FROM test_array
   WHERE a_int<ARRAY[1,
                     2])
GROUP BY a_int;
+--------------+-----+
| a_int        | cnt |
+--------------+-----+
| [null, 2, 1] |   2 |
+--------------+-----+
(1 row)

!ok

#-------------------------------------------------------------------------
# TESTCASE: test_subquery_with_where TEST_ID: A2_B21_C5
#-------------------------------------------------------------------------
SELECT a_int
FROM
  (SELECT *
   FROM test_array)
WHERE a_int<ARRAY[1,
                  2];
+--------------+
| a_int        |
+--------------+
| [null, 2, 1] |
| [null, 2, 1] |
+--------------+
(2 rows)

!ok

#-------------------------------------------------------------------------
# TESTCASE: test_subquery_with_where TEST_ID: A2_B21_C6
#-------------------------------------------------------------------------
SELECT a_int,
       count(*) cnt
FROM
  (SELECT *
   FROM test_array)
WHERE a_int<ARRAY[1,
                  2]
GROUP BY a_int;
+--------------+-----+
| a_int        | cnt |
+--------------+-----+
| [null, 2, 1] |   2 |
+--------------+-----+
(1 row)

!ok

#-------------------------------------------------------------------------
# TESTCASE: test_subquery_with_where TEST_ID: A2_B21_C7
#-------------------------------------------------------------------------
WITH t1 AS
  (SELECT *
   FROM test_array
   WHERE a_int<ARRAY[1,
                     2])
SELECT a_int
FROM t1;
+--------------+
| a_int        |
+--------------+
| [null, 2, 1] |
| [null, 2, 1] |
+--------------+
(2 rows)

!ok

#-------------------------------------------------------------------------
# TESTCASE: test_subquery_with_where TEST_ID: A2_B21_C8
#-------------------------------------------------------------------------
WITH t1 AS
  (SELECT *
   FROM test_array
   WHERE a_int<ARRAY[1,
                     2])
SELECT a_int,
       count(*) cnt
FROM t1
GROUP BY a_int;
+--------------+-----+
| a_int        | cnt |
+--------------+-----+
| [null, 2, 1] |   2 |
+--------------+-----+
(1 row)

!ok

#-------------------------------------------------------------------------
# TESTCASE: test_subquery_with_where TEST_ID: A2_B21_C9
#-------------------------------------------------------------------------
WITH t1 AS
  (SELECT *
   FROM test_array)
SELECT a_int
FROM t1
WHERE a_int<ARRAY[1,
                  2];
+--------------+
| a_int        |
+--------------+
| [null, 2, 1] |
| [null, 2, 1] |
+--------------+
(2 rows)

!ok

