!set useApproximateCountDistinct false
!use druidtest://?componentSupplier=AllDruidEnginesComponentSupplier&datasets=sql/src/test/quidem/qatests/qaArray/sql
!set outputformat mysql
#-------------------------------------------------------------------------
# TESTCASE: test_subquery_with_where TEST_ID: A3_B35_C10
#-------------------------------------------------------------------------
WITH t1 AS
  (SELECT *
   FROM test_array)
SELECT a_float,
       count(*) cnt
FROM t1
WHERE (a_float<json_value(a_nested, '$[2]' RETURNING decimal array)) IS TRUE
GROUP BY a_float;
+---------+-----+
| a_float | cnt |
+---------+-----+
+---------+-----+
(0 rows)

!ok

#-------------------------------------------------------------------------
# TESTCASE: test_subquery_with_where TEST_ID: A3_B36_C1
#-------------------------------------------------------------------------
SELECT a_float
FROM test_array
WHERE (a_float<json_value(a_nested, '$[2]' RETURNING decimal array)) IS NOT TRUE;
+------------------+
| a_float          |
+------------------+
| [0.1, 0.2, null] |
| [0.1, 0.2, null] |
| [null, 0.2, 0.1] |
| [null, 0.2, 0.1] |
+------------------+
(4 rows)

!ok

#-------------------------------------------------------------------------
# TESTCASE: test_subquery_with_where TEST_ID: A3_B36_C2
#-------------------------------------------------------------------------
SELECT a_float,
       count(*) cnt
FROM test_array
WHERE (a_float<json_value(a_nested, '$[2]' RETURNING decimal array)) IS NOT TRUE
GROUP BY a_float;
+------------------+-----+
| a_float          | cnt |
+------------------+-----+
| [0.1, 0.2, null] |   2 |
| [null, 0.2, 0.1] |   2 |
+------------------+-----+
(2 rows)

!ok

#-------------------------------------------------------------------------
# TESTCASE: test_subquery_with_where TEST_ID: A3_B36_C3
#-------------------------------------------------------------------------
SELECT a_float
FROM
  (SELECT *
   FROM test_array
   WHERE (a_float<json_value(a_nested, '$[2]' RETURNING decimal array)) IS NOT TRUE);
+------------------+
| a_float          |
+------------------+
| [0.1, 0.2, null] |
| [0.1, 0.2, null] |
| [null, 0.2, 0.1] |
| [null, 0.2, 0.1] |
+------------------+
(4 rows)

!ok

#-------------------------------------------------------------------------
# TESTCASE: test_subquery_with_where TEST_ID: A3_B36_C4
#-------------------------------------------------------------------------
SELECT a_float,
       count(*) cnt
FROM
  (SELECT *
   FROM test_array
   WHERE (a_float<json_value(a_nested, '$[2]' RETURNING decimal array)) IS NOT TRUE)
GROUP BY a_float;
+------------------+-----+
| a_float          | cnt |
+------------------+-----+
| [0.1, 0.2, null] |   2 |
| [null, 0.2, 0.1] |   2 |
+------------------+-----+
(2 rows)

!ok

#-------------------------------------------------------------------------
# TESTCASE: test_subquery_with_where TEST_ID: A3_B36_C5
#-------------------------------------------------------------------------
SELECT a_float
FROM
  (SELECT *
   FROM test_array)
WHERE (a_float<json_value(a_nested, '$[2]' RETURNING decimal array)) IS NOT TRUE;
+------------------+
| a_float          |
+------------------+
| [0.1, 0.2, null] |
| [0.1, 0.2, null] |
| [null, 0.2, 0.1] |
| [null, 0.2, 0.1] |
+------------------+
(4 rows)

!ok

#-------------------------------------------------------------------------
# TESTCASE: test_subquery_with_where TEST_ID: A3_B36_C6
#-------------------------------------------------------------------------
SELECT a_float,
       count(*) cnt
FROM
  (SELECT *
   FROM test_array)
WHERE (a_float<json_value(a_nested, '$[2]' RETURNING decimal array)) IS NOT TRUE
GROUP BY a_float;
+------------------+-----+
| a_float          | cnt |
+------------------+-----+
| [0.1, 0.2, null] |   2 |
| [null, 0.2, 0.1] |   2 |
+------------------+-----+
(2 rows)

!ok

#-------------------------------------------------------------------------
# TESTCASE: test_subquery_with_where TEST_ID: A3_B36_C7
#-------------------------------------------------------------------------
WITH t1 AS
  (SELECT *
   FROM test_array
   WHERE (a_float<json_value(a_nested, '$[2]' RETURNING decimal array)) IS NOT TRUE)
SELECT a_float
FROM t1;
+------------------+
| a_float          |
+------------------+
| [0.1, 0.2, null] |
| [0.1, 0.2, null] |
| [null, 0.2, 0.1] |
| [null, 0.2, 0.1] |
+------------------+
(4 rows)

!ok

#-------------------------------------------------------------------------
# TESTCASE: test_subquery_with_where TEST_ID: A3_B36_C8
#-------------------------------------------------------------------------
WITH t1 AS
  (SELECT *
   FROM test_array
   WHERE (a_float<json_value(a_nested, '$[2]' RETURNING decimal array)) IS NOT TRUE)
SELECT a_float,
       count(*) cnt
FROM t1
GROUP BY a_float;
+------------------+-----+
| a_float          | cnt |
+------------------+-----+
| [0.1, 0.2, null] |   2 |
| [null, 0.2, 0.1] |   2 |
+------------------+-----+
(2 rows)

!ok

#-------------------------------------------------------------------------
# TESTCASE: test_subquery_with_where TEST_ID: A3_B36_C9
#-------------------------------------------------------------------------
WITH t1 AS
  (SELECT *
   FROM test_array)
SELECT a_float
FROM t1
WHERE (a_float<json_value(a_nested, '$[2]' RETURNING decimal array)) IS NOT TRUE;
+------------------+
| a_float          |
+------------------+
| [0.1, 0.2, null] |
| [0.1, 0.2, null] |
| [null, 0.2, 0.1] |
| [null, 0.2, 0.1] |
+------------------+
(4 rows)

!ok

#-------------------------------------------------------------------------
# TESTCASE: test_subquery_with_where TEST_ID: A3_B36_C10
#-------------------------------------------------------------------------
WITH t1 AS
  (SELECT *
   FROM test_array)
SELECT a_float,
       count(*) cnt
FROM t1
WHERE (a_float<json_value(a_nested, '$[2]' RETURNING decimal array)) IS NOT TRUE
GROUP BY a_float;
+------------------+-----+
| a_float          | cnt |
+------------------+-----+
| [0.1, 0.2, null] |   2 |
| [null, 0.2, 0.1] |   2 |
+------------------+-----+
(2 rows)

!ok

#-------------------------------------------------------------------------
# TESTCASE: test_subquery_with_where TEST_ID: A3_B37_C1
#-------------------------------------------------------------------------
SELECT a_float
FROM test_array
WHERE (a_float<json_value(a_nested, '$[2]' RETURNING decimal array)) IS FALSE;
+------------------+
| a_float          |
+------------------+
| [0.1, 0.2, null] |
| [0.1, 0.2, null] |
| [null, 0.2, 0.1] |
| [null, 0.2, 0.1] |
+------------------+
(4 rows)

!ok

#-------------------------------------------------------------------------
# TESTCASE: test_subquery_with_where TEST_ID: A3_B37_C2
#-------------------------------------------------------------------------
SELECT a_float,
       count(*) cnt
FROM test_array
WHERE (a_float<json_value(a_nested, '$[2]' RETURNING decimal array)) IS FALSE
GROUP BY a_float;
+------------------+-----+
| a_float          | cnt |
+------------------+-----+
| [0.1, 0.2, null] |   2 |
| [null, 0.2, 0.1] |   2 |
+------------------+-----+
(2 rows)

!ok

#-------------------------------------------------------------------------
# TESTCASE: test_subquery_with_where TEST_ID: A3_B37_C3
#-------------------------------------------------------------------------
SELECT a_float
FROM
  (SELECT *
   FROM test_array
   WHERE (a_float<json_value(a_nested, '$[2]' RETURNING decimal array)) IS FALSE);
+------------------+
| a_float          |
+------------------+
| [0.1, 0.2, null] |
| [0.1, 0.2, null] |
| [null, 0.2, 0.1] |
| [null, 0.2, 0.1] |
+------------------+
(4 rows)

!ok

#-------------------------------------------------------------------------
# TESTCASE: test_subquery_with_where TEST_ID: A3_B37_C4
#-------------------------------------------------------------------------
SELECT a_float,
       count(*) cnt
FROM
  (SELECT *
   FROM test_array
   WHERE (a_float<json_value(a_nested, '$[2]' RETURNING decimal array)) IS FALSE)
GROUP BY a_float;
+------------------+-----+
| a_float          | cnt |
+------------------+-----+
| [0.1, 0.2, null] |   2 |
| [null, 0.2, 0.1] |   2 |
+------------------+-----+
(2 rows)

!ok

#-------------------------------------------------------------------------
# TESTCASE: test_subquery_with_where TEST_ID: A3_B37_C5
#-------------------------------------------------------------------------
SELECT a_float
FROM
  (SELECT *
   FROM test_array)
WHERE (a_float<json_value(a_nested, '$[2]' RETURNING decimal array)) IS FALSE;
+------------------+
| a_float          |
+------------------+
| [0.1, 0.2, null] |
| [0.1, 0.2, null] |
| [null, 0.2, 0.1] |
| [null, 0.2, 0.1] |
+------------------+
(4 rows)

!ok

#-------------------------------------------------------------------------
# TESTCASE: test_subquery_with_where TEST_ID: A3_B37_C6
#-------------------------------------------------------------------------
SELECT a_float,
       count(*) cnt
FROM
  (SELECT *
   FROM test_array)
WHERE (a_float<json_value(a_nested, '$[2]' RETURNING decimal array)) IS FALSE
GROUP BY a_float;
+------------------+-----+
| a_float          | cnt |
+------------------+-----+
| [0.1, 0.2, null] |   2 |
| [null, 0.2, 0.1] |   2 |
+------------------+-----+
(2 rows)

!ok

#-------------------------------------------------------------------------
# TESTCASE: test_subquery_with_where TEST_ID: A3_B37_C7
#-------------------------------------------------------------------------
WITH t1 AS
  (SELECT *
   FROM test_array
   WHERE (a_float<json_value(a_nested, '$[2]' RETURNING decimal array)) IS FALSE)
SELECT a_float
FROM t1;
+------------------+
| a_float          |
+------------------+
| [0.1, 0.2, null] |
| [0.1, 0.2, null] |
| [null, 0.2, 0.1] |
| [null, 0.2, 0.1] |
+------------------+
(4 rows)

!ok

#-------------------------------------------------------------------------
# TESTCASE: test_subquery_with_where TEST_ID: A3_B37_C8
#-------------------------------------------------------------------------
WITH t1 AS
  (SELECT *
   FROM test_array
   WHERE (a_float<json_value(a_nested, '$[2]' RETURNING decimal array)) IS FALSE)
SELECT a_float,
       count(*) cnt
FROM t1
GROUP BY a_float;
+------------------+-----+
| a_float          | cnt |
+------------------+-----+
| [0.1, 0.2, null] |   2 |
| [null, 0.2, 0.1] |   2 |
+------------------+-----+
(2 rows)

!ok

#-------------------------------------------------------------------------
# TESTCASE: test_subquery_with_where TEST_ID: A3_B37_C9
#-------------------------------------------------------------------------
WITH t1 AS
  (SELECT *
   FROM test_array)
SELECT a_float
FROM t1
WHERE (a_float<json_value(a_nested, '$[2]' RETURNING decimal array)) IS FALSE;
+------------------+
| a_float          |
+------------------+
| [0.1, 0.2, null] |
| [0.1, 0.2, null] |
| [null, 0.2, 0.1] |
| [null, 0.2, 0.1] |
+------------------+
(4 rows)

!ok

#-------------------------------------------------------------------------
# TESTCASE: test_subquery_with_where TEST_ID: A3_B37_C10
#-------------------------------------------------------------------------
WITH t1 AS
  (SELECT *
   FROM test_array)
SELECT a_float,
       count(*) cnt
FROM t1
WHERE (a_float<json_value(a_nested, '$[2]' RETURNING decimal array)) IS FALSE
GROUP BY a_float;
+------------------+-----+
| a_float          | cnt |
+------------------+-----+
| [0.1, 0.2, null] |   2 |
| [null, 0.2, 0.1] |   2 |
+------------------+-----+
(2 rows)

!ok

#-------------------------------------------------------------------------
# TESTCASE: test_subquery_with_where TEST_ID: A3_B38_C1
#-------------------------------------------------------------------------
SELECT a_float
FROM test_array
WHERE (a_float<json_value(a_nested, '$[2]' RETURNING decimal array)) IS NOT FALSE;
+---------+
| a_float |
+---------+
+---------+
(0 rows)

!ok

#-------------------------------------------------------------------------
# TESTCASE: test_subquery_with_where TEST_ID: A3_B38_C2
#-------------------------------------------------------------------------
SELECT a_float,
       count(*) cnt
FROM test_array
WHERE (a_float<json_value(a_nested, '$[2]' RETURNING decimal array)) IS NOT FALSE
GROUP BY a_float;
+---------+-----+
| a_float | cnt |
+---------+-----+
+---------+-----+
(0 rows)

!ok

#-------------------------------------------------------------------------
# TESTCASE: test_subquery_with_where TEST_ID: A3_B38_C3
#-------------------------------------------------------------------------
SELECT a_float
FROM
  (SELECT *
   FROM test_array
   WHERE (a_float<json_value(a_nested, '$[2]' RETURNING decimal array)) IS NOT FALSE);
+---------+
| a_float |
+---------+
+---------+
(0 rows)

!ok

#-------------------------------------------------------------------------
# TESTCASE: test_subquery_with_where TEST_ID: A3_B38_C4
#-------------------------------------------------------------------------
SELECT a_float,
       count(*) cnt
FROM
  (SELECT *
   FROM test_array
   WHERE (a_float<json_value(a_nested, '$[2]' RETURNING decimal array)) IS NOT FALSE)
GROUP BY a_float;
+---------+-----+
| a_float | cnt |
+---------+-----+
+---------+-----+
(0 rows)

!ok

#-------------------------------------------------------------------------
# TESTCASE: test_subquery_with_where TEST_ID: A3_B38_C5
#-------------------------------------------------------------------------
SELECT a_float
FROM
  (SELECT *
   FROM test_array)
WHERE (a_float<json_value(a_nested, '$[2]' RETURNING decimal array)) IS NOT FALSE;
+---------+
| a_float |
+---------+
+---------+
(0 rows)

!ok

#-------------------------------------------------------------------------
# TESTCASE: test_subquery_with_where TEST_ID: A3_B38_C6
#-------------------------------------------------------------------------
SELECT a_float,
       count(*) cnt
FROM
  (SELECT *
   FROM test_array)
WHERE (a_float<json_value(a_nested, '$[2]' RETURNING decimal array)) IS NOT FALSE
GROUP BY a_float;
+---------+-----+
| a_float | cnt |
+---------+-----+
+---------+-----+
(0 rows)

!ok

#-------------------------------------------------------------------------
# TESTCASE: test_subquery_with_where TEST_ID: A3_B38_C7
#-------------------------------------------------------------------------
WITH t1 AS
  (SELECT *
   FROM test_array
   WHERE (a_float<json_value(a_nested, '$[2]' RETURNING decimal array)) IS NOT FALSE)
SELECT a_float
FROM t1;
+---------+
| a_float |
+---------+
+---------+
(0 rows)

!ok

#-------------------------------------------------------------------------
# TESTCASE: test_subquery_with_where TEST_ID: A3_B38_C8
#-------------------------------------------------------------------------
WITH t1 AS
  (SELECT *
   FROM test_array
   WHERE (a_float<json_value(a_nested, '$[2]' RETURNING decimal array)) IS NOT FALSE)
SELECT a_float,
       count(*) cnt
FROM t1
GROUP BY a_float;
+---------+-----+
| a_float | cnt |
+---------+-----+
+---------+-----+
(0 rows)

!ok

#-------------------------------------------------------------------------
# TESTCASE: test_subquery_with_where TEST_ID: A3_B38_C9
#-------------------------------------------------------------------------
WITH t1 AS
  (SELECT *
   FROM test_array)
SELECT a_float
FROM t1
WHERE (a_float<json_value(a_nested, '$[2]' RETURNING decimal array)) IS NOT FALSE;
+---------+
| a_float |
+---------+
+---------+
(0 rows)

!ok

#-------------------------------------------------------------------------
# TESTCASE: test_subquery_with_where TEST_ID: A3_B38_C10
#-------------------------------------------------------------------------
WITH t1 AS
  (SELECT *
   FROM test_array)
SELECT a_float,
       count(*) cnt
FROM t1
WHERE (a_float<json_value(a_nested, '$[2]' RETURNING decimal array)) IS NOT FALSE
GROUP BY a_float;
+---------+-----+
| a_float | cnt |
+---------+-----+
+---------+-----+
(0 rows)

!ok

#-------------------------------------------------------------------------
# TESTCASE: test_subquery_with_where TEST_ID: A3_B39_C1
#-------------------------------------------------------------------------
SELECT a_float
FROM test_array
WHERE a_float BETWEEN json_value(a_nested, '$[2]' RETURNING decimal array) AND json_value(a_nested, '$[7][2]' RETURNING decimal array);
+------------------+
| a_float          |
+------------------+
| [0.1, 0.2, null] |
| [0.1, 0.2, null] |
| [null, 0.2, 0.1] |
| [null, 0.2, 0.1] |
+------------------+
(4 rows)

!ok

#-------------------------------------------------------------------------
# TESTCASE: test_subquery_with_where TEST_ID: A3_B39_C2
#-------------------------------------------------------------------------
SELECT a_float,
       count(*) cnt
FROM test_array
WHERE a_float BETWEEN json_value(a_nested, '$[2]' RETURNING decimal array) AND json_value(a_nested, '$[7][2]' RETURNING decimal array)
GROUP BY a_float;
+------------------+-----+
| a_float          | cnt |
+------------------+-----+
| [0.1, 0.2, null] |   2 |
| [null, 0.2, 0.1] |   2 |
+------------------+-----+
(2 rows)

!ok

#-------------------------------------------------------------------------
# TESTCASE: test_subquery_with_where TEST_ID: A3_B39_C3
#-------------------------------------------------------------------------
SELECT a_float
FROM
  (SELECT *
   FROM test_array
   WHERE a_float BETWEEN json_value(a_nested, '$[2]' RETURNING decimal array) AND json_value(a_nested, '$[7][2]' RETURNING decimal array));
+------------------+
| a_float          |
+------------------+
| [0.1, 0.2, null] |
| [0.1, 0.2, null] |
| [null, 0.2, 0.1] |
| [null, 0.2, 0.1] |
+------------------+
(4 rows)

!ok

#-------------------------------------------------------------------------
# TESTCASE: test_subquery_with_where TEST_ID: A3_B39_C4
#-------------------------------------------------------------------------
SELECT a_float,
       count(*) cnt
FROM
  (SELECT *
   FROM test_array
   WHERE a_float BETWEEN json_value(a_nested, '$[2]' RETURNING decimal array) AND json_value(a_nested, '$[7][2]' RETURNING decimal array))
GROUP BY a_float;
+------------------+-----+
| a_float          | cnt |
+------------------+-----+
| [0.1, 0.2, null] |   2 |
| [null, 0.2, 0.1] |   2 |
+------------------+-----+
(2 rows)

!ok

#-------------------------------------------------------------------------
# TESTCASE: test_subquery_with_where TEST_ID: A3_B39_C5
#-------------------------------------------------------------------------
SELECT a_float
FROM
  (SELECT *
   FROM test_array)
WHERE a_float BETWEEN json_value(a_nested, '$[2]' RETURNING decimal array) AND json_value(a_nested, '$[7][2]' RETURNING decimal array);
+------------------+
| a_float          |
+------------------+
| [0.1, 0.2, null] |
| [0.1, 0.2, null] |
| [null, 0.2, 0.1] |
| [null, 0.2, 0.1] |
+------------------+
(4 rows)

!ok

#-------------------------------------------------------------------------
# TESTCASE: test_subquery_with_where TEST_ID: A3_B39_C6
#-------------------------------------------------------------------------
SELECT a_float,
       count(*) cnt
FROM
  (SELECT *
   FROM test_array)
WHERE a_float BETWEEN json_value(a_nested, '$[2]' RETURNING decimal array) AND json_value(a_nested, '$[7][2]' RETURNING decimal array)
GROUP BY a_float;
+------------------+-----+
| a_float          | cnt |
+------------------+-----+
| [0.1, 0.2, null] |   2 |
| [null, 0.2, 0.1] |   2 |
+------------------+-----+
(2 rows)

!ok

#-------------------------------------------------------------------------
# TESTCASE: test_subquery_with_where TEST_ID: A3_B39_C7
#-------------------------------------------------------------------------
WITH t1 AS
  (SELECT *
   FROM test_array
   WHERE a_float BETWEEN json_value(a_nested, '$[2]' RETURNING decimal array) AND json_value(a_nested, '$[7][2]' RETURNING decimal array))
SELECT a_float
FROM t1;
+------------------+
| a_float          |
+------------------+
| [0.1, 0.2, null] |
| [0.1, 0.2, null] |
| [null, 0.2, 0.1] |
| [null, 0.2, 0.1] |
+------------------+
(4 rows)

!ok

#-------------------------------------------------------------------------
# TESTCASE: test_subquery_with_where TEST_ID: A3_B39_C8
#-------------------------------------------------------------------------
WITH t1 AS
  (SELECT *
   FROM test_array
   WHERE a_float BETWEEN json_value(a_nested, '$[2]' RETURNING decimal array) AND json_value(a_nested, '$[7][2]' RETURNING decimal array))
SELECT a_float,
       count(*) cnt
FROM t1
GROUP BY a_float;
+------------------+-----+
| a_float          | cnt |
+------------------+-----+
| [0.1, 0.2, null] |   2 |
| [null, 0.2, 0.1] |   2 |
+------------------+-----+
(2 rows)

!ok

#-------------------------------------------------------------------------
# TESTCASE: test_subquery_with_where TEST_ID: A3_B39_C9
#-------------------------------------------------------------------------
WITH t1 AS
  (SELECT *
   FROM test_array)
SELECT a_float
FROM t1
WHERE a_float BETWEEN json_value(a_nested, '$[2]' RETURNING decimal array) AND json_value(a_nested, '$[7][2]' RETURNING decimal array);
+------------------+
| a_float          |
+------------------+
| [0.1, 0.2, null] |
| [0.1, 0.2, null] |
| [null, 0.2, 0.1] |
| [null, 0.2, 0.1] |
+------------------+
(4 rows)

!ok

#-------------------------------------------------------------------------
# TESTCASE: test_subquery_with_where TEST_ID: A3_B39_C10
#-------------------------------------------------------------------------
WITH t1 AS
  (SELECT *
   FROM test_array)
SELECT a_float,
       count(*) cnt
FROM t1
WHERE a_float BETWEEN json_value(a_nested, '$[2]' RETURNING decimal array) AND json_value(a_nested, '$[7][2]' RETURNING decimal array)
GROUP BY a_float;
+------------------+-----+
| a_float          | cnt |
+------------------+-----+
| [0.1, 0.2, null] |   2 |
| [null, 0.2, 0.1] |   2 |
+------------------+-----+
(2 rows)

!ok

#-------------------------------------------------------------------------
# TESTCASE: test_subquery_with_where TEST_ID: A3_B40_C1
#-------------------------------------------------------------------------
SELECT a_float
FROM test_array
WHERE a_float NOT BETWEEN json_value(a_nested, '$[2]' RETURNING decimal array) AND json_value(a_nested, '$[7][2]' RETURNING decimal array);
+---------+
| a_float |
+---------+
+---------+
(0 rows)

!ok

#-------------------------------------------------------------------------
# TESTCASE: test_subquery_with_where TEST_ID: A3_B40_C2
#-------------------------------------------------------------------------
SELECT a_float,
       count(*) cnt
FROM test_array
WHERE a_float NOT BETWEEN json_value(a_nested, '$[2]' RETURNING decimal array) AND json_value(a_nested, '$[7][2]' RETURNING decimal array)
GROUP BY a_float;
+---------+-----+
| a_float | cnt |
+---------+-----+
+---------+-----+
(0 rows)

!ok

#-------------------------------------------------------------------------
# TESTCASE: test_subquery_with_where TEST_ID: A3_B40_C3
#-------------------------------------------------------------------------
SELECT a_float
FROM
  (SELECT *
   FROM test_array
   WHERE a_float NOT BETWEEN json_value(a_nested, '$[2]' RETURNING decimal array) AND json_value(a_nested, '$[7][2]' RETURNING decimal array));
+---------+
| a_float |
+---------+
+---------+
(0 rows)

!ok

#-------------------------------------------------------------------------
# TESTCASE: test_subquery_with_where TEST_ID: A3_B40_C4
#-------------------------------------------------------------------------
SELECT a_float,
       count(*) cnt
FROM
  (SELECT *
   FROM test_array
   WHERE a_float NOT BETWEEN json_value(a_nested, '$[2]' RETURNING decimal array) AND json_value(a_nested, '$[7][2]' RETURNING decimal array))
GROUP BY a_float;
+---------+-----+
| a_float | cnt |
+---------+-----+
+---------+-----+
(0 rows)

!ok

#-------------------------------------------------------------------------
# TESTCASE: test_subquery_with_where TEST_ID: A3_B40_C5
#-------------------------------------------------------------------------
SELECT a_float
FROM
  (SELECT *
   FROM test_array)
WHERE a_float NOT BETWEEN json_value(a_nested, '$[2]' RETURNING decimal array) AND json_value(a_nested, '$[7][2]' RETURNING decimal array);
+---------+
| a_float |
+---------+
+---------+
(0 rows)

!ok

#-------------------------------------------------------------------------
# TESTCASE: test_subquery_with_where TEST_ID: A3_B40_C6
#-------------------------------------------------------------------------
SELECT a_float,
       count(*) cnt
FROM
  (SELECT *
   FROM test_array)
WHERE a_float NOT BETWEEN json_value(a_nested, '$[2]' RETURNING decimal array) AND json_value(a_nested, '$[7][2]' RETURNING decimal array)
GROUP BY a_float;
+---------+-----+
| a_float | cnt |
+---------+-----+
+---------+-----+
(0 rows)

!ok

#-------------------------------------------------------------------------
# TESTCASE: test_subquery_with_where TEST_ID: A3_B40_C7
#-------------------------------------------------------------------------
WITH t1 AS
  (SELECT *
   FROM test_array
   WHERE a_float NOT BETWEEN json_value(a_nested, '$[2]' RETURNING decimal array) AND json_value(a_nested, '$[7][2]' RETURNING decimal array))
SELECT a_float
FROM t1;
+---------+
| a_float |
+---------+
+---------+
(0 rows)

!ok

#-------------------------------------------------------------------------
# TESTCASE: test_subquery_with_where TEST_ID: A3_B40_C8
#-------------------------------------------------------------------------
WITH t1 AS
  (SELECT *
   FROM test_array
   WHERE a_float NOT BETWEEN json_value(a_nested, '$[2]' RETURNING decimal array) AND json_value(a_nested, '$[7][2]' RETURNING decimal array))
SELECT a_float,
       count(*) cnt
FROM t1
GROUP BY a_float;
+---------+-----+
| a_float | cnt |
+---------+-----+
+---------+-----+
(0 rows)

!ok

#-------------------------------------------------------------------------
# TESTCASE: test_subquery_with_where TEST_ID: A3_B40_C9
#-------------------------------------------------------------------------
WITH t1 AS
  (SELECT *
   FROM test_array)
SELECT a_float
FROM t1
WHERE a_float NOT BETWEEN json_value(a_nested, '$[2]' RETURNING decimal array) AND json_value(a_nested, '$[7][2]' RETURNING decimal array);
+---------+
| a_float |
+---------+
+---------+
(0 rows)

!ok

