!set useApproximateCountDistinct false
!use druidtest://?componentSupplier=AllDruidEnginesComponentSupplier&datasets=sql/src/test/quidem/qatests/qaArray/sql
!set outputformat mysql
#-------------------------------------------------------------------------
# TESTCASE: test_subquery_with_where TEST_ID: A7_B18_C10
#-------------------------------------------------------------------------
WITH t1 AS
  (SELECT *
   FROM test_array)
SELECT a_mixed,
       count(*) cnt
FROM t1
WHERE a_mixed>=ARRAY['true',
                     '1',
                     '0.1',
                     'S1',
                     NULL,
                     'extra element']
GROUP BY a_mixed;
+---------+-----+
| a_mixed | cnt |
+---------+-----+
+---------+-----+
(0 rows)

!ok

#-------------------------------------------------------------------------
# TESTCASE: test_subquery_with_where TEST_ID: A7_B19_C1
#-------------------------------------------------------------------------
SELECT a_mixed
FROM test_array
WHERE a_mixed>=json_value(a_nested, '$[6]' RETURNING varchar array);
+--------------------------+
| a_mixed                  |
+--------------------------+
| [null, S1, 0.1, 1, true] |
| [null, S1, 0.1, 1, true] |
| [true, 1, 0.1, S1, null] |
| [true, 1, 0.1, S1, null] |
+--------------------------+
(4 rows)

!ok

#-------------------------------------------------------------------------
# TESTCASE: test_subquery_with_where TEST_ID: A7_B19_C2
#-------------------------------------------------------------------------
SELECT a_mixed,
       count(*) cnt
FROM test_array
WHERE a_mixed>=json_value(a_nested, '$[6]' RETURNING varchar array)
GROUP BY a_mixed;
+--------------------------+-----+
| a_mixed                  | cnt |
+--------------------------+-----+
| [null, S1, 0.1, 1, true] |   2 |
| [true, 1, 0.1, S1, null] |   2 |
+--------------------------+-----+
(2 rows)

!ok

#-------------------------------------------------------------------------
# TESTCASE: test_subquery_with_where TEST_ID: A7_B19_C3
#-------------------------------------------------------------------------
SELECT a_mixed
FROM
  (SELECT *
   FROM test_array
   WHERE a_mixed>=json_value(a_nested, '$[6]' RETURNING varchar array));
+--------------------------+
| a_mixed                  |
+--------------------------+
| [null, S1, 0.1, 1, true] |
| [null, S1, 0.1, 1, true] |
| [true, 1, 0.1, S1, null] |
| [true, 1, 0.1, S1, null] |
+--------------------------+
(4 rows)

!ok

#-------------------------------------------------------------------------
# TESTCASE: test_subquery_with_where TEST_ID: A7_B19_C4
#-------------------------------------------------------------------------
SELECT a_mixed,
       count(*) cnt
FROM
  (SELECT *
   FROM test_array
   WHERE a_mixed>=json_value(a_nested, '$[6]' RETURNING varchar array))
GROUP BY a_mixed;
+--------------------------+-----+
| a_mixed                  | cnt |
+--------------------------+-----+
| [null, S1, 0.1, 1, true] |   2 |
| [true, 1, 0.1, S1, null] |   2 |
+--------------------------+-----+
(2 rows)

!ok

#-------------------------------------------------------------------------
# TESTCASE: test_subquery_with_where TEST_ID: A7_B19_C5
#-------------------------------------------------------------------------
SELECT a_mixed
FROM
  (SELECT *
   FROM test_array)
WHERE a_mixed>=json_value(a_nested, '$[6]' RETURNING varchar array);
+--------------------------+
| a_mixed                  |
+--------------------------+
| [null, S1, 0.1, 1, true] |
| [null, S1, 0.1, 1, true] |
| [true, 1, 0.1, S1, null] |
| [true, 1, 0.1, S1, null] |
+--------------------------+
(4 rows)

!ok

#-------------------------------------------------------------------------
# TESTCASE: test_subquery_with_where TEST_ID: A7_B19_C6
#-------------------------------------------------------------------------
SELECT a_mixed,
       count(*) cnt
FROM
  (SELECT *
   FROM test_array)
WHERE a_mixed>=json_value(a_nested, '$[6]' RETURNING varchar array)
GROUP BY a_mixed;
+--------------------------+-----+
| a_mixed                  | cnt |
+--------------------------+-----+
| [null, S1, 0.1, 1, true] |   2 |
| [true, 1, 0.1, S1, null] |   2 |
+--------------------------+-----+
(2 rows)

!ok

#-------------------------------------------------------------------------
# TESTCASE: test_subquery_with_where TEST_ID: A7_B19_C7
#-------------------------------------------------------------------------
WITH t1 AS
  (SELECT *
   FROM test_array
   WHERE a_mixed>=json_value(a_nested, '$[6]' RETURNING varchar array))
SELECT a_mixed
FROM t1;
+--------------------------+
| a_mixed                  |
+--------------------------+
| [null, S1, 0.1, 1, true] |
| [null, S1, 0.1, 1, true] |
| [true, 1, 0.1, S1, null] |
| [true, 1, 0.1, S1, null] |
+--------------------------+
(4 rows)

!ok

#-------------------------------------------------------------------------
# TESTCASE: test_subquery_with_where TEST_ID: A7_B19_C8
#-------------------------------------------------------------------------
WITH t1 AS
  (SELECT *
   FROM test_array
   WHERE a_mixed>=json_value(a_nested, '$[6]' RETURNING varchar array))
SELECT a_mixed,
       count(*) cnt
FROM t1
GROUP BY a_mixed;
+--------------------------+-----+
| a_mixed                  | cnt |
+--------------------------+-----+
| [null, S1, 0.1, 1, true] |   2 |
| [true, 1, 0.1, S1, null] |   2 |
+--------------------------+-----+
(2 rows)

!ok

#-------------------------------------------------------------------------
# TESTCASE: test_subquery_with_where TEST_ID: A7_B19_C9
#-------------------------------------------------------------------------
WITH t1 AS
  (SELECT *
   FROM test_array)
SELECT a_mixed
FROM t1
WHERE a_mixed>=json_value(a_nested, '$[6]' RETURNING varchar array);
+--------------------------+
| a_mixed                  |
+--------------------------+
| [null, S1, 0.1, 1, true] |
| [null, S1, 0.1, 1, true] |
| [true, 1, 0.1, S1, null] |
| [true, 1, 0.1, S1, null] |
+--------------------------+
(4 rows)

!ok

#-------------------------------------------------------------------------
# TESTCASE: test_subquery_with_where TEST_ID: A7_B19_C10
#-------------------------------------------------------------------------
WITH t1 AS
  (SELECT *
   FROM test_array)
SELECT a_mixed,
       count(*) cnt
FROM t1
WHERE a_mixed>=json_value(a_nested, '$[6]' RETURNING varchar array)
GROUP BY a_mixed;
+--------------------------+-----+
| a_mixed                  | cnt |
+--------------------------+-----+
| [null, S1, 0.1, 1, true] |   2 |
| [true, 1, 0.1, S1, null] |   2 |
+--------------------------+-----+
(2 rows)

!ok

#-------------------------------------------------------------------------
# TESTCASE: test_subquery_with_where TEST_ID: A7_B20_C1
#-------------------------------------------------------------------------
SELECT a_mixed
FROM test_array
WHERE a_mixed>=json_value(a_nested, '$[7][6]' RETURNING varchar array);
+--------------------------+
| a_mixed                  |
+--------------------------+
| [null, S1, 0.1, 1, true] |
| [null, S1, 0.1, 1, true] |
| [true, 1, 0.1, S1, null] |
| [true, 1, 0.1, S1, null] |
+--------------------------+
(4 rows)

!ok

#-------------------------------------------------------------------------
# TESTCASE: test_subquery_with_where TEST_ID: A7_B20_C2
#-------------------------------------------------------------------------
SELECT a_mixed,
       count(*) cnt
FROM test_array
WHERE a_mixed>=json_value(a_nested, '$[7][6]' RETURNING varchar array)
GROUP BY a_mixed;
+--------------------------+-----+
| a_mixed                  | cnt |
+--------------------------+-----+
| [null, S1, 0.1, 1, true] |   2 |
| [true, 1, 0.1, S1, null] |   2 |
+--------------------------+-----+
(2 rows)

!ok

#-------------------------------------------------------------------------
# TESTCASE: test_subquery_with_where TEST_ID: A7_B20_C3
#-------------------------------------------------------------------------
SELECT a_mixed
FROM
  (SELECT *
   FROM test_array
   WHERE a_mixed>=json_value(a_nested, '$[7][6]' RETURNING varchar array));
+--------------------------+
| a_mixed                  |
+--------------------------+
| [null, S1, 0.1, 1, true] |
| [null, S1, 0.1, 1, true] |
| [true, 1, 0.1, S1, null] |
| [true, 1, 0.1, S1, null] |
+--------------------------+
(4 rows)

!ok

#-------------------------------------------------------------------------
# TESTCASE: test_subquery_with_where TEST_ID: A7_B20_C4
#-------------------------------------------------------------------------
SELECT a_mixed,
       count(*) cnt
FROM
  (SELECT *
   FROM test_array
   WHERE a_mixed>=json_value(a_nested, '$[7][6]' RETURNING varchar array))
GROUP BY a_mixed;
+--------------------------+-----+
| a_mixed                  | cnt |
+--------------------------+-----+
| [null, S1, 0.1, 1, true] |   2 |
| [true, 1, 0.1, S1, null] |   2 |
+--------------------------+-----+
(2 rows)

!ok

#-------------------------------------------------------------------------
# TESTCASE: test_subquery_with_where TEST_ID: A7_B20_C5
#-------------------------------------------------------------------------
SELECT a_mixed
FROM
  (SELECT *
   FROM test_array)
WHERE a_mixed>=json_value(a_nested, '$[7][6]' RETURNING varchar array);
+--------------------------+
| a_mixed                  |
+--------------------------+
| [null, S1, 0.1, 1, true] |
| [null, S1, 0.1, 1, true] |
| [true, 1, 0.1, S1, null] |
| [true, 1, 0.1, S1, null] |
+--------------------------+
(4 rows)

!ok

#-------------------------------------------------------------------------
# TESTCASE: test_subquery_with_where TEST_ID: A7_B20_C6
#-------------------------------------------------------------------------
SELECT a_mixed,
       count(*) cnt
FROM
  (SELECT *
   FROM test_array)
WHERE a_mixed>=json_value(a_nested, '$[7][6]' RETURNING varchar array)
GROUP BY a_mixed;
+--------------------------+-----+
| a_mixed                  | cnt |
+--------------------------+-----+
| [null, S1, 0.1, 1, true] |   2 |
| [true, 1, 0.1, S1, null] |   2 |
+--------------------------+-----+
(2 rows)

!ok

#-------------------------------------------------------------------------
# TESTCASE: test_subquery_with_where TEST_ID: A7_B20_C7
#-------------------------------------------------------------------------
WITH t1 AS
  (SELECT *
   FROM test_array
   WHERE a_mixed>=json_value(a_nested, '$[7][6]' RETURNING varchar array))
SELECT a_mixed
FROM t1;
+--------------------------+
| a_mixed                  |
+--------------------------+
| [null, S1, 0.1, 1, true] |
| [null, S1, 0.1, 1, true] |
| [true, 1, 0.1, S1, null] |
| [true, 1, 0.1, S1, null] |
+--------------------------+
(4 rows)

!ok

#-------------------------------------------------------------------------
# TESTCASE: test_subquery_with_where TEST_ID: A7_B20_C8
#-------------------------------------------------------------------------
WITH t1 AS
  (SELECT *
   FROM test_array
   WHERE a_mixed>=json_value(a_nested, '$[7][6]' RETURNING varchar array))
SELECT a_mixed,
       count(*) cnt
FROM t1
GROUP BY a_mixed;
+--------------------------+-----+
| a_mixed                  | cnt |
+--------------------------+-----+
| [null, S1, 0.1, 1, true] |   2 |
| [true, 1, 0.1, S1, null] |   2 |
+--------------------------+-----+
(2 rows)

!ok

#-------------------------------------------------------------------------
# TESTCASE: test_subquery_with_where TEST_ID: A7_B20_C9
#-------------------------------------------------------------------------
WITH t1 AS
  (SELECT *
   FROM test_array)
SELECT a_mixed
FROM t1
WHERE a_mixed>=json_value(a_nested, '$[7][6]' RETURNING varchar array);
+--------------------------+
| a_mixed                  |
+--------------------------+
| [null, S1, 0.1, 1, true] |
| [null, S1, 0.1, 1, true] |
| [true, 1, 0.1, S1, null] |
| [true, 1, 0.1, S1, null] |
+--------------------------+
(4 rows)

!ok

#-------------------------------------------------------------------------
# TESTCASE: test_subquery_with_where TEST_ID: A7_B20_C10
#-------------------------------------------------------------------------
WITH t1 AS
  (SELECT *
   FROM test_array)
SELECT a_mixed,
       count(*) cnt
FROM t1
WHERE a_mixed>=json_value(a_nested, '$[7][6]' RETURNING varchar array)
GROUP BY a_mixed;
+--------------------------+-----+
| a_mixed                  | cnt |
+--------------------------+-----+
| [null, S1, 0.1, 1, true] |   2 |
| [true, 1, 0.1, S1, null] |   2 |
+--------------------------+-----+
(2 rows)

!ok

#-------------------------------------------------------------------------
# TESTCASE: test_subquery_with_where TEST_ID: A7_B21_C1
#-------------------------------------------------------------------------
SELECT a_mixed
FROM test_array
WHERE a_mixed<ARRAY['true',
                    '1',
                    '0.1',
                    'S1'];
+--------------------------+
| a_mixed                  |
+--------------------------+
| [null, S1, 0.1, 1, true] |
| [null, S1, 0.1, 1, true] |
+--------------------------+
(2 rows)

!ok

#-------------------------------------------------------------------------
# TESTCASE: test_subquery_with_where TEST_ID: A7_B21_C2
#-------------------------------------------------------------------------
SELECT a_mixed,
       count(*) cnt
FROM test_array
WHERE a_mixed<ARRAY['true',
                    '1',
                    '0.1',
                    'S1']
GROUP BY a_mixed;
+--------------------------+-----+
| a_mixed                  | cnt |
+--------------------------+-----+
| [null, S1, 0.1, 1, true] |   2 |
+--------------------------+-----+
(1 row)

!ok

#-------------------------------------------------------------------------
# TESTCASE: test_subquery_with_where TEST_ID: A7_B21_C3
#-------------------------------------------------------------------------
SELECT a_mixed
FROM
  (SELECT *
   FROM test_array
   WHERE a_mixed<ARRAY['true',
                       '1',
                       '0.1',
                       'S1']);
+--------------------------+
| a_mixed                  |
+--------------------------+
| [null, S1, 0.1, 1, true] |
| [null, S1, 0.1, 1, true] |
+--------------------------+
(2 rows)

!ok

#-------------------------------------------------------------------------
# TESTCASE: test_subquery_with_where TEST_ID: A7_B21_C4
#-------------------------------------------------------------------------
SELECT a_mixed,
       count(*) cnt
FROM
  (SELECT *
   FROM test_array
   WHERE a_mixed<ARRAY['true',
                       '1',
                       '0.1',
                       'S1'])
GROUP BY a_mixed;
+--------------------------+-----+
| a_mixed                  | cnt |
+--------------------------+-----+
| [null, S1, 0.1, 1, true] |   2 |
+--------------------------+-----+
(1 row)

!ok

#-------------------------------------------------------------------------
# TESTCASE: test_subquery_with_where TEST_ID: A7_B21_C5
#-------------------------------------------------------------------------
SELECT a_mixed
FROM
  (SELECT *
   FROM test_array)
WHERE a_mixed<ARRAY['true',
                    '1',
                    '0.1',
                    'S1'];
+--------------------------+
| a_mixed                  |
+--------------------------+
| [null, S1, 0.1, 1, true] |
| [null, S1, 0.1, 1, true] |
+--------------------------+
(2 rows)

!ok

#-------------------------------------------------------------------------
# TESTCASE: test_subquery_with_where TEST_ID: A7_B21_C6
#-------------------------------------------------------------------------
SELECT a_mixed,
       count(*) cnt
FROM
  (SELECT *
   FROM test_array)
WHERE a_mixed<ARRAY['true',
                    '1',
                    '0.1',
                    'S1']
GROUP BY a_mixed;
+--------------------------+-----+
| a_mixed                  | cnt |
+--------------------------+-----+
| [null, S1, 0.1, 1, true] |   2 |
+--------------------------+-----+
(1 row)

!ok

#-------------------------------------------------------------------------
# TESTCASE: test_subquery_with_where TEST_ID: A7_B21_C7
#-------------------------------------------------------------------------
WITH t1 AS
  (SELECT *
   FROM test_array
   WHERE a_mixed<ARRAY['true',
                       '1',
                       '0.1',
                       'S1'])
SELECT a_mixed
FROM t1;
+--------------------------+
| a_mixed                  |
+--------------------------+
| [null, S1, 0.1, 1, true] |
| [null, S1, 0.1, 1, true] |
+--------------------------+
(2 rows)

!ok

#-------------------------------------------------------------------------
# TESTCASE: test_subquery_with_where TEST_ID: A7_B21_C8
#-------------------------------------------------------------------------
WITH t1 AS
  (SELECT *
   FROM test_array
   WHERE a_mixed<ARRAY['true',
                       '1',
                       '0.1',
                       'S1'])
SELECT a_mixed,
       count(*) cnt
FROM t1
GROUP BY a_mixed;
+--------------------------+-----+
| a_mixed                  | cnt |
+--------------------------+-----+
| [null, S1, 0.1, 1, true] |   2 |
+--------------------------+-----+
(1 row)

!ok

#-------------------------------------------------------------------------
# TESTCASE: test_subquery_with_where TEST_ID: A7_B21_C9
#-------------------------------------------------------------------------
WITH t1 AS
  (SELECT *
   FROM test_array)
SELECT a_mixed
FROM t1
WHERE a_mixed<ARRAY['true',
                    '1',
                    '0.1',
                    'S1'];
+--------------------------+
| a_mixed                  |
+--------------------------+
| [null, S1, 0.1, 1, true] |
| [null, S1, 0.1, 1, true] |
+--------------------------+
(2 rows)

!ok

#-------------------------------------------------------------------------
# TESTCASE: test_subquery_with_where TEST_ID: A7_B21_C10
#-------------------------------------------------------------------------
WITH t1 AS
  (SELECT *
   FROM test_array)
SELECT a_mixed,
       count(*) cnt
FROM t1
WHERE a_mixed<ARRAY['true',
                    '1',
                    '0.1',
                    'S1']
GROUP BY a_mixed;
+--------------------------+-----+
| a_mixed                  | cnt |
+--------------------------+-----+
| [null, S1, 0.1, 1, true] |   2 |
+--------------------------+-----+
(1 row)

!ok

#-------------------------------------------------------------------------
# TESTCASE: test_subquery_with_where TEST_ID: A7_B22_C1
#-------------------------------------------------------------------------
SELECT a_mixed
FROM test_array
WHERE a_mixed<ARRAY['true',
                    '1',
                    '0.1',
                    'S1',
                    NULL];
+--------------------------+
| a_mixed                  |
+--------------------------+
| [null, S1, 0.1, 1, true] |
| [null, S1, 0.1, 1, true] |
+--------------------------+
(2 rows)

!ok

#-------------------------------------------------------------------------
# TESTCASE: test_subquery_with_where TEST_ID: A7_B22_C2
#-------------------------------------------------------------------------
SELECT a_mixed,
       count(*) cnt
FROM test_array
WHERE a_mixed<ARRAY['true',
                    '1',
                    '0.1',
                    'S1',
                    NULL]
GROUP BY a_mixed;
+--------------------------+-----+
| a_mixed                  | cnt |
+--------------------------+-----+
| [null, S1, 0.1, 1, true] |   2 |
+--------------------------+-----+
(1 row)

!ok

#-------------------------------------------------------------------------
# TESTCASE: test_subquery_with_where TEST_ID: A7_B22_C3
#-------------------------------------------------------------------------
SELECT a_mixed
FROM
  (SELECT *
   FROM test_array
   WHERE a_mixed<ARRAY['true',
                       '1',
                       '0.1',
                       'S1',
                       NULL]);
+--------------------------+
| a_mixed                  |
+--------------------------+
| [null, S1, 0.1, 1, true] |
| [null, S1, 0.1, 1, true] |
+--------------------------+
(2 rows)

!ok

#-------------------------------------------------------------------------
# TESTCASE: test_subquery_with_where TEST_ID: A7_B22_C4
#-------------------------------------------------------------------------
SELECT a_mixed,
       count(*) cnt
FROM
  (SELECT *
   FROM test_array
   WHERE a_mixed<ARRAY['true',
                       '1',
                       '0.1',
                       'S1',
                       NULL])
GROUP BY a_mixed;
+--------------------------+-----+
| a_mixed                  | cnt |
+--------------------------+-----+
| [null, S1, 0.1, 1, true] |   2 |
+--------------------------+-----+
(1 row)

!ok

#-------------------------------------------------------------------------
# TESTCASE: test_subquery_with_where TEST_ID: A7_B22_C5
#-------------------------------------------------------------------------
SELECT a_mixed
FROM
  (SELECT *
   FROM test_array)
WHERE a_mixed<ARRAY['true',
                    '1',
                    '0.1',
                    'S1',
                    NULL];
+--------------------------+
| a_mixed                  |
+--------------------------+
| [null, S1, 0.1, 1, true] |
| [null, S1, 0.1, 1, true] |
+--------------------------+
(2 rows)

!ok

#-------------------------------------------------------------------------
# TESTCASE: test_subquery_with_where TEST_ID: A7_B22_C6
#-------------------------------------------------------------------------
SELECT a_mixed,
       count(*) cnt
FROM
  (SELECT *
   FROM test_array)
WHERE a_mixed<ARRAY['true',
                    '1',
                    '0.1',
                    'S1',
                    NULL]
GROUP BY a_mixed;
+--------------------------+-----+
| a_mixed                  | cnt |
+--------------------------+-----+
| [null, S1, 0.1, 1, true] |   2 |
+--------------------------+-----+
(1 row)

!ok

#-------------------------------------------------------------------------
# TESTCASE: test_subquery_with_where TEST_ID: A7_B22_C7
#-------------------------------------------------------------------------
WITH t1 AS
  (SELECT *
   FROM test_array
   WHERE a_mixed<ARRAY['true',
                       '1',
                       '0.1',
                       'S1',
                       NULL])
SELECT a_mixed
FROM t1;
+--------------------------+
| a_mixed                  |
+--------------------------+
| [null, S1, 0.1, 1, true] |
| [null, S1, 0.1, 1, true] |
+--------------------------+
(2 rows)

!ok

#-------------------------------------------------------------------------
# TESTCASE: test_subquery_with_where TEST_ID: A7_B22_C8
#-------------------------------------------------------------------------
WITH t1 AS
  (SELECT *
   FROM test_array
   WHERE a_mixed<ARRAY['true',
                       '1',
                       '0.1',
                       'S1',
                       NULL])
SELECT a_mixed,
       count(*) cnt
FROM t1
GROUP BY a_mixed;
+--------------------------+-----+
| a_mixed                  | cnt |
+--------------------------+-----+
| [null, S1, 0.1, 1, true] |   2 |
+--------------------------+-----+
(1 row)

!ok

#-------------------------------------------------------------------------
# TESTCASE: test_subquery_with_where TEST_ID: A7_B22_C9
#-------------------------------------------------------------------------
WITH t1 AS
  (SELECT *
   FROM test_array)
SELECT a_mixed
FROM t1
WHERE a_mixed<ARRAY['true',
                    '1',
                    '0.1',
                    'S1',
                    NULL];
+--------------------------+
| a_mixed                  |
+--------------------------+
| [null, S1, 0.1, 1, true] |
| [null, S1, 0.1, 1, true] |
+--------------------------+
(2 rows)

!ok

#-------------------------------------------------------------------------
# TESTCASE: test_subquery_with_where TEST_ID: A7_B22_C10
#-------------------------------------------------------------------------
WITH t1 AS
  (SELECT *
   FROM test_array)
SELECT a_mixed,
       count(*) cnt
FROM t1
WHERE a_mixed<ARRAY['true',
                    '1',
                    '0.1',
                    'S1',
                    NULL]
GROUP BY a_mixed;
+--------------------------+-----+
| a_mixed                  | cnt |
+--------------------------+-----+
| [null, S1, 0.1, 1, true] |   2 |
+--------------------------+-----+
(1 row)

!ok

#-------------------------------------------------------------------------
# TESTCASE: test_subquery_with_where TEST_ID: A7_B23_C1
#-------------------------------------------------------------------------
SELECT a_mixed
FROM test_array
WHERE a_mixed<ARRAY['true',
                    '1',
                    '0.1',
                    'S1',
                    NULL,
                    'extra element'];
+--------------------------+
| a_mixed                  |
+--------------------------+
| [null, S1, 0.1, 1, true] |
| [null, S1, 0.1, 1, true] |
| [true, 1, 0.1, S1, null] |
| [true, 1, 0.1, S1, null] |
+--------------------------+
(4 rows)

!ok

#-------------------------------------------------------------------------
# TESTCASE: test_subquery_with_where TEST_ID: A7_B23_C2
#-------------------------------------------------------------------------
SELECT a_mixed,
       count(*) cnt
FROM test_array
WHERE a_mixed<ARRAY['true',
                    '1',
                    '0.1',
                    'S1',
                    NULL,
                    'extra element']
GROUP BY a_mixed;
+--------------------------+-----+
| a_mixed                  | cnt |
+--------------------------+-----+
| [null, S1, 0.1, 1, true] |   2 |
| [true, 1, 0.1, S1, null] |   2 |
+--------------------------+-----+
(2 rows)

!ok

#-------------------------------------------------------------------------
# TESTCASE: test_subquery_with_where TEST_ID: A7_B23_C3
#-------------------------------------------------------------------------
SELECT a_mixed
FROM
  (SELECT *
   FROM test_array
   WHERE a_mixed<ARRAY['true',
                       '1',
                       '0.1',
                       'S1',
                       NULL,
                       'extra element']);
+--------------------------+
| a_mixed                  |
+--------------------------+
| [null, S1, 0.1, 1, true] |
| [null, S1, 0.1, 1, true] |
| [true, 1, 0.1, S1, null] |
| [true, 1, 0.1, S1, null] |
+--------------------------+
(4 rows)

!ok

#-------------------------------------------------------------------------
# TESTCASE: test_subquery_with_where TEST_ID: A7_B23_C4
#-------------------------------------------------------------------------
SELECT a_mixed,
       count(*) cnt
FROM
  (SELECT *
   FROM test_array
   WHERE a_mixed<ARRAY['true',
                       '1',
                       '0.1',
                       'S1',
                       NULL,
                       'extra element'])
GROUP BY a_mixed;
+--------------------------+-----+
| a_mixed                  | cnt |
+--------------------------+-----+
| [null, S1, 0.1, 1, true] |   2 |
| [true, 1, 0.1, S1, null] |   2 |
+--------------------------+-----+
(2 rows)

!ok

#-------------------------------------------------------------------------
# TESTCASE: test_subquery_with_where TEST_ID: A7_B23_C5
#-------------------------------------------------------------------------
SELECT a_mixed
FROM
  (SELECT *
   FROM test_array)
WHERE a_mixed<ARRAY['true',
                    '1',
                    '0.1',
                    'S1',
                    NULL,
                    'extra element'];
+--------------------------+
| a_mixed                  |
+--------------------------+
| [null, S1, 0.1, 1, true] |
| [null, S1, 0.1, 1, true] |
| [true, 1, 0.1, S1, null] |
| [true, 1, 0.1, S1, null] |
+--------------------------+
(4 rows)

!ok

#-------------------------------------------------------------------------
# TESTCASE: test_subquery_with_where TEST_ID: A7_B23_C6
#-------------------------------------------------------------------------
SELECT a_mixed,
       count(*) cnt
FROM
  (SELECT *
   FROM test_array)
WHERE a_mixed<ARRAY['true',
                    '1',
                    '0.1',
                    'S1',
                    NULL,
                    'extra element']
GROUP BY a_mixed;
+--------------------------+-----+
| a_mixed                  | cnt |
+--------------------------+-----+
| [null, S1, 0.1, 1, true] |   2 |
| [true, 1, 0.1, S1, null] |   2 |
+--------------------------+-----+
(2 rows)

!ok

#-------------------------------------------------------------------------
# TESTCASE: test_subquery_with_where TEST_ID: A7_B23_C7
#-------------------------------------------------------------------------
WITH t1 AS
  (SELECT *
   FROM test_array
   WHERE a_mixed<ARRAY['true',
                       '1',
                       '0.1',
                       'S1',
                       NULL,
                       'extra element'])
SELECT a_mixed
FROM t1;
+--------------------------+
| a_mixed                  |
+--------------------------+
| [null, S1, 0.1, 1, true] |
| [null, S1, 0.1, 1, true] |
| [true, 1, 0.1, S1, null] |
| [true, 1, 0.1, S1, null] |
+--------------------------+
(4 rows)

!ok

#-------------------------------------------------------------------------
# TESTCASE: test_subquery_with_where TEST_ID: A7_B23_C8
#-------------------------------------------------------------------------
WITH t1 AS
  (SELECT *
   FROM test_array
   WHERE a_mixed<ARRAY['true',
                       '1',
                       '0.1',
                       'S1',
                       NULL,
                       'extra element'])
SELECT a_mixed,
       count(*) cnt
FROM t1
GROUP BY a_mixed;
+--------------------------+-----+
| a_mixed                  | cnt |
+--------------------------+-----+
| [null, S1, 0.1, 1, true] |   2 |
| [true, 1, 0.1, S1, null] |   2 |
+--------------------------+-----+
(2 rows)

!ok

#-------------------------------------------------------------------------
# TESTCASE: test_subquery_with_where TEST_ID: A7_B23_C9
#-------------------------------------------------------------------------
WITH t1 AS
  (SELECT *
   FROM test_array)
SELECT a_mixed
FROM t1
WHERE a_mixed<ARRAY['true',
                    '1',
                    '0.1',
                    'S1',
                    NULL,
                    'extra element'];
+--------------------------+
| a_mixed                  |
+--------------------------+
| [null, S1, 0.1, 1, true] |
| [null, S1, 0.1, 1, true] |
| [true, 1, 0.1, S1, null] |
| [true, 1, 0.1, S1, null] |
+--------------------------+
(4 rows)

!ok

