!set useApproximateCountDistinct false
!use druidtest://?componentSupplier=AllDruidEnginesComponentSupplier&datasets=sql/src/test/quidem/qatests/qaArray/sql
!set outputformat mysql
#-------------------------------------------------------------------------
# TESTCASE: test_subquery_with_where TEST_ID: A3_B20_C10
#-------------------------------------------------------------------------
WITH t1 AS
  (SELECT *
   FROM test_array)
SELECT a_float,
       count(*) cnt
FROM t1
WHERE a_float>=json_value(a_nested, '$[7][2]' RETURNING decimal array)
GROUP BY a_float;
+------------------+-----+
| a_float          | cnt |
+------------------+-----+
| [0.1, 0.2, null] |   2 |
| [null, 0.2, 0.1] |   2 |
+------------------+-----+
(2 rows)

!ok

#-------------------------------------------------------------------------
# TESTCASE: test_subquery_with_where TEST_ID: A3_B21_C1
#-------------------------------------------------------------------------
SELECT a_float
FROM test_array
WHERE a_float<ARRAY[0.1,
                    0.2];
+------------------+
| a_float          |
+------------------+
| [null, 0.2, 0.1] |
| [null, 0.2, 0.1] |
+------------------+
(2 rows)

!ok

#-------------------------------------------------------------------------
# TESTCASE: test_subquery_with_where TEST_ID: A3_B21_C2
#-------------------------------------------------------------------------
SELECT a_float,
       count(*) cnt
FROM test_array
WHERE a_float<ARRAY[0.1,
                    0.2]
GROUP BY a_float;
+------------------+-----+
| a_float          | cnt |
+------------------+-----+
| [null, 0.2, 0.1] |   2 |
+------------------+-----+
(1 row)

!ok

#-------------------------------------------------------------------------
# TESTCASE: test_subquery_with_where TEST_ID: A3_B21_C3
#-------------------------------------------------------------------------
SELECT a_float
FROM
  (SELECT *
   FROM test_array
   WHERE a_float<ARRAY[0.1,
                       0.2]);
+------------------+
| a_float          |
+------------------+
| [null, 0.2, 0.1] |
| [null, 0.2, 0.1] |
+------------------+
(2 rows)

!ok

#-------------------------------------------------------------------------
# TESTCASE: test_subquery_with_where TEST_ID: A3_B21_C4
#-------------------------------------------------------------------------
SELECT a_float,
       count(*) cnt
FROM
  (SELECT *
   FROM test_array
   WHERE a_float<ARRAY[0.1,
                       0.2])
GROUP BY a_float;
+------------------+-----+
| a_float          | cnt |
+------------------+-----+
| [null, 0.2, 0.1] |   2 |
+------------------+-----+
(1 row)

!ok

#-------------------------------------------------------------------------
# TESTCASE: test_subquery_with_where TEST_ID: A3_B21_C5
#-------------------------------------------------------------------------
SELECT a_float
FROM
  (SELECT *
   FROM test_array)
WHERE a_float<ARRAY[0.1,
                    0.2];
+------------------+
| a_float          |
+------------------+
| [null, 0.2, 0.1] |
| [null, 0.2, 0.1] |
+------------------+
(2 rows)

!ok

#-------------------------------------------------------------------------
# TESTCASE: test_subquery_with_where TEST_ID: A3_B21_C6
#-------------------------------------------------------------------------
SELECT a_float,
       count(*) cnt
FROM
  (SELECT *
   FROM test_array)
WHERE a_float<ARRAY[0.1,
                    0.2]
GROUP BY a_float;
+------------------+-----+
| a_float          | cnt |
+------------------+-----+
| [null, 0.2, 0.1] |   2 |
+------------------+-----+
(1 row)

!ok

#-------------------------------------------------------------------------
# TESTCASE: test_subquery_with_where TEST_ID: A3_B21_C7
#-------------------------------------------------------------------------
WITH t1 AS
  (SELECT *
   FROM test_array
   WHERE a_float<ARRAY[0.1,
                       0.2])
SELECT a_float
FROM t1;
+------------------+
| a_float          |
+------------------+
| [null, 0.2, 0.1] |
| [null, 0.2, 0.1] |
+------------------+
(2 rows)

!ok

#-------------------------------------------------------------------------
# TESTCASE: test_subquery_with_where TEST_ID: A3_B21_C8
#-------------------------------------------------------------------------
WITH t1 AS
  (SELECT *
   FROM test_array
   WHERE a_float<ARRAY[0.1,
                       0.2])
SELECT a_float,
       count(*) cnt
FROM t1
GROUP BY a_float;
+------------------+-----+
| a_float          | cnt |
+------------------+-----+
| [null, 0.2, 0.1] |   2 |
+------------------+-----+
(1 row)

!ok

#-------------------------------------------------------------------------
# TESTCASE: test_subquery_with_where TEST_ID: A3_B21_C9
#-------------------------------------------------------------------------
WITH t1 AS
  (SELECT *
   FROM test_array)
SELECT a_float
FROM t1
WHERE a_float<ARRAY[0.1,
                    0.2];
+------------------+
| a_float          |
+------------------+
| [null, 0.2, 0.1] |
| [null, 0.2, 0.1] |
+------------------+
(2 rows)

!ok

#-------------------------------------------------------------------------
# TESTCASE: test_subquery_with_where TEST_ID: A3_B21_C10
#-------------------------------------------------------------------------
WITH t1 AS
  (SELECT *
   FROM test_array)
SELECT a_float,
       count(*) cnt
FROM t1
WHERE a_float<ARRAY[0.1,
                    0.2]
GROUP BY a_float;
+------------------+-----+
| a_float          | cnt |
+------------------+-----+
| [null, 0.2, 0.1] |   2 |
+------------------+-----+
(1 row)

!ok

#-------------------------------------------------------------------------
# TESTCASE: test_subquery_with_where TEST_ID: A3_B22_C1
#-------------------------------------------------------------------------
SELECT a_float
FROM test_array
WHERE a_float<ARRAY[0.1,
                    0.2,
                    NULL];
+------------------+
| a_float          |
+------------------+
| [null, 0.2, 0.1] |
| [null, 0.2, 0.1] |
+------------------+
(2 rows)

!ok

#-------------------------------------------------------------------------
# TESTCASE: test_subquery_with_where TEST_ID: A3_B22_C2
#-------------------------------------------------------------------------
SELECT a_float,
       count(*) cnt
FROM test_array
WHERE a_float<ARRAY[0.1,
                    0.2,
                    NULL]
GROUP BY a_float;
+------------------+-----+
| a_float          | cnt |
+------------------+-----+
| [null, 0.2, 0.1] |   2 |
+------------------+-----+
(1 row)

!ok

#-------------------------------------------------------------------------
# TESTCASE: test_subquery_with_where TEST_ID: A3_B22_C3
#-------------------------------------------------------------------------
SELECT a_float
FROM
  (SELECT *
   FROM test_array
   WHERE a_float<ARRAY[0.1,
                       0.2,
                       NULL]);
+------------------+
| a_float          |
+------------------+
| [null, 0.2, 0.1] |
| [null, 0.2, 0.1] |
+------------------+
(2 rows)

!ok

#-------------------------------------------------------------------------
# TESTCASE: test_subquery_with_where TEST_ID: A3_B22_C4
#-------------------------------------------------------------------------
SELECT a_float,
       count(*) cnt
FROM
  (SELECT *
   FROM test_array
   WHERE a_float<ARRAY[0.1,
                       0.2,
                       NULL])
GROUP BY a_float;
+------------------+-----+
| a_float          | cnt |
+------------------+-----+
| [null, 0.2, 0.1] |   2 |
+------------------+-----+
(1 row)

!ok

#-------------------------------------------------------------------------
# TESTCASE: test_subquery_with_where TEST_ID: A3_B22_C5
#-------------------------------------------------------------------------
SELECT a_float
FROM
  (SELECT *
   FROM test_array)
WHERE a_float<ARRAY[0.1,
                    0.2,
                    NULL];
+------------------+
| a_float          |
+------------------+
| [null, 0.2, 0.1] |
| [null, 0.2, 0.1] |
+------------------+
(2 rows)

!ok

#-------------------------------------------------------------------------
# TESTCASE: test_subquery_with_where TEST_ID: A3_B22_C6
#-------------------------------------------------------------------------
SELECT a_float,
       count(*) cnt
FROM
  (SELECT *
   FROM test_array)
WHERE a_float<ARRAY[0.1,
                    0.2,
                    NULL]
GROUP BY a_float;
+------------------+-----+
| a_float          | cnt |
+------------------+-----+
| [null, 0.2, 0.1] |   2 |
+------------------+-----+
(1 row)

!ok

#-------------------------------------------------------------------------
# TESTCASE: test_subquery_with_where TEST_ID: A3_B22_C7
#-------------------------------------------------------------------------
WITH t1 AS
  (SELECT *
   FROM test_array
   WHERE a_float<ARRAY[0.1,
                       0.2,
                       NULL])
SELECT a_float
FROM t1;
+------------------+
| a_float          |
+------------------+
| [null, 0.2, 0.1] |
| [null, 0.2, 0.1] |
+------------------+
(2 rows)

!ok

#-------------------------------------------------------------------------
# TESTCASE: test_subquery_with_where TEST_ID: A3_B22_C8
#-------------------------------------------------------------------------
WITH t1 AS
  (SELECT *
   FROM test_array
   WHERE a_float<ARRAY[0.1,
                       0.2,
                       NULL])
SELECT a_float,
       count(*) cnt
FROM t1
GROUP BY a_float;
+------------------+-----+
| a_float          | cnt |
+------------------+-----+
| [null, 0.2, 0.1] |   2 |
+------------------+-----+
(1 row)

!ok

#-------------------------------------------------------------------------
# TESTCASE: test_subquery_with_where TEST_ID: A3_B22_C9
#-------------------------------------------------------------------------
WITH t1 AS
  (SELECT *
   FROM test_array)
SELECT a_float
FROM t1
WHERE a_float<ARRAY[0.1,
                    0.2,
                    NULL];
+------------------+
| a_float          |
+------------------+
| [null, 0.2, 0.1] |
| [null, 0.2, 0.1] |
+------------------+
(2 rows)

!ok

#-------------------------------------------------------------------------
# TESTCASE: test_subquery_with_where TEST_ID: A3_B22_C10
#-------------------------------------------------------------------------
WITH t1 AS
  (SELECT *
   FROM test_array)
SELECT a_float,
       count(*) cnt
FROM t1
WHERE a_float<ARRAY[0.1,
                    0.2,
                    NULL]
GROUP BY a_float;
+------------------+-----+
| a_float          | cnt |
+------------------+-----+
| [null, 0.2, 0.1] |   2 |
+------------------+-----+
(1 row)

!ok

#-------------------------------------------------------------------------
# TESTCASE: test_subquery_with_where TEST_ID: A3_B23_C1
#-------------------------------------------------------------------------
SELECT a_float
FROM test_array
WHERE a_float<ARRAY[0.1,
                    0.2,
                    0.3];
+------------------+
| a_float          |
+------------------+
| [0.1, 0.2, null] |
| [0.1, 0.2, null] |
| [null, 0.2, 0.1] |
| [null, 0.2, 0.1] |
+------------------+
(4 rows)

!ok

#-------------------------------------------------------------------------
# TESTCASE: test_subquery_with_where TEST_ID: A3_B23_C2
#-------------------------------------------------------------------------
SELECT a_float,
       count(*) cnt
FROM test_array
WHERE a_float<ARRAY[0.1,
                    0.2,
                    0.3]
GROUP BY a_float;
+------------------+-----+
| a_float          | cnt |
+------------------+-----+
| [0.1, 0.2, null] |   2 |
| [null, 0.2, 0.1] |   2 |
+------------------+-----+
(2 rows)

!ok

#-------------------------------------------------------------------------
# TESTCASE: test_subquery_with_where TEST_ID: A3_B23_C3
#-------------------------------------------------------------------------
SELECT a_float
FROM
  (SELECT *
   FROM test_array
   WHERE a_float<ARRAY[0.1,
                       0.2,
                       0.3]);
+------------------+
| a_float          |
+------------------+
| [0.1, 0.2, null] |
| [0.1, 0.2, null] |
| [null, 0.2, 0.1] |
| [null, 0.2, 0.1] |
+------------------+
(4 rows)

!ok

#-------------------------------------------------------------------------
# TESTCASE: test_subquery_with_where TEST_ID: A3_B23_C4
#-------------------------------------------------------------------------
SELECT a_float,
       count(*) cnt
FROM
  (SELECT *
   FROM test_array
   WHERE a_float<ARRAY[0.1,
                       0.2,
                       0.3])
GROUP BY a_float;
+------------------+-----+
| a_float          | cnt |
+------------------+-----+
| [0.1, 0.2, null] |   2 |
| [null, 0.2, 0.1] |   2 |
+------------------+-----+
(2 rows)

!ok

#-------------------------------------------------------------------------
# TESTCASE: test_subquery_with_where TEST_ID: A3_B23_C5
#-------------------------------------------------------------------------
SELECT a_float
FROM
  (SELECT *
   FROM test_array)
WHERE a_float<ARRAY[0.1,
                    0.2,
                    0.3];
+------------------+
| a_float          |
+------------------+
| [0.1, 0.2, null] |
| [0.1, 0.2, null] |
| [null, 0.2, 0.1] |
| [null, 0.2, 0.1] |
+------------------+
(4 rows)

!ok

#-------------------------------------------------------------------------
# TESTCASE: test_subquery_with_where TEST_ID: A3_B23_C6
#-------------------------------------------------------------------------
SELECT a_float,
       count(*) cnt
FROM
  (SELECT *
   FROM test_array)
WHERE a_float<ARRAY[0.1,
                    0.2,
                    0.3]
GROUP BY a_float;
+------------------+-----+
| a_float          | cnt |
+------------------+-----+
| [0.1, 0.2, null] |   2 |
| [null, 0.2, 0.1] |   2 |
+------------------+-----+
(2 rows)

!ok

#-------------------------------------------------------------------------
# TESTCASE: test_subquery_with_where TEST_ID: A3_B23_C7
#-------------------------------------------------------------------------
WITH t1 AS
  (SELECT *
   FROM test_array
   WHERE a_float<ARRAY[0.1,
                       0.2,
                       0.3])
SELECT a_float
FROM t1;
+------------------+
| a_float          |
+------------------+
| [0.1, 0.2, null] |
| [0.1, 0.2, null] |
| [null, 0.2, 0.1] |
| [null, 0.2, 0.1] |
+------------------+
(4 rows)

!ok

#-------------------------------------------------------------------------
# TESTCASE: test_subquery_with_where TEST_ID: A3_B23_C8
#-------------------------------------------------------------------------
WITH t1 AS
  (SELECT *
   FROM test_array
   WHERE a_float<ARRAY[0.1,
                       0.2,
                       0.3])
SELECT a_float,
       count(*) cnt
FROM t1
GROUP BY a_float;
+------------------+-----+
| a_float          | cnt |
+------------------+-----+
| [0.1, 0.2, null] |   2 |
| [null, 0.2, 0.1] |   2 |
+------------------+-----+
(2 rows)

!ok

#-------------------------------------------------------------------------
# TESTCASE: test_subquery_with_where TEST_ID: A3_B23_C9
#-------------------------------------------------------------------------
WITH t1 AS
  (SELECT *
   FROM test_array)
SELECT a_float
FROM t1
WHERE a_float<ARRAY[0.1,
                    0.2,
                    0.3];
+------------------+
| a_float          |
+------------------+
| [0.1, 0.2, null] |
| [0.1, 0.2, null] |
| [null, 0.2, 0.1] |
| [null, 0.2, 0.1] |
+------------------+
(4 rows)

!ok

#-------------------------------------------------------------------------
# TESTCASE: test_subquery_with_where TEST_ID: A3_B23_C10
#-------------------------------------------------------------------------
WITH t1 AS
  (SELECT *
   FROM test_array)
SELECT a_float,
       count(*) cnt
FROM t1
WHERE a_float<ARRAY[0.1,
                    0.2,
                    0.3]
GROUP BY a_float;
+------------------+-----+
| a_float          | cnt |
+------------------+-----+
| [0.1, 0.2, null] |   2 |
| [null, 0.2, 0.1] |   2 |
+------------------+-----+
(2 rows)

!ok

#-------------------------------------------------------------------------
# TESTCASE: test_subquery_with_where TEST_ID: A3_B24_C1
#-------------------------------------------------------------------------
SELECT a_float
FROM test_array
WHERE a_float<json_value(a_nested, '$[2]' RETURNING decimal array);
+---------+
| a_float |
+---------+
+---------+
(0 rows)

!ok

#-------------------------------------------------------------------------
# TESTCASE: test_subquery_with_where TEST_ID: A3_B24_C2
#-------------------------------------------------------------------------
SELECT a_float,
       count(*) cnt
FROM test_array
WHERE a_float<json_value(a_nested, '$[2]' RETURNING decimal array)
GROUP BY a_float;
+---------+-----+
| a_float | cnt |
+---------+-----+
+---------+-----+
(0 rows)

!ok

#-------------------------------------------------------------------------
# TESTCASE: test_subquery_with_where TEST_ID: A3_B24_C3
#-------------------------------------------------------------------------
SELECT a_float
FROM
  (SELECT *
   FROM test_array
   WHERE a_float<json_value(a_nested, '$[2]' RETURNING decimal array));
+---------+
| a_float |
+---------+
+---------+
(0 rows)

!ok

#-------------------------------------------------------------------------
# TESTCASE: test_subquery_with_where TEST_ID: A3_B24_C4
#-------------------------------------------------------------------------
SELECT a_float,
       count(*) cnt
FROM
  (SELECT *
   FROM test_array
   WHERE a_float<json_value(a_nested, '$[2]' RETURNING decimal array))
GROUP BY a_float;
+---------+-----+
| a_float | cnt |
+---------+-----+
+---------+-----+
(0 rows)

!ok

#-------------------------------------------------------------------------
# TESTCASE: test_subquery_with_where TEST_ID: A3_B24_C5
#-------------------------------------------------------------------------
SELECT a_float
FROM
  (SELECT *
   FROM test_array)
WHERE a_float<json_value(a_nested, '$[2]' RETURNING decimal array);
+---------+
| a_float |
+---------+
+---------+
(0 rows)

!ok

#-------------------------------------------------------------------------
# TESTCASE: test_subquery_with_where TEST_ID: A3_B24_C6
#-------------------------------------------------------------------------
SELECT a_float,
       count(*) cnt
FROM
  (SELECT *
   FROM test_array)
WHERE a_float<json_value(a_nested, '$[2]' RETURNING decimal array)
GROUP BY a_float;
+---------+-----+
| a_float | cnt |
+---------+-----+
+---------+-----+
(0 rows)

!ok

#-------------------------------------------------------------------------
# TESTCASE: test_subquery_with_where TEST_ID: A3_B24_C7
#-------------------------------------------------------------------------
WITH t1 AS
  (SELECT *
   FROM test_array
   WHERE a_float<json_value(a_nested, '$[2]' RETURNING decimal array))
SELECT a_float
FROM t1;
+---------+
| a_float |
+---------+
+---------+
(0 rows)

!ok

#-------------------------------------------------------------------------
# TESTCASE: test_subquery_with_where TEST_ID: A3_B24_C8
#-------------------------------------------------------------------------
WITH t1 AS
  (SELECT *
   FROM test_array
   WHERE a_float<json_value(a_nested, '$[2]' RETURNING decimal array))
SELECT a_float,
       count(*) cnt
FROM t1
GROUP BY a_float;
+---------+-----+
| a_float | cnt |
+---------+-----+
+---------+-----+
(0 rows)

!ok

#-------------------------------------------------------------------------
# TESTCASE: test_subquery_with_where TEST_ID: A3_B24_C9
#-------------------------------------------------------------------------
WITH t1 AS
  (SELECT *
   FROM test_array)
SELECT a_float
FROM t1
WHERE a_float<json_value(a_nested, '$[2]' RETURNING decimal array);
+---------+
| a_float |
+---------+
+---------+
(0 rows)

!ok

#-------------------------------------------------------------------------
# TESTCASE: test_subquery_with_where TEST_ID: A3_B24_C10
#-------------------------------------------------------------------------
WITH t1 AS
  (SELECT *
   FROM test_array)
SELECT a_float,
       count(*) cnt
FROM t1
WHERE a_float<json_value(a_nested, '$[2]' RETURNING decimal array)
GROUP BY a_float;
+---------+-----+
| a_float | cnt |
+---------+-----+
+---------+-----+
(0 rows)

!ok

#-------------------------------------------------------------------------
# TESTCASE: test_subquery_with_where TEST_ID: A3_B25_C1
#-------------------------------------------------------------------------
SELECT a_float
FROM test_array
WHERE a_float<json_value(a_nested, '$[7][2]' RETURNING decimal array);
+---------+
| a_float |
+---------+
+---------+
(0 rows)

!ok

#-------------------------------------------------------------------------
# TESTCASE: test_subquery_with_where TEST_ID: A3_B25_C2
#-------------------------------------------------------------------------
SELECT a_float,
       count(*) cnt
FROM test_array
WHERE a_float<json_value(a_nested, '$[7][2]' RETURNING decimal array)
GROUP BY a_float;
+---------+-----+
| a_float | cnt |
+---------+-----+
+---------+-----+
(0 rows)

!ok

#-------------------------------------------------------------------------
# TESTCASE: test_subquery_with_where TEST_ID: A3_B25_C3
#-------------------------------------------------------------------------
SELECT a_float
FROM
  (SELECT *
   FROM test_array
   WHERE a_float<json_value(a_nested, '$[7][2]' RETURNING decimal array));
+---------+
| a_float |
+---------+
+---------+
(0 rows)

!ok

#-------------------------------------------------------------------------
# TESTCASE: test_subquery_with_where TEST_ID: A3_B25_C4
#-------------------------------------------------------------------------
SELECT a_float,
       count(*) cnt
FROM
  (SELECT *
   FROM test_array
   WHERE a_float<json_value(a_nested, '$[7][2]' RETURNING decimal array))
GROUP BY a_float;
+---------+-----+
| a_float | cnt |
+---------+-----+
+---------+-----+
(0 rows)

!ok

#-------------------------------------------------------------------------
# TESTCASE: test_subquery_with_where TEST_ID: A3_B25_C5
#-------------------------------------------------------------------------
SELECT a_float
FROM
  (SELECT *
   FROM test_array)
WHERE a_float<json_value(a_nested, '$[7][2]' RETURNING decimal array);
+---------+
| a_float |
+---------+
+---------+
(0 rows)

!ok

#-------------------------------------------------------------------------
# TESTCASE: test_subquery_with_where TEST_ID: A3_B25_C6
#-------------------------------------------------------------------------
SELECT a_float,
       count(*) cnt
FROM
  (SELECT *
   FROM test_array)
WHERE a_float<json_value(a_nested, '$[7][2]' RETURNING decimal array)
GROUP BY a_float;
+---------+-----+
| a_float | cnt |
+---------+-----+
+---------+-----+
(0 rows)

!ok

#-------------------------------------------------------------------------
# TESTCASE: test_subquery_with_where TEST_ID: A3_B25_C7
#-------------------------------------------------------------------------
WITH t1 AS
  (SELECT *
   FROM test_array
   WHERE a_float<json_value(a_nested, '$[7][2]' RETURNING decimal array))
SELECT a_float
FROM t1;
+---------+
| a_float |
+---------+
+---------+
(0 rows)

!ok

#-------------------------------------------------------------------------
# TESTCASE: test_subquery_with_where TEST_ID: A3_B25_C8
#-------------------------------------------------------------------------
WITH t1 AS
  (SELECT *
   FROM test_array
   WHERE a_float<json_value(a_nested, '$[7][2]' RETURNING decimal array))
SELECT a_float,
       count(*) cnt
FROM t1
GROUP BY a_float;
+---------+-----+
| a_float | cnt |
+---------+-----+
+---------+-----+
(0 rows)

!ok

#-------------------------------------------------------------------------
# TESTCASE: test_subquery_with_where TEST_ID: A3_B25_C9
#-------------------------------------------------------------------------
WITH t1 AS
  (SELECT *
   FROM test_array)
SELECT a_float
FROM t1
WHERE a_float<json_value(a_nested, '$[7][2]' RETURNING decimal array);
+---------+
| a_float |
+---------+
+---------+
(0 rows)

!ok

