!set useApproximateCountDistinct false
!use druidtest://?componentSupplier=AllDruidEnginesComponentSupplier&datasets=sql/src/test/quidem/qatests/qaArray/sql
!set outputformat mysql
#-------------------------------------------------------------------------
# TESTCASE: test_select_count TEST_ID: SEL_DATASOURCE
#-------------------------------------------------------------------------
SELECT count(*) cnt
FROM test_array;
+-----+
| cnt |
+-----+
|   4 |
+-----+
(1 row)

!ok

#-------------------------------------------------------------------------
# TESTCASE: test_select_count TEST_ID: A1_B1
#-------------------------------------------------------------------------
SELECT count(*) cnt
FROM test_array;
+-----+
| cnt |
+-----+
|   4 |
+-----+
(1 row)

!ok

#-------------------------------------------------------------------------
# TESTCASE: test_select_count TEST_ID: A1_B2
#-------------------------------------------------------------------------
SELECT count(a_bool) cnt
FROM test_array;
+-----+
| cnt |
+-----+
|   4 |
+-----+
(1 row)

!ok

#-------------------------------------------------------------------------
# TESTCASE: test_select_count TEST_ID: A1_B3
#-------------------------------------------------------------------------
SELECT count(DISTINCT a_bool) cnt
FROM test_array;
+-----+
| cnt |
+-----+
|   2 |
+-----+
(1 row)

!ok

#-------------------------------------------------------------------------
# TESTCASE: test_select_count TEST_ID: A2_B1
#-------------------------------------------------------------------------
SELECT count(*) cnt
FROM test_array;
+-----+
| cnt |
+-----+
|   4 |
+-----+
(1 row)

!ok

#-------------------------------------------------------------------------
# TESTCASE: test_select_count TEST_ID: A2_B2
#-------------------------------------------------------------------------
SELECT count(a_int) cnt
FROM test_array;
+-----+
| cnt |
+-----+
|   4 |
+-----+
(1 row)

!ok

#-------------------------------------------------------------------------
# TESTCASE: test_select_count TEST_ID: A2_B3
#-------------------------------------------------------------------------
SELECT count(DISTINCT a_int) cnt
FROM test_array;
+-----+
| cnt |
+-----+
|   2 |
+-----+
(1 row)

!ok

#-------------------------------------------------------------------------
# TESTCASE: test_select_count TEST_ID: A3_B1
#-------------------------------------------------------------------------
SELECT count(*) cnt
FROM test_array;
+-----+
| cnt |
+-----+
|   4 |
+-----+
(1 row)

!ok

#-------------------------------------------------------------------------
# TESTCASE: test_select_count TEST_ID: A3_B2
#-------------------------------------------------------------------------
SELECT count(a_float) cnt
FROM test_array;
+-----+
| cnt |
+-----+
|   4 |
+-----+
(1 row)

!ok

#-------------------------------------------------------------------------
# TESTCASE: test_select_count TEST_ID: A3_B3
#-------------------------------------------------------------------------
SELECT count(DISTINCT a_float) cnt
FROM test_array;
+-----+
| cnt |
+-----+
|   2 |
+-----+
(1 row)

!ok

#-------------------------------------------------------------------------
# TESTCASE: test_select_count TEST_ID: A4_B1
#-------------------------------------------------------------------------
SELECT count(*) cnt
FROM test_array;
+-----+
| cnt |
+-----+
|   4 |
+-----+
(1 row)

!ok

#-------------------------------------------------------------------------
# TESTCASE: test_select_count TEST_ID: A4_B2
#-------------------------------------------------------------------------
SELECT count(a_str) cnt
FROM test_array;
+-----+
| cnt |
+-----+
|   4 |
+-----+
(1 row)

!ok

#-------------------------------------------------------------------------
# TESTCASE: test_select_count TEST_ID: A4_B3
#-------------------------------------------------------------------------
SELECT count(DISTINCT a_str) cnt
FROM test_array;
+-----+
| cnt |
+-----+
|   2 |
+-----+
(1 row)

!ok

#-------------------------------------------------------------------------
# TESTCASE: test_select_count TEST_ID: A5_B1
#-------------------------------------------------------------------------
SELECT count(*) cnt
FROM test_array;
+-----+
| cnt |
+-----+
|   4 |
+-----+
(1 row)

!ok

#-------------------------------------------------------------------------
# TESTCASE: test_select_count TEST_ID: A5_B2
#-------------------------------------------------------------------------
SELECT count(a_null) cnt
FROM test_array;
+-----+
| cnt |
+-----+
|   4 |
+-----+
(1 row)

!ok

#-------------------------------------------------------------------------
# TESTCASE: test_select_count TEST_ID: A5_B3
#-------------------------------------------------------------------------
SELECT count(DISTINCT a_null) cnt
FROM test_array;
+-----+
| cnt |
+-----+
|   1 |
+-----+
(1 row)

!ok

#-------------------------------------------------------------------------
# TESTCASE: test_select_count TEST_ID: A6_B1
#-------------------------------------------------------------------------
SELECT count(*) cnt
FROM test_array;
+-----+
| cnt |
+-----+
|   4 |
+-----+
(1 row)

!ok

#-------------------------------------------------------------------------
# TESTCASE: test_select_count TEST_ID: A6_B2
#-------------------------------------------------------------------------
SELECT count(a_empty) cnt
FROM test_array;
+-----+
| cnt |
+-----+
|   4 |
+-----+
(1 row)

!ok

#-------------------------------------------------------------------------
# TESTCASE: test_select_count TEST_ID: A6_B3
#-------------------------------------------------------------------------
SELECT count(DISTINCT a_empty) cnt
FROM test_array;
+-----+
| cnt |
+-----+
|   1 |
+-----+
(1 row)

!ok

#-------------------------------------------------------------------------
# TESTCASE: test_select_count TEST_ID: A7_B1
#-------------------------------------------------------------------------
SELECT count(*) cnt
FROM test_array;
+-----+
| cnt |
+-----+
|   4 |
+-----+
(1 row)

!ok

#-------------------------------------------------------------------------
# TESTCASE: test_select_count TEST_ID: A7_B2
#-------------------------------------------------------------------------
SELECT count(a_mixed) cnt
FROM test_array;
+-----+
| cnt |
+-----+
|   4 |
+-----+
(1 row)

!ok

#-------------------------------------------------------------------------
# TESTCASE: test_select_count TEST_ID: A7_B3
#-------------------------------------------------------------------------
SELECT count(DISTINCT a_mixed) cnt
FROM test_array;
+-----+
| cnt |
+-----+
|   2 |
+-----+
(1 row)

!ok

#-------------------------------------------------------------------------
# TESTCASE: test_select_count TEST_ID: A8_B1
#-------------------------------------------------------------------------
SELECT count(*) cnt
FROM test_array;
+-----+
| cnt |
+-----+
|   4 |
+-----+
(1 row)

!ok

#-------------------------------------------------------------------------
# TESTCASE: test_select_count TEST_ID: A8_B2
#-------------------------------------------------------------------------
SELECT count(a_nested) cnt
FROM test_array;
+-----+
| cnt |
+-----+
|   4 |
+-----+
(1 row)

!ok

#-------------------------------------------------------------------------
# TESTCASE: test_select_count TEST_ID: A8_B3
#-------------------------------------------------------------------------
SELECT count(DISTINCT a_nested) cnt
FROM test_array;
+-----+
| cnt |
+-----+
|   2 |
+-----+
(1 row)

!ok

