!set useApproximateCountDistinct false
!use druidtest://?componentSupplier=AllDruidEnginesComponentSupplier&datasets=sql/src/test/quidem/qatests/qaArray/sql
!set outputformat mysql
#-------------------------------------------------------------------------
# TESTCASE: test_subquery_with_where TEST_ID: A1_B27_C10
#-------------------------------------------------------------------------
WITH t1 AS
  (SELECT *
   FROM test_array)
SELECT a_bool,
       count(*) cnt
FROM t1
WHERE a_bool<=ARRAY[1,
                    0,
                    NULL]
GROUP BY a_bool;
+--------------+-----+
| a_bool       | cnt |
+--------------+-----+
| [1, 0, null] |   2 |
| [null, 0, 1] |   2 |
+--------------+-----+
(2 rows)

!ok

#-------------------------------------------------------------------------
# TESTCASE: test_subquery_with_where TEST_ID: A1_B28_C1
#-------------------------------------------------------------------------
SELECT a_bool
FROM test_array
WHERE a_bool<=ARRAY[1,
                    2,
                    3];
+--------------+
| a_bool       |
+--------------+
| [1, 0, null] |
| [1, 0, null] |
| [null, 0, 1] |
| [null, 0, 1] |
+--------------+
(4 rows)

!ok

#-------------------------------------------------------------------------
# TESTCASE: test_subquery_with_where TEST_ID: A1_B28_C2
#-------------------------------------------------------------------------
SELECT a_bool,
       count(*) cnt
FROM test_array
WHERE a_bool<=ARRAY[1,
                    2,
                    3]
GROUP BY a_bool;
+--------------+-----+
| a_bool       | cnt |
+--------------+-----+
| [1, 0, null] |   2 |
| [null, 0, 1] |   2 |
+--------------+-----+
(2 rows)

!ok

#-------------------------------------------------------------------------
# TESTCASE: test_subquery_with_where TEST_ID: A1_B28_C3
#-------------------------------------------------------------------------
SELECT a_bool
FROM
  (SELECT *
   FROM test_array
   WHERE a_bool<=ARRAY[1,
                       2,
                       3]);
+--------------+
| a_bool       |
+--------------+
| [1, 0, null] |
| [1, 0, null] |
| [null, 0, 1] |
| [null, 0, 1] |
+--------------+
(4 rows)

!ok

#-------------------------------------------------------------------------
# TESTCASE: test_subquery_with_where TEST_ID: A1_B28_C4
#-------------------------------------------------------------------------
SELECT a_bool,
       count(*) cnt
FROM
  (SELECT *
   FROM test_array
   WHERE a_bool<=ARRAY[1,
                       2,
                       3])
GROUP BY a_bool;
+--------------+-----+
| a_bool       | cnt |
+--------------+-----+
| [1, 0, null] |   2 |
| [null, 0, 1] |   2 |
+--------------+-----+
(2 rows)

!ok

#-------------------------------------------------------------------------
# TESTCASE: test_subquery_with_where TEST_ID: A1_B28_C5
#-------------------------------------------------------------------------
SELECT a_bool
FROM
  (SELECT *
   FROM test_array)
WHERE a_bool<=ARRAY[1,
                    2,
                    3];
+--------------+
| a_bool       |
+--------------+
| [1, 0, null] |
| [1, 0, null] |
| [null, 0, 1] |
| [null, 0, 1] |
+--------------+
(4 rows)

!ok

#-------------------------------------------------------------------------
# TESTCASE: test_subquery_with_where TEST_ID: A1_B28_C6
#-------------------------------------------------------------------------
SELECT a_bool,
       count(*) cnt
FROM
  (SELECT *
   FROM test_array)
WHERE a_bool<=ARRAY[1,
                    2,
                    3]
GROUP BY a_bool;
+--------------+-----+
| a_bool       | cnt |
+--------------+-----+
| [1, 0, null] |   2 |
| [null, 0, 1] |   2 |
+--------------+-----+
(2 rows)

!ok

#-------------------------------------------------------------------------
# TESTCASE: test_subquery_with_where TEST_ID: A1_B28_C7
#-------------------------------------------------------------------------
WITH t1 AS
  (SELECT *
   FROM test_array
   WHERE a_bool<=ARRAY[1,
                       2,
                       3])
SELECT a_bool
FROM t1;
+--------------+
| a_bool       |
+--------------+
| [1, 0, null] |
| [1, 0, null] |
| [null, 0, 1] |
| [null, 0, 1] |
+--------------+
(4 rows)

!ok

#-------------------------------------------------------------------------
# TESTCASE: test_subquery_with_where TEST_ID: A1_B28_C8
#-------------------------------------------------------------------------
WITH t1 AS
  (SELECT *
   FROM test_array
   WHERE a_bool<=ARRAY[1,
                       2,
                       3])
SELECT a_bool,
       count(*) cnt
FROM t1
GROUP BY a_bool;
+--------------+-----+
| a_bool       | cnt |
+--------------+-----+
| [1, 0, null] |   2 |
| [null, 0, 1] |   2 |
+--------------+-----+
(2 rows)

!ok

#-------------------------------------------------------------------------
# TESTCASE: test_subquery_with_where TEST_ID: A1_B28_C9
#-------------------------------------------------------------------------
WITH t1 AS
  (SELECT *
   FROM test_array)
SELECT a_bool
FROM t1
WHERE a_bool<=ARRAY[1,
                    2,
                    3];
+--------------+
| a_bool       |
+--------------+
| [1, 0, null] |
| [1, 0, null] |
| [null, 0, 1] |
| [null, 0, 1] |
+--------------+
(4 rows)

!ok

#-------------------------------------------------------------------------
# TESTCASE: test_subquery_with_where TEST_ID: A1_B28_C10
#-------------------------------------------------------------------------
WITH t1 AS
  (SELECT *
   FROM test_array)
SELECT a_bool,
       count(*) cnt
FROM t1
WHERE a_bool<=ARRAY[1,
                    2,
                    3]
GROUP BY a_bool;
+--------------+-----+
| a_bool       | cnt |
+--------------+-----+
| [1, 0, null] |   2 |
| [null, 0, 1] |   2 |
+--------------+-----+
(2 rows)

!ok

#-------------------------------------------------------------------------
# TESTCASE: test_subquery_with_where TEST_ID: A1_B29_C1
#-------------------------------------------------------------------------
SELECT a_bool
FROM test_array
WHERE a_bool<=json_value(a_nested, '$[0]' RETURNING boolean array);
+--------------+
| a_bool       |
+--------------+
| [1, 0, null] |
| [1, 0, null] |
| [null, 0, 1] |
| [null, 0, 1] |
+--------------+
(4 rows)

!ok

#-------------------------------------------------------------------------
# TESTCASE: test_subquery_with_where TEST_ID: A1_B29_C2
#-------------------------------------------------------------------------
SELECT a_bool,
       count(*) cnt
FROM test_array
WHERE a_bool<=json_value(a_nested, '$[0]' RETURNING boolean array)
GROUP BY a_bool;
+--------------+-----+
| a_bool       | cnt |
+--------------+-----+
| [1, 0, null] |   2 |
| [null, 0, 1] |   2 |
+--------------+-----+
(2 rows)

!ok

#-------------------------------------------------------------------------
# TESTCASE: test_subquery_with_where TEST_ID: A1_B29_C3
#-------------------------------------------------------------------------
SELECT a_bool
FROM
  (SELECT *
   FROM test_array
   WHERE a_bool<=json_value(a_nested, '$[0]' RETURNING boolean array));
+--------------+
| a_bool       |
+--------------+
| [1, 0, null] |
| [1, 0, null] |
| [null, 0, 1] |
| [null, 0, 1] |
+--------------+
(4 rows)

!ok

#-------------------------------------------------------------------------
# TESTCASE: test_subquery_with_where TEST_ID: A1_B29_C4
#-------------------------------------------------------------------------
SELECT a_bool,
       count(*) cnt
FROM
  (SELECT *
   FROM test_array
   WHERE a_bool<=json_value(a_nested, '$[0]' RETURNING boolean array))
GROUP BY a_bool;
+--------------+-----+
| a_bool       | cnt |
+--------------+-----+
| [1, 0, null] |   2 |
| [null, 0, 1] |   2 |
+--------------+-----+
(2 rows)

!ok

#-------------------------------------------------------------------------
# TESTCASE: test_subquery_with_where TEST_ID: A1_B29_C5
#-------------------------------------------------------------------------
SELECT a_bool
FROM
  (SELECT *
   FROM test_array)
WHERE a_bool<=json_value(a_nested, '$[0]' RETURNING boolean array);
+--------------+
| a_bool       |
+--------------+
| [1, 0, null] |
| [1, 0, null] |
| [null, 0, 1] |
| [null, 0, 1] |
+--------------+
(4 rows)

!ok

#-------------------------------------------------------------------------
# TESTCASE: test_subquery_with_where TEST_ID: A1_B29_C6
#-------------------------------------------------------------------------
SELECT a_bool,
       count(*) cnt
FROM
  (SELECT *
   FROM test_array)
WHERE a_bool<=json_value(a_nested, '$[0]' RETURNING boolean array)
GROUP BY a_bool;
+--------------+-----+
| a_bool       | cnt |
+--------------+-----+
| [1, 0, null] |   2 |
| [null, 0, 1] |   2 |
+--------------+-----+
(2 rows)

!ok

#-------------------------------------------------------------------------
# TESTCASE: test_subquery_with_where TEST_ID: A1_B29_C7
#-------------------------------------------------------------------------
WITH t1 AS
  (SELECT *
   FROM test_array
   WHERE a_bool<=json_value(a_nested, '$[0]' RETURNING boolean array))
SELECT a_bool
FROM t1;
+--------------+
| a_bool       |
+--------------+
| [1, 0, null] |
| [1, 0, null] |
| [null, 0, 1] |
| [null, 0, 1] |
+--------------+
(4 rows)

!ok

#-------------------------------------------------------------------------
# TESTCASE: test_subquery_with_where TEST_ID: A1_B29_C8
#-------------------------------------------------------------------------
WITH t1 AS
  (SELECT *
   FROM test_array
   WHERE a_bool<=json_value(a_nested, '$[0]' RETURNING boolean array))
SELECT a_bool,
       count(*) cnt
FROM t1
GROUP BY a_bool;
+--------------+-----+
| a_bool       | cnt |
+--------------+-----+
| [1, 0, null] |   2 |
| [null, 0, 1] |   2 |
+--------------+-----+
(2 rows)

!ok

#-------------------------------------------------------------------------
# TESTCASE: test_subquery_with_where TEST_ID: A1_B29_C9
#-------------------------------------------------------------------------
WITH t1 AS
  (SELECT *
   FROM test_array)
SELECT a_bool
FROM t1
WHERE a_bool<=json_value(a_nested, '$[0]' RETURNING boolean array);
+--------------+
| a_bool       |
+--------------+
| [1, 0, null] |
| [1, 0, null] |
| [null, 0, 1] |
| [null, 0, 1] |
+--------------+
(4 rows)

!ok

#-------------------------------------------------------------------------
# TESTCASE: test_subquery_with_where TEST_ID: A1_B29_C10
#-------------------------------------------------------------------------
WITH t1 AS
  (SELECT *
   FROM test_array)
SELECT a_bool,
       count(*) cnt
FROM t1
WHERE a_bool<=json_value(a_nested, '$[0]' RETURNING boolean array)
GROUP BY a_bool;
+--------------+-----+
| a_bool       | cnt |
+--------------+-----+
| [1, 0, null] |   2 |
| [null, 0, 1] |   2 |
+--------------+-----+
(2 rows)

!ok

#-------------------------------------------------------------------------
# TESTCASE: test_subquery_with_where TEST_ID: A1_B30_C1
#-------------------------------------------------------------------------
SELECT a_bool
FROM test_array
WHERE a_bool<=json_value(a_nested, '$[7][0]' RETURNING boolean array);
+--------------+
| a_bool       |
+--------------+
| [1, 0, null] |
| [1, 0, null] |
| [null, 0, 1] |
| [null, 0, 1] |
+--------------+
(4 rows)

!ok

#-------------------------------------------------------------------------
# TESTCASE: test_subquery_with_where TEST_ID: A1_B30_C2
#-------------------------------------------------------------------------
SELECT a_bool,
       count(*) cnt
FROM test_array
WHERE a_bool<=json_value(a_nested, '$[7][0]' RETURNING boolean array)
GROUP BY a_bool;
+--------------+-----+
| a_bool       | cnt |
+--------------+-----+
| [1, 0, null] |   2 |
| [null, 0, 1] |   2 |
+--------------+-----+
(2 rows)

!ok

#-------------------------------------------------------------------------
# TESTCASE: test_subquery_with_where TEST_ID: A1_B30_C3
#-------------------------------------------------------------------------
SELECT a_bool
FROM
  (SELECT *
   FROM test_array
   WHERE a_bool<=json_value(a_nested, '$[7][0]' RETURNING boolean array));
+--------------+
| a_bool       |
+--------------+
| [1, 0, null] |
| [1, 0, null] |
| [null, 0, 1] |
| [null, 0, 1] |
+--------------+
(4 rows)

!ok

#-------------------------------------------------------------------------
# TESTCASE: test_subquery_with_where TEST_ID: A1_B30_C4
#-------------------------------------------------------------------------
SELECT a_bool,
       count(*) cnt
FROM
  (SELECT *
   FROM test_array
   WHERE a_bool<=json_value(a_nested, '$[7][0]' RETURNING boolean array))
GROUP BY a_bool;
+--------------+-----+
| a_bool       | cnt |
+--------------+-----+
| [1, 0, null] |   2 |
| [null, 0, 1] |   2 |
+--------------+-----+
(2 rows)

!ok

#-------------------------------------------------------------------------
# TESTCASE: test_subquery_with_where TEST_ID: A1_B30_C5
#-------------------------------------------------------------------------
SELECT a_bool
FROM
  (SELECT *
   FROM test_array)
WHERE a_bool<=json_value(a_nested, '$[7][0]' RETURNING boolean array);
+--------------+
| a_bool       |
+--------------+
| [1, 0, null] |
| [1, 0, null] |
| [null, 0, 1] |
| [null, 0, 1] |
+--------------+
(4 rows)

!ok

#-------------------------------------------------------------------------
# TESTCASE: test_subquery_with_where TEST_ID: A1_B30_C6
#-------------------------------------------------------------------------
SELECT a_bool,
       count(*) cnt
FROM
  (SELECT *
   FROM test_array)
WHERE a_bool<=json_value(a_nested, '$[7][0]' RETURNING boolean array)
GROUP BY a_bool;
+--------------+-----+
| a_bool       | cnt |
+--------------+-----+
| [1, 0, null] |   2 |
| [null, 0, 1] |   2 |
+--------------+-----+
(2 rows)

!ok

#-------------------------------------------------------------------------
# TESTCASE: test_subquery_with_where TEST_ID: A1_B30_C7
#-------------------------------------------------------------------------
WITH t1 AS
  (SELECT *
   FROM test_array
   WHERE a_bool<=json_value(a_nested, '$[7][0]' RETURNING boolean array))
SELECT a_bool
FROM t1;
+--------------+
| a_bool       |
+--------------+
| [1, 0, null] |
| [1, 0, null] |
| [null, 0, 1] |
| [null, 0, 1] |
+--------------+
(4 rows)

!ok

#-------------------------------------------------------------------------
# TESTCASE: test_subquery_with_where TEST_ID: A1_B30_C8
#-------------------------------------------------------------------------
WITH t1 AS
  (SELECT *
   FROM test_array
   WHERE a_bool<=json_value(a_nested, '$[7][0]' RETURNING boolean array))
SELECT a_bool,
       count(*) cnt
FROM t1
GROUP BY a_bool;
+--------------+-----+
| a_bool       | cnt |
+--------------+-----+
| [1, 0, null] |   2 |
| [null, 0, 1] |   2 |
+--------------+-----+
(2 rows)

!ok

#-------------------------------------------------------------------------
# TESTCASE: test_subquery_with_where TEST_ID: A1_B30_C9
#-------------------------------------------------------------------------
WITH t1 AS
  (SELECT *
   FROM test_array)
SELECT a_bool
FROM t1
WHERE a_bool<=json_value(a_nested, '$[7][0]' RETURNING boolean array);
+--------------+
| a_bool       |
+--------------+
| [1, 0, null] |
| [1, 0, null] |
| [null, 0, 1] |
| [null, 0, 1] |
+--------------+
(4 rows)

!ok

#-------------------------------------------------------------------------
# TESTCASE: test_subquery_with_where TEST_ID: A1_B30_C10
#-------------------------------------------------------------------------
WITH t1 AS
  (SELECT *
   FROM test_array)
SELECT a_bool,
       count(*) cnt
FROM t1
WHERE a_bool<=json_value(a_nested, '$[7][0]' RETURNING boolean array)
GROUP BY a_bool;
+--------------+-----+
| a_bool       | cnt |
+--------------+-----+
| [1, 0, null] |   2 |
| [null, 0, 1] |   2 |
+--------------+-----+
(2 rows)

!ok

#-------------------------------------------------------------------------
# TESTCASE: test_subquery_with_where TEST_ID: A1_B31_C1
#-------------------------------------------------------------------------
SELECT a_bool
FROM test_array
WHERE a_bool<=json_value(a_nested, '$[0]' RETURNING boolean array)
  OR a_bool>=json_value(a_nested, '$[7][0]' RETURNING boolean array)
  AND NOT (a_bool=json_value(a_nested, '$[0]' RETURNING boolean array)
           AND a_bool<>json_value(a_nested, '$[7][0]' RETURNING boolean array));
+--------------+
| a_bool       |
+--------------+
| [1, 0, null] |
| [1, 0, null] |
| [null, 0, 1] |
| [null, 0, 1] |
+--------------+
(4 rows)

!ok

#-------------------------------------------------------------------------
# TESTCASE: test_subquery_with_where TEST_ID: A1_B31_C2
#-------------------------------------------------------------------------
SELECT a_bool,
       count(*) cnt
FROM test_array
WHERE a_bool<=json_value(a_nested, '$[0]' RETURNING boolean array)
  OR a_bool>=json_value(a_nested, '$[7][0]' RETURNING boolean array)
  AND NOT (a_bool=json_value(a_nested, '$[0]' RETURNING boolean array)
           AND a_bool<>json_value(a_nested, '$[7][0]' RETURNING boolean array))
GROUP BY a_bool;
+--------------+-----+
| a_bool       | cnt |
+--------------+-----+
| [1, 0, null] |   2 |
| [null, 0, 1] |   2 |
+--------------+-----+
(2 rows)

!ok

#-------------------------------------------------------------------------
# TESTCASE: test_subquery_with_where TEST_ID: A1_B31_C3
#-------------------------------------------------------------------------
SELECT a_bool
FROM
  (SELECT *
   FROM test_array
   WHERE a_bool<=json_value(a_nested, '$[0]' RETURNING boolean array)
     OR a_bool>=json_value(a_nested, '$[7][0]' RETURNING boolean array)
     AND NOT (a_bool=json_value(a_nested, '$[0]' RETURNING boolean array)
              AND a_bool<>json_value(a_nested, '$[7][0]' RETURNING boolean array)));
+--------------+
| a_bool       |
+--------------+
| [1, 0, null] |
| [1, 0, null] |
| [null, 0, 1] |
| [null, 0, 1] |
+--------------+
(4 rows)

!ok

#-------------------------------------------------------------------------
# TESTCASE: test_subquery_with_where TEST_ID: A1_B31_C4
#-------------------------------------------------------------------------
SELECT a_bool,
       count(*) cnt
FROM
  (SELECT *
   FROM test_array
   WHERE a_bool<=json_value(a_nested, '$[0]' RETURNING boolean array)
     OR a_bool>=json_value(a_nested, '$[7][0]' RETURNING boolean array)
     AND NOT (a_bool=json_value(a_nested, '$[0]' RETURNING boolean array)
              AND a_bool<>json_value(a_nested, '$[7][0]' RETURNING boolean array)))
GROUP BY a_bool;
+--------------+-----+
| a_bool       | cnt |
+--------------+-----+
| [1, 0, null] |   2 |
| [null, 0, 1] |   2 |
+--------------+-----+
(2 rows)

!ok

#-------------------------------------------------------------------------
# TESTCASE: test_subquery_with_where TEST_ID: A1_B31_C5
#-------------------------------------------------------------------------
SELECT a_bool
FROM
  (SELECT *
   FROM test_array)
WHERE a_bool<=json_value(a_nested, '$[0]' RETURNING boolean array)
  OR a_bool>=json_value(a_nested, '$[7][0]' RETURNING boolean array)
  AND NOT (a_bool=json_value(a_nested, '$[0]' RETURNING boolean array)
           AND a_bool<>json_value(a_nested, '$[7][0]' RETURNING boolean array));
+--------------+
| a_bool       |
+--------------+
| [1, 0, null] |
| [1, 0, null] |
| [null, 0, 1] |
| [null, 0, 1] |
+--------------+
(4 rows)

!ok

#-------------------------------------------------------------------------
# TESTCASE: test_subquery_with_where TEST_ID: A1_B31_C6
#-------------------------------------------------------------------------
SELECT a_bool,
       count(*) cnt
FROM
  (SELECT *
   FROM test_array)
WHERE a_bool<=json_value(a_nested, '$[0]' RETURNING boolean array)
  OR a_bool>=json_value(a_nested, '$[7][0]' RETURNING boolean array)
  AND NOT (a_bool=json_value(a_nested, '$[0]' RETURNING boolean array)
           AND a_bool<>json_value(a_nested, '$[7][0]' RETURNING boolean array))
GROUP BY a_bool;
+--------------+-----+
| a_bool       | cnt |
+--------------+-----+
| [1, 0, null] |   2 |
| [null, 0, 1] |   2 |
+--------------+-----+
(2 rows)

!ok

#-------------------------------------------------------------------------
# TESTCASE: test_subquery_with_where TEST_ID: A1_B31_C7
#-------------------------------------------------------------------------
WITH t1 AS
  (SELECT *
   FROM test_array
   WHERE a_bool<=json_value(a_nested, '$[0]' RETURNING boolean array)
     OR a_bool>=json_value(a_nested, '$[7][0]' RETURNING boolean array)
     AND NOT (a_bool=json_value(a_nested, '$[0]' RETURNING boolean array)
              AND a_bool<>json_value(a_nested, '$[7][0]' RETURNING boolean array)))
SELECT a_bool
FROM t1;
+--------------+
| a_bool       |
+--------------+
| [1, 0, null] |
| [1, 0, null] |
| [null, 0, 1] |
| [null, 0, 1] |
+--------------+
(4 rows)

!ok

#-------------------------------------------------------------------------
# TESTCASE: test_subquery_with_where TEST_ID: A1_B31_C8
#-------------------------------------------------------------------------
WITH t1 AS
  (SELECT *
   FROM test_array
   WHERE a_bool<=json_value(a_nested, '$[0]' RETURNING boolean array)
     OR a_bool>=json_value(a_nested, '$[7][0]' RETURNING boolean array)
     AND NOT (a_bool=json_value(a_nested, '$[0]' RETURNING boolean array)
              AND a_bool<>json_value(a_nested, '$[7][0]' RETURNING boolean array)))
SELECT a_bool,
       count(*) cnt
FROM t1
GROUP BY a_bool;
+--------------+-----+
| a_bool       | cnt |
+--------------+-----+
| [1, 0, null] |   2 |
| [null, 0, 1] |   2 |
+--------------+-----+
(2 rows)

!ok

#-------------------------------------------------------------------------
# TESTCASE: test_subquery_with_where TEST_ID: A1_B31_C9
#-------------------------------------------------------------------------
WITH t1 AS
  (SELECT *
   FROM test_array)
SELECT a_bool
FROM t1
WHERE a_bool<=json_value(a_nested, '$[0]' RETURNING boolean array)
  OR a_bool>=json_value(a_nested, '$[7][0]' RETURNING boolean array)
  AND NOT (a_bool=json_value(a_nested, '$[0]' RETURNING boolean array)
           AND a_bool<>json_value(a_nested, '$[7][0]' RETURNING boolean array));
+--------------+
| a_bool       |
+--------------+
| [1, 0, null] |
| [1, 0, null] |
| [null, 0, 1] |
| [null, 0, 1] |
+--------------+
(4 rows)

!ok

#-------------------------------------------------------------------------
# TESTCASE: test_subquery_with_where TEST_ID: A1_B31_C10
#-------------------------------------------------------------------------
WITH t1 AS
  (SELECT *
   FROM test_array)
SELECT a_bool,
       count(*) cnt
FROM t1
WHERE a_bool<=json_value(a_nested, '$[0]' RETURNING boolean array)
  OR a_bool>=json_value(a_nested, '$[7][0]' RETURNING boolean array)
  AND NOT (a_bool=json_value(a_nested, '$[0]' RETURNING boolean array)
           AND a_bool<>json_value(a_nested, '$[7][0]' RETURNING boolean array))
GROUP BY a_bool;
+--------------+-----+
| a_bool       | cnt |
+--------------+-----+
| [1, 0, null] |   2 |
| [null, 0, 1] |   2 |
+--------------+-----+
(2 rows)

!ok

#-------------------------------------------------------------------------
# TESTCASE: test_subquery_with_where TEST_ID: A1_B32_C1
#-------------------------------------------------------------------------
SELECT a_bool
FROM test_array
WHERE NOT (a_bool<=json_value(a_nested, '$[0]' RETURNING boolean array))
  OR NOT (a_bool>=json_value(a_nested, '$[7][0]' RETURNING boolean array))
  OR a_bool=json_value(a_nested, '$[0]' RETURNING boolean array)
  OR a_bool<>json_value(a_nested, '$[7][0]' RETURNING boolean array);
+--------------+
| a_bool       |
+--------------+
| [1, 0, null] |
| [1, 0, null] |
| [null, 0, 1] |
| [null, 0, 1] |
+--------------+
(4 rows)

!ok

#-------------------------------------------------------------------------
# TESTCASE: test_subquery_with_where TEST_ID: A1_B32_C2
#-------------------------------------------------------------------------
SELECT a_bool,
       count(*) cnt
FROM test_array
WHERE NOT (a_bool<=json_value(a_nested, '$[0]' RETURNING boolean array))
  OR NOT (a_bool>=json_value(a_nested, '$[7][0]' RETURNING boolean array))
  OR a_bool=json_value(a_nested, '$[0]' RETURNING boolean array)
  OR a_bool<>json_value(a_nested, '$[7][0]' RETURNING boolean array)
GROUP BY a_bool;
+--------------+-----+
| a_bool       | cnt |
+--------------+-----+
| [1, 0, null] |   2 |
| [null, 0, 1] |   2 |
+--------------+-----+
(2 rows)

!ok

#-------------------------------------------------------------------------
# TESTCASE: test_subquery_with_where TEST_ID: A1_B32_C3
#-------------------------------------------------------------------------
SELECT a_bool
FROM
  (SELECT *
   FROM test_array
   WHERE NOT (a_bool<=json_value(a_nested, '$[0]' RETURNING boolean array))
     OR NOT (a_bool>=json_value(a_nested, '$[7][0]' RETURNING boolean array))
     OR a_bool=json_value(a_nested, '$[0]' RETURNING boolean array)
     OR a_bool<>json_value(a_nested, '$[7][0]' RETURNING boolean array));
+--------------+
| a_bool       |
+--------------+
| [1, 0, null] |
| [1, 0, null] |
| [null, 0, 1] |
| [null, 0, 1] |
+--------------+
(4 rows)

!ok

#-------------------------------------------------------------------------
# TESTCASE: test_subquery_with_where TEST_ID: A1_B32_C4
#-------------------------------------------------------------------------
SELECT a_bool,
       count(*) cnt
FROM
  (SELECT *
   FROM test_array
   WHERE NOT (a_bool<=json_value(a_nested, '$[0]' RETURNING boolean array))
     OR NOT (a_bool>=json_value(a_nested, '$[7][0]' RETURNING boolean array))
     OR a_bool=json_value(a_nested, '$[0]' RETURNING boolean array)
     OR a_bool<>json_value(a_nested, '$[7][0]' RETURNING boolean array))
GROUP BY a_bool;
+--------------+-----+
| a_bool       | cnt |
+--------------+-----+
| [1, 0, null] |   2 |
| [null, 0, 1] |   2 |
+--------------+-----+
(2 rows)

!ok

#-------------------------------------------------------------------------
# TESTCASE: test_subquery_with_where TEST_ID: A1_B32_C5
#-------------------------------------------------------------------------
SELECT a_bool
FROM
  (SELECT *
   FROM test_array)
WHERE NOT (a_bool<=json_value(a_nested, '$[0]' RETURNING boolean array))
  OR NOT (a_bool>=json_value(a_nested, '$[7][0]' RETURNING boolean array))
  OR a_bool=json_value(a_nested, '$[0]' RETURNING boolean array)
  OR a_bool<>json_value(a_nested, '$[7][0]' RETURNING boolean array);
+--------------+
| a_bool       |
+--------------+
| [1, 0, null] |
| [1, 0, null] |
| [null, 0, 1] |
| [null, 0, 1] |
+--------------+
(4 rows)

!ok

#-------------------------------------------------------------------------
# TESTCASE: test_subquery_with_where TEST_ID: A1_B32_C6
#-------------------------------------------------------------------------
SELECT a_bool,
       count(*) cnt
FROM
  (SELECT *
   FROM test_array)
WHERE NOT (a_bool<=json_value(a_nested, '$[0]' RETURNING boolean array))
  OR NOT (a_bool>=json_value(a_nested, '$[7][0]' RETURNING boolean array))
  OR a_bool=json_value(a_nested, '$[0]' RETURNING boolean array)
  OR a_bool<>json_value(a_nested, '$[7][0]' RETURNING boolean array)
GROUP BY a_bool;
+--------------+-----+
| a_bool       | cnt |
+--------------+-----+
| [1, 0, null] |   2 |
| [null, 0, 1] |   2 |
+--------------+-----+
(2 rows)

!ok

#-------------------------------------------------------------------------
# TESTCASE: test_subquery_with_where TEST_ID: A1_B32_C7
#-------------------------------------------------------------------------
WITH t1 AS
  (SELECT *
   FROM test_array
   WHERE NOT (a_bool<=json_value(a_nested, '$[0]' RETURNING boolean array))
     OR NOT (a_bool>=json_value(a_nested, '$[7][0]' RETURNING boolean array))
     OR a_bool=json_value(a_nested, '$[0]' RETURNING boolean array)
     OR a_bool<>json_value(a_nested, '$[7][0]' RETURNING boolean array))
SELECT a_bool
FROM t1;
+--------------+
| a_bool       |
+--------------+
| [1, 0, null] |
| [1, 0, null] |
| [null, 0, 1] |
| [null, 0, 1] |
+--------------+
(4 rows)

!ok

#-------------------------------------------------------------------------
# TESTCASE: test_subquery_with_where TEST_ID: A1_B32_C8
#-------------------------------------------------------------------------
WITH t1 AS
  (SELECT *
   FROM test_array
   WHERE NOT (a_bool<=json_value(a_nested, '$[0]' RETURNING boolean array))
     OR NOT (a_bool>=json_value(a_nested, '$[7][0]' RETURNING boolean array))
     OR a_bool=json_value(a_nested, '$[0]' RETURNING boolean array)
     OR a_bool<>json_value(a_nested, '$[7][0]' RETURNING boolean array))
SELECT a_bool,
       count(*) cnt
FROM t1
GROUP BY a_bool;
+--------------+-----+
| a_bool       | cnt |
+--------------+-----+
| [1, 0, null] |   2 |
| [null, 0, 1] |   2 |
+--------------+-----+
(2 rows)

!ok

#-------------------------------------------------------------------------
# TESTCASE: test_subquery_with_where TEST_ID: A1_B32_C9
#-------------------------------------------------------------------------
WITH t1 AS
  (SELECT *
   FROM test_array)
SELECT a_bool
FROM t1
WHERE NOT (a_bool<=json_value(a_nested, '$[0]' RETURNING boolean array))
  OR NOT (a_bool>=json_value(a_nested, '$[7][0]' RETURNING boolean array))
  OR a_bool=json_value(a_nested, '$[0]' RETURNING boolean array)
  OR a_bool<>json_value(a_nested, '$[7][0]' RETURNING boolean array);
+--------------+
| a_bool       |
+--------------+
| [1, 0, null] |
| [1, 0, null] |
| [null, 0, 1] |
| [null, 0, 1] |
+--------------+
(4 rows)

!ok

