!set useApproximateCountDistinct false
!use druidtest://?componentSupplier=AllDruidEnginesComponentSupplier&datasets=sql/src/test/quidem/qatests/qaArray/sql
!set outputformat mysql
#-------------------------------------------------------------------------
# TESTCASE: test_subquery_with_where TEST_ID: A4_B44_C10
#-------------------------------------------------------------------------
WITH t1 AS
  (SELECT *
   FROM test_array)
SELECT a_str,
       count(*) cnt
FROM t1
WHERE a_str NOT IN (json_value(a_nested, '$[3]' RETURNING varchar array),
                    json_value(a_nested, '$[7][3]' RETURNING varchar array))
GROUP BY a_str;
+-------+-----+
| a_str | cnt |
+-------+-----+
+-------+-----+
(0 rows)

!ok

#-------------------------------------------------------------------------
# TESTCASE: test_subquery_with_where TEST_ID: A4_B45_C1
#-------------------------------------------------------------------------
SELECT a_str
FROM test_array
WHERE a_str IN
    (SELECT a_str
     FROM test_array);
ARRAY
!error

#-------------------------------------------------------------------------
# TESTCASE: test_subquery_with_where TEST_ID: A4_B45_C2
#-------------------------------------------------------------------------
SELECT a_str,
       count(*) cnt
FROM test_array
WHERE a_str IN
    (SELECT a_str
     FROM test_array)
GROUP BY a_str;
ARRAY
!error

#-------------------------------------------------------------------------
# TESTCASE: test_subquery_with_where TEST_ID: A4_B45_C3
#-------------------------------------------------------------------------
SELECT a_str
FROM
  (SELECT *
   FROM test_array
   WHERE a_str IN
       (SELECT a_str
        FROM test_array));
ARRAY
!error

#-------------------------------------------------------------------------
# TESTCASE: test_subquery_with_where TEST_ID: A4_B45_C4
#-------------------------------------------------------------------------
SELECT a_str,
       count(*) cnt
FROM
  (SELECT *
   FROM test_array
   WHERE a_str IN
       (SELECT a_str
        FROM test_array))
GROUP BY a_str;
ARRAY
!error

#-------------------------------------------------------------------------
# TESTCASE: test_subquery_with_where TEST_ID: A4_B45_C5
#-------------------------------------------------------------------------
SELECT a_str
FROM
  (SELECT *
   FROM test_array)
WHERE a_str IN
    (SELECT a_str
     FROM test_array);
ARRAY
!error

#-------------------------------------------------------------------------
# TESTCASE: test_subquery_with_where TEST_ID: A4_B45_C6
#-------------------------------------------------------------------------
SELECT a_str,
       count(*) cnt
FROM
  (SELECT *
   FROM test_array)
WHERE a_str IN
    (SELECT a_str
     FROM test_array)
GROUP BY a_str;
ARRAY
!error

#-------------------------------------------------------------------------
# TESTCASE: test_subquery_with_where TEST_ID: A4_B45_C7
#-------------------------------------------------------------------------
WITH t1 AS
  (SELECT *
   FROM test_array
   WHERE a_str IN
       (SELECT a_str
        FROM test_array))
SELECT a_str
FROM t1;
ARRAY
!error

#-------------------------------------------------------------------------
# TESTCASE: test_subquery_with_where TEST_ID: A4_B45_C8
#-------------------------------------------------------------------------
WITH t1 AS
  (SELECT *
   FROM test_array
   WHERE a_str IN
       (SELECT a_str
        FROM test_array))
SELECT a_str,
       count(*) cnt
FROM t1
GROUP BY a_str;
ARRAY
!error

#-------------------------------------------------------------------------
# TESTCASE: test_subquery_with_where TEST_ID: A4_B45_C9
#-------------------------------------------------------------------------
WITH t1 AS
  (SELECT *
   FROM test_array)
SELECT a_str
FROM t1
WHERE a_str IN
    (SELECT a_str
     FROM test_array);
ARRAY
!error

#-------------------------------------------------------------------------
# TESTCASE: test_subquery_with_where TEST_ID: A4_B45_C10
#-------------------------------------------------------------------------
WITH t1 AS
  (SELECT *
   FROM test_array)
SELECT a_str,
       count(*) cnt
FROM t1
WHERE a_str IN
    (SELECT a_str
     FROM test_array)
GROUP BY a_str;
ARRAY
!error

#-------------------------------------------------------------------------
# TESTCASE: test_subquery_with_where TEST_ID: A4_B46_C1
#-------------------------------------------------------------------------
SELECT a_str
FROM test_array
WHERE a_str NOT IN
    (SELECT a_str
     FROM test_array);
ARRAY
!error

#-------------------------------------------------------------------------
# TESTCASE: test_subquery_with_where TEST_ID: A4_B46_C2
#-------------------------------------------------------------------------
SELECT a_str,
       count(*) cnt
FROM test_array
WHERE a_str NOT IN
    (SELECT a_str
     FROM test_array)
GROUP BY a_str;
ARRAY
!error

#-------------------------------------------------------------------------
# TESTCASE: test_subquery_with_where TEST_ID: A4_B46_C3
#-------------------------------------------------------------------------
SELECT a_str
FROM
  (SELECT *
   FROM test_array
   WHERE a_str NOT IN
       (SELECT a_str
        FROM test_array));
ARRAY
!error

#-------------------------------------------------------------------------
# TESTCASE: test_subquery_with_where TEST_ID: A4_B46_C4
#-------------------------------------------------------------------------
SELECT a_str,
       count(*) cnt
FROM
  (SELECT *
   FROM test_array
   WHERE a_str NOT IN
       (SELECT a_str
        FROM test_array))
GROUP BY a_str;
ARRAY
!error

#-------------------------------------------------------------------------
# TESTCASE: test_subquery_with_where TEST_ID: A4_B46_C5
#-------------------------------------------------------------------------
SELECT a_str
FROM
  (SELECT *
   FROM test_array)
WHERE a_str NOT IN
    (SELECT a_str
     FROM test_array);
ARRAY
!error

#-------------------------------------------------------------------------
# TESTCASE: test_subquery_with_where TEST_ID: A4_B46_C6
#-------------------------------------------------------------------------
SELECT a_str,
       count(*) cnt
FROM
  (SELECT *
   FROM test_array)
WHERE a_str NOT IN
    (SELECT a_str
     FROM test_array)
GROUP BY a_str;
ARRAY
!error

#-------------------------------------------------------------------------
# TESTCASE: test_subquery_with_where TEST_ID: A4_B46_C7
#-------------------------------------------------------------------------
WITH t1 AS
  (SELECT *
   FROM test_array
   WHERE a_str NOT IN
       (SELECT a_str
        FROM test_array))
SELECT a_str
FROM t1;
ARRAY
!error

#-------------------------------------------------------------------------
# TESTCASE: test_subquery_with_where TEST_ID: A4_B46_C8
#-------------------------------------------------------------------------
WITH t1 AS
  (SELECT *
   FROM test_array
   WHERE a_str NOT IN
       (SELECT a_str
        FROM test_array))
SELECT a_str,
       count(*) cnt
FROM t1
GROUP BY a_str;
ARRAY
!error

#-------------------------------------------------------------------------
# TESTCASE: test_subquery_with_where TEST_ID: A4_B46_C9
#-------------------------------------------------------------------------
WITH t1 AS
  (SELECT *
   FROM test_array)
SELECT a_str
FROM t1
WHERE a_str NOT IN
    (SELECT a_str
     FROM test_array);
ARRAY
!error

#-------------------------------------------------------------------------
# TESTCASE: test_subquery_with_where TEST_ID: A4_B46_C10
#-------------------------------------------------------------------------
WITH t1 AS
  (SELECT *
   FROM test_array)
SELECT a_str,
       count(*) cnt
FROM t1
WHERE a_str NOT IN
    (SELECT a_str
     FROM test_array)
GROUP BY a_str;
ARRAY
!error

#-------------------------------------------------------------------------
# TESTCASE: test_subquery_with_where TEST_ID: A7_B1_C1
#-------------------------------------------------------------------------
SELECT a_mixed
FROM test_array
WHERE a_mixed=ARRAY['true',
                    '1',
                    '0.1',
                    'S1'];
+---------+
| a_mixed |
+---------+
+---------+
(0 rows)

!ok

#-------------------------------------------------------------------------
# TESTCASE: test_subquery_with_where TEST_ID: A7_B1_C2
#-------------------------------------------------------------------------
SELECT a_mixed,
       count(*) cnt
FROM test_array
WHERE a_mixed=ARRAY['true',
                    '1',
                    '0.1',
                    'S1']
GROUP BY a_mixed;
+---------+-----+
| a_mixed | cnt |
+---------+-----+
+---------+-----+
(0 rows)

!ok

#-------------------------------------------------------------------------
# TESTCASE: test_subquery_with_where TEST_ID: A7_B1_C3
#-------------------------------------------------------------------------
SELECT a_mixed
FROM
  (SELECT *
   FROM test_array
   WHERE a_mixed=ARRAY['true',
                       '1',
                       '0.1',
                       'S1']);
+---------+
| a_mixed |
+---------+
+---------+
(0 rows)

!ok

#-------------------------------------------------------------------------
# TESTCASE: test_subquery_with_where TEST_ID: A7_B1_C4
#-------------------------------------------------------------------------
SELECT a_mixed,
       count(*) cnt
FROM
  (SELECT *
   FROM test_array
   WHERE a_mixed=ARRAY['true',
                       '1',
                       '0.1',
                       'S1'])
GROUP BY a_mixed;
+---------+-----+
| a_mixed | cnt |
+---------+-----+
+---------+-----+
(0 rows)

!ok

#-------------------------------------------------------------------------
# TESTCASE: test_subquery_with_where TEST_ID: A7_B1_C5
#-------------------------------------------------------------------------
SELECT a_mixed
FROM
  (SELECT *
   FROM test_array)
WHERE a_mixed=ARRAY['true',
                    '1',
                    '0.1',
                    'S1'];
+---------+
| a_mixed |
+---------+
+---------+
(0 rows)

!ok

#-------------------------------------------------------------------------
# TESTCASE: test_subquery_with_where TEST_ID: A7_B1_C6
#-------------------------------------------------------------------------
SELECT a_mixed,
       count(*) cnt
FROM
  (SELECT *
   FROM test_array)
WHERE a_mixed=ARRAY['true',
                    '1',
                    '0.1',
                    'S1']
GROUP BY a_mixed;
+---------+-----+
| a_mixed | cnt |
+---------+-----+
+---------+-----+
(0 rows)

!ok

#-------------------------------------------------------------------------
# TESTCASE: test_subquery_with_where TEST_ID: A7_B1_C7
#-------------------------------------------------------------------------
WITH t1 AS
  (SELECT *
   FROM test_array
   WHERE a_mixed=ARRAY['true',
                       '1',
                       '0.1',
                       'S1'])
SELECT a_mixed
FROM t1;
+---------+
| a_mixed |
+---------+
+---------+
(0 rows)

!ok

#-------------------------------------------------------------------------
# TESTCASE: test_subquery_with_where TEST_ID: A7_B1_C8
#-------------------------------------------------------------------------
WITH t1 AS
  (SELECT *
   FROM test_array
   WHERE a_mixed=ARRAY['true',
                       '1',
                       '0.1',
                       'S1'])
SELECT a_mixed,
       count(*) cnt
FROM t1
GROUP BY a_mixed;
+---------+-----+
| a_mixed | cnt |
+---------+-----+
+---------+-----+
(0 rows)

!ok

#-------------------------------------------------------------------------
# TESTCASE: test_subquery_with_where TEST_ID: A7_B1_C9
#-------------------------------------------------------------------------
WITH t1 AS
  (SELECT *
   FROM test_array)
SELECT a_mixed
FROM t1
WHERE a_mixed=ARRAY['true',
                    '1',
                    '0.1',
                    'S1'];
+---------+
| a_mixed |
+---------+
+---------+
(0 rows)

!ok

#-------------------------------------------------------------------------
# TESTCASE: test_subquery_with_where TEST_ID: A7_B1_C10
#-------------------------------------------------------------------------
WITH t1 AS
  (SELECT *
   FROM test_array)
SELECT a_mixed,
       count(*) cnt
FROM t1
WHERE a_mixed=ARRAY['true',
                    '1',
                    '0.1',
                    'S1']
GROUP BY a_mixed;
+---------+-----+
| a_mixed | cnt |
+---------+-----+
+---------+-----+
(0 rows)

!ok

#-------------------------------------------------------------------------
# TESTCASE: test_subquery_with_where TEST_ID: A7_B2_C1
#-------------------------------------------------------------------------
SELECT a_mixed
FROM test_array
WHERE a_mixed=ARRAY['true',
                    '1',
                    '0.1',
                    'S1',
                    NULL];
+--------------------------+
| a_mixed                  |
+--------------------------+
| [true, 1, 0.1, S1, null] |
| [true, 1, 0.1, S1, null] |
+--------------------------+
(2 rows)

!ok

#-------------------------------------------------------------------------
# TESTCASE: test_subquery_with_where TEST_ID: A7_B2_C2
#-------------------------------------------------------------------------
SELECT a_mixed,
       count(*) cnt
FROM test_array
WHERE a_mixed=ARRAY['true',
                    '1',
                    '0.1',
                    'S1',
                    NULL]
GROUP BY a_mixed;
+--------------------------+-----+
| a_mixed                  | cnt |
+--------------------------+-----+
| [true, 1, 0.1, S1, null] |   2 |
+--------------------------+-----+
(1 row)

!ok

#-------------------------------------------------------------------------
# TESTCASE: test_subquery_with_where TEST_ID: A7_B2_C3
#-------------------------------------------------------------------------
SELECT a_mixed
FROM
  (SELECT *
   FROM test_array
   WHERE a_mixed=ARRAY['true',
                       '1',
                       '0.1',
                       'S1',
                       NULL]);
+--------------------------+
| a_mixed                  |
+--------------------------+
| [true, 1, 0.1, S1, null] |
| [true, 1, 0.1, S1, null] |
+--------------------------+
(2 rows)

!ok

#-------------------------------------------------------------------------
# TESTCASE: test_subquery_with_where TEST_ID: A7_B2_C4
#-------------------------------------------------------------------------
SELECT a_mixed,
       count(*) cnt
FROM
  (SELECT *
   FROM test_array
   WHERE a_mixed=ARRAY['true',
                       '1',
                       '0.1',
                       'S1',
                       NULL])
GROUP BY a_mixed;
+--------------------------+-----+
| a_mixed                  | cnt |
+--------------------------+-----+
| [true, 1, 0.1, S1, null] |   2 |
+--------------------------+-----+
(1 row)

!ok

#-------------------------------------------------------------------------
# TESTCASE: test_subquery_with_where TEST_ID: A7_B2_C5
#-------------------------------------------------------------------------
SELECT a_mixed
FROM
  (SELECT *
   FROM test_array)
WHERE a_mixed=ARRAY['true',
                    '1',
                    '0.1',
                    'S1',
                    NULL];
+--------------------------+
| a_mixed                  |
+--------------------------+
| [true, 1, 0.1, S1, null] |
| [true, 1, 0.1, S1, null] |
+--------------------------+
(2 rows)

!ok

#-------------------------------------------------------------------------
# TESTCASE: test_subquery_with_where TEST_ID: A7_B2_C6
#-------------------------------------------------------------------------
SELECT a_mixed,
       count(*) cnt
FROM
  (SELECT *
   FROM test_array)
WHERE a_mixed=ARRAY['true',
                    '1',
                    '0.1',
                    'S1',
                    NULL]
GROUP BY a_mixed;
+--------------------------+-----+
| a_mixed                  | cnt |
+--------------------------+-----+
| [true, 1, 0.1, S1, null] |   2 |
+--------------------------+-----+
(1 row)

!ok

#-------------------------------------------------------------------------
# TESTCASE: test_subquery_with_where TEST_ID: A7_B2_C7
#-------------------------------------------------------------------------
WITH t1 AS
  (SELECT *
   FROM test_array
   WHERE a_mixed=ARRAY['true',
                       '1',
                       '0.1',
                       'S1',
                       NULL])
SELECT a_mixed
FROM t1;
+--------------------------+
| a_mixed                  |
+--------------------------+
| [true, 1, 0.1, S1, null] |
| [true, 1, 0.1, S1, null] |
+--------------------------+
(2 rows)

!ok

#-------------------------------------------------------------------------
# TESTCASE: test_subquery_with_where TEST_ID: A7_B2_C8
#-------------------------------------------------------------------------
WITH t1 AS
  (SELECT *
   FROM test_array
   WHERE a_mixed=ARRAY['true',
                       '1',
                       '0.1',
                       'S1',
                       NULL])
SELECT a_mixed,
       count(*) cnt
FROM t1
GROUP BY a_mixed;
+--------------------------+-----+
| a_mixed                  | cnt |
+--------------------------+-----+
| [true, 1, 0.1, S1, null] |   2 |
+--------------------------+-----+
(1 row)

!ok

#-------------------------------------------------------------------------
# TESTCASE: test_subquery_with_where TEST_ID: A7_B2_C9
#-------------------------------------------------------------------------
WITH t1 AS
  (SELECT *
   FROM test_array)
SELECT a_mixed
FROM t1
WHERE a_mixed=ARRAY['true',
                    '1',
                    '0.1',
                    'S1',
                    NULL];
+--------------------------+
| a_mixed                  |
+--------------------------+
| [true, 1, 0.1, S1, null] |
| [true, 1, 0.1, S1, null] |
+--------------------------+
(2 rows)

!ok

#-------------------------------------------------------------------------
# TESTCASE: test_subquery_with_where TEST_ID: A7_B2_C10
#-------------------------------------------------------------------------
WITH t1 AS
  (SELECT *
   FROM test_array)
SELECT a_mixed,
       count(*) cnt
FROM t1
WHERE a_mixed=ARRAY['true',
                    '1',
                    '0.1',
                    'S1',
                    NULL]
GROUP BY a_mixed;
+--------------------------+-----+
| a_mixed                  | cnt |
+--------------------------+-----+
| [true, 1, 0.1, S1, null] |   2 |
+--------------------------+-----+
(1 row)

!ok

#-------------------------------------------------------------------------
# TESTCASE: test_subquery_with_where TEST_ID: A7_B3_C1
#-------------------------------------------------------------------------
SELECT a_mixed
FROM test_array
WHERE a_mixed=ARRAY['true',
                    '1',
                    '0.1',
                    'S1',
                    NULL,
                    'extra element'];
+---------+
| a_mixed |
+---------+
+---------+
(0 rows)

!ok

#-------------------------------------------------------------------------
# TESTCASE: test_subquery_with_where TEST_ID: A7_B3_C2
#-------------------------------------------------------------------------
SELECT a_mixed,
       count(*) cnt
FROM test_array
WHERE a_mixed=ARRAY['true',
                    '1',
                    '0.1',
                    'S1',
                    NULL,
                    'extra element']
GROUP BY a_mixed;
+---------+-----+
| a_mixed | cnt |
+---------+-----+
+---------+-----+
(0 rows)

!ok

#-------------------------------------------------------------------------
# TESTCASE: test_subquery_with_where TEST_ID: A7_B3_C3
#-------------------------------------------------------------------------
SELECT a_mixed
FROM
  (SELECT *
   FROM test_array
   WHERE a_mixed=ARRAY['true',
                       '1',
                       '0.1',
                       'S1',
                       NULL,
                       'extra element']);
+---------+
| a_mixed |
+---------+
+---------+
(0 rows)

!ok

#-------------------------------------------------------------------------
# TESTCASE: test_subquery_with_where TEST_ID: A7_B3_C4
#-------------------------------------------------------------------------
SELECT a_mixed,
       count(*) cnt
FROM
  (SELECT *
   FROM test_array
   WHERE a_mixed=ARRAY['true',
                       '1',
                       '0.1',
                       'S1',
                       NULL,
                       'extra element'])
GROUP BY a_mixed;
+---------+-----+
| a_mixed | cnt |
+---------+-----+
+---------+-----+
(0 rows)

!ok

#-------------------------------------------------------------------------
# TESTCASE: test_subquery_with_where TEST_ID: A7_B3_C5
#-------------------------------------------------------------------------
SELECT a_mixed
FROM
  (SELECT *
   FROM test_array)
WHERE a_mixed=ARRAY['true',
                    '1',
                    '0.1',
                    'S1',
                    NULL,
                    'extra element'];
+---------+
| a_mixed |
+---------+
+---------+
(0 rows)

!ok

#-------------------------------------------------------------------------
# TESTCASE: test_subquery_with_where TEST_ID: A7_B3_C6
#-------------------------------------------------------------------------
SELECT a_mixed,
       count(*) cnt
FROM
  (SELECT *
   FROM test_array)
WHERE a_mixed=ARRAY['true',
                    '1',
                    '0.1',
                    'S1',
                    NULL,
                    'extra element']
GROUP BY a_mixed;
+---------+-----+
| a_mixed | cnt |
+---------+-----+
+---------+-----+
(0 rows)

!ok

#-------------------------------------------------------------------------
# TESTCASE: test_subquery_with_where TEST_ID: A7_B3_C7
#-------------------------------------------------------------------------
WITH t1 AS
  (SELECT *
   FROM test_array
   WHERE a_mixed=ARRAY['true',
                       '1',
                       '0.1',
                       'S1',
                       NULL,
                       'extra element'])
SELECT a_mixed
FROM t1;
+---------+
| a_mixed |
+---------+
+---------+
(0 rows)

!ok

#-------------------------------------------------------------------------
# TESTCASE: test_subquery_with_where TEST_ID: A7_B3_C8
#-------------------------------------------------------------------------
WITH t1 AS
  (SELECT *
   FROM test_array
   WHERE a_mixed=ARRAY['true',
                       '1',
                       '0.1',
                       'S1',
                       NULL,
                       'extra element'])
SELECT a_mixed,
       count(*) cnt
FROM t1
GROUP BY a_mixed;
+---------+-----+
| a_mixed | cnt |
+---------+-----+
+---------+-----+
(0 rows)

!ok

#-------------------------------------------------------------------------
# TESTCASE: test_subquery_with_where TEST_ID: A7_B3_C9
#-------------------------------------------------------------------------
WITH t1 AS
  (SELECT *
   FROM test_array)
SELECT a_mixed
FROM t1
WHERE a_mixed=ARRAY['true',
                    '1',
                    '0.1',
                    'S1',
                    NULL,
                    'extra element'];
+---------+
| a_mixed |
+---------+
+---------+
(0 rows)

!ok

