!set useApproximateCountDistinct false
!use druidtest://?componentSupplier=AllDruidEnginesComponentSupplier&datasets=sql/src/test/quidem/qatests/qaArray/sql
!set outputformat mysql
#-------------------------------------------------------------------------
# TESTCASE: test_select_distinct TEST_ID: SEL_DATASOURCE
#-------------------------------------------------------------------------
SELECT count(*) cnt
FROM test_array;
+-----+
| cnt |
+-----+
|   4 |
+-----+
(1 row)

!ok

#-------------------------------------------------------------------------
# TESTCASE: test_select_distinct TEST_ID: A1_B1
#-------------------------------------------------------------------------
SELECT DISTINCT a_bool
FROM test_array;
+--------------+
| a_bool       |
+--------------+
| [1, 0, null] |
| [null, 0, 1] |
+--------------+
(2 rows)

!ok

#-------------------------------------------------------------------------
# TESTCASE: test_select_distinct TEST_ID: A1_B2
#-------------------------------------------------------------------------
SELECT count(*) cnt
FROM
  (SELECT DISTINCT a_bool
   FROM test_array);
+-----+
| cnt |
+-----+
|   2 |
+-----+
(1 row)

!ok

#-------------------------------------------------------------------------
# TESTCASE: test_select_distinct TEST_ID: A4_B1
#-------------------------------------------------------------------------
SELECT DISTINCT a_int
FROM test_array;
+--------------+
| a_int        |
+--------------+
| [1, 2, null] |
| [null, 2, 1] |
+--------------+
(2 rows)

!ok

#-------------------------------------------------------------------------
# TESTCASE: test_select_distinct TEST_ID: A4_B2
#-------------------------------------------------------------------------
SELECT count(*) cnt
FROM
  (SELECT DISTINCT a_int
   FROM test_array);
+-----+
| cnt |
+-----+
|   2 |
+-----+
(1 row)

!ok

#-------------------------------------------------------------------------
# TESTCASE: test_select_distinct TEST_ID: A5_B1
#-------------------------------------------------------------------------
SELECT DISTINCT json_value(a_nested, '$[1]' RETURNING bigint array)
FROM test_array;
+--------------+
| EXPR$0       |
+--------------+
| [1, 2, null] |
| [null, 2, 1] |
+--------------+
(2 rows)

!ok

#-------------------------------------------------------------------------
# TESTCASE: test_select_distinct TEST_ID: A5_B2
#-------------------------------------------------------------------------
SELECT count(*) cnt
FROM
  (SELECT DISTINCT json_value(a_nested, '$[1]' RETURNING bigint array)
   FROM test_array);
+-----+
| cnt |
+-----+
|   2 |
+-----+
(1 row)

!ok

#-------------------------------------------------------------------------
# TESTCASE: test_select_distinct TEST_ID: A6_B1
#-------------------------------------------------------------------------
SELECT DISTINCT json_value(a_nested, '$[7][1]' RETURNING bigint array)
FROM test_array;
+--------------+
| EXPR$0       |
+--------------+
| [1, 2, null] |
| [null, 2, 1] |
+--------------+
(2 rows)

!ok

#-------------------------------------------------------------------------
# TESTCASE: test_select_distinct TEST_ID: A6_B2
#-------------------------------------------------------------------------
SELECT count(*) cnt
FROM
  (SELECT DISTINCT json_value(a_nested, '$[7][1]' RETURNING bigint array)
   FROM test_array);
+-----+
| cnt |
+-----+
|   2 |
+-----+
(1 row)

!ok

#-------------------------------------------------------------------------
# TESTCASE: test_select_distinct TEST_ID: A7_B1
#-------------------------------------------------------------------------
SELECT DISTINCT a_float
FROM test_array;
+------------------+
| a_float          |
+------------------+
| [0.1, 0.2, null] |
| [null, 0.2, 0.1] |
+------------------+
(2 rows)

!ok

#-------------------------------------------------------------------------
# TESTCASE: test_select_distinct TEST_ID: A7_B2
#-------------------------------------------------------------------------
SELECT count(*) cnt
FROM
  (SELECT DISTINCT a_float
   FROM test_array);
+-----+
| cnt |
+-----+
|   2 |
+-----+
(1 row)

!ok

#-------------------------------------------------------------------------
# TESTCASE: test_select_distinct TEST_ID: A8_B1
#-------------------------------------------------------------------------
SELECT DISTINCT json_value(a_nested, '$[2]' RETURNING decimal array)
FROM test_array;
+------------------+
| EXPR$0           |
+------------------+
| [0.1, 0.2, null] |
| [null, 0.2, 0.1] |
+------------------+
(2 rows)

!ok

#-------------------------------------------------------------------------
# TESTCASE: test_select_distinct TEST_ID: A8_B2
#-------------------------------------------------------------------------
SELECT count(*) cnt
FROM
  (SELECT DISTINCT json_value(a_nested, '$[2]' RETURNING decimal array)
   FROM test_array);
+-----+
| cnt |
+-----+
|   2 |
+-----+
(1 row)

!ok

#-------------------------------------------------------------------------
# TESTCASE: test_select_distinct TEST_ID: A9_B1
#-------------------------------------------------------------------------
SELECT DISTINCT json_value(a_nested, '$[7][2]' RETURNING decimal array)
FROM test_array;
+------------------+
| EXPR$0           |
+------------------+
| [0.1, 0.2, null] |
| [null, 0.2, 0.1] |
+------------------+
(2 rows)

!ok

#-------------------------------------------------------------------------
# TESTCASE: test_select_distinct TEST_ID: A9_B2
#-------------------------------------------------------------------------
SELECT count(*) cnt
FROM
  (SELECT DISTINCT json_value(a_nested, '$[7][2]' RETURNING decimal array)
   FROM test_array);
+-----+
| cnt |
+-----+
|   2 |
+-----+
(1 row)

!ok

#-------------------------------------------------------------------------
# TESTCASE: test_select_distinct TEST_ID: A10_B1
#-------------------------------------------------------------------------
SELECT DISTINCT a_str
FROM test_array;
+----------------+
| a_str          |
+----------------+
| [S1, S2, null] |
| [null, S2, S1] |
+----------------+
(2 rows)

!ok

#-------------------------------------------------------------------------
# TESTCASE: test_select_distinct TEST_ID: A10_B2
#-------------------------------------------------------------------------
SELECT count(*) cnt
FROM
  (SELECT DISTINCT a_str
   FROM test_array);
+-----+
| cnt |
+-----+
|   2 |
+-----+
(1 row)

!ok

#-------------------------------------------------------------------------
# TESTCASE: test_select_distinct TEST_ID: A11_B1
#-------------------------------------------------------------------------
SELECT DISTINCT json_value(a_nested, '$[3]' RETURNING varchar array)
FROM test_array;
+----------------+
| EXPR$0         |
+----------------+
| [S1, S2, null] |
| [null, S2, S1] |
+----------------+
(2 rows)

!ok

#-------------------------------------------------------------------------
# TESTCASE: test_select_distinct TEST_ID: A11_B2
#-------------------------------------------------------------------------
SELECT count(*) cnt
FROM
  (SELECT DISTINCT json_value(a_nested, '$[3]' RETURNING varchar array)
   FROM test_array);
+-----+
| cnt |
+-----+
|   2 |
+-----+
(1 row)

!ok

#-------------------------------------------------------------------------
# TESTCASE: test_select_distinct TEST_ID: A12_B1
#-------------------------------------------------------------------------
SELECT DISTINCT json_value(a_nested, '$[7][3]' RETURNING varchar array)
FROM test_array;
+----------------+
| EXPR$0         |
+----------------+
| [S1, S2, null] |
| [null, S2, S1] |
+----------------+
(2 rows)

!ok

#-------------------------------------------------------------------------
# TESTCASE: test_select_distinct TEST_ID: A12_B2
#-------------------------------------------------------------------------
SELECT count(*) cnt
FROM
  (SELECT DISTINCT json_value(a_nested, '$[7][3]' RETURNING varchar array)
   FROM test_array);
+-----+
| cnt |
+-----+
|   2 |
+-----+
(1 row)

!ok

#-------------------------------------------------------------------------
# TESTCASE: test_select_distinct TEST_ID: A13_B1
#-------------------------------------------------------------------------
SELECT DISTINCT a_null
FROM test_array;
+--------------------+
| a_null             |
+--------------------+
| [null, null, null] |
+--------------------+
(1 row)

!ok

#-------------------------------------------------------------------------
# TESTCASE: test_select_distinct TEST_ID: A13_B2
#-------------------------------------------------------------------------
SELECT count(*) cnt
FROM
  (SELECT DISTINCT a_null
   FROM test_array);
+-----+
| cnt |
+-----+
|   1 |
+-----+
(1 row)

!ok

#-------------------------------------------------------------------------
# TESTCASE: test_select_distinct TEST_ID: A14_B1
#-------------------------------------------------------------------------
SELECT DISTINCT json_value(a_nested, '$[4]' RETURNING varchar array)
FROM test_array;
+--------------------+
| EXPR$0             |
+--------------------+
| [null, null, null] |
+--------------------+
(1 row)

!ok

#-------------------------------------------------------------------------
# TESTCASE: test_select_distinct TEST_ID: A14_B2
#-------------------------------------------------------------------------
SELECT count(*) cnt
FROM
  (SELECT DISTINCT json_value(a_nested, '$[4]' RETURNING varchar array)
   FROM test_array);
+-----+
| cnt |
+-----+
|   1 |
+-----+
(1 row)

!ok

#-------------------------------------------------------------------------
# TESTCASE: test_select_distinct TEST_ID: A15_B1
#-------------------------------------------------------------------------
SELECT DISTINCT json_value(a_nested, '$[7][4]' RETURNING varchar array)
FROM test_array;
+--------------------+
| EXPR$0             |
+--------------------+
| [null, null, null] |
+--------------------+
(1 row)

!ok

#-------------------------------------------------------------------------
# TESTCASE: test_select_distinct TEST_ID: A15_B2
#-------------------------------------------------------------------------
SELECT count(*) cnt
FROM
  (SELECT DISTINCT json_value(a_nested, '$[7][4]' RETURNING varchar array)
   FROM test_array);
+-----+
| cnt |
+-----+
|   1 |
+-----+
(1 row)

!ok

#-------------------------------------------------------------------------
# TESTCASE: test_select_distinct TEST_ID: A16_B1
#-------------------------------------------------------------------------
SELECT DISTINCT a_empty
FROM test_array;
+---------+
| a_empty |
+---------+
| []      |
+---------+
(1 row)

!ok

#-------------------------------------------------------------------------
# TESTCASE: test_select_distinct TEST_ID: A16_B2
#-------------------------------------------------------------------------
SELECT count(*) cnt
FROM
  (SELECT DISTINCT a_empty
   FROM test_array);
+-----+
| cnt |
+-----+
|   1 |
+-----+
(1 row)

!ok

#-------------------------------------------------------------------------
# TESTCASE: test_select_distinct TEST_ID: A17_B1
#-------------------------------------------------------------------------
SELECT DISTINCT json_value(a_nested, '$[5]' RETURNING varchar array)
FROM test_array;
+--------+
| EXPR$0 |
+--------+
| []     |
+--------+
(1 row)

!ok

#-------------------------------------------------------------------------
# TESTCASE: test_select_distinct TEST_ID: A17_B2
#-------------------------------------------------------------------------
SELECT count(*) cnt
FROM
  (SELECT DISTINCT json_value(a_nested, '$[5]' RETURNING varchar array)
   FROM test_array);
+-----+
| cnt |
+-----+
|   1 |
+-----+
(1 row)

!ok

#-------------------------------------------------------------------------
# TESTCASE: test_select_distinct TEST_ID: A18_B1
#-------------------------------------------------------------------------
SELECT DISTINCT json_value(a_nested, '$[7][5]' RETURNING varchar array)
FROM test_array;
+--------+
| EXPR$0 |
+--------+
| []     |
+--------+
(1 row)

!ok

#-------------------------------------------------------------------------
# TESTCASE: test_select_distinct TEST_ID: A18_B2
#-------------------------------------------------------------------------
SELECT count(*) cnt
FROM
  (SELECT DISTINCT json_value(a_nested, '$[7][5]' RETURNING varchar array)
   FROM test_array);
+-----+
| cnt |
+-----+
|   1 |
+-----+
(1 row)

!ok

#-------------------------------------------------------------------------
# TESTCASE: test_select_distinct TEST_ID: A19_B1
#-------------------------------------------------------------------------
SELECT DISTINCT a_mixed
FROM test_array;
+--------------------------+
| a_mixed                  |
+--------------------------+
| [null, S1, 0.1, 1, true] |
| [true, 1, 0.1, S1, null] |
+--------------------------+
(2 rows)

!ok

#-------------------------------------------------------------------------
# TESTCASE: test_select_distinct TEST_ID: A19_B2
#-------------------------------------------------------------------------
SELECT count(*) cnt
FROM
  (SELECT DISTINCT a_mixed
   FROM test_array);
+-----+
| cnt |
+-----+
|   2 |
+-----+
(1 row)

!ok

#-------------------------------------------------------------------------
# TESTCASE: test_select_distinct TEST_ID: A20_B1
#-------------------------------------------------------------------------
SELECT DISTINCT json_value(a_nested, '$[6]' RETURNING varchar array)
FROM test_array;
+--------------------------+
| EXPR$0                   |
+--------------------------+
| [null, S1, 0.1, 1, true] |
| [true, 1, 0.1, S1, null] |
+--------------------------+
(2 rows)

!ok

#-------------------------------------------------------------------------
# TESTCASE: test_select_distinct TEST_ID: A20_B2
#-------------------------------------------------------------------------
SELECT count(*) cnt
FROM
  (SELECT DISTINCT json_value(a_nested, '$[6]' RETURNING varchar array)
   FROM test_array);
+-----+
| cnt |
+-----+
|   2 |
+-----+
(1 row)

!ok

#-------------------------------------------------------------------------
# TESTCASE: test_select_distinct TEST_ID: A21_B1
#-------------------------------------------------------------------------
SELECT DISTINCT json_value(a_nested, '$[7][6]' RETURNING varchar array)
FROM test_array;
+--------------------------+
| EXPR$0                   |
+--------------------------+
| [null, S1, 0.1, 1, true] |
| [true, 1, 0.1, S1, null] |
+--------------------------+
(2 rows)

!ok

#-------------------------------------------------------------------------
# TESTCASE: test_select_distinct TEST_ID: A21_B2
#-------------------------------------------------------------------------
SELECT count(*) cnt
FROM
  (SELECT DISTINCT json_value(a_nested, '$[7][6]' RETURNING varchar array)
   FROM test_array);
+-----+
| cnt |
+-----+
|   2 |
+-----+
(1 row)

!ok

#-------------------------------------------------------------------------
# TESTCASE: test_select_distinct TEST_ID: A22_B1
#-------------------------------------------------------------------------
SELECT DISTINCT a_nested
FROM test_array;
+-------------------------------------------------------------------------------------------------------------------------------------------------------------------------------------------------------------------------------------------------------------------------------------------------------------------------------+
| a_nested                                                                                                                                                                                                                                                                                                                      |
+-------------------------------------------------------------------------------------------------------------------------------------------------------------------------------------------------------------------------------------------------------------------------------------------------------------------------------+
| [[null,false,true],[null,2,1],[null,0.2,0.1],[null,"S2","S1"],[null,null,null],[],[null,"S1",0.1,1,true],[[null,false,true],[null,2,1],[null,0.2,0.1],[null,"S2","S1"],[null,null,null],[],[null,"S1",0.1,1,true],[[null,false,true],[null,2,1],[null,0.2,0.1],[null,"S2","S1"],[null,null,null],[],[null,"S1",0.1,1,true]]]] |
| [[true,false,null],[1,2,null],[0.1,0.2,null],["S1","S2",null],[null,null,null],[],[true,1,0.1,"S1",null],[[true,false,null],[1,2,null],[0.1,0.2,null],["S1","S2",null],[null,null,null],[],[true,1,0.1,"S1",null],[[true,false,null],[1,2,null],[0.1,0.2,null],["S1","S2",null],[null,null,null],[],[true,1,0.1,"S1",null]]]] |
+-------------------------------------------------------------------------------------------------------------------------------------------------------------------------------------------------------------------------------------------------------------------------------------------------------------------------------+
(2 rows)

!ok

#-------------------------------------------------------------------------
# TESTCASE: test_select_distinct TEST_ID: A22_B2
#-------------------------------------------------------------------------
SELECT count(*) cnt
FROM
  (SELECT DISTINCT a_nested
   FROM test_array);
+-----+
| cnt |
+-----+
|   2 |
+-----+
(1 row)

!ok

#-------------------------------------------------------------------------
# TESTCASE: test_select_distinct TEST_ID: A23_B1
#-------------------------------------------------------------------------
SELECT DISTINCT json_query(a_nested, '$[7]')
FROM test_array;
+---------------------------------------------------------------------------------------------------------------------------------------------------------------------------------------------------------------------+
| EXPR$0                                                                                                                                                                                                              |
+---------------------------------------------------------------------------------------------------------------------------------------------------------------------------------------------------------------------+
| [[null,false,true],[null,2,1],[null,0.2,0.1],[null,"S2","S1"],[null,null,null],[],[null,"S1",0.1,1,true],[[null,false,true],[null,2,1],[null,0.2,0.1],[null,"S2","S1"],[null,null,null],[],[null,"S1",0.1,1,true]]] |
| [[true,false,null],[1,2,null],[0.1,0.2,null],["S1","S2",null],[null,null,null],[],[true,1,0.1,"S1",null],[[true,false,null],[1,2,null],[0.1,0.2,null],["S1","S2",null],[null,null,null],[],[true,1,0.1,"S1",null]]] |
+---------------------------------------------------------------------------------------------------------------------------------------------------------------------------------------------------------------------+
(2 rows)

!ok

#-------------------------------------------------------------------------
# TESTCASE: test_select_distinct TEST_ID: A23_B2
#-------------------------------------------------------------------------
SELECT count(*) cnt
FROM
  (SELECT DISTINCT json_query(a_nested, '$[7]')
   FROM test_array);
+-----+
| cnt |
+-----+
|   2 |
+-----+
(1 row)

!ok

#-------------------------------------------------------------------------
# TESTCASE: test_select_distinct TEST_ID: A24_B1
#-------------------------------------------------------------------------
SELECT DISTINCT json_query(a_nested, '$[7][7]')
FROM test_array;
+-----------------------------------------------------------------------------------------------------------+
| EXPR$0                                                                                                    |
+-----------------------------------------------------------------------------------------------------------+
| [[null,false,true],[null,2,1],[null,0.2,0.1],[null,"S2","S1"],[null,null,null],[],[null,"S1",0.1,1,true]] |
| [[true,false,null],[1,2,null],[0.1,0.2,null],["S1","S2",null],[null,null,null],[],[true,1,0.1,"S1",null]] |
+-----------------------------------------------------------------------------------------------------------+
(2 rows)

!ok

#-------------------------------------------------------------------------
# TESTCASE: test_select_distinct TEST_ID: A24_B2
#-------------------------------------------------------------------------
SELECT count(*) cnt
FROM
  (SELECT DISTINCT json_query(a_nested, '$[7][7]')
   FROM test_array);
+-----+
| cnt |
+-----+
|   2 |
+-----+
(1 row)

!ok

