!set useApproximateCountDistinct false
!use druidtest://?componentSupplier=AllDruidEnginesComponentSupplier&datasets=sql/src/test/quidem/qatests/qaArray/sql
!set outputformat mysql
#-------------------------------------------------------------------------
# TESTCASE: test_subquery_with_where TEST_ID: A8_B7_C10
#-------------------------------------------------------------------------
WITH t1 AS
  (SELECT *
   FROM test_array)
SELECT a_nested,
       count(*) cnt
FROM t1
WHERE a_nested=a_nested
  OR a_nested<>a_nested
  AND NOT (a_nested=a_nested
           AND a_nested<>a_nested)
GROUP BY a_nested;
+-------------------------------------------------------------------------------------------------------------------------------------------------------------------------------------------------------------------------------------------------------------------------------------------------------------------------------+-----+
| a_nested                                                                                                                                                                                                                                                                                                                      | cnt |
+-------------------------------------------------------------------------------------------------------------------------------------------------------------------------------------------------------------------------------------------------------------------------------------------------------------------------------+-----+
| [[null,false,true],[null,2,1],[null,0.2,0.1],[null,"S2","S1"],[null,null,null],[],[null,"S1",0.1,1,true],[[null,false,true],[null,2,1],[null,0.2,0.1],[null,"S2","S1"],[null,null,null],[],[null,"S1",0.1,1,true],[[null,false,true],[null,2,1],[null,0.2,0.1],[null,"S2","S1"],[null,null,null],[],[null,"S1",0.1,1,true]]]] |   2 |
| [[true,false,null],[1,2,null],[0.1,0.2,null],["S1","S2",null],[null,null,null],[],[true,1,0.1,"S1",null],[[true,false,null],[1,2,null],[0.1,0.2,null],["S1","S2",null],[null,null,null],[],[true,1,0.1,"S1",null],[[true,false,null],[1,2,null],[0.1,0.2,null],["S1","S2",null],[null,null,null],[],[true,1,0.1,"S1",null]]]] |   2 |
+-------------------------------------------------------------------------------------------------------------------------------------------------------------------------------------------------------------------------------------------------------------------------------------------------------------------------------+-----+
(2 rows)

!ok

#-------------------------------------------------------------------------
# TESTCASE: test_subquery_with_where TEST_ID: A8_B8_C1
#-------------------------------------------------------------------------
SELECT a_nested
FROM test_array
WHERE NOT (a_nested<>a_nested)
  OR NOT (a_nested=a_nested)
  OR a_nested=a_nested
  OR a_nested<>a_nested;
+-------------------------------------------------------------------------------------------------------------------------------------------------------------------------------------------------------------------------------------------------------------------------------------------------------------------------------+
| a_nested                                                                                                                                                                                                                                                                                                                      |
+-------------------------------------------------------------------------------------------------------------------------------------------------------------------------------------------------------------------------------------------------------------------------------------------------------------------------------+
| [[null,false,true],[null,2,1],[null,0.2,0.1],[null,"S2","S1"],[null,null,null],[],[null,"S1",0.1,1,true],[[null,false,true],[null,2,1],[null,0.2,0.1],[null,"S2","S1"],[null,null,null],[],[null,"S1",0.1,1,true],[[null,false,true],[null,2,1],[null,0.2,0.1],[null,"S2","S1"],[null,null,null],[],[null,"S1",0.1,1,true]]]] |
| [[null,false,true],[null,2,1],[null,0.2,0.1],[null,"S2","S1"],[null,null,null],[],[null,"S1",0.1,1,true],[[null,false,true],[null,2,1],[null,0.2,0.1],[null,"S2","S1"],[null,null,null],[],[null,"S1",0.1,1,true],[[null,false,true],[null,2,1],[null,0.2,0.1],[null,"S2","S1"],[null,null,null],[],[null,"S1",0.1,1,true]]]] |
| [[true,false,null],[1,2,null],[0.1,0.2,null],["S1","S2",null],[null,null,null],[],[true,1,0.1,"S1",null],[[true,false,null],[1,2,null],[0.1,0.2,null],["S1","S2",null],[null,null,null],[],[true,1,0.1,"S1",null],[[true,false,null],[1,2,null],[0.1,0.2,null],["S1","S2",null],[null,null,null],[],[true,1,0.1,"S1",null]]]] |
| [[true,false,null],[1,2,null],[0.1,0.2,null],["S1","S2",null],[null,null,null],[],[true,1,0.1,"S1",null],[[true,false,null],[1,2,null],[0.1,0.2,null],["S1","S2",null],[null,null,null],[],[true,1,0.1,"S1",null],[[true,false,null],[1,2,null],[0.1,0.2,null],["S1","S2",null],[null,null,null],[],[true,1,0.1,"S1",null]]]] |
+-------------------------------------------------------------------------------------------------------------------------------------------------------------------------------------------------------------------------------------------------------------------------------------------------------------------------------+
(4 rows)

!ok

#-------------------------------------------------------------------------
# TESTCASE: test_subquery_with_where TEST_ID: A8_B8_C2
#-------------------------------------------------------------------------
SELECT a_nested,
       count(*) cnt
FROM test_array
WHERE NOT (a_nested<>a_nested)
  OR NOT (a_nested=a_nested)
  OR a_nested=a_nested
  OR a_nested<>a_nested
GROUP BY a_nested;
+-------------------------------------------------------------------------------------------------------------------------------------------------------------------------------------------------------------------------------------------------------------------------------------------------------------------------------+-----+
| a_nested                                                                                                                                                                                                                                                                                                                      | cnt |
+-------------------------------------------------------------------------------------------------------------------------------------------------------------------------------------------------------------------------------------------------------------------------------------------------------------------------------+-----+
| [[null,false,true],[null,2,1],[null,0.2,0.1],[null,"S2","S1"],[null,null,null],[],[null,"S1",0.1,1,true],[[null,false,true],[null,2,1],[null,0.2,0.1],[null,"S2","S1"],[null,null,null],[],[null,"S1",0.1,1,true],[[null,false,true],[null,2,1],[null,0.2,0.1],[null,"S2","S1"],[null,null,null],[],[null,"S1",0.1,1,true]]]] |   2 |
| [[true,false,null],[1,2,null],[0.1,0.2,null],["S1","S2",null],[null,null,null],[],[true,1,0.1,"S1",null],[[true,false,null],[1,2,null],[0.1,0.2,null],["S1","S2",null],[null,null,null],[],[true,1,0.1,"S1",null],[[true,false,null],[1,2,null],[0.1,0.2,null],["S1","S2",null],[null,null,null],[],[true,1,0.1,"S1",null]]]] |   2 |
+-------------------------------------------------------------------------------------------------------------------------------------------------------------------------------------------------------------------------------------------------------------------------------------------------------------------------------+-----+
(2 rows)

!ok

#-------------------------------------------------------------------------
# TESTCASE: test_subquery_with_where TEST_ID: A8_B8_C3
#-------------------------------------------------------------------------
SELECT a_nested
FROM
  (SELECT *
   FROM test_array
   WHERE NOT (a_nested<>a_nested)
     OR NOT (a_nested=a_nested)
     OR a_nested=a_nested
     OR a_nested<>a_nested);
+-------------------------------------------------------------------------------------------------------------------------------------------------------------------------------------------------------------------------------------------------------------------------------------------------------------------------------+
| a_nested                                                                                                                                                                                                                                                                                                                      |
+-------------------------------------------------------------------------------------------------------------------------------------------------------------------------------------------------------------------------------------------------------------------------------------------------------------------------------+
| [[null,false,true],[null,2,1],[null,0.2,0.1],[null,"S2","S1"],[null,null,null],[],[null,"S1",0.1,1,true],[[null,false,true],[null,2,1],[null,0.2,0.1],[null,"S2","S1"],[null,null,null],[],[null,"S1",0.1,1,true],[[null,false,true],[null,2,1],[null,0.2,0.1],[null,"S2","S1"],[null,null,null],[],[null,"S1",0.1,1,true]]]] |
| [[null,false,true],[null,2,1],[null,0.2,0.1],[null,"S2","S1"],[null,null,null],[],[null,"S1",0.1,1,true],[[null,false,true],[null,2,1],[null,0.2,0.1],[null,"S2","S1"],[null,null,null],[],[null,"S1",0.1,1,true],[[null,false,true],[null,2,1],[null,0.2,0.1],[null,"S2","S1"],[null,null,null],[],[null,"S1",0.1,1,true]]]] |
| [[true,false,null],[1,2,null],[0.1,0.2,null],["S1","S2",null],[null,null,null],[],[true,1,0.1,"S1",null],[[true,false,null],[1,2,null],[0.1,0.2,null],["S1","S2",null],[null,null,null],[],[true,1,0.1,"S1",null],[[true,false,null],[1,2,null],[0.1,0.2,null],["S1","S2",null],[null,null,null],[],[true,1,0.1,"S1",null]]]] |
| [[true,false,null],[1,2,null],[0.1,0.2,null],["S1","S2",null],[null,null,null],[],[true,1,0.1,"S1",null],[[true,false,null],[1,2,null],[0.1,0.2,null],["S1","S2",null],[null,null,null],[],[true,1,0.1,"S1",null],[[true,false,null],[1,2,null],[0.1,0.2,null],["S1","S2",null],[null,null,null],[],[true,1,0.1,"S1",null]]]] |
+-------------------------------------------------------------------------------------------------------------------------------------------------------------------------------------------------------------------------------------------------------------------------------------------------------------------------------+
(4 rows)

!ok

#-------------------------------------------------------------------------
# TESTCASE: test_subquery_with_where TEST_ID: A8_B8_C4
#-------------------------------------------------------------------------
SELECT a_nested,
       count(*) cnt
FROM
  (SELECT *
   FROM test_array
   WHERE NOT (a_nested<>a_nested)
     OR NOT (a_nested=a_nested)
     OR a_nested=a_nested
     OR a_nested<>a_nested)
GROUP BY a_nested;
+-------------------------------------------------------------------------------------------------------------------------------------------------------------------------------------------------------------------------------------------------------------------------------------------------------------------------------+-----+
| a_nested                                                                                                                                                                                                                                                                                                                      | cnt |
+-------------------------------------------------------------------------------------------------------------------------------------------------------------------------------------------------------------------------------------------------------------------------------------------------------------------------------+-----+
| [[null,false,true],[null,2,1],[null,0.2,0.1],[null,"S2","S1"],[null,null,null],[],[null,"S1",0.1,1,true],[[null,false,true],[null,2,1],[null,0.2,0.1],[null,"S2","S1"],[null,null,null],[],[null,"S1",0.1,1,true],[[null,false,true],[null,2,1],[null,0.2,0.1],[null,"S2","S1"],[null,null,null],[],[null,"S1",0.1,1,true]]]] |   2 |
| [[true,false,null],[1,2,null],[0.1,0.2,null],["S1","S2",null],[null,null,null],[],[true,1,0.1,"S1",null],[[true,false,null],[1,2,null],[0.1,0.2,null],["S1","S2",null],[null,null,null],[],[true,1,0.1,"S1",null],[[true,false,null],[1,2,null],[0.1,0.2,null],["S1","S2",null],[null,null,null],[],[true,1,0.1,"S1",null]]]] |   2 |
+-------------------------------------------------------------------------------------------------------------------------------------------------------------------------------------------------------------------------------------------------------------------------------------------------------------------------------+-----+
(2 rows)

!ok

#-------------------------------------------------------------------------
# TESTCASE: test_subquery_with_where TEST_ID: A8_B8_C5
#-------------------------------------------------------------------------
SELECT a_nested
FROM
  (SELECT *
   FROM test_array)
WHERE NOT (a_nested<>a_nested)
  OR NOT (a_nested=a_nested)
  OR a_nested=a_nested
  OR a_nested<>a_nested;
+-------------------------------------------------------------------------------------------------------------------------------------------------------------------------------------------------------------------------------------------------------------------------------------------------------------------------------+
| a_nested                                                                                                                                                                                                                                                                                                                      |
+-------------------------------------------------------------------------------------------------------------------------------------------------------------------------------------------------------------------------------------------------------------------------------------------------------------------------------+
| [[null,false,true],[null,2,1],[null,0.2,0.1],[null,"S2","S1"],[null,null,null],[],[null,"S1",0.1,1,true],[[null,false,true],[null,2,1],[null,0.2,0.1],[null,"S2","S1"],[null,null,null],[],[null,"S1",0.1,1,true],[[null,false,true],[null,2,1],[null,0.2,0.1],[null,"S2","S1"],[null,null,null],[],[null,"S1",0.1,1,true]]]] |
| [[null,false,true],[null,2,1],[null,0.2,0.1],[null,"S2","S1"],[null,null,null],[],[null,"S1",0.1,1,true],[[null,false,true],[null,2,1],[null,0.2,0.1],[null,"S2","S1"],[null,null,null],[],[null,"S1",0.1,1,true],[[null,false,true],[null,2,1],[null,0.2,0.1],[null,"S2","S1"],[null,null,null],[],[null,"S1",0.1,1,true]]]] |
| [[true,false,null],[1,2,null],[0.1,0.2,null],["S1","S2",null],[null,null,null],[],[true,1,0.1,"S1",null],[[true,false,null],[1,2,null],[0.1,0.2,null],["S1","S2",null],[null,null,null],[],[true,1,0.1,"S1",null],[[true,false,null],[1,2,null],[0.1,0.2,null],["S1","S2",null],[null,null,null],[],[true,1,0.1,"S1",null]]]] |
| [[true,false,null],[1,2,null],[0.1,0.2,null],["S1","S2",null],[null,null,null],[],[true,1,0.1,"S1",null],[[true,false,null],[1,2,null],[0.1,0.2,null],["S1","S2",null],[null,null,null],[],[true,1,0.1,"S1",null],[[true,false,null],[1,2,null],[0.1,0.2,null],["S1","S2",null],[null,null,null],[],[true,1,0.1,"S1",null]]]] |
+-------------------------------------------------------------------------------------------------------------------------------------------------------------------------------------------------------------------------------------------------------------------------------------------------------------------------------+
(4 rows)

!ok

#-------------------------------------------------------------------------
# TESTCASE: test_subquery_with_where TEST_ID: A8_B8_C6
#-------------------------------------------------------------------------
SELECT a_nested,
       count(*) cnt
FROM
  (SELECT *
   FROM test_array)
WHERE NOT (a_nested<>a_nested)
  OR NOT (a_nested=a_nested)
  OR a_nested=a_nested
  OR a_nested<>a_nested
GROUP BY a_nested;
+-------------------------------------------------------------------------------------------------------------------------------------------------------------------------------------------------------------------------------------------------------------------------------------------------------------------------------+-----+
| a_nested                                                                                                                                                                                                                                                                                                                      | cnt |
+-------------------------------------------------------------------------------------------------------------------------------------------------------------------------------------------------------------------------------------------------------------------------------------------------------------------------------+-----+
| [[null,false,true],[null,2,1],[null,0.2,0.1],[null,"S2","S1"],[null,null,null],[],[null,"S1",0.1,1,true],[[null,false,true],[null,2,1],[null,0.2,0.1],[null,"S2","S1"],[null,null,null],[],[null,"S1",0.1,1,true],[[null,false,true],[null,2,1],[null,0.2,0.1],[null,"S2","S1"],[null,null,null],[],[null,"S1",0.1,1,true]]]] |   2 |
| [[true,false,null],[1,2,null],[0.1,0.2,null],["S1","S2",null],[null,null,null],[],[true,1,0.1,"S1",null],[[true,false,null],[1,2,null],[0.1,0.2,null],["S1","S2",null],[null,null,null],[],[true,1,0.1,"S1",null],[[true,false,null],[1,2,null],[0.1,0.2,null],["S1","S2",null],[null,null,null],[],[true,1,0.1,"S1",null]]]] |   2 |
+-------------------------------------------------------------------------------------------------------------------------------------------------------------------------------------------------------------------------------------------------------------------------------------------------------------------------------+-----+
(2 rows)

!ok

#-------------------------------------------------------------------------
# TESTCASE: test_subquery_with_where TEST_ID: A8_B8_C7
#-------------------------------------------------------------------------
WITH t1 AS
  (SELECT *
   FROM test_array
   WHERE NOT (a_nested<>a_nested)
     OR NOT (a_nested=a_nested)
     OR a_nested=a_nested
     OR a_nested<>a_nested)
SELECT a_nested
FROM t1;
+-------------------------------------------------------------------------------------------------------------------------------------------------------------------------------------------------------------------------------------------------------------------------------------------------------------------------------+
| a_nested                                                                                                                                                                                                                                                                                                                      |
+-------------------------------------------------------------------------------------------------------------------------------------------------------------------------------------------------------------------------------------------------------------------------------------------------------------------------------+
| [[null,false,true],[null,2,1],[null,0.2,0.1],[null,"S2","S1"],[null,null,null],[],[null,"S1",0.1,1,true],[[null,false,true],[null,2,1],[null,0.2,0.1],[null,"S2","S1"],[null,null,null],[],[null,"S1",0.1,1,true],[[null,false,true],[null,2,1],[null,0.2,0.1],[null,"S2","S1"],[null,null,null],[],[null,"S1",0.1,1,true]]]] |
| [[null,false,true],[null,2,1],[null,0.2,0.1],[null,"S2","S1"],[null,null,null],[],[null,"S1",0.1,1,true],[[null,false,true],[null,2,1],[null,0.2,0.1],[null,"S2","S1"],[null,null,null],[],[null,"S1",0.1,1,true],[[null,false,true],[null,2,1],[null,0.2,0.1],[null,"S2","S1"],[null,null,null],[],[null,"S1",0.1,1,true]]]] |
| [[true,false,null],[1,2,null],[0.1,0.2,null],["S1","S2",null],[null,null,null],[],[true,1,0.1,"S1",null],[[true,false,null],[1,2,null],[0.1,0.2,null],["S1","S2",null],[null,null,null],[],[true,1,0.1,"S1",null],[[true,false,null],[1,2,null],[0.1,0.2,null],["S1","S2",null],[null,null,null],[],[true,1,0.1,"S1",null]]]] |
| [[true,false,null],[1,2,null],[0.1,0.2,null],["S1","S2",null],[null,null,null],[],[true,1,0.1,"S1",null],[[true,false,null],[1,2,null],[0.1,0.2,null],["S1","S2",null],[null,null,null],[],[true,1,0.1,"S1",null],[[true,false,null],[1,2,null],[0.1,0.2,null],["S1","S2",null],[null,null,null],[],[true,1,0.1,"S1",null]]]] |
+-------------------------------------------------------------------------------------------------------------------------------------------------------------------------------------------------------------------------------------------------------------------------------------------------------------------------------+
(4 rows)

!ok

#-------------------------------------------------------------------------
# TESTCASE: test_subquery_with_where TEST_ID: A8_B8_C8
#-------------------------------------------------------------------------
WITH t1 AS
  (SELECT *
   FROM test_array
   WHERE NOT (a_nested<>a_nested)
     OR NOT (a_nested=a_nested)
     OR a_nested=a_nested
     OR a_nested<>a_nested)
SELECT a_nested,
       count(*) cnt
FROM t1
GROUP BY a_nested;
+-------------------------------------------------------------------------------------------------------------------------------------------------------------------------------------------------------------------------------------------------------------------------------------------------------------------------------+-----+
| a_nested                                                                                                                                                                                                                                                                                                                      | cnt |
+-------------------------------------------------------------------------------------------------------------------------------------------------------------------------------------------------------------------------------------------------------------------------------------------------------------------------------+-----+
| [[null,false,true],[null,2,1],[null,0.2,0.1],[null,"S2","S1"],[null,null,null],[],[null,"S1",0.1,1,true],[[null,false,true],[null,2,1],[null,0.2,0.1],[null,"S2","S1"],[null,null,null],[],[null,"S1",0.1,1,true],[[null,false,true],[null,2,1],[null,0.2,0.1],[null,"S2","S1"],[null,null,null],[],[null,"S1",0.1,1,true]]]] |   2 |
| [[true,false,null],[1,2,null],[0.1,0.2,null],["S1","S2",null],[null,null,null],[],[true,1,0.1,"S1",null],[[true,false,null],[1,2,null],[0.1,0.2,null],["S1","S2",null],[null,null,null],[],[true,1,0.1,"S1",null],[[true,false,null],[1,2,null],[0.1,0.2,null],["S1","S2",null],[null,null,null],[],[true,1,0.1,"S1",null]]]] |   2 |
+-------------------------------------------------------------------------------------------------------------------------------------------------------------------------------------------------------------------------------------------------------------------------------------------------------------------------------+-----+
(2 rows)

!ok

#-------------------------------------------------------------------------
# TESTCASE: test_subquery_with_where TEST_ID: A8_B8_C9
#-------------------------------------------------------------------------
WITH t1 AS
  (SELECT *
   FROM test_array)
SELECT a_nested
FROM t1
WHERE NOT (a_nested<>a_nested)
  OR NOT (a_nested=a_nested)
  OR a_nested=a_nested
  OR a_nested<>a_nested;
+-------------------------------------------------------------------------------------------------------------------------------------------------------------------------------------------------------------------------------------------------------------------------------------------------------------------------------+
| a_nested                                                                                                                                                                                                                                                                                                                      |
+-------------------------------------------------------------------------------------------------------------------------------------------------------------------------------------------------------------------------------------------------------------------------------------------------------------------------------+
| [[null,false,true],[null,2,1],[null,0.2,0.1],[null,"S2","S1"],[null,null,null],[],[null,"S1",0.1,1,true],[[null,false,true],[null,2,1],[null,0.2,0.1],[null,"S2","S1"],[null,null,null],[],[null,"S1",0.1,1,true],[[null,false,true],[null,2,1],[null,0.2,0.1],[null,"S2","S1"],[null,null,null],[],[null,"S1",0.1,1,true]]]] |
| [[null,false,true],[null,2,1],[null,0.2,0.1],[null,"S2","S1"],[null,null,null],[],[null,"S1",0.1,1,true],[[null,false,true],[null,2,1],[null,0.2,0.1],[null,"S2","S1"],[null,null,null],[],[null,"S1",0.1,1,true],[[null,false,true],[null,2,1],[null,0.2,0.1],[null,"S2","S1"],[null,null,null],[],[null,"S1",0.1,1,true]]]] |
| [[true,false,null],[1,2,null],[0.1,0.2,null],["S1","S2",null],[null,null,null],[],[true,1,0.1,"S1",null],[[true,false,null],[1,2,null],[0.1,0.2,null],["S1","S2",null],[null,null,null],[],[true,1,0.1,"S1",null],[[true,false,null],[1,2,null],[0.1,0.2,null],["S1","S2",null],[null,null,null],[],[true,1,0.1,"S1",null]]]] |
| [[true,false,null],[1,2,null],[0.1,0.2,null],["S1","S2",null],[null,null,null],[],[true,1,0.1,"S1",null],[[true,false,null],[1,2,null],[0.1,0.2,null],["S1","S2",null],[null,null,null],[],[true,1,0.1,"S1",null],[[true,false,null],[1,2,null],[0.1,0.2,null],["S1","S2",null],[null,null,null],[],[true,1,0.1,"S1",null]]]] |
+-------------------------------------------------------------------------------------------------------------------------------------------------------------------------------------------------------------------------------------------------------------------------------------------------------------------------------+
(4 rows)

!ok

#-------------------------------------------------------------------------
# TESTCASE: test_subquery_with_where TEST_ID: A8_B8_C10
#-------------------------------------------------------------------------
WITH t1 AS
  (SELECT *
   FROM test_array)
SELECT a_nested,
       count(*) cnt
FROM t1
WHERE NOT (a_nested<>a_nested)
  OR NOT (a_nested=a_nested)
  OR a_nested=a_nested
  OR a_nested<>a_nested
GROUP BY a_nested;
+-------------------------------------------------------------------------------------------------------------------------------------------------------------------------------------------------------------------------------------------------------------------------------------------------------------------------------+-----+
| a_nested                                                                                                                                                                                                                                                                                                                      | cnt |
+-------------------------------------------------------------------------------------------------------------------------------------------------------------------------------------------------------------------------------------------------------------------------------------------------------------------------------+-----+
| [[null,false,true],[null,2,1],[null,0.2,0.1],[null,"S2","S1"],[null,null,null],[],[null,"S1",0.1,1,true],[[null,false,true],[null,2,1],[null,0.2,0.1],[null,"S2","S1"],[null,null,null],[],[null,"S1",0.1,1,true],[[null,false,true],[null,2,1],[null,0.2,0.1],[null,"S2","S1"],[null,null,null],[],[null,"S1",0.1,1,true]]]] |   2 |
| [[true,false,null],[1,2,null],[0.1,0.2,null],["S1","S2",null],[null,null,null],[],[true,1,0.1,"S1",null],[[true,false,null],[1,2,null],[0.1,0.2,null],["S1","S2",null],[null,null,null],[],[true,1,0.1,"S1",null],[[true,false,null],[1,2,null],[0.1,0.2,null],["S1","S2",null],[null,null,null],[],[true,1,0.1,"S1",null]]]] |   2 |
+-------------------------------------------------------------------------------------------------------------------------------------------------------------------------------------------------------------------------------------------------------------------------------------------------------------------------------+-----+
(2 rows)

!ok

#-------------------------------------------------------------------------
# TESTCASE: test_subquery_with_where TEST_ID: A8_B9_C1
#-------------------------------------------------------------------------
SELECT a_nested
FROM test_array
WHERE a_nested IS NULL;
+----------+
| a_nested |
+----------+
+----------+
(0 rows)

!ok

#-------------------------------------------------------------------------
# TESTCASE: test_subquery_with_where TEST_ID: A8_B9_C2
#-------------------------------------------------------------------------
SELECT a_nested,
       count(*) cnt
FROM test_array
WHERE a_nested IS NULL
GROUP BY a_nested;
+----------+-----+
| a_nested | cnt |
+----------+-----+
+----------+-----+
(0 rows)

!ok

#-------------------------------------------------------------------------
# TESTCASE: test_subquery_with_where TEST_ID: A8_B9_C3
#-------------------------------------------------------------------------
SELECT a_nested
FROM
  (SELECT *
   FROM test_array
   WHERE a_nested IS NULL);
+----------+
| a_nested |
+----------+
+----------+
(0 rows)

!ok

#-------------------------------------------------------------------------
# TESTCASE: test_subquery_with_where TEST_ID: A8_B9_C4
#-------------------------------------------------------------------------
SELECT a_nested,
       count(*) cnt
FROM
  (SELECT *
   FROM test_array
   WHERE a_nested IS NULL)
GROUP BY a_nested;
+----------+-----+
| a_nested | cnt |
+----------+-----+
+----------+-----+
(0 rows)

!ok

#-------------------------------------------------------------------------
# TESTCASE: test_subquery_with_where TEST_ID: A8_B9_C5
#-------------------------------------------------------------------------
SELECT a_nested
FROM
  (SELECT *
   FROM test_array)
WHERE a_nested IS NULL;
+----------+
| a_nested |
+----------+
+----------+
(0 rows)

!ok

#-------------------------------------------------------------------------
# TESTCASE: test_subquery_with_where TEST_ID: A8_B9_C6
#-------------------------------------------------------------------------
SELECT a_nested,
       count(*) cnt
FROM
  (SELECT *
   FROM test_array)
WHERE a_nested IS NULL
GROUP BY a_nested;
+----------+-----+
| a_nested | cnt |
+----------+-----+
+----------+-----+
(0 rows)

!ok

#-------------------------------------------------------------------------
# TESTCASE: test_subquery_with_where TEST_ID: A8_B9_C7
#-------------------------------------------------------------------------
WITH t1 AS
  (SELECT *
   FROM test_array
   WHERE a_nested IS NULL)
SELECT a_nested
FROM t1;
+----------+
| a_nested |
+----------+
+----------+
(0 rows)

!ok

#-------------------------------------------------------------------------
# TESTCASE: test_subquery_with_where TEST_ID: A8_B9_C8
#-------------------------------------------------------------------------
WITH t1 AS
  (SELECT *
   FROM test_array
   WHERE a_nested IS NULL)
SELECT a_nested,
       count(*) cnt
FROM t1
GROUP BY a_nested;
+----------+-----+
| a_nested | cnt |
+----------+-----+
+----------+-----+
(0 rows)

!ok

#-------------------------------------------------------------------------
# TESTCASE: test_subquery_with_where TEST_ID: A8_B9_C9
#-------------------------------------------------------------------------
WITH t1 AS
  (SELECT *
   FROM test_array)
SELECT a_nested
FROM t1
WHERE a_nested IS NULL;
+----------+
| a_nested |
+----------+
+----------+
(0 rows)

!ok

#-------------------------------------------------------------------------
# TESTCASE: test_subquery_with_where TEST_ID: A8_B9_C10
#-------------------------------------------------------------------------
WITH t1 AS
  (SELECT *
   FROM test_array)
SELECT a_nested,
       count(*) cnt
FROM t1
WHERE a_nested IS NULL
GROUP BY a_nested;
+----------+-----+
| a_nested | cnt |
+----------+-----+
+----------+-----+
(0 rows)

!ok

#-------------------------------------------------------------------------
# TESTCASE: test_subquery_with_where TEST_ID: A8_B10_C1
#-------------------------------------------------------------------------
SELECT a_nested
FROM test_array
WHERE a_nested IS NOT NULL;
+-------------------------------------------------------------------------------------------------------------------------------------------------------------------------------------------------------------------------------------------------------------------------------------------------------------------------------+
| a_nested                                                                                                                                                                                                                                                                                                                      |
+-------------------------------------------------------------------------------------------------------------------------------------------------------------------------------------------------------------------------------------------------------------------------------------------------------------------------------+
| [[null,false,true],[null,2,1],[null,0.2,0.1],[null,"S2","S1"],[null,null,null],[],[null,"S1",0.1,1,true],[[null,false,true],[null,2,1],[null,0.2,0.1],[null,"S2","S1"],[null,null,null],[],[null,"S1",0.1,1,true],[[null,false,true],[null,2,1],[null,0.2,0.1],[null,"S2","S1"],[null,null,null],[],[null,"S1",0.1,1,true]]]] |
| [[null,false,true],[null,2,1],[null,0.2,0.1],[null,"S2","S1"],[null,null,null],[],[null,"S1",0.1,1,true],[[null,false,true],[null,2,1],[null,0.2,0.1],[null,"S2","S1"],[null,null,null],[],[null,"S1",0.1,1,true],[[null,false,true],[null,2,1],[null,0.2,0.1],[null,"S2","S1"],[null,null,null],[],[null,"S1",0.1,1,true]]]] |
| [[true,false,null],[1,2,null],[0.1,0.2,null],["S1","S2",null],[null,null,null],[],[true,1,0.1,"S1",null],[[true,false,null],[1,2,null],[0.1,0.2,null],["S1","S2",null],[null,null,null],[],[true,1,0.1,"S1",null],[[true,false,null],[1,2,null],[0.1,0.2,null],["S1","S2",null],[null,null,null],[],[true,1,0.1,"S1",null]]]] |
| [[true,false,null],[1,2,null],[0.1,0.2,null],["S1","S2",null],[null,null,null],[],[true,1,0.1,"S1",null],[[true,false,null],[1,2,null],[0.1,0.2,null],["S1","S2",null],[null,null,null],[],[true,1,0.1,"S1",null],[[true,false,null],[1,2,null],[0.1,0.2,null],["S1","S2",null],[null,null,null],[],[true,1,0.1,"S1",null]]]] |
+-------------------------------------------------------------------------------------------------------------------------------------------------------------------------------------------------------------------------------------------------------------------------------------------------------------------------------+
(4 rows)

!ok

#-------------------------------------------------------------------------
# TESTCASE: test_subquery_with_where TEST_ID: A8_B10_C2
#-------------------------------------------------------------------------
SELECT a_nested,
       count(*) cnt
FROM test_array
WHERE a_nested IS NOT NULL
GROUP BY a_nested;
+-------------------------------------------------------------------------------------------------------------------------------------------------------------------------------------------------------------------------------------------------------------------------------------------------------------------------------+-----+
| a_nested                                                                                                                                                                                                                                                                                                                      | cnt |
+-------------------------------------------------------------------------------------------------------------------------------------------------------------------------------------------------------------------------------------------------------------------------------------------------------------------------------+-----+
| [[null,false,true],[null,2,1],[null,0.2,0.1],[null,"S2","S1"],[null,null,null],[],[null,"S1",0.1,1,true],[[null,false,true],[null,2,1],[null,0.2,0.1],[null,"S2","S1"],[null,null,null],[],[null,"S1",0.1,1,true],[[null,false,true],[null,2,1],[null,0.2,0.1],[null,"S2","S1"],[null,null,null],[],[null,"S1",0.1,1,true]]]] |   2 |
| [[true,false,null],[1,2,null],[0.1,0.2,null],["S1","S2",null],[null,null,null],[],[true,1,0.1,"S1",null],[[true,false,null],[1,2,null],[0.1,0.2,null],["S1","S2",null],[null,null,null],[],[true,1,0.1,"S1",null],[[true,false,null],[1,2,null],[0.1,0.2,null],["S1","S2",null],[null,null,null],[],[true,1,0.1,"S1",null]]]] |   2 |
+-------------------------------------------------------------------------------------------------------------------------------------------------------------------------------------------------------------------------------------------------------------------------------------------------------------------------------+-----+
(2 rows)

!ok

#-------------------------------------------------------------------------
# TESTCASE: test_subquery_with_where TEST_ID: A8_B10_C3
#-------------------------------------------------------------------------
SELECT a_nested
FROM
  (SELECT *
   FROM test_array
   WHERE a_nested IS NOT NULL);
+-------------------------------------------------------------------------------------------------------------------------------------------------------------------------------------------------------------------------------------------------------------------------------------------------------------------------------+
| a_nested                                                                                                                                                                                                                                                                                                                      |
+-------------------------------------------------------------------------------------------------------------------------------------------------------------------------------------------------------------------------------------------------------------------------------------------------------------------------------+
| [[null,false,true],[null,2,1],[null,0.2,0.1],[null,"S2","S1"],[null,null,null],[],[null,"S1",0.1,1,true],[[null,false,true],[null,2,1],[null,0.2,0.1],[null,"S2","S1"],[null,null,null],[],[null,"S1",0.1,1,true],[[null,false,true],[null,2,1],[null,0.2,0.1],[null,"S2","S1"],[null,null,null],[],[null,"S1",0.1,1,true]]]] |
| [[null,false,true],[null,2,1],[null,0.2,0.1],[null,"S2","S1"],[null,null,null],[],[null,"S1",0.1,1,true],[[null,false,true],[null,2,1],[null,0.2,0.1],[null,"S2","S1"],[null,null,null],[],[null,"S1",0.1,1,true],[[null,false,true],[null,2,1],[null,0.2,0.1],[null,"S2","S1"],[null,null,null],[],[null,"S1",0.1,1,true]]]] |
| [[true,false,null],[1,2,null],[0.1,0.2,null],["S1","S2",null],[null,null,null],[],[true,1,0.1,"S1",null],[[true,false,null],[1,2,null],[0.1,0.2,null],["S1","S2",null],[null,null,null],[],[true,1,0.1,"S1",null],[[true,false,null],[1,2,null],[0.1,0.2,null],["S1","S2",null],[null,null,null],[],[true,1,0.1,"S1",null]]]] |
| [[true,false,null],[1,2,null],[0.1,0.2,null],["S1","S2",null],[null,null,null],[],[true,1,0.1,"S1",null],[[true,false,null],[1,2,null],[0.1,0.2,null],["S1","S2",null],[null,null,null],[],[true,1,0.1,"S1",null],[[true,false,null],[1,2,null],[0.1,0.2,null],["S1","S2",null],[null,null,null],[],[true,1,0.1,"S1",null]]]] |
+-------------------------------------------------------------------------------------------------------------------------------------------------------------------------------------------------------------------------------------------------------------------------------------------------------------------------------+
(4 rows)

!ok

#-------------------------------------------------------------------------
# TESTCASE: test_subquery_with_where TEST_ID: A8_B10_C4
#-------------------------------------------------------------------------
SELECT a_nested,
       count(*) cnt
FROM
  (SELECT *
   FROM test_array
   WHERE a_nested IS NOT NULL)
GROUP BY a_nested;
+-------------------------------------------------------------------------------------------------------------------------------------------------------------------------------------------------------------------------------------------------------------------------------------------------------------------------------+-----+
| a_nested                                                                                                                                                                                                                                                                                                                      | cnt |
+-------------------------------------------------------------------------------------------------------------------------------------------------------------------------------------------------------------------------------------------------------------------------------------------------------------------------------+-----+
| [[null,false,true],[null,2,1],[null,0.2,0.1],[null,"S2","S1"],[null,null,null],[],[null,"S1",0.1,1,true],[[null,false,true],[null,2,1],[null,0.2,0.1],[null,"S2","S1"],[null,null,null],[],[null,"S1",0.1,1,true],[[null,false,true],[null,2,1],[null,0.2,0.1],[null,"S2","S1"],[null,null,null],[],[null,"S1",0.1,1,true]]]] |   2 |
| [[true,false,null],[1,2,null],[0.1,0.2,null],["S1","S2",null],[null,null,null],[],[true,1,0.1,"S1",null],[[true,false,null],[1,2,null],[0.1,0.2,null],["S1","S2",null],[null,null,null],[],[true,1,0.1,"S1",null],[[true,false,null],[1,2,null],[0.1,0.2,null],["S1","S2",null],[null,null,null],[],[true,1,0.1,"S1",null]]]] |   2 |
+-------------------------------------------------------------------------------------------------------------------------------------------------------------------------------------------------------------------------------------------------------------------------------------------------------------------------------+-----+
(2 rows)

!ok

#-------------------------------------------------------------------------
# TESTCASE: test_subquery_with_where TEST_ID: A8_B10_C5
#-------------------------------------------------------------------------
SELECT a_nested
FROM
  (SELECT *
   FROM test_array)
WHERE a_nested IS NOT NULL;
+-------------------------------------------------------------------------------------------------------------------------------------------------------------------------------------------------------------------------------------------------------------------------------------------------------------------------------+
| a_nested                                                                                                                                                                                                                                                                                                                      |
+-------------------------------------------------------------------------------------------------------------------------------------------------------------------------------------------------------------------------------------------------------------------------------------------------------------------------------+
| [[null,false,true],[null,2,1],[null,0.2,0.1],[null,"S2","S1"],[null,null,null],[],[null,"S1",0.1,1,true],[[null,false,true],[null,2,1],[null,0.2,0.1],[null,"S2","S1"],[null,null,null],[],[null,"S1",0.1,1,true],[[null,false,true],[null,2,1],[null,0.2,0.1],[null,"S2","S1"],[null,null,null],[],[null,"S1",0.1,1,true]]]] |
| [[null,false,true],[null,2,1],[null,0.2,0.1],[null,"S2","S1"],[null,null,null],[],[null,"S1",0.1,1,true],[[null,false,true],[null,2,1],[null,0.2,0.1],[null,"S2","S1"],[null,null,null],[],[null,"S1",0.1,1,true],[[null,false,true],[null,2,1],[null,0.2,0.1],[null,"S2","S1"],[null,null,null],[],[null,"S1",0.1,1,true]]]] |
| [[true,false,null],[1,2,null],[0.1,0.2,null],["S1","S2",null],[null,null,null],[],[true,1,0.1,"S1",null],[[true,false,null],[1,2,null],[0.1,0.2,null],["S1","S2",null],[null,null,null],[],[true,1,0.1,"S1",null],[[true,false,null],[1,2,null],[0.1,0.2,null],["S1","S2",null],[null,null,null],[],[true,1,0.1,"S1",null]]]] |
| [[true,false,null],[1,2,null],[0.1,0.2,null],["S1","S2",null],[null,null,null],[],[true,1,0.1,"S1",null],[[true,false,null],[1,2,null],[0.1,0.2,null],["S1","S2",null],[null,null,null],[],[true,1,0.1,"S1",null],[[true,false,null],[1,2,null],[0.1,0.2,null],["S1","S2",null],[null,null,null],[],[true,1,0.1,"S1",null]]]] |
+-------------------------------------------------------------------------------------------------------------------------------------------------------------------------------------------------------------------------------------------------------------------------------------------------------------------------------+
(4 rows)

!ok

#-------------------------------------------------------------------------
# TESTCASE: test_subquery_with_where TEST_ID: A8_B10_C6
#-------------------------------------------------------------------------
SELECT a_nested,
       count(*) cnt
FROM
  (SELECT *
   FROM test_array)
WHERE a_nested IS NOT NULL
GROUP BY a_nested;
+-------------------------------------------------------------------------------------------------------------------------------------------------------------------------------------------------------------------------------------------------------------------------------------------------------------------------------+-----+
| a_nested                                                                                                                                                                                                                                                                                                                      | cnt |
+-------------------------------------------------------------------------------------------------------------------------------------------------------------------------------------------------------------------------------------------------------------------------------------------------------------------------------+-----+
| [[null,false,true],[null,2,1],[null,0.2,0.1],[null,"S2","S1"],[null,null,null],[],[null,"S1",0.1,1,true],[[null,false,true],[null,2,1],[null,0.2,0.1],[null,"S2","S1"],[null,null,null],[],[null,"S1",0.1,1,true],[[null,false,true],[null,2,1],[null,0.2,0.1],[null,"S2","S1"],[null,null,null],[],[null,"S1",0.1,1,true]]]] |   2 |
| [[true,false,null],[1,2,null],[0.1,0.2,null],["S1","S2",null],[null,null,null],[],[true,1,0.1,"S1",null],[[true,false,null],[1,2,null],[0.1,0.2,null],["S1","S2",null],[null,null,null],[],[true,1,0.1,"S1",null],[[true,false,null],[1,2,null],[0.1,0.2,null],["S1","S2",null],[null,null,null],[],[true,1,0.1,"S1",null]]]] |   2 |
+-------------------------------------------------------------------------------------------------------------------------------------------------------------------------------------------------------------------------------------------------------------------------------------------------------------------------------+-----+
(2 rows)

!ok

#-------------------------------------------------------------------------
# TESTCASE: test_subquery_with_where TEST_ID: A8_B10_C7
#-------------------------------------------------------------------------
WITH t1 AS
  (SELECT *
   FROM test_array
   WHERE a_nested IS NOT NULL)
SELECT a_nested
FROM t1;
+-------------------------------------------------------------------------------------------------------------------------------------------------------------------------------------------------------------------------------------------------------------------------------------------------------------------------------+
| a_nested                                                                                                                                                                                                                                                                                                                      |
+-------------------------------------------------------------------------------------------------------------------------------------------------------------------------------------------------------------------------------------------------------------------------------------------------------------------------------+
| [[null,false,true],[null,2,1],[null,0.2,0.1],[null,"S2","S1"],[null,null,null],[],[null,"S1",0.1,1,true],[[null,false,true],[null,2,1],[null,0.2,0.1],[null,"S2","S1"],[null,null,null],[],[null,"S1",0.1,1,true],[[null,false,true],[null,2,1],[null,0.2,0.1],[null,"S2","S1"],[null,null,null],[],[null,"S1",0.1,1,true]]]] |
| [[null,false,true],[null,2,1],[null,0.2,0.1],[null,"S2","S1"],[null,null,null],[],[null,"S1",0.1,1,true],[[null,false,true],[null,2,1],[null,0.2,0.1],[null,"S2","S1"],[null,null,null],[],[null,"S1",0.1,1,true],[[null,false,true],[null,2,1],[null,0.2,0.1],[null,"S2","S1"],[null,null,null],[],[null,"S1",0.1,1,true]]]] |
| [[true,false,null],[1,2,null],[0.1,0.2,null],["S1","S2",null],[null,null,null],[],[true,1,0.1,"S1",null],[[true,false,null],[1,2,null],[0.1,0.2,null],["S1","S2",null],[null,null,null],[],[true,1,0.1,"S1",null],[[true,false,null],[1,2,null],[0.1,0.2,null],["S1","S2",null],[null,null,null],[],[true,1,0.1,"S1",null]]]] |
| [[true,false,null],[1,2,null],[0.1,0.2,null],["S1","S2",null],[null,null,null],[],[true,1,0.1,"S1",null],[[true,false,null],[1,2,null],[0.1,0.2,null],["S1","S2",null],[null,null,null],[],[true,1,0.1,"S1",null],[[true,false,null],[1,2,null],[0.1,0.2,null],["S1","S2",null],[null,null,null],[],[true,1,0.1,"S1",null]]]] |
+-------------------------------------------------------------------------------------------------------------------------------------------------------------------------------------------------------------------------------------------------------------------------------------------------------------------------------+
(4 rows)

!ok

#-------------------------------------------------------------------------
# TESTCASE: test_subquery_with_where TEST_ID: A8_B10_C8
#-------------------------------------------------------------------------
WITH t1 AS
  (SELECT *
   FROM test_array
   WHERE a_nested IS NOT NULL)
SELECT a_nested,
       count(*) cnt
FROM t1
GROUP BY a_nested;
+-------------------------------------------------------------------------------------------------------------------------------------------------------------------------------------------------------------------------------------------------------------------------------------------------------------------------------+-----+
| a_nested                                                                                                                                                                                                                                                                                                                      | cnt |
+-------------------------------------------------------------------------------------------------------------------------------------------------------------------------------------------------------------------------------------------------------------------------------------------------------------------------------+-----+
| [[null,false,true],[null,2,1],[null,0.2,0.1],[null,"S2","S1"],[null,null,null],[],[null,"S1",0.1,1,true],[[null,false,true],[null,2,1],[null,0.2,0.1],[null,"S2","S1"],[null,null,null],[],[null,"S1",0.1,1,true],[[null,false,true],[null,2,1],[null,0.2,0.1],[null,"S2","S1"],[null,null,null],[],[null,"S1",0.1,1,true]]]] |   2 |
| [[true,false,null],[1,2,null],[0.1,0.2,null],["S1","S2",null],[null,null,null],[],[true,1,0.1,"S1",null],[[true,false,null],[1,2,null],[0.1,0.2,null],["S1","S2",null],[null,null,null],[],[true,1,0.1,"S1",null],[[true,false,null],[1,2,null],[0.1,0.2,null],["S1","S2",null],[null,null,null],[],[true,1,0.1,"S1",null]]]] |   2 |
+-------------------------------------------------------------------------------------------------------------------------------------------------------------------------------------------------------------------------------------------------------------------------------------------------------------------------------+-----+
(2 rows)

!ok

#-------------------------------------------------------------------------
# TESTCASE: test_subquery_with_where TEST_ID: A8_B10_C9
#-------------------------------------------------------------------------
WITH t1 AS
  (SELECT *
   FROM test_array)
SELECT a_nested
FROM t1
WHERE a_nested IS NOT NULL;
+-------------------------------------------------------------------------------------------------------------------------------------------------------------------------------------------------------------------------------------------------------------------------------------------------------------------------------+
| a_nested                                                                                                                                                                                                                                                                                                                      |
+-------------------------------------------------------------------------------------------------------------------------------------------------------------------------------------------------------------------------------------------------------------------------------------------------------------------------------+
| [[null,false,true],[null,2,1],[null,0.2,0.1],[null,"S2","S1"],[null,null,null],[],[null,"S1",0.1,1,true],[[null,false,true],[null,2,1],[null,0.2,0.1],[null,"S2","S1"],[null,null,null],[],[null,"S1",0.1,1,true],[[null,false,true],[null,2,1],[null,0.2,0.1],[null,"S2","S1"],[null,null,null],[],[null,"S1",0.1,1,true]]]] |
| [[null,false,true],[null,2,1],[null,0.2,0.1],[null,"S2","S1"],[null,null,null],[],[null,"S1",0.1,1,true],[[null,false,true],[null,2,1],[null,0.2,0.1],[null,"S2","S1"],[null,null,null],[],[null,"S1",0.1,1,true],[[null,false,true],[null,2,1],[null,0.2,0.1],[null,"S2","S1"],[null,null,null],[],[null,"S1",0.1,1,true]]]] |
| [[true,false,null],[1,2,null],[0.1,0.2,null],["S1","S2",null],[null,null,null],[],[true,1,0.1,"S1",null],[[true,false,null],[1,2,null],[0.1,0.2,null],["S1","S2",null],[null,null,null],[],[true,1,0.1,"S1",null],[[true,false,null],[1,2,null],[0.1,0.2,null],["S1","S2",null],[null,null,null],[],[true,1,0.1,"S1",null]]]] |
| [[true,false,null],[1,2,null],[0.1,0.2,null],["S1","S2",null],[null,null,null],[],[true,1,0.1,"S1",null],[[true,false,null],[1,2,null],[0.1,0.2,null],["S1","S2",null],[null,null,null],[],[true,1,0.1,"S1",null],[[true,false,null],[1,2,null],[0.1,0.2,null],["S1","S2",null],[null,null,null],[],[true,1,0.1,"S1",null]]]] |
+-------------------------------------------------------------------------------------------------------------------------------------------------------------------------------------------------------------------------------------------------------------------------------------------------------------------------------+
(4 rows)

!ok

#-------------------------------------------------------------------------
# TESTCASE: test_subquery_with_where TEST_ID: A8_B10_C10
#-------------------------------------------------------------------------
WITH t1 AS
  (SELECT *
   FROM test_array)
SELECT a_nested,
       count(*) cnt
FROM t1
WHERE a_nested IS NOT NULL
GROUP BY a_nested;
+-------------------------------------------------------------------------------------------------------------------------------------------------------------------------------------------------------------------------------------------------------------------------------------------------------------------------------+-----+
| a_nested                                                                                                                                                                                                                                                                                                                      | cnt |
+-------------------------------------------------------------------------------------------------------------------------------------------------------------------------------------------------------------------------------------------------------------------------------------------------------------------------------+-----+
| [[null,false,true],[null,2,1],[null,0.2,0.1],[null,"S2","S1"],[null,null,null],[],[null,"S1",0.1,1,true],[[null,false,true],[null,2,1],[null,0.2,0.1],[null,"S2","S1"],[null,null,null],[],[null,"S1",0.1,1,true],[[null,false,true],[null,2,1],[null,0.2,0.1],[null,"S2","S1"],[null,null,null],[],[null,"S1",0.1,1,true]]]] |   2 |
| [[true,false,null],[1,2,null],[0.1,0.2,null],["S1","S2",null],[null,null,null],[],[true,1,0.1,"S1",null],[[true,false,null],[1,2,null],[0.1,0.2,null],["S1","S2",null],[null,null,null],[],[true,1,0.1,"S1",null],[[true,false,null],[1,2,null],[0.1,0.2,null],["S1","S2",null],[null,null,null],[],[true,1,0.1,"S1",null]]]] |   2 |
+-------------------------------------------------------------------------------------------------------------------------------------------------------------------------------------------------------------------------------------------------------------------------------------------------------------------------------+-----+
(2 rows)

!ok

#-------------------------------------------------------------------------
# TESTCASE: test_subquery_with_where TEST_ID: A8_B11_C1
#-------------------------------------------------------------------------
SELECT a_nested
FROM test_array
WHERE (a_nested=a_nested) IS TRUE;
+-------------------------------------------------------------------------------------------------------------------------------------------------------------------------------------------------------------------------------------------------------------------------------------------------------------------------------+
| a_nested                                                                                                                                                                                                                                                                                                                      |
+-------------------------------------------------------------------------------------------------------------------------------------------------------------------------------------------------------------------------------------------------------------------------------------------------------------------------------+
| [[null,false,true],[null,2,1],[null,0.2,0.1],[null,"S2","S1"],[null,null,null],[],[null,"S1",0.1,1,true],[[null,false,true],[null,2,1],[null,0.2,0.1],[null,"S2","S1"],[null,null,null],[],[null,"S1",0.1,1,true],[[null,false,true],[null,2,1],[null,0.2,0.1],[null,"S2","S1"],[null,null,null],[],[null,"S1",0.1,1,true]]]] |
| [[null,false,true],[null,2,1],[null,0.2,0.1],[null,"S2","S1"],[null,null,null],[],[null,"S1",0.1,1,true],[[null,false,true],[null,2,1],[null,0.2,0.1],[null,"S2","S1"],[null,null,null],[],[null,"S1",0.1,1,true],[[null,false,true],[null,2,1],[null,0.2,0.1],[null,"S2","S1"],[null,null,null],[],[null,"S1",0.1,1,true]]]] |
| [[true,false,null],[1,2,null],[0.1,0.2,null],["S1","S2",null],[null,null,null],[],[true,1,0.1,"S1",null],[[true,false,null],[1,2,null],[0.1,0.2,null],["S1","S2",null],[null,null,null],[],[true,1,0.1,"S1",null],[[true,false,null],[1,2,null],[0.1,0.2,null],["S1","S2",null],[null,null,null],[],[true,1,0.1,"S1",null]]]] |
| [[true,false,null],[1,2,null],[0.1,0.2,null],["S1","S2",null],[null,null,null],[],[true,1,0.1,"S1",null],[[true,false,null],[1,2,null],[0.1,0.2,null],["S1","S2",null],[null,null,null],[],[true,1,0.1,"S1",null],[[true,false,null],[1,2,null],[0.1,0.2,null],["S1","S2",null],[null,null,null],[],[true,1,0.1,"S1",null]]]] |
+-------------------------------------------------------------------------------------------------------------------------------------------------------------------------------------------------------------------------------------------------------------------------------------------------------------------------------+
(4 rows)

!ok

#-------------------------------------------------------------------------
# TESTCASE: test_subquery_with_where TEST_ID: A8_B11_C2
#-------------------------------------------------------------------------
SELECT a_nested,
       count(*) cnt
FROM test_array
WHERE (a_nested=a_nested) IS TRUE
GROUP BY a_nested;
+-------------------------------------------------------------------------------------------------------------------------------------------------------------------------------------------------------------------------------------------------------------------------------------------------------------------------------+-----+
| a_nested                                                                                                                                                                                                                                                                                                                      | cnt |
+-------------------------------------------------------------------------------------------------------------------------------------------------------------------------------------------------------------------------------------------------------------------------------------------------------------------------------+-----+
| [[null,false,true],[null,2,1],[null,0.2,0.1],[null,"S2","S1"],[null,null,null],[],[null,"S1",0.1,1,true],[[null,false,true],[null,2,1],[null,0.2,0.1],[null,"S2","S1"],[null,null,null],[],[null,"S1",0.1,1,true],[[null,false,true],[null,2,1],[null,0.2,0.1],[null,"S2","S1"],[null,null,null],[],[null,"S1",0.1,1,true]]]] |   2 |
| [[true,false,null],[1,2,null],[0.1,0.2,null],["S1","S2",null],[null,null,null],[],[true,1,0.1,"S1",null],[[true,false,null],[1,2,null],[0.1,0.2,null],["S1","S2",null],[null,null,null],[],[true,1,0.1,"S1",null],[[true,false,null],[1,2,null],[0.1,0.2,null],["S1","S2",null],[null,null,null],[],[true,1,0.1,"S1",null]]]] |   2 |
+-------------------------------------------------------------------------------------------------------------------------------------------------------------------------------------------------------------------------------------------------------------------------------------------------------------------------------+-----+
(2 rows)

!ok

#-------------------------------------------------------------------------
# TESTCASE: test_subquery_with_where TEST_ID: A8_B11_C3
#-------------------------------------------------------------------------
SELECT a_nested
FROM
  (SELECT *
   FROM test_array
   WHERE (a_nested=a_nested) IS TRUE);
+-------------------------------------------------------------------------------------------------------------------------------------------------------------------------------------------------------------------------------------------------------------------------------------------------------------------------------+
| a_nested                                                                                                                                                                                                                                                                                                                      |
+-------------------------------------------------------------------------------------------------------------------------------------------------------------------------------------------------------------------------------------------------------------------------------------------------------------------------------+
| [[null,false,true],[null,2,1],[null,0.2,0.1],[null,"S2","S1"],[null,null,null],[],[null,"S1",0.1,1,true],[[null,false,true],[null,2,1],[null,0.2,0.1],[null,"S2","S1"],[null,null,null],[],[null,"S1",0.1,1,true],[[null,false,true],[null,2,1],[null,0.2,0.1],[null,"S2","S1"],[null,null,null],[],[null,"S1",0.1,1,true]]]] |
| [[null,false,true],[null,2,1],[null,0.2,0.1],[null,"S2","S1"],[null,null,null],[],[null,"S1",0.1,1,true],[[null,false,true],[null,2,1],[null,0.2,0.1],[null,"S2","S1"],[null,null,null],[],[null,"S1",0.1,1,true],[[null,false,true],[null,2,1],[null,0.2,0.1],[null,"S2","S1"],[null,null,null],[],[null,"S1",0.1,1,true]]]] |
| [[true,false,null],[1,2,null],[0.1,0.2,null],["S1","S2",null],[null,null,null],[],[true,1,0.1,"S1",null],[[true,false,null],[1,2,null],[0.1,0.2,null],["S1","S2",null],[null,null,null],[],[true,1,0.1,"S1",null],[[true,false,null],[1,2,null],[0.1,0.2,null],["S1","S2",null],[null,null,null],[],[true,1,0.1,"S1",null]]]] |
| [[true,false,null],[1,2,null],[0.1,0.2,null],["S1","S2",null],[null,null,null],[],[true,1,0.1,"S1",null],[[true,false,null],[1,2,null],[0.1,0.2,null],["S1","S2",null],[null,null,null],[],[true,1,0.1,"S1",null],[[true,false,null],[1,2,null],[0.1,0.2,null],["S1","S2",null],[null,null,null],[],[true,1,0.1,"S1",null]]]] |
+-------------------------------------------------------------------------------------------------------------------------------------------------------------------------------------------------------------------------------------------------------------------------------------------------------------------------------+
(4 rows)

!ok

#-------------------------------------------------------------------------
# TESTCASE: test_subquery_with_where TEST_ID: A8_B11_C4
#-------------------------------------------------------------------------
SELECT a_nested,
       count(*) cnt
FROM
  (SELECT *
   FROM test_array
   WHERE (a_nested=a_nested) IS TRUE)
GROUP BY a_nested;
+-------------------------------------------------------------------------------------------------------------------------------------------------------------------------------------------------------------------------------------------------------------------------------------------------------------------------------+-----+
| a_nested                                                                                                                                                                                                                                                                                                                      | cnt |
+-------------------------------------------------------------------------------------------------------------------------------------------------------------------------------------------------------------------------------------------------------------------------------------------------------------------------------+-----+
| [[null,false,true],[null,2,1],[null,0.2,0.1],[null,"S2","S1"],[null,null,null],[],[null,"S1",0.1,1,true],[[null,false,true],[null,2,1],[null,0.2,0.1],[null,"S2","S1"],[null,null,null],[],[null,"S1",0.1,1,true],[[null,false,true],[null,2,1],[null,0.2,0.1],[null,"S2","S1"],[null,null,null],[],[null,"S1",0.1,1,true]]]] |   2 |
| [[true,false,null],[1,2,null],[0.1,0.2,null],["S1","S2",null],[null,null,null],[],[true,1,0.1,"S1",null],[[true,false,null],[1,2,null],[0.1,0.2,null],["S1","S2",null],[null,null,null],[],[true,1,0.1,"S1",null],[[true,false,null],[1,2,null],[0.1,0.2,null],["S1","S2",null],[null,null,null],[],[true,1,0.1,"S1",null]]]] |   2 |
+-------------------------------------------------------------------------------------------------------------------------------------------------------------------------------------------------------------------------------------------------------------------------------------------------------------------------------+-----+
(2 rows)

!ok

#-------------------------------------------------------------------------
# TESTCASE: test_subquery_with_where TEST_ID: A8_B11_C5
#-------------------------------------------------------------------------
SELECT a_nested
FROM
  (SELECT *
   FROM test_array)
WHERE (a_nested=a_nested) IS TRUE;
+-------------------------------------------------------------------------------------------------------------------------------------------------------------------------------------------------------------------------------------------------------------------------------------------------------------------------------+
| a_nested                                                                                                                                                                                                                                                                                                                      |
+-------------------------------------------------------------------------------------------------------------------------------------------------------------------------------------------------------------------------------------------------------------------------------------------------------------------------------+
| [[null,false,true],[null,2,1],[null,0.2,0.1],[null,"S2","S1"],[null,null,null],[],[null,"S1",0.1,1,true],[[null,false,true],[null,2,1],[null,0.2,0.1],[null,"S2","S1"],[null,null,null],[],[null,"S1",0.1,1,true],[[null,false,true],[null,2,1],[null,0.2,0.1],[null,"S2","S1"],[null,null,null],[],[null,"S1",0.1,1,true]]]] |
| [[null,false,true],[null,2,1],[null,0.2,0.1],[null,"S2","S1"],[null,null,null],[],[null,"S1",0.1,1,true],[[null,false,true],[null,2,1],[null,0.2,0.1],[null,"S2","S1"],[null,null,null],[],[null,"S1",0.1,1,true],[[null,false,true],[null,2,1],[null,0.2,0.1],[null,"S2","S1"],[null,null,null],[],[null,"S1",0.1,1,true]]]] |
| [[true,false,null],[1,2,null],[0.1,0.2,null],["S1","S2",null],[null,null,null],[],[true,1,0.1,"S1",null],[[true,false,null],[1,2,null],[0.1,0.2,null],["S1","S2",null],[null,null,null],[],[true,1,0.1,"S1",null],[[true,false,null],[1,2,null],[0.1,0.2,null],["S1","S2",null],[null,null,null],[],[true,1,0.1,"S1",null]]]] |
| [[true,false,null],[1,2,null],[0.1,0.2,null],["S1","S2",null],[null,null,null],[],[true,1,0.1,"S1",null],[[true,false,null],[1,2,null],[0.1,0.2,null],["S1","S2",null],[null,null,null],[],[true,1,0.1,"S1",null],[[true,false,null],[1,2,null],[0.1,0.2,null],["S1","S2",null],[null,null,null],[],[true,1,0.1,"S1",null]]]] |
+-------------------------------------------------------------------------------------------------------------------------------------------------------------------------------------------------------------------------------------------------------------------------------------------------------------------------------+
(4 rows)

!ok

#-------------------------------------------------------------------------
# TESTCASE: test_subquery_with_where TEST_ID: A8_B11_C6
#-------------------------------------------------------------------------
SELECT a_nested,
       count(*) cnt
FROM
  (SELECT *
   FROM test_array)
WHERE (a_nested=a_nested) IS TRUE
GROUP BY a_nested;
+-------------------------------------------------------------------------------------------------------------------------------------------------------------------------------------------------------------------------------------------------------------------------------------------------------------------------------+-----+
| a_nested                                                                                                                                                                                                                                                                                                                      | cnt |
+-------------------------------------------------------------------------------------------------------------------------------------------------------------------------------------------------------------------------------------------------------------------------------------------------------------------------------+-----+
| [[null,false,true],[null,2,1],[null,0.2,0.1],[null,"S2","S1"],[null,null,null],[],[null,"S1",0.1,1,true],[[null,false,true],[null,2,1],[null,0.2,0.1],[null,"S2","S1"],[null,null,null],[],[null,"S1",0.1,1,true],[[null,false,true],[null,2,1],[null,0.2,0.1],[null,"S2","S1"],[null,null,null],[],[null,"S1",0.1,1,true]]]] |   2 |
| [[true,false,null],[1,2,null],[0.1,0.2,null],["S1","S2",null],[null,null,null],[],[true,1,0.1,"S1",null],[[true,false,null],[1,2,null],[0.1,0.2,null],["S1","S2",null],[null,null,null],[],[true,1,0.1,"S1",null],[[true,false,null],[1,2,null],[0.1,0.2,null],["S1","S2",null],[null,null,null],[],[true,1,0.1,"S1",null]]]] |   2 |
+-------------------------------------------------------------------------------------------------------------------------------------------------------------------------------------------------------------------------------------------------------------------------------------------------------------------------------+-----+
(2 rows)

!ok

#-------------------------------------------------------------------------
# TESTCASE: test_subquery_with_where TEST_ID: A8_B11_C7
#-------------------------------------------------------------------------
WITH t1 AS
  (SELECT *
   FROM test_array
   WHERE (a_nested=a_nested) IS TRUE)
SELECT a_nested
FROM t1;
+-------------------------------------------------------------------------------------------------------------------------------------------------------------------------------------------------------------------------------------------------------------------------------------------------------------------------------+
| a_nested                                                                                                                                                                                                                                                                                                                      |
+-------------------------------------------------------------------------------------------------------------------------------------------------------------------------------------------------------------------------------------------------------------------------------------------------------------------------------+
| [[null,false,true],[null,2,1],[null,0.2,0.1],[null,"S2","S1"],[null,null,null],[],[null,"S1",0.1,1,true],[[null,false,true],[null,2,1],[null,0.2,0.1],[null,"S2","S1"],[null,null,null],[],[null,"S1",0.1,1,true],[[null,false,true],[null,2,1],[null,0.2,0.1],[null,"S2","S1"],[null,null,null],[],[null,"S1",0.1,1,true]]]] |
| [[null,false,true],[null,2,1],[null,0.2,0.1],[null,"S2","S1"],[null,null,null],[],[null,"S1",0.1,1,true],[[null,false,true],[null,2,1],[null,0.2,0.1],[null,"S2","S1"],[null,null,null],[],[null,"S1",0.1,1,true],[[null,false,true],[null,2,1],[null,0.2,0.1],[null,"S2","S1"],[null,null,null],[],[null,"S1",0.1,1,true]]]] |
| [[true,false,null],[1,2,null],[0.1,0.2,null],["S1","S2",null],[null,null,null],[],[true,1,0.1,"S1",null],[[true,false,null],[1,2,null],[0.1,0.2,null],["S1","S2",null],[null,null,null],[],[true,1,0.1,"S1",null],[[true,false,null],[1,2,null],[0.1,0.2,null],["S1","S2",null],[null,null,null],[],[true,1,0.1,"S1",null]]]] |
| [[true,false,null],[1,2,null],[0.1,0.2,null],["S1","S2",null],[null,null,null],[],[true,1,0.1,"S1",null],[[true,false,null],[1,2,null],[0.1,0.2,null],["S1","S2",null],[null,null,null],[],[true,1,0.1,"S1",null],[[true,false,null],[1,2,null],[0.1,0.2,null],["S1","S2",null],[null,null,null],[],[true,1,0.1,"S1",null]]]] |
+-------------------------------------------------------------------------------------------------------------------------------------------------------------------------------------------------------------------------------------------------------------------------------------------------------------------------------+
(4 rows)

!ok

#-------------------------------------------------------------------------
# TESTCASE: test_subquery_with_where TEST_ID: A8_B11_C8
#-------------------------------------------------------------------------
WITH t1 AS
  (SELECT *
   FROM test_array
   WHERE (a_nested=a_nested) IS TRUE)
SELECT a_nested,
       count(*) cnt
FROM t1
GROUP BY a_nested;
+-------------------------------------------------------------------------------------------------------------------------------------------------------------------------------------------------------------------------------------------------------------------------------------------------------------------------------+-----+
| a_nested                                                                                                                                                                                                                                                                                                                      | cnt |
+-------------------------------------------------------------------------------------------------------------------------------------------------------------------------------------------------------------------------------------------------------------------------------------------------------------------------------+-----+
| [[null,false,true],[null,2,1],[null,0.2,0.1],[null,"S2","S1"],[null,null,null],[],[null,"S1",0.1,1,true],[[null,false,true],[null,2,1],[null,0.2,0.1],[null,"S2","S1"],[null,null,null],[],[null,"S1",0.1,1,true],[[null,false,true],[null,2,1],[null,0.2,0.1],[null,"S2","S1"],[null,null,null],[],[null,"S1",0.1,1,true]]]] |   2 |
| [[true,false,null],[1,2,null],[0.1,0.2,null],["S1","S2",null],[null,null,null],[],[true,1,0.1,"S1",null],[[true,false,null],[1,2,null],[0.1,0.2,null],["S1","S2",null],[null,null,null],[],[true,1,0.1,"S1",null],[[true,false,null],[1,2,null],[0.1,0.2,null],["S1","S2",null],[null,null,null],[],[true,1,0.1,"S1",null]]]] |   2 |
+-------------------------------------------------------------------------------------------------------------------------------------------------------------------------------------------------------------------------------------------------------------------------------------------------------------------------------+-----+
(2 rows)

!ok

#-------------------------------------------------------------------------
# TESTCASE: test_subquery_with_where TEST_ID: A8_B11_C9
#-------------------------------------------------------------------------
WITH t1 AS
  (SELECT *
   FROM test_array)
SELECT a_nested
FROM t1
WHERE (a_nested=a_nested) IS TRUE;
+-------------------------------------------------------------------------------------------------------------------------------------------------------------------------------------------------------------------------------------------------------------------------------------------------------------------------------+
| a_nested                                                                                                                                                                                                                                                                                                                      |
+-------------------------------------------------------------------------------------------------------------------------------------------------------------------------------------------------------------------------------------------------------------------------------------------------------------------------------+
| [[null,false,true],[null,2,1],[null,0.2,0.1],[null,"S2","S1"],[null,null,null],[],[null,"S1",0.1,1,true],[[null,false,true],[null,2,1],[null,0.2,0.1],[null,"S2","S1"],[null,null,null],[],[null,"S1",0.1,1,true],[[null,false,true],[null,2,1],[null,0.2,0.1],[null,"S2","S1"],[null,null,null],[],[null,"S1",0.1,1,true]]]] |
| [[null,false,true],[null,2,1],[null,0.2,0.1],[null,"S2","S1"],[null,null,null],[],[null,"S1",0.1,1,true],[[null,false,true],[null,2,1],[null,0.2,0.1],[null,"S2","S1"],[null,null,null],[],[null,"S1",0.1,1,true],[[null,false,true],[null,2,1],[null,0.2,0.1],[null,"S2","S1"],[null,null,null],[],[null,"S1",0.1,1,true]]]] |
| [[true,false,null],[1,2,null],[0.1,0.2,null],["S1","S2",null],[null,null,null],[],[true,1,0.1,"S1",null],[[true,false,null],[1,2,null],[0.1,0.2,null],["S1","S2",null],[null,null,null],[],[true,1,0.1,"S1",null],[[true,false,null],[1,2,null],[0.1,0.2,null],["S1","S2",null],[null,null,null],[],[true,1,0.1,"S1",null]]]] |
| [[true,false,null],[1,2,null],[0.1,0.2,null],["S1","S2",null],[null,null,null],[],[true,1,0.1,"S1",null],[[true,false,null],[1,2,null],[0.1,0.2,null],["S1","S2",null],[null,null,null],[],[true,1,0.1,"S1",null],[[true,false,null],[1,2,null],[0.1,0.2,null],["S1","S2",null],[null,null,null],[],[true,1,0.1,"S1",null]]]] |
+-------------------------------------------------------------------------------------------------------------------------------------------------------------------------------------------------------------------------------------------------------------------------------------------------------------------------------+
(4 rows)

!ok

#-------------------------------------------------------------------------
# TESTCASE: test_subquery_with_where TEST_ID: A8_B11_C10
#-------------------------------------------------------------------------
WITH t1 AS
  (SELECT *
   FROM test_array)
SELECT a_nested,
       count(*) cnt
FROM t1
WHERE (a_nested=a_nested) IS TRUE
GROUP BY a_nested;
+-------------------------------------------------------------------------------------------------------------------------------------------------------------------------------------------------------------------------------------------------------------------------------------------------------------------------------+-----+
| a_nested                                                                                                                                                                                                                                                                                                                      | cnt |
+-------------------------------------------------------------------------------------------------------------------------------------------------------------------------------------------------------------------------------------------------------------------------------------------------------------------------------+-----+
| [[null,false,true],[null,2,1],[null,0.2,0.1],[null,"S2","S1"],[null,null,null],[],[null,"S1",0.1,1,true],[[null,false,true],[null,2,1],[null,0.2,0.1],[null,"S2","S1"],[null,null,null],[],[null,"S1",0.1,1,true],[[null,false,true],[null,2,1],[null,0.2,0.1],[null,"S2","S1"],[null,null,null],[],[null,"S1",0.1,1,true]]]] |   2 |
| [[true,false,null],[1,2,null],[0.1,0.2,null],["S1","S2",null],[null,null,null],[],[true,1,0.1,"S1",null],[[true,false,null],[1,2,null],[0.1,0.2,null],["S1","S2",null],[null,null,null],[],[true,1,0.1,"S1",null],[[true,false,null],[1,2,null],[0.1,0.2,null],["S1","S2",null],[null,null,null],[],[true,1,0.1,"S1",null]]]] |   2 |
+-------------------------------------------------------------------------------------------------------------------------------------------------------------------------------------------------------------------------------------------------------------------------------------------------------------------------------+-----+
(2 rows)

!ok

#-------------------------------------------------------------------------
# TESTCASE: test_subquery_with_where TEST_ID: A8_B12_C1
#-------------------------------------------------------------------------
SELECT a_nested
FROM test_array
WHERE (a_nested=a_nested) IS NOT TRUE;
+----------+
| a_nested |
+----------+
+----------+
(0 rows)

!ok

#-------------------------------------------------------------------------
# TESTCASE: test_subquery_with_where TEST_ID: A8_B12_C2
#-------------------------------------------------------------------------
SELECT a_nested,
       count(*) cnt
FROM test_array
WHERE (a_nested=a_nested) IS NOT TRUE
GROUP BY a_nested;
+----------+-----+
| a_nested | cnt |
+----------+-----+
+----------+-----+
(0 rows)

!ok

#-------------------------------------------------------------------------
# TESTCASE: test_subquery_with_where TEST_ID: A8_B12_C3
#-------------------------------------------------------------------------
SELECT a_nested
FROM
  (SELECT *
   FROM test_array
   WHERE (a_nested=a_nested) IS NOT TRUE);
+----------+
| a_nested |
+----------+
+----------+
(0 rows)

!ok

#-------------------------------------------------------------------------
# TESTCASE: test_subquery_with_where TEST_ID: A8_B12_C4
#-------------------------------------------------------------------------
SELECT a_nested,
       count(*) cnt
FROM
  (SELECT *
   FROM test_array
   WHERE (a_nested=a_nested) IS NOT TRUE)
GROUP BY a_nested;
+----------+-----+
| a_nested | cnt |
+----------+-----+
+----------+-----+
(0 rows)

!ok

#-------------------------------------------------------------------------
# TESTCASE: test_subquery_with_where TEST_ID: A8_B12_C5
#-------------------------------------------------------------------------
SELECT a_nested
FROM
  (SELECT *
   FROM test_array)
WHERE (a_nested=a_nested) IS NOT TRUE;
+----------+
| a_nested |
+----------+
+----------+
(0 rows)

!ok

#-------------------------------------------------------------------------
# TESTCASE: test_subquery_with_where TEST_ID: A8_B12_C6
#-------------------------------------------------------------------------
SELECT a_nested,
       count(*) cnt
FROM
  (SELECT *
   FROM test_array)
WHERE (a_nested=a_nested) IS NOT TRUE
GROUP BY a_nested;
+----------+-----+
| a_nested | cnt |
+----------+-----+
+----------+-----+
(0 rows)

!ok

#-------------------------------------------------------------------------
# TESTCASE: test_subquery_with_where TEST_ID: A8_B12_C7
#-------------------------------------------------------------------------
WITH t1 AS
  (SELECT *
   FROM test_array
   WHERE (a_nested=a_nested) IS NOT TRUE)
SELECT a_nested
FROM t1;
+----------+
| a_nested |
+----------+
+----------+
(0 rows)

!ok

#-------------------------------------------------------------------------
# TESTCASE: test_subquery_with_where TEST_ID: A8_B12_C8
#-------------------------------------------------------------------------
WITH t1 AS
  (SELECT *
   FROM test_array
   WHERE (a_nested=a_nested) IS NOT TRUE)
SELECT a_nested,
       count(*) cnt
FROM t1
GROUP BY a_nested;
+----------+-----+
| a_nested | cnt |
+----------+-----+
+----------+-----+
(0 rows)

!ok

#-------------------------------------------------------------------------
# TESTCASE: test_subquery_with_where TEST_ID: A8_B12_C9
#-------------------------------------------------------------------------
WITH t1 AS
  (SELECT *
   FROM test_array)
SELECT a_nested
FROM t1
WHERE (a_nested=a_nested) IS NOT TRUE;
+----------+
| a_nested |
+----------+
+----------+
(0 rows)

!ok

