!set useApproximateCountDistinct false
!use druidtest://?componentSupplier=AllDruidEnginesComponentSupplier&datasets=sql/src/test/quidem/qatests/qaArray/sql
!set outputformat mysql
#-------------------------------------------------------------------------
# TESTCASE: test_subquery_with_where TEST_ID: A7_B28_C10
#-------------------------------------------------------------------------
WITH t1 AS
  (SELECT *
   FROM test_array)
SELECT a_mixed,
       count(*) cnt
FROM t1
WHERE a_mixed<=ARRAY['true',
                     '1',
                     '0.1',
                     'S1',
                     NULL,
                     'extra element']
GROUP BY a_mixed;
+--------------------------+-----+
| a_mixed                  | cnt |
+--------------------------+-----+
| [null, S1, 0.1, 1, true] |   2 |
| [true, 1, 0.1, S1, null] |   2 |
+--------------------------+-----+
(2 rows)

!ok

#-------------------------------------------------------------------------
# TESTCASE: test_subquery_with_where TEST_ID: A7_B29_C1
#-------------------------------------------------------------------------
SELECT a_mixed
FROM test_array
WHERE a_mixed<=json_value(a_nested, '$[6]' RETURNING varchar array);
+--------------------------+
| a_mixed                  |
+--------------------------+
| [null, S1, 0.1, 1, true] |
| [null, S1, 0.1, 1, true] |
| [true, 1, 0.1, S1, null] |
| [true, 1, 0.1, S1, null] |
+--------------------------+
(4 rows)

!ok

#-------------------------------------------------------------------------
# TESTCASE: test_subquery_with_where TEST_ID: A7_B29_C2
#-------------------------------------------------------------------------
SELECT a_mixed,
       count(*) cnt
FROM test_array
WHERE a_mixed<=json_value(a_nested, '$[6]' RETURNING varchar array)
GROUP BY a_mixed;
+--------------------------+-----+
| a_mixed                  | cnt |
+--------------------------+-----+
| [null, S1, 0.1, 1, true] |   2 |
| [true, 1, 0.1, S1, null] |   2 |
+--------------------------+-----+
(2 rows)

!ok

#-------------------------------------------------------------------------
# TESTCASE: test_subquery_with_where TEST_ID: A7_B29_C3
#-------------------------------------------------------------------------
SELECT a_mixed
FROM
  (SELECT *
   FROM test_array
   WHERE a_mixed<=json_value(a_nested, '$[6]' RETURNING varchar array));
+--------------------------+
| a_mixed                  |
+--------------------------+
| [null, S1, 0.1, 1, true] |
| [null, S1, 0.1, 1, true] |
| [true, 1, 0.1, S1, null] |
| [true, 1, 0.1, S1, null] |
+--------------------------+
(4 rows)

!ok

#-------------------------------------------------------------------------
# TESTCASE: test_subquery_with_where TEST_ID: A7_B29_C4
#-------------------------------------------------------------------------
SELECT a_mixed,
       count(*) cnt
FROM
  (SELECT *
   FROM test_array
   WHERE a_mixed<=json_value(a_nested, '$[6]' RETURNING varchar array))
GROUP BY a_mixed;
+--------------------------+-----+
| a_mixed                  | cnt |
+--------------------------+-----+
| [null, S1, 0.1, 1, true] |   2 |
| [true, 1, 0.1, S1, null] |   2 |
+--------------------------+-----+
(2 rows)

!ok

#-------------------------------------------------------------------------
# TESTCASE: test_subquery_with_where TEST_ID: A7_B29_C5
#-------------------------------------------------------------------------
SELECT a_mixed
FROM
  (SELECT *
   FROM test_array)
WHERE a_mixed<=json_value(a_nested, '$[6]' RETURNING varchar array);
+--------------------------+
| a_mixed                  |
+--------------------------+
| [null, S1, 0.1, 1, true] |
| [null, S1, 0.1, 1, true] |
| [true, 1, 0.1, S1, null] |
| [true, 1, 0.1, S1, null] |
+--------------------------+
(4 rows)

!ok

#-------------------------------------------------------------------------
# TESTCASE: test_subquery_with_where TEST_ID: A7_B29_C6
#-------------------------------------------------------------------------
SELECT a_mixed,
       count(*) cnt
FROM
  (SELECT *
   FROM test_array)
WHERE a_mixed<=json_value(a_nested, '$[6]' RETURNING varchar array)
GROUP BY a_mixed;
+--------------------------+-----+
| a_mixed                  | cnt |
+--------------------------+-----+
| [null, S1, 0.1, 1, true] |   2 |
| [true, 1, 0.1, S1, null] |   2 |
+--------------------------+-----+
(2 rows)

!ok

#-------------------------------------------------------------------------
# TESTCASE: test_subquery_with_where TEST_ID: A7_B29_C7
#-------------------------------------------------------------------------
WITH t1 AS
  (SELECT *
   FROM test_array
   WHERE a_mixed<=json_value(a_nested, '$[6]' RETURNING varchar array))
SELECT a_mixed
FROM t1;
+--------------------------+
| a_mixed                  |
+--------------------------+
| [null, S1, 0.1, 1, true] |
| [null, S1, 0.1, 1, true] |
| [true, 1, 0.1, S1, null] |
| [true, 1, 0.1, S1, null] |
+--------------------------+
(4 rows)

!ok

#-------------------------------------------------------------------------
# TESTCASE: test_subquery_with_where TEST_ID: A7_B29_C8
#-------------------------------------------------------------------------
WITH t1 AS
  (SELECT *
   FROM test_array
   WHERE a_mixed<=json_value(a_nested, '$[6]' RETURNING varchar array))
SELECT a_mixed,
       count(*) cnt
FROM t1
GROUP BY a_mixed;
+--------------------------+-----+
| a_mixed                  | cnt |
+--------------------------+-----+
| [null, S1, 0.1, 1, true] |   2 |
| [true, 1, 0.1, S1, null] |   2 |
+--------------------------+-----+
(2 rows)

!ok

#-------------------------------------------------------------------------
# TESTCASE: test_subquery_with_where TEST_ID: A7_B29_C9
#-------------------------------------------------------------------------
WITH t1 AS
  (SELECT *
   FROM test_array)
SELECT a_mixed
FROM t1
WHERE a_mixed<=json_value(a_nested, '$[6]' RETURNING varchar array);
+--------------------------+
| a_mixed                  |
+--------------------------+
| [null, S1, 0.1, 1, true] |
| [null, S1, 0.1, 1, true] |
| [true, 1, 0.1, S1, null] |
| [true, 1, 0.1, S1, null] |
+--------------------------+
(4 rows)

!ok

#-------------------------------------------------------------------------
# TESTCASE: test_subquery_with_where TEST_ID: A7_B29_C10
#-------------------------------------------------------------------------
WITH t1 AS
  (SELECT *
   FROM test_array)
SELECT a_mixed,
       count(*) cnt
FROM t1
WHERE a_mixed<=json_value(a_nested, '$[6]' RETURNING varchar array)
GROUP BY a_mixed;
+--------------------------+-----+
| a_mixed                  | cnt |
+--------------------------+-----+
| [null, S1, 0.1, 1, true] |   2 |
| [true, 1, 0.1, S1, null] |   2 |
+--------------------------+-----+
(2 rows)

!ok

#-------------------------------------------------------------------------
# TESTCASE: test_subquery_with_where TEST_ID: A7_B30_C1
#-------------------------------------------------------------------------
SELECT a_mixed
FROM test_array
WHERE a_mixed<=json_value(a_nested, '$[7][6]' RETURNING varchar array);
+--------------------------+
| a_mixed                  |
+--------------------------+
| [null, S1, 0.1, 1, true] |
| [null, S1, 0.1, 1, true] |
| [true, 1, 0.1, S1, null] |
| [true, 1, 0.1, S1, null] |
+--------------------------+
(4 rows)

!ok

#-------------------------------------------------------------------------
# TESTCASE: test_subquery_with_where TEST_ID: A7_B30_C2
#-------------------------------------------------------------------------
SELECT a_mixed,
       count(*) cnt
FROM test_array
WHERE a_mixed<=json_value(a_nested, '$[7][6]' RETURNING varchar array)
GROUP BY a_mixed;
+--------------------------+-----+
| a_mixed                  | cnt |
+--------------------------+-----+
| [null, S1, 0.1, 1, true] |   2 |
| [true, 1, 0.1, S1, null] |   2 |
+--------------------------+-----+
(2 rows)

!ok

#-------------------------------------------------------------------------
# TESTCASE: test_subquery_with_where TEST_ID: A7_B30_C3
#-------------------------------------------------------------------------
SELECT a_mixed
FROM
  (SELECT *
   FROM test_array
   WHERE a_mixed<=json_value(a_nested, '$[7][6]' RETURNING varchar array));
+--------------------------+
| a_mixed                  |
+--------------------------+
| [null, S1, 0.1, 1, true] |
| [null, S1, 0.1, 1, true] |
| [true, 1, 0.1, S1, null] |
| [true, 1, 0.1, S1, null] |
+--------------------------+
(4 rows)

!ok

#-------------------------------------------------------------------------
# TESTCASE: test_subquery_with_where TEST_ID: A7_B30_C4
#-------------------------------------------------------------------------
SELECT a_mixed,
       count(*) cnt
FROM
  (SELECT *
   FROM test_array
   WHERE a_mixed<=json_value(a_nested, '$[7][6]' RETURNING varchar array))
GROUP BY a_mixed;
+--------------------------+-----+
| a_mixed                  | cnt |
+--------------------------+-----+
| [null, S1, 0.1, 1, true] |   2 |
| [true, 1, 0.1, S1, null] |   2 |
+--------------------------+-----+
(2 rows)

!ok

#-------------------------------------------------------------------------
# TESTCASE: test_subquery_with_where TEST_ID: A7_B30_C5
#-------------------------------------------------------------------------
SELECT a_mixed
FROM
  (SELECT *
   FROM test_array)
WHERE a_mixed<=json_value(a_nested, '$[7][6]' RETURNING varchar array);
+--------------------------+
| a_mixed                  |
+--------------------------+
| [null, S1, 0.1, 1, true] |
| [null, S1, 0.1, 1, true] |
| [true, 1, 0.1, S1, null] |
| [true, 1, 0.1, S1, null] |
+--------------------------+
(4 rows)

!ok

#-------------------------------------------------------------------------
# TESTCASE: test_subquery_with_where TEST_ID: A7_B30_C6
#-------------------------------------------------------------------------
SELECT a_mixed,
       count(*) cnt
FROM
  (SELECT *
   FROM test_array)
WHERE a_mixed<=json_value(a_nested, '$[7][6]' RETURNING varchar array)
GROUP BY a_mixed;
+--------------------------+-----+
| a_mixed                  | cnt |
+--------------------------+-----+
| [null, S1, 0.1, 1, true] |   2 |
| [true, 1, 0.1, S1, null] |   2 |
+--------------------------+-----+
(2 rows)

!ok

#-------------------------------------------------------------------------
# TESTCASE: test_subquery_with_where TEST_ID: A7_B30_C7
#-------------------------------------------------------------------------
WITH t1 AS
  (SELECT *
   FROM test_array
   WHERE a_mixed<=json_value(a_nested, '$[7][6]' RETURNING varchar array))
SELECT a_mixed
FROM t1;
+--------------------------+
| a_mixed                  |
+--------------------------+
| [null, S1, 0.1, 1, true] |
| [null, S1, 0.1, 1, true] |
| [true, 1, 0.1, S1, null] |
| [true, 1, 0.1, S1, null] |
+--------------------------+
(4 rows)

!ok

#-------------------------------------------------------------------------
# TESTCASE: test_subquery_with_where TEST_ID: A7_B30_C8
#-------------------------------------------------------------------------
WITH t1 AS
  (SELECT *
   FROM test_array
   WHERE a_mixed<=json_value(a_nested, '$[7][6]' RETURNING varchar array))
SELECT a_mixed,
       count(*) cnt
FROM t1
GROUP BY a_mixed;
+--------------------------+-----+
| a_mixed                  | cnt |
+--------------------------+-----+
| [null, S1, 0.1, 1, true] |   2 |
| [true, 1, 0.1, S1, null] |   2 |
+--------------------------+-----+
(2 rows)

!ok

#-------------------------------------------------------------------------
# TESTCASE: test_subquery_with_where TEST_ID: A7_B30_C9
#-------------------------------------------------------------------------
WITH t1 AS
  (SELECT *
   FROM test_array)
SELECT a_mixed
FROM t1
WHERE a_mixed<=json_value(a_nested, '$[7][6]' RETURNING varchar array);
+--------------------------+
| a_mixed                  |
+--------------------------+
| [null, S1, 0.1, 1, true] |
| [null, S1, 0.1, 1, true] |
| [true, 1, 0.1, S1, null] |
| [true, 1, 0.1, S1, null] |
+--------------------------+
(4 rows)

!ok

#-------------------------------------------------------------------------
# TESTCASE: test_subquery_with_where TEST_ID: A7_B30_C10
#-------------------------------------------------------------------------
WITH t1 AS
  (SELECT *
   FROM test_array)
SELECT a_mixed,
       count(*) cnt
FROM t1
WHERE a_mixed<=json_value(a_nested, '$[7][6]' RETURNING varchar array)
GROUP BY a_mixed;
+--------------------------+-----+
| a_mixed                  | cnt |
+--------------------------+-----+
| [null, S1, 0.1, 1, true] |   2 |
| [true, 1, 0.1, S1, null] |   2 |
+--------------------------+-----+
(2 rows)

!ok

#-------------------------------------------------------------------------
# TESTCASE: test_subquery_with_where TEST_ID: A7_B31_C1
#-------------------------------------------------------------------------
SELECT a_mixed
FROM test_array
WHERE a_mixed<=json_value(a_nested, '$[6]' RETURNING varchar array)
  OR a_mixed>=json_value(a_nested, '$[7][6]' RETURNING varchar array)
  AND NOT (a_mixed=json_value(a_nested, '$[6]' RETURNING varchar array)
           AND a_mixed<>json_value(a_nested, '$[7][6]' RETURNING varchar array));
+--------------------------+
| a_mixed                  |
+--------------------------+
| [null, S1, 0.1, 1, true] |
| [null, S1, 0.1, 1, true] |
| [true, 1, 0.1, S1, null] |
| [true, 1, 0.1, S1, null] |
+--------------------------+
(4 rows)

!ok

#-------------------------------------------------------------------------
# TESTCASE: test_subquery_with_where TEST_ID: A7_B31_C2
#-------------------------------------------------------------------------
SELECT a_mixed,
       count(*) cnt
FROM test_array
WHERE a_mixed<=json_value(a_nested, '$[6]' RETURNING varchar array)
  OR a_mixed>=json_value(a_nested, '$[7][6]' RETURNING varchar array)
  AND NOT (a_mixed=json_value(a_nested, '$[6]' RETURNING varchar array)
           AND a_mixed<>json_value(a_nested, '$[7][6]' RETURNING varchar array))
GROUP BY a_mixed;
+--------------------------+-----+
| a_mixed                  | cnt |
+--------------------------+-----+
| [null, S1, 0.1, 1, true] |   2 |
| [true, 1, 0.1, S1, null] |   2 |
+--------------------------+-----+
(2 rows)

!ok

#-------------------------------------------------------------------------
# TESTCASE: test_subquery_with_where TEST_ID: A7_B31_C3
#-------------------------------------------------------------------------
SELECT a_mixed
FROM
  (SELECT *
   FROM test_array
   WHERE a_mixed<=json_value(a_nested, '$[6]' RETURNING varchar array)
     OR a_mixed>=json_value(a_nested, '$[7][6]' RETURNING varchar array)
     AND NOT (a_mixed=json_value(a_nested, '$[6]' RETURNING varchar array)
              AND a_mixed<>json_value(a_nested, '$[7][6]' RETURNING varchar array)));
+--------------------------+
| a_mixed                  |
+--------------------------+
| [null, S1, 0.1, 1, true] |
| [null, S1, 0.1, 1, true] |
| [true, 1, 0.1, S1, null] |
| [true, 1, 0.1, S1, null] |
+--------------------------+
(4 rows)

!ok

#-------------------------------------------------------------------------
# TESTCASE: test_subquery_with_where TEST_ID: A7_B31_C4
#-------------------------------------------------------------------------
SELECT a_mixed,
       count(*) cnt
FROM
  (SELECT *
   FROM test_array
   WHERE a_mixed<=json_value(a_nested, '$[6]' RETURNING varchar array)
     OR a_mixed>=json_value(a_nested, '$[7][6]' RETURNING varchar array)
     AND NOT (a_mixed=json_value(a_nested, '$[6]' RETURNING varchar array)
              AND a_mixed<>json_value(a_nested, '$[7][6]' RETURNING varchar array)))
GROUP BY a_mixed;
+--------------------------+-----+
| a_mixed                  | cnt |
+--------------------------+-----+
| [null, S1, 0.1, 1, true] |   2 |
| [true, 1, 0.1, S1, null] |   2 |
+--------------------------+-----+
(2 rows)

!ok

#-------------------------------------------------------------------------
# TESTCASE: test_subquery_with_where TEST_ID: A7_B31_C5
#-------------------------------------------------------------------------
SELECT a_mixed
FROM
  (SELECT *
   FROM test_array)
WHERE a_mixed<=json_value(a_nested, '$[6]' RETURNING varchar array)
  OR a_mixed>=json_value(a_nested, '$[7][6]' RETURNING varchar array)
  AND NOT (a_mixed=json_value(a_nested, '$[6]' RETURNING varchar array)
           AND a_mixed<>json_value(a_nested, '$[7][6]' RETURNING varchar array));
+--------------------------+
| a_mixed                  |
+--------------------------+
| [null, S1, 0.1, 1, true] |
| [null, S1, 0.1, 1, true] |
| [true, 1, 0.1, S1, null] |
| [true, 1, 0.1, S1, null] |
+--------------------------+
(4 rows)

!ok

#-------------------------------------------------------------------------
# TESTCASE: test_subquery_with_where TEST_ID: A7_B31_C6
#-------------------------------------------------------------------------
SELECT a_mixed,
       count(*) cnt
FROM
  (SELECT *
   FROM test_array)
WHERE a_mixed<=json_value(a_nested, '$[6]' RETURNING varchar array)
  OR a_mixed>=json_value(a_nested, '$[7][6]' RETURNING varchar array)
  AND NOT (a_mixed=json_value(a_nested, '$[6]' RETURNING varchar array)
           AND a_mixed<>json_value(a_nested, '$[7][6]' RETURNING varchar array))
GROUP BY a_mixed;
+--------------------------+-----+
| a_mixed                  | cnt |
+--------------------------+-----+
| [null, S1, 0.1, 1, true] |   2 |
| [true, 1, 0.1, S1, null] |   2 |
+--------------------------+-----+
(2 rows)

!ok

#-------------------------------------------------------------------------
# TESTCASE: test_subquery_with_where TEST_ID: A7_B31_C7
#-------------------------------------------------------------------------
WITH t1 AS
  (SELECT *
   FROM test_array
   WHERE a_mixed<=json_value(a_nested, '$[6]' RETURNING varchar array)
     OR a_mixed>=json_value(a_nested, '$[7][6]' RETURNING varchar array)
     AND NOT (a_mixed=json_value(a_nested, '$[6]' RETURNING varchar array)
              AND a_mixed<>json_value(a_nested, '$[7][6]' RETURNING varchar array)))
SELECT a_mixed
FROM t1;
+--------------------------+
| a_mixed                  |
+--------------------------+
| [null, S1, 0.1, 1, true] |
| [null, S1, 0.1, 1, true] |
| [true, 1, 0.1, S1, null] |
| [true, 1, 0.1, S1, null] |
+--------------------------+
(4 rows)

!ok

#-------------------------------------------------------------------------
# TESTCASE: test_subquery_with_where TEST_ID: A7_B31_C8
#-------------------------------------------------------------------------
WITH t1 AS
  (SELECT *
   FROM test_array
   WHERE a_mixed<=json_value(a_nested, '$[6]' RETURNING varchar array)
     OR a_mixed>=json_value(a_nested, '$[7][6]' RETURNING varchar array)
     AND NOT (a_mixed=json_value(a_nested, '$[6]' RETURNING varchar array)
              AND a_mixed<>json_value(a_nested, '$[7][6]' RETURNING varchar array)))
SELECT a_mixed,
       count(*) cnt
FROM t1
GROUP BY a_mixed;
+--------------------------+-----+
| a_mixed                  | cnt |
+--------------------------+-----+
| [null, S1, 0.1, 1, true] |   2 |
| [true, 1, 0.1, S1, null] |   2 |
+--------------------------+-----+
(2 rows)

!ok

#-------------------------------------------------------------------------
# TESTCASE: test_subquery_with_where TEST_ID: A7_B31_C9
#-------------------------------------------------------------------------
WITH t1 AS
  (SELECT *
   FROM test_array)
SELECT a_mixed
FROM t1
WHERE a_mixed<=json_value(a_nested, '$[6]' RETURNING varchar array)
  OR a_mixed>=json_value(a_nested, '$[7][6]' RETURNING varchar array)
  AND NOT (a_mixed=json_value(a_nested, '$[6]' RETURNING varchar array)
           AND a_mixed<>json_value(a_nested, '$[7][6]' RETURNING varchar array));
+--------------------------+
| a_mixed                  |
+--------------------------+
| [null, S1, 0.1, 1, true] |
| [null, S1, 0.1, 1, true] |
| [true, 1, 0.1, S1, null] |
| [true, 1, 0.1, S1, null] |
+--------------------------+
(4 rows)

!ok

#-------------------------------------------------------------------------
# TESTCASE: test_subquery_with_where TEST_ID: A7_B31_C10
#-------------------------------------------------------------------------
WITH t1 AS
  (SELECT *
   FROM test_array)
SELECT a_mixed,
       count(*) cnt
FROM t1
WHERE a_mixed<=json_value(a_nested, '$[6]' RETURNING varchar array)
  OR a_mixed>=json_value(a_nested, '$[7][6]' RETURNING varchar array)
  AND NOT (a_mixed=json_value(a_nested, '$[6]' RETURNING varchar array)
           AND a_mixed<>json_value(a_nested, '$[7][6]' RETURNING varchar array))
GROUP BY a_mixed;
+--------------------------+-----+
| a_mixed                  | cnt |
+--------------------------+-----+
| [null, S1, 0.1, 1, true] |   2 |
| [true, 1, 0.1, S1, null] |   2 |
+--------------------------+-----+
(2 rows)

!ok

#-------------------------------------------------------------------------
# TESTCASE: test_subquery_with_where TEST_ID: A7_B32_C1
#-------------------------------------------------------------------------
SELECT a_mixed
FROM test_array
WHERE NOT (a_mixed<=json_value(a_nested, '$[6]' RETURNING varchar array))
  OR NOT (a_mixed>=json_value(a_nested, '$[7][6]' RETURNING varchar array))
  OR a_mixed=json_value(a_nested, '$[6]' RETURNING varchar array)
  OR a_mixed<>json_value(a_nested, '$[7][6]' RETURNING varchar array);
+--------------------------+
| a_mixed                  |
+--------------------------+
| [null, S1, 0.1, 1, true] |
| [null, S1, 0.1, 1, true] |
| [true, 1, 0.1, S1, null] |
| [true, 1, 0.1, S1, null] |
+--------------------------+
(4 rows)

!ok

#-------------------------------------------------------------------------
# TESTCASE: test_subquery_with_where TEST_ID: A7_B32_C2
#-------------------------------------------------------------------------
SELECT a_mixed,
       count(*) cnt
FROM test_array
WHERE NOT (a_mixed<=json_value(a_nested, '$[6]' RETURNING varchar array))
  OR NOT (a_mixed>=json_value(a_nested, '$[7][6]' RETURNING varchar array))
  OR a_mixed=json_value(a_nested, '$[6]' RETURNING varchar array)
  OR a_mixed<>json_value(a_nested, '$[7][6]' RETURNING varchar array)
GROUP BY a_mixed;
+--------------------------+-----+
| a_mixed                  | cnt |
+--------------------------+-----+
| [null, S1, 0.1, 1, true] |   2 |
| [true, 1, 0.1, S1, null] |   2 |
+--------------------------+-----+
(2 rows)

!ok

#-------------------------------------------------------------------------
# TESTCASE: test_subquery_with_where TEST_ID: A7_B32_C3
#-------------------------------------------------------------------------
SELECT a_mixed
FROM
  (SELECT *
   FROM test_array
   WHERE NOT (a_mixed<=json_value(a_nested, '$[6]' RETURNING varchar array))
     OR NOT (a_mixed>=json_value(a_nested, '$[7][6]' RETURNING varchar array))
     OR a_mixed=json_value(a_nested, '$[6]' RETURNING varchar array)
     OR a_mixed<>json_value(a_nested, '$[7][6]' RETURNING varchar array));
+--------------------------+
| a_mixed                  |
+--------------------------+
| [null, S1, 0.1, 1, true] |
| [null, S1, 0.1, 1, true] |
| [true, 1, 0.1, S1, null] |
| [true, 1, 0.1, S1, null] |
+--------------------------+
(4 rows)

!ok

#-------------------------------------------------------------------------
# TESTCASE: test_subquery_with_where TEST_ID: A7_B32_C4
#-------------------------------------------------------------------------
SELECT a_mixed,
       count(*) cnt
FROM
  (SELECT *
   FROM test_array
   WHERE NOT (a_mixed<=json_value(a_nested, '$[6]' RETURNING varchar array))
     OR NOT (a_mixed>=json_value(a_nested, '$[7][6]' RETURNING varchar array))
     OR a_mixed=json_value(a_nested, '$[6]' RETURNING varchar array)
     OR a_mixed<>json_value(a_nested, '$[7][6]' RETURNING varchar array))
GROUP BY a_mixed;
+--------------------------+-----+
| a_mixed                  | cnt |
+--------------------------+-----+
| [null, S1, 0.1, 1, true] |   2 |
| [true, 1, 0.1, S1, null] |   2 |
+--------------------------+-----+
(2 rows)

!ok

#-------------------------------------------------------------------------
# TESTCASE: test_subquery_with_where TEST_ID: A7_B32_C5
#-------------------------------------------------------------------------
SELECT a_mixed
FROM
  (SELECT *
   FROM test_array)
WHERE NOT (a_mixed<=json_value(a_nested, '$[6]' RETURNING varchar array))
  OR NOT (a_mixed>=json_value(a_nested, '$[7][6]' RETURNING varchar array))
  OR a_mixed=json_value(a_nested, '$[6]' RETURNING varchar array)
  OR a_mixed<>json_value(a_nested, '$[7][6]' RETURNING varchar array);
+--------------------------+
| a_mixed                  |
+--------------------------+
| [null, S1, 0.1, 1, true] |
| [null, S1, 0.1, 1, true] |
| [true, 1, 0.1, S1, null] |
| [true, 1, 0.1, S1, null] |
+--------------------------+
(4 rows)

!ok

#-------------------------------------------------------------------------
# TESTCASE: test_subquery_with_where TEST_ID: A7_B32_C6
#-------------------------------------------------------------------------
SELECT a_mixed,
       count(*) cnt
FROM
  (SELECT *
   FROM test_array)
WHERE NOT (a_mixed<=json_value(a_nested, '$[6]' RETURNING varchar array))
  OR NOT (a_mixed>=json_value(a_nested, '$[7][6]' RETURNING varchar array))
  OR a_mixed=json_value(a_nested, '$[6]' RETURNING varchar array)
  OR a_mixed<>json_value(a_nested, '$[7][6]' RETURNING varchar array)
GROUP BY a_mixed;
+--------------------------+-----+
| a_mixed                  | cnt |
+--------------------------+-----+
| [null, S1, 0.1, 1, true] |   2 |
| [true, 1, 0.1, S1, null] |   2 |
+--------------------------+-----+
(2 rows)

!ok

#-------------------------------------------------------------------------
# TESTCASE: test_subquery_with_where TEST_ID: A7_B32_C7
#-------------------------------------------------------------------------
WITH t1 AS
  (SELECT *
   FROM test_array
   WHERE NOT (a_mixed<=json_value(a_nested, '$[6]' RETURNING varchar array))
     OR NOT (a_mixed>=json_value(a_nested, '$[7][6]' RETURNING varchar array))
     OR a_mixed=json_value(a_nested, '$[6]' RETURNING varchar array)
     OR a_mixed<>json_value(a_nested, '$[7][6]' RETURNING varchar array))
SELECT a_mixed
FROM t1;
+--------------------------+
| a_mixed                  |
+--------------------------+
| [null, S1, 0.1, 1, true] |
| [null, S1, 0.1, 1, true] |
| [true, 1, 0.1, S1, null] |
| [true, 1, 0.1, S1, null] |
+--------------------------+
(4 rows)

!ok

#-------------------------------------------------------------------------
# TESTCASE: test_subquery_with_where TEST_ID: A7_B32_C8
#-------------------------------------------------------------------------
WITH t1 AS
  (SELECT *
   FROM test_array
   WHERE NOT (a_mixed<=json_value(a_nested, '$[6]' RETURNING varchar array))
     OR NOT (a_mixed>=json_value(a_nested, '$[7][6]' RETURNING varchar array))
     OR a_mixed=json_value(a_nested, '$[6]' RETURNING varchar array)
     OR a_mixed<>json_value(a_nested, '$[7][6]' RETURNING varchar array))
SELECT a_mixed,
       count(*) cnt
FROM t1
GROUP BY a_mixed;
+--------------------------+-----+
| a_mixed                  | cnt |
+--------------------------+-----+
| [null, S1, 0.1, 1, true] |   2 |
| [true, 1, 0.1, S1, null] |   2 |
+--------------------------+-----+
(2 rows)

!ok

#-------------------------------------------------------------------------
# TESTCASE: test_subquery_with_where TEST_ID: A7_B32_C9
#-------------------------------------------------------------------------
WITH t1 AS
  (SELECT *
   FROM test_array)
SELECT a_mixed
FROM t1
WHERE NOT (a_mixed<=json_value(a_nested, '$[6]' RETURNING varchar array))
  OR NOT (a_mixed>=json_value(a_nested, '$[7][6]' RETURNING varchar array))
  OR a_mixed=json_value(a_nested, '$[6]' RETURNING varchar array)
  OR a_mixed<>json_value(a_nested, '$[7][6]' RETURNING varchar array);
+--------------------------+
| a_mixed                  |
+--------------------------+
| [null, S1, 0.1, 1, true] |
| [null, S1, 0.1, 1, true] |
| [true, 1, 0.1, S1, null] |
| [true, 1, 0.1, S1, null] |
+--------------------------+
(4 rows)

!ok

#-------------------------------------------------------------------------
# TESTCASE: test_subquery_with_where TEST_ID: A7_B32_C10
#-------------------------------------------------------------------------
WITH t1 AS
  (SELECT *
   FROM test_array)
SELECT a_mixed,
       count(*) cnt
FROM t1
WHERE NOT (a_mixed<=json_value(a_nested, '$[6]' RETURNING varchar array))
  OR NOT (a_mixed>=json_value(a_nested, '$[7][6]' RETURNING varchar array))
  OR a_mixed=json_value(a_nested, '$[6]' RETURNING varchar array)
  OR a_mixed<>json_value(a_nested, '$[7][6]' RETURNING varchar array)
GROUP BY a_mixed;
+--------------------------+-----+
| a_mixed                  | cnt |
+--------------------------+-----+
| [null, S1, 0.1, 1, true] |   2 |
| [true, 1, 0.1, S1, null] |   2 |
+--------------------------+-----+
(2 rows)

!ok

#-------------------------------------------------------------------------
# TESTCASE: test_subquery_with_where TEST_ID: A7_B33_C1
#-------------------------------------------------------------------------
SELECT a_mixed
FROM test_array
WHERE a_mixed IS NULL;
+---------+
| a_mixed |
+---------+
+---------+
(0 rows)

!ok

#-------------------------------------------------------------------------
# TESTCASE: test_subquery_with_where TEST_ID: A7_B33_C2
#-------------------------------------------------------------------------
SELECT a_mixed,
       count(*) cnt
FROM test_array
WHERE a_mixed IS NULL
GROUP BY a_mixed;
+---------+-----+
| a_mixed | cnt |
+---------+-----+
+---------+-----+
(0 rows)

!ok

#-------------------------------------------------------------------------
# TESTCASE: test_subquery_with_where TEST_ID: A7_B33_C3
#-------------------------------------------------------------------------
SELECT a_mixed
FROM
  (SELECT *
   FROM test_array
   WHERE a_mixed IS NULL);
+---------+
| a_mixed |
+---------+
+---------+
(0 rows)

!ok

#-------------------------------------------------------------------------
# TESTCASE: test_subquery_with_where TEST_ID: A7_B33_C4
#-------------------------------------------------------------------------
SELECT a_mixed,
       count(*) cnt
FROM
  (SELECT *
   FROM test_array
   WHERE a_mixed IS NULL)
GROUP BY a_mixed;
+---------+-----+
| a_mixed | cnt |
+---------+-----+
+---------+-----+
(0 rows)

!ok

#-------------------------------------------------------------------------
# TESTCASE: test_subquery_with_where TEST_ID: A7_B33_C5
#-------------------------------------------------------------------------
SELECT a_mixed
FROM
  (SELECT *
   FROM test_array)
WHERE a_mixed IS NULL;
+---------+
| a_mixed |
+---------+
+---------+
(0 rows)

!ok

#-------------------------------------------------------------------------
# TESTCASE: test_subquery_with_where TEST_ID: A7_B33_C6
#-------------------------------------------------------------------------
SELECT a_mixed,
       count(*) cnt
FROM
  (SELECT *
   FROM test_array)
WHERE a_mixed IS NULL
GROUP BY a_mixed;
+---------+-----+
| a_mixed | cnt |
+---------+-----+
+---------+-----+
(0 rows)

!ok

#-------------------------------------------------------------------------
# TESTCASE: test_subquery_with_where TEST_ID: A7_B33_C7
#-------------------------------------------------------------------------
WITH t1 AS
  (SELECT *
   FROM test_array
   WHERE a_mixed IS NULL)
SELECT a_mixed
FROM t1;
+---------+
| a_mixed |
+---------+
+---------+
(0 rows)

!ok

#-------------------------------------------------------------------------
# TESTCASE: test_subquery_with_where TEST_ID: A7_B33_C8
#-------------------------------------------------------------------------
WITH t1 AS
  (SELECT *
   FROM test_array
   WHERE a_mixed IS NULL)
SELECT a_mixed,
       count(*) cnt
FROM t1
GROUP BY a_mixed;
+---------+-----+
| a_mixed | cnt |
+---------+-----+
+---------+-----+
(0 rows)

!ok

#-------------------------------------------------------------------------
# TESTCASE: test_subquery_with_where TEST_ID: A7_B33_C9
#-------------------------------------------------------------------------
WITH t1 AS
  (SELECT *
   FROM test_array)
SELECT a_mixed
FROM t1
WHERE a_mixed IS NULL;
+---------+
| a_mixed |
+---------+
+---------+
(0 rows)

!ok

