!set useApproximateCountDistinct false
!use druidtest://?componentSupplier=AllDruidEnginesComponentSupplier&datasets=sql/src/test/quidem/qatests/qaArray/sql
!set outputformat mysql
#-------------------------------------------------------------------------
# TESTCASE: test_limit_offset TEST_ID: SEL_DATASOURCE
#-------------------------------------------------------------------------
SELECT count(*) cnt
FROM test_array;
+-----+
| cnt |
+-----+
|   4 |
+-----+
(1 row)

!ok

#-------------------------------------------------------------------------
# TESTCASE: test_limit_offset TEST_ID: A1_B1
#-------------------------------------------------------------------------
SELECT a_bool c
FROM test_array
LIMIT 1;
+--------------+
| c            |
+--------------+
| [1, 0, null] |
+--------------+
(1 row)

!ok

#-------------------------------------------------------------------------
# TESTCASE: test_limit_offset TEST_ID: A1_B3
#-------------------------------------------------------------------------
SELECT a_bool c
FROM test_array
OFFSET 1;
+--------------+
| c            |
+--------------+
| [1, 0, null] |
| [null, 0, 1] |
| [null, 0, 1] |
+--------------+
(3 rows)

!ok

#-------------------------------------------------------------------------
# TESTCASE: test_limit_offset TEST_ID: A1_B5
#-------------------------------------------------------------------------
SELECT a_bool c
FROM test_array
LIMIT 1
OFFSET 1;
+--------------+
| c            |
+--------------+
| [1, 0, null] |
+--------------+
(1 row)

!ok

#-------------------------------------------------------------------------
# TESTCASE: test_limit_offset TEST_ID: A4_B1
#-------------------------------------------------------------------------
SELECT a_int c
FROM test_array
LIMIT 1;
+--------------+
| c            |
+--------------+
| [1, 2, null] |
+--------------+
(1 row)

!ok

#-------------------------------------------------------------------------
# TESTCASE: test_limit_offset TEST_ID: A4_B3
#-------------------------------------------------------------------------
SELECT a_int c
FROM test_array
OFFSET 1;
+--------------+
| c            |
+--------------+
| [1, 2, null] |
| [null, 2, 1] |
| [null, 2, 1] |
+--------------+
(3 rows)

!ok

#-------------------------------------------------------------------------
# TESTCASE: test_limit_offset TEST_ID: A4_B5
#-------------------------------------------------------------------------
SELECT a_int c
FROM test_array
LIMIT 1
OFFSET 1;
+--------------+
| c            |
+--------------+
| [1, 2, null] |
+--------------+
(1 row)

!ok

#-------------------------------------------------------------------------
# TESTCASE: test_limit_offset TEST_ID: A5_B1
#-------------------------------------------------------------------------
SELECT json_value(a_nested, '$[1]' RETURNING bigint array) c
FROM test_array
LIMIT 1;
+--------------+
| c            |
+--------------+
| [1, 2, null] |
+--------------+
(1 row)

!ok

#-------------------------------------------------------------------------
# TESTCASE: test_limit_offset TEST_ID: A5_B3
#-------------------------------------------------------------------------
SELECT json_value(a_nested, '$[1]' RETURNING bigint array) c
FROM test_array
OFFSET 1;
+--------------+
| c            |
+--------------+
| [1, 2, null] |
| [null, 2, 1] |
| [null, 2, 1] |
+--------------+
(3 rows)

!ok

#-------------------------------------------------------------------------
# TESTCASE: test_limit_offset TEST_ID: A5_B5
#-------------------------------------------------------------------------
SELECT json_value(a_nested, '$[1]' RETURNING bigint array) c
FROM test_array
LIMIT 1
OFFSET 1;
+--------------+
| c            |
+--------------+
| [1, 2, null] |
+--------------+
(1 row)

!ok

#-------------------------------------------------------------------------
# TESTCASE: test_limit_offset TEST_ID: A6_B1
#-------------------------------------------------------------------------
SELECT json_value(a_nested, '$[7][1]' RETURNING bigint array) c
FROM test_array
LIMIT 1;
+--------------+
| c            |
+--------------+
| [1, 2, null] |
+--------------+
(1 row)

!ok

#-------------------------------------------------------------------------
# TESTCASE: test_limit_offset TEST_ID: A6_B3
#-------------------------------------------------------------------------
SELECT json_value(a_nested, '$[7][1]' RETURNING bigint array) c
FROM test_array
OFFSET 1;
+--------------+
| c            |
+--------------+
| [1, 2, null] |
| [null, 2, 1] |
| [null, 2, 1] |
+--------------+
(3 rows)

!ok

#-------------------------------------------------------------------------
# TESTCASE: test_limit_offset TEST_ID: A6_B5
#-------------------------------------------------------------------------
SELECT json_value(a_nested, '$[7][1]' RETURNING bigint array) c
FROM test_array
LIMIT 1
OFFSET 1;
+--------------+
| c            |
+--------------+
| [1, 2, null] |
+--------------+
(1 row)

!ok

#-------------------------------------------------------------------------
# TESTCASE: test_limit_offset TEST_ID: A7_B1
#-------------------------------------------------------------------------
SELECT a_float c
FROM test_array
LIMIT 1;
+------------------+
| c                |
+------------------+
| [0.1, 0.2, null] |
+------------------+
(1 row)

!ok

#-------------------------------------------------------------------------
# TESTCASE: test_limit_offset TEST_ID: A7_B3
#-------------------------------------------------------------------------
SELECT a_float c
FROM test_array
OFFSET 1;
+------------------+
| c                |
+------------------+
| [0.1, 0.2, null] |
| [null, 0.2, 0.1] |
| [null, 0.2, 0.1] |
+------------------+
(3 rows)

!ok

#-------------------------------------------------------------------------
# TESTCASE: test_limit_offset TEST_ID: A7_B5
#-------------------------------------------------------------------------
SELECT a_float c
FROM test_array
LIMIT 1
OFFSET 1;
+------------------+
| c                |
+------------------+
| [0.1, 0.2, null] |
+------------------+
(1 row)

!ok

#-------------------------------------------------------------------------
# TESTCASE: test_limit_offset TEST_ID: A8_B1
#-------------------------------------------------------------------------
SELECT json_value(a_nested, '$[2]' RETURNING decimal array) c
FROM test_array
LIMIT 1;
+------------------+
| c                |
+------------------+
| [0.1, 0.2, null] |
+------------------+
(1 row)

!ok

#-------------------------------------------------------------------------
# TESTCASE: test_limit_offset TEST_ID: A8_B3
#-------------------------------------------------------------------------
SELECT json_value(a_nested, '$[2]' RETURNING decimal array) c
FROM test_array
OFFSET 1;
+------------------+
| c                |
+------------------+
| [0.1, 0.2, null] |
| [null, 0.2, 0.1] |
| [null, 0.2, 0.1] |
+------------------+
(3 rows)

!ok

#-------------------------------------------------------------------------
# TESTCASE: test_limit_offset TEST_ID: A8_B5
#-------------------------------------------------------------------------
SELECT json_value(a_nested, '$[2]' RETURNING decimal array) c
FROM test_array
LIMIT 1
OFFSET 1;
+------------------+
| c                |
+------------------+
| [0.1, 0.2, null] |
+------------------+
(1 row)

!ok

#-------------------------------------------------------------------------
# TESTCASE: test_limit_offset TEST_ID: A9_B1
#-------------------------------------------------------------------------
SELECT json_value(a_nested, '$[7][2]' RETURNING decimal array) c
FROM test_array
LIMIT 1;
+------------------+
| c                |
+------------------+
| [0.1, 0.2, null] |
+------------------+
(1 row)

!ok

#-------------------------------------------------------------------------
# TESTCASE: test_limit_offset TEST_ID: A9_B3
#-------------------------------------------------------------------------
SELECT json_value(a_nested, '$[7][2]' RETURNING decimal array) c
FROM test_array
OFFSET 1;
+------------------+
| c                |
+------------------+
| [0.1, 0.2, null] |
| [null, 0.2, 0.1] |
| [null, 0.2, 0.1] |
+------------------+
(3 rows)

!ok

#-------------------------------------------------------------------------
# TESTCASE: test_limit_offset TEST_ID: A9_B5
#-------------------------------------------------------------------------
SELECT json_value(a_nested, '$[7][2]' RETURNING decimal array) c
FROM test_array
LIMIT 1
OFFSET 1;
+------------------+
| c                |
+------------------+
| [0.1, 0.2, null] |
+------------------+
(1 row)

!ok

#-------------------------------------------------------------------------
# TESTCASE: test_limit_offset TEST_ID: A10_B1
#-------------------------------------------------------------------------
SELECT a_str c
FROM test_array
LIMIT 1;
+----------------+
| c              |
+----------------+
| [S1, S2, null] |
+----------------+
(1 row)

!ok

#-------------------------------------------------------------------------
# TESTCASE: test_limit_offset TEST_ID: A10_B3
#-------------------------------------------------------------------------
SELECT a_str c
FROM test_array
OFFSET 1;
+----------------+
| c              |
+----------------+
| [S1, S2, null] |
| [null, S2, S1] |
| [null, S2, S1] |
+----------------+
(3 rows)

!ok

#-------------------------------------------------------------------------
# TESTCASE: test_limit_offset TEST_ID: A10_B5
#-------------------------------------------------------------------------
SELECT a_str c
FROM test_array
LIMIT 1
OFFSET 1;
+----------------+
| c              |
+----------------+
| [S1, S2, null] |
+----------------+
(1 row)

!ok

#-------------------------------------------------------------------------
# TESTCASE: test_limit_offset TEST_ID: A11_B1
#-------------------------------------------------------------------------
SELECT json_value(a_nested, '$[3]' RETURNING varchar array) c
FROM test_array
LIMIT 1;
+----------------+
| c              |
+----------------+
| [S1, S2, null] |
+----------------+
(1 row)

!ok

#-------------------------------------------------------------------------
# TESTCASE: test_limit_offset TEST_ID: A11_B3
#-------------------------------------------------------------------------
SELECT json_value(a_nested, '$[3]' RETURNING varchar array) c
FROM test_array
OFFSET 1;
+----------------+
| c              |
+----------------+
| [S1, S2, null] |
| [null, S2, S1] |
| [null, S2, S1] |
+----------------+
(3 rows)

!ok

#-------------------------------------------------------------------------
# TESTCASE: test_limit_offset TEST_ID: A11_B5
#-------------------------------------------------------------------------
SELECT json_value(a_nested, '$[3]' RETURNING varchar array) c
FROM test_array
LIMIT 1
OFFSET 1;
+----------------+
| c              |
+----------------+
| [S1, S2, null] |
+----------------+
(1 row)

!ok

#-------------------------------------------------------------------------
# TESTCASE: test_limit_offset TEST_ID: A12_B1
#-------------------------------------------------------------------------
SELECT json_value(a_nested, '$[7][3]' RETURNING varchar array) c
FROM test_array
LIMIT 1;
+----------------+
| c              |
+----------------+
| [S1, S2, null] |
+----------------+
(1 row)

!ok

#-------------------------------------------------------------------------
# TESTCASE: test_limit_offset TEST_ID: A12_B3
#-------------------------------------------------------------------------
SELECT json_value(a_nested, '$[7][3]' RETURNING varchar array) c
FROM test_array
OFFSET 1;
+----------------+
| c              |
+----------------+
| [S1, S2, null] |
| [null, S2, S1] |
| [null, S2, S1] |
+----------------+
(3 rows)

!ok

#-------------------------------------------------------------------------
# TESTCASE: test_limit_offset TEST_ID: A12_B5
#-------------------------------------------------------------------------
SELECT json_value(a_nested, '$[7][3]' RETURNING varchar array) c
FROM test_array
LIMIT 1
OFFSET 1;
+----------------+
| c              |
+----------------+
| [S1, S2, null] |
+----------------+
(1 row)

!ok

#-------------------------------------------------------------------------
# TESTCASE: test_limit_offset TEST_ID: A13_B1
#-------------------------------------------------------------------------
SELECT a_null c
FROM test_array
LIMIT 1;
+--------------------+
| c                  |
+--------------------+
| [null, null, null] |
+--------------------+
(1 row)

!ok

#-------------------------------------------------------------------------
# TESTCASE: test_limit_offset TEST_ID: A13_B3
#-------------------------------------------------------------------------
SELECT a_null c
FROM test_array
OFFSET 1;
+--------------------+
| c                  |
+--------------------+
| [null, null, null] |
| [null, null, null] |
| [null, null, null] |
+--------------------+
(3 rows)

!ok

#-------------------------------------------------------------------------
# TESTCASE: test_limit_offset TEST_ID: A13_B5
#-------------------------------------------------------------------------
SELECT a_null c
FROM test_array
LIMIT 1
OFFSET 1;
+--------------------+
| c                  |
+--------------------+
| [null, null, null] |
+--------------------+
(1 row)

!ok

#-------------------------------------------------------------------------
# TESTCASE: test_limit_offset TEST_ID: A14_B1
#-------------------------------------------------------------------------
SELECT json_value(a_nested, '$[4]' RETURNING varchar array) c
FROM test_array
LIMIT 1;
+--------------------+
| c                  |
+--------------------+
| [null, null, null] |
+--------------------+
(1 row)

!ok

#-------------------------------------------------------------------------
# TESTCASE: test_limit_offset TEST_ID: A14_B3
#-------------------------------------------------------------------------
SELECT json_value(a_nested, '$[4]' RETURNING varchar array) c
FROM test_array
OFFSET 1;
+--------------------+
| c                  |
+--------------------+
| [null, null, null] |
| [null, null, null] |
| [null, null, null] |
+--------------------+
(3 rows)

!ok

#-------------------------------------------------------------------------
# TESTCASE: test_limit_offset TEST_ID: A14_B5
#-------------------------------------------------------------------------
SELECT json_value(a_nested, '$[4]' RETURNING varchar array) c
FROM test_array
LIMIT 1
OFFSET 1;
+--------------------+
| c                  |
+--------------------+
| [null, null, null] |
+--------------------+
(1 row)

!ok

#-------------------------------------------------------------------------
# TESTCASE: test_limit_offset TEST_ID: A15_B1
#-------------------------------------------------------------------------
SELECT json_value(a_nested, '$[7][4]' RETURNING varchar array) c
FROM test_array
LIMIT 1;
+--------------------+
| c                  |
+--------------------+
| [null, null, null] |
+--------------------+
(1 row)

!ok

#-------------------------------------------------------------------------
# TESTCASE: test_limit_offset TEST_ID: A15_B3
#-------------------------------------------------------------------------
SELECT json_value(a_nested, '$[7][4]' RETURNING varchar array) c
FROM test_array
OFFSET 1;
+--------------------+
| c                  |
+--------------------+
| [null, null, null] |
| [null, null, null] |
| [null, null, null] |
+--------------------+
(3 rows)

!ok

#-------------------------------------------------------------------------
# TESTCASE: test_limit_offset TEST_ID: A15_B5
#-------------------------------------------------------------------------
SELECT json_value(a_nested, '$[7][4]' RETURNING varchar array) c
FROM test_array
LIMIT 1
OFFSET 1;
+--------------------+
| c                  |
+--------------------+
| [null, null, null] |
+--------------------+
(1 row)

!ok

#-------------------------------------------------------------------------
# TESTCASE: test_limit_offset TEST_ID: A16_B1
#-------------------------------------------------------------------------
SELECT a_empty c
FROM test_array
LIMIT 1;
+----+
| c  |
+----+
| [] |
+----+
(1 row)

!ok

#-------------------------------------------------------------------------
# TESTCASE: test_limit_offset TEST_ID: A16_B3
#-------------------------------------------------------------------------
SELECT a_empty c
FROM test_array
OFFSET 1;
+----+
| c  |
+----+
| [] |
| [] |
| [] |
+----+
(3 rows)

!ok

#-------------------------------------------------------------------------
# TESTCASE: test_limit_offset TEST_ID: A16_B5
#-------------------------------------------------------------------------
SELECT a_empty c
FROM test_array
LIMIT 1
OFFSET 1;
+----+
| c  |
+----+
| [] |
+----+
(1 row)

!ok

#-------------------------------------------------------------------------
# TESTCASE: test_limit_offset TEST_ID: A17_B1
#-------------------------------------------------------------------------
SELECT json_value(a_nested, '$[5]' RETURNING varchar array) c
FROM test_array
LIMIT 1;
+----+
| c  |
+----+
| [] |
+----+
(1 row)

!ok

#-------------------------------------------------------------------------
# TESTCASE: test_limit_offset TEST_ID: A17_B3
#-------------------------------------------------------------------------
SELECT json_value(a_nested, '$[5]' RETURNING varchar array) c
FROM test_array
OFFSET 1;
+----+
| c  |
+----+
| [] |
| [] |
| [] |
+----+
(3 rows)

!ok

#-------------------------------------------------------------------------
# TESTCASE: test_limit_offset TEST_ID: A17_B5
#-------------------------------------------------------------------------
SELECT json_value(a_nested, '$[5]' RETURNING varchar array) c
FROM test_array
LIMIT 1
OFFSET 1;
+----+
| c  |
+----+
| [] |
+----+
(1 row)

!ok

#-------------------------------------------------------------------------
# TESTCASE: test_limit_offset TEST_ID: A18_B1
#-------------------------------------------------------------------------
SELECT json_value(a_nested, '$[7][5]' RETURNING varchar array) c
FROM test_array
LIMIT 1;
+----+
| c  |
+----+
| [] |
+----+
(1 row)

!ok

#-------------------------------------------------------------------------
# TESTCASE: test_limit_offset TEST_ID: A18_B3
#-------------------------------------------------------------------------
SELECT json_value(a_nested, '$[7][5]' RETURNING varchar array) c
FROM test_array
OFFSET 1;
+----+
| c  |
+----+
| [] |
| [] |
| [] |
+----+
(3 rows)

!ok

#-------------------------------------------------------------------------
# TESTCASE: test_limit_offset TEST_ID: A18_B5
#-------------------------------------------------------------------------
SELECT json_value(a_nested, '$[7][5]' RETURNING varchar array) c
FROM test_array
LIMIT 1
OFFSET 1;
+----+
| c  |
+----+
| [] |
+----+
(1 row)

!ok

#-------------------------------------------------------------------------
# TESTCASE: test_limit_offset TEST_ID: A19_B1
#-------------------------------------------------------------------------
SELECT a_mixed c
FROM test_array
LIMIT 1;
+--------------------------+
| c                        |
+--------------------------+
| [true, 1, 0.1, S1, null] |
+--------------------------+
(1 row)

!ok

