!set useApproximateCountDistinct false
!use druidtest://?componentSupplier=AllDruidEnginesComponentSupplier&datasets=sql/src/test/quidem/qatests/qaArray/sql
!set outputformat mysql
#-------------------------------------------------------------------------
# TESTCASE: test_subquery_with_where TEST_ID: A3_B30_C10
#-------------------------------------------------------------------------
WITH t1 AS
  (SELECT *
   FROM test_array)
SELECT a_float,
       count(*) cnt
FROM t1
WHERE a_float<=json_value(a_nested, '$[7][2]' RETURNING decimal array)
GROUP BY a_float;
+------------------+-----+
| a_float          | cnt |
+------------------+-----+
| [0.1, 0.2, null] |   2 |
| [null, 0.2, 0.1] |   2 |
+------------------+-----+
(2 rows)

!ok

#-------------------------------------------------------------------------
# TESTCASE: test_subquery_with_where TEST_ID: A3_B31_C1
#-------------------------------------------------------------------------
SELECT a_float
FROM test_array
WHERE a_float<=json_value(a_nested, '$[2]' RETURNING decimal array)
  OR a_float>=json_value(a_nested, '$[7][2]' RETURNING decimal array)
  AND NOT (a_float=json_value(a_nested, '$[2]' RETURNING decimal array)
           AND a_float<>json_value(a_nested, '$[7][2]' RETURNING decimal array));
+------------------+
| a_float          |
+------------------+
| [0.1, 0.2, null] |
| [0.1, 0.2, null] |
| [null, 0.2, 0.1] |
| [null, 0.2, 0.1] |
+------------------+
(4 rows)

!ok

#-------------------------------------------------------------------------
# TESTCASE: test_subquery_with_where TEST_ID: A3_B31_C2
#-------------------------------------------------------------------------
SELECT a_float,
       count(*) cnt
FROM test_array
WHERE a_float<=json_value(a_nested, '$[2]' RETURNING decimal array)
  OR a_float>=json_value(a_nested, '$[7][2]' RETURNING decimal array)
  AND NOT (a_float=json_value(a_nested, '$[2]' RETURNING decimal array)
           AND a_float<>json_value(a_nested, '$[7][2]' RETURNING decimal array))
GROUP BY a_float;
+------------------+-----+
| a_float          | cnt |
+------------------+-----+
| [0.1, 0.2, null] |   2 |
| [null, 0.2, 0.1] |   2 |
+------------------+-----+
(2 rows)

!ok

#-------------------------------------------------------------------------
# TESTCASE: test_subquery_with_where TEST_ID: A3_B31_C3
#-------------------------------------------------------------------------
SELECT a_float
FROM
  (SELECT *
   FROM test_array
   WHERE a_float<=json_value(a_nested, '$[2]' RETURNING decimal array)
     OR a_float>=json_value(a_nested, '$[7][2]' RETURNING decimal array)
     AND NOT (a_float=json_value(a_nested, '$[2]' RETURNING decimal array)
              AND a_float<>json_value(a_nested, '$[7][2]' RETURNING decimal array)));
+------------------+
| a_float          |
+------------------+
| [0.1, 0.2, null] |
| [0.1, 0.2, null] |
| [null, 0.2, 0.1] |
| [null, 0.2, 0.1] |
+------------------+
(4 rows)

!ok

#-------------------------------------------------------------------------
# TESTCASE: test_subquery_with_where TEST_ID: A3_B31_C4
#-------------------------------------------------------------------------
SELECT a_float,
       count(*) cnt
FROM
  (SELECT *
   FROM test_array
   WHERE a_float<=json_value(a_nested, '$[2]' RETURNING decimal array)
     OR a_float>=json_value(a_nested, '$[7][2]' RETURNING decimal array)
     AND NOT (a_float=json_value(a_nested, '$[2]' RETURNING decimal array)
              AND a_float<>json_value(a_nested, '$[7][2]' RETURNING decimal array)))
GROUP BY a_float;
+------------------+-----+
| a_float          | cnt |
+------------------+-----+
| [0.1, 0.2, null] |   2 |
| [null, 0.2, 0.1] |   2 |
+------------------+-----+
(2 rows)

!ok

#-------------------------------------------------------------------------
# TESTCASE: test_subquery_with_where TEST_ID: A3_B31_C5
#-------------------------------------------------------------------------
SELECT a_float
FROM
  (SELECT *
   FROM test_array)
WHERE a_float<=json_value(a_nested, '$[2]' RETURNING decimal array)
  OR a_float>=json_value(a_nested, '$[7][2]' RETURNING decimal array)
  AND NOT (a_float=json_value(a_nested, '$[2]' RETURNING decimal array)
           AND a_float<>json_value(a_nested, '$[7][2]' RETURNING decimal array));
+------------------+
| a_float          |
+------------------+
| [0.1, 0.2, null] |
| [0.1, 0.2, null] |
| [null, 0.2, 0.1] |
| [null, 0.2, 0.1] |
+------------------+
(4 rows)

!ok

#-------------------------------------------------------------------------
# TESTCASE: test_subquery_with_where TEST_ID: A3_B31_C6
#-------------------------------------------------------------------------
SELECT a_float,
       count(*) cnt
FROM
  (SELECT *
   FROM test_array)
WHERE a_float<=json_value(a_nested, '$[2]' RETURNING decimal array)
  OR a_float>=json_value(a_nested, '$[7][2]' RETURNING decimal array)
  AND NOT (a_float=json_value(a_nested, '$[2]' RETURNING decimal array)
           AND a_float<>json_value(a_nested, '$[7][2]' RETURNING decimal array))
GROUP BY a_float;
+------------------+-----+
| a_float          | cnt |
+------------------+-----+
| [0.1, 0.2, null] |   2 |
| [null, 0.2, 0.1] |   2 |
+------------------+-----+
(2 rows)

!ok

#-------------------------------------------------------------------------
# TESTCASE: test_subquery_with_where TEST_ID: A3_B31_C7
#-------------------------------------------------------------------------
WITH t1 AS
  (SELECT *
   FROM test_array
   WHERE a_float<=json_value(a_nested, '$[2]' RETURNING decimal array)
     OR a_float>=json_value(a_nested, '$[7][2]' RETURNING decimal array)
     AND NOT (a_float=json_value(a_nested, '$[2]' RETURNING decimal array)
              AND a_float<>json_value(a_nested, '$[7][2]' RETURNING decimal array)))
SELECT a_float
FROM t1;
+------------------+
| a_float          |
+------------------+
| [0.1, 0.2, null] |
| [0.1, 0.2, null] |
| [null, 0.2, 0.1] |
| [null, 0.2, 0.1] |
+------------------+
(4 rows)

!ok

#-------------------------------------------------------------------------
# TESTCASE: test_subquery_with_where TEST_ID: A3_B31_C8
#-------------------------------------------------------------------------
WITH t1 AS
  (SELECT *
   FROM test_array
   WHERE a_float<=json_value(a_nested, '$[2]' RETURNING decimal array)
     OR a_float>=json_value(a_nested, '$[7][2]' RETURNING decimal array)
     AND NOT (a_float=json_value(a_nested, '$[2]' RETURNING decimal array)
              AND a_float<>json_value(a_nested, '$[7][2]' RETURNING decimal array)))
SELECT a_float,
       count(*) cnt
FROM t1
GROUP BY a_float;
+------------------+-----+
| a_float          | cnt |
+------------------+-----+
| [0.1, 0.2, null] |   2 |
| [null, 0.2, 0.1] |   2 |
+------------------+-----+
(2 rows)

!ok

#-------------------------------------------------------------------------
# TESTCASE: test_subquery_with_where TEST_ID: A3_B31_C9
#-------------------------------------------------------------------------
WITH t1 AS
  (SELECT *
   FROM test_array)
SELECT a_float
FROM t1
WHERE a_float<=json_value(a_nested, '$[2]' RETURNING decimal array)
  OR a_float>=json_value(a_nested, '$[7][2]' RETURNING decimal array)
  AND NOT (a_float=json_value(a_nested, '$[2]' RETURNING decimal array)
           AND a_float<>json_value(a_nested, '$[7][2]' RETURNING decimal array));
+------------------+
| a_float          |
+------------------+
| [0.1, 0.2, null] |
| [0.1, 0.2, null] |
| [null, 0.2, 0.1] |
| [null, 0.2, 0.1] |
+------------------+
(4 rows)

!ok

#-------------------------------------------------------------------------
# TESTCASE: test_subquery_with_where TEST_ID: A3_B31_C10
#-------------------------------------------------------------------------
WITH t1 AS
  (SELECT *
   FROM test_array)
SELECT a_float,
       count(*) cnt
FROM t1
WHERE a_float<=json_value(a_nested, '$[2]' RETURNING decimal array)
  OR a_float>=json_value(a_nested, '$[7][2]' RETURNING decimal array)
  AND NOT (a_float=json_value(a_nested, '$[2]' RETURNING decimal array)
           AND a_float<>json_value(a_nested, '$[7][2]' RETURNING decimal array))
GROUP BY a_float;
+------------------+-----+
| a_float          | cnt |
+------------------+-----+
| [0.1, 0.2, null] |   2 |
| [null, 0.2, 0.1] |   2 |
+------------------+-----+
(2 rows)

!ok

#-------------------------------------------------------------------------
# TESTCASE: test_subquery_with_where TEST_ID: A3_B32_C1
#-------------------------------------------------------------------------
SELECT a_float
FROM test_array
WHERE NOT (a_float<=json_value(a_nested, '$[2]' RETURNING decimal array))
  OR NOT (a_float>=json_value(a_nested, '$[7][2]' RETURNING decimal array))
  OR a_float=json_value(a_nested, '$[2]' RETURNING decimal array)
  OR a_float<>json_value(a_nested, '$[7][2]' RETURNING decimal array);
+------------------+
| a_float          |
+------------------+
| [0.1, 0.2, null] |
| [0.1, 0.2, null] |
| [null, 0.2, 0.1] |
| [null, 0.2, 0.1] |
+------------------+
(4 rows)

!ok

#-------------------------------------------------------------------------
# TESTCASE: test_subquery_with_where TEST_ID: A3_B32_C2
#-------------------------------------------------------------------------
SELECT a_float,
       count(*) cnt
FROM test_array
WHERE NOT (a_float<=json_value(a_nested, '$[2]' RETURNING decimal array))
  OR NOT (a_float>=json_value(a_nested, '$[7][2]' RETURNING decimal array))
  OR a_float=json_value(a_nested, '$[2]' RETURNING decimal array)
  OR a_float<>json_value(a_nested, '$[7][2]' RETURNING decimal array)
GROUP BY a_float;
+------------------+-----+
| a_float          | cnt |
+------------------+-----+
| [0.1, 0.2, null] |   2 |
| [null, 0.2, 0.1] |   2 |
+------------------+-----+
(2 rows)

!ok

#-------------------------------------------------------------------------
# TESTCASE: test_subquery_with_where TEST_ID: A3_B32_C3
#-------------------------------------------------------------------------
SELECT a_float
FROM
  (SELECT *
   FROM test_array
   WHERE NOT (a_float<=json_value(a_nested, '$[2]' RETURNING decimal array))
     OR NOT (a_float>=json_value(a_nested, '$[7][2]' RETURNING decimal array))
     OR a_float=json_value(a_nested, '$[2]' RETURNING decimal array)
     OR a_float<>json_value(a_nested, '$[7][2]' RETURNING decimal array));
+------------------+
| a_float          |
+------------------+
| [0.1, 0.2, null] |
| [0.1, 0.2, null] |
| [null, 0.2, 0.1] |
| [null, 0.2, 0.1] |
+------------------+
(4 rows)

!ok

#-------------------------------------------------------------------------
# TESTCASE: test_subquery_with_where TEST_ID: A3_B32_C4
#-------------------------------------------------------------------------
SELECT a_float,
       count(*) cnt
FROM
  (SELECT *
   FROM test_array
   WHERE NOT (a_float<=json_value(a_nested, '$[2]' RETURNING decimal array))
     OR NOT (a_float>=json_value(a_nested, '$[7][2]' RETURNING decimal array))
     OR a_float=json_value(a_nested, '$[2]' RETURNING decimal array)
     OR a_float<>json_value(a_nested, '$[7][2]' RETURNING decimal array))
GROUP BY a_float;
+------------------+-----+
| a_float          | cnt |
+------------------+-----+
| [0.1, 0.2, null] |   2 |
| [null, 0.2, 0.1] |   2 |
+------------------+-----+
(2 rows)

!ok

#-------------------------------------------------------------------------
# TESTCASE: test_subquery_with_where TEST_ID: A3_B32_C5
#-------------------------------------------------------------------------
SELECT a_float
FROM
  (SELECT *
   FROM test_array)
WHERE NOT (a_float<=json_value(a_nested, '$[2]' RETURNING decimal array))
  OR NOT (a_float>=json_value(a_nested, '$[7][2]' RETURNING decimal array))
  OR a_float=json_value(a_nested, '$[2]' RETURNING decimal array)
  OR a_float<>json_value(a_nested, '$[7][2]' RETURNING decimal array);
+------------------+
| a_float          |
+------------------+
| [0.1, 0.2, null] |
| [0.1, 0.2, null] |
| [null, 0.2, 0.1] |
| [null, 0.2, 0.1] |
+------------------+
(4 rows)

!ok

#-------------------------------------------------------------------------
# TESTCASE: test_subquery_with_where TEST_ID: A3_B32_C6
#-------------------------------------------------------------------------
SELECT a_float,
       count(*) cnt
FROM
  (SELECT *
   FROM test_array)
WHERE NOT (a_float<=json_value(a_nested, '$[2]' RETURNING decimal array))
  OR NOT (a_float>=json_value(a_nested, '$[7][2]' RETURNING decimal array))
  OR a_float=json_value(a_nested, '$[2]' RETURNING decimal array)
  OR a_float<>json_value(a_nested, '$[7][2]' RETURNING decimal array)
GROUP BY a_float;
+------------------+-----+
| a_float          | cnt |
+------------------+-----+
| [0.1, 0.2, null] |   2 |
| [null, 0.2, 0.1] |   2 |
+------------------+-----+
(2 rows)

!ok

#-------------------------------------------------------------------------
# TESTCASE: test_subquery_with_where TEST_ID: A3_B32_C7
#-------------------------------------------------------------------------
WITH t1 AS
  (SELECT *
   FROM test_array
   WHERE NOT (a_float<=json_value(a_nested, '$[2]' RETURNING decimal array))
     OR NOT (a_float>=json_value(a_nested, '$[7][2]' RETURNING decimal array))
     OR a_float=json_value(a_nested, '$[2]' RETURNING decimal array)
     OR a_float<>json_value(a_nested, '$[7][2]' RETURNING decimal array))
SELECT a_float
FROM t1;
+------------------+
| a_float          |
+------------------+
| [0.1, 0.2, null] |
| [0.1, 0.2, null] |
| [null, 0.2, 0.1] |
| [null, 0.2, 0.1] |
+------------------+
(4 rows)

!ok

#-------------------------------------------------------------------------
# TESTCASE: test_subquery_with_where TEST_ID: A3_B32_C8
#-------------------------------------------------------------------------
WITH t1 AS
  (SELECT *
   FROM test_array
   WHERE NOT (a_float<=json_value(a_nested, '$[2]' RETURNING decimal array))
     OR NOT (a_float>=json_value(a_nested, '$[7][2]' RETURNING decimal array))
     OR a_float=json_value(a_nested, '$[2]' RETURNING decimal array)
     OR a_float<>json_value(a_nested, '$[7][2]' RETURNING decimal array))
SELECT a_float,
       count(*) cnt
FROM t1
GROUP BY a_float;
+------------------+-----+
| a_float          | cnt |
+------------------+-----+
| [0.1, 0.2, null] |   2 |
| [null, 0.2, 0.1] |   2 |
+------------------+-----+
(2 rows)

!ok

#-------------------------------------------------------------------------
# TESTCASE: test_subquery_with_where TEST_ID: A3_B32_C9
#-------------------------------------------------------------------------
WITH t1 AS
  (SELECT *
   FROM test_array)
SELECT a_float
FROM t1
WHERE NOT (a_float<=json_value(a_nested, '$[2]' RETURNING decimal array))
  OR NOT (a_float>=json_value(a_nested, '$[7][2]' RETURNING decimal array))
  OR a_float=json_value(a_nested, '$[2]' RETURNING decimal array)
  OR a_float<>json_value(a_nested, '$[7][2]' RETURNING decimal array);
+------------------+
| a_float          |
+------------------+
| [0.1, 0.2, null] |
| [0.1, 0.2, null] |
| [null, 0.2, 0.1] |
| [null, 0.2, 0.1] |
+------------------+
(4 rows)

!ok

#-------------------------------------------------------------------------
# TESTCASE: test_subquery_with_where TEST_ID: A3_B32_C10
#-------------------------------------------------------------------------
WITH t1 AS
  (SELECT *
   FROM test_array)
SELECT a_float,
       count(*) cnt
FROM t1
WHERE NOT (a_float<=json_value(a_nested, '$[2]' RETURNING decimal array))
  OR NOT (a_float>=json_value(a_nested, '$[7][2]' RETURNING decimal array))
  OR a_float=json_value(a_nested, '$[2]' RETURNING decimal array)
  OR a_float<>json_value(a_nested, '$[7][2]' RETURNING decimal array)
GROUP BY a_float;
+------------------+-----+
| a_float          | cnt |
+------------------+-----+
| [0.1, 0.2, null] |   2 |
| [null, 0.2, 0.1] |   2 |
+------------------+-----+
(2 rows)

!ok

#-------------------------------------------------------------------------
# TESTCASE: test_subquery_with_where TEST_ID: A3_B33_C1
#-------------------------------------------------------------------------
SELECT a_float
FROM test_array
WHERE a_float IS NULL;
+---------+
| a_float |
+---------+
+---------+
(0 rows)

!ok

#-------------------------------------------------------------------------
# TESTCASE: test_subquery_with_where TEST_ID: A3_B33_C2
#-------------------------------------------------------------------------
SELECT a_float,
       count(*) cnt
FROM test_array
WHERE a_float IS NULL
GROUP BY a_float;
+---------+-----+
| a_float | cnt |
+---------+-----+
+---------+-----+
(0 rows)

!ok

#-------------------------------------------------------------------------
# TESTCASE: test_subquery_with_where TEST_ID: A3_B33_C3
#-------------------------------------------------------------------------
SELECT a_float
FROM
  (SELECT *
   FROM test_array
   WHERE a_float IS NULL);
+---------+
| a_float |
+---------+
+---------+
(0 rows)

!ok

#-------------------------------------------------------------------------
# TESTCASE: test_subquery_with_where TEST_ID: A3_B33_C4
#-------------------------------------------------------------------------
SELECT a_float,
       count(*) cnt
FROM
  (SELECT *
   FROM test_array
   WHERE a_float IS NULL)
GROUP BY a_float;
+---------+-----+
| a_float | cnt |
+---------+-----+
+---------+-----+
(0 rows)

!ok

#-------------------------------------------------------------------------
# TESTCASE: test_subquery_with_where TEST_ID: A3_B33_C5
#-------------------------------------------------------------------------
SELECT a_float
FROM
  (SELECT *
   FROM test_array)
WHERE a_float IS NULL;
+---------+
| a_float |
+---------+
+---------+
(0 rows)

!ok

#-------------------------------------------------------------------------
# TESTCASE: test_subquery_with_where TEST_ID: A3_B33_C6
#-------------------------------------------------------------------------
SELECT a_float,
       count(*) cnt
FROM
  (SELECT *
   FROM test_array)
WHERE a_float IS NULL
GROUP BY a_float;
+---------+-----+
| a_float | cnt |
+---------+-----+
+---------+-----+
(0 rows)

!ok

#-------------------------------------------------------------------------
# TESTCASE: test_subquery_with_where TEST_ID: A3_B33_C7
#-------------------------------------------------------------------------
WITH t1 AS
  (SELECT *
   FROM test_array
   WHERE a_float IS NULL)
SELECT a_float
FROM t1;
+---------+
| a_float |
+---------+
+---------+
(0 rows)

!ok

#-------------------------------------------------------------------------
# TESTCASE: test_subquery_with_where TEST_ID: A3_B33_C8
#-------------------------------------------------------------------------
WITH t1 AS
  (SELECT *
   FROM test_array
   WHERE a_float IS NULL)
SELECT a_float,
       count(*) cnt
FROM t1
GROUP BY a_float;
+---------+-----+
| a_float | cnt |
+---------+-----+
+---------+-----+
(0 rows)

!ok

#-------------------------------------------------------------------------
# TESTCASE: test_subquery_with_where TEST_ID: A3_B33_C9
#-------------------------------------------------------------------------
WITH t1 AS
  (SELECT *
   FROM test_array)
SELECT a_float
FROM t1
WHERE a_float IS NULL;
+---------+
| a_float |
+---------+
+---------+
(0 rows)

!ok

#-------------------------------------------------------------------------
# TESTCASE: test_subquery_with_where TEST_ID: A3_B33_C10
#-------------------------------------------------------------------------
WITH t1 AS
  (SELECT *
   FROM test_array)
SELECT a_float,
       count(*) cnt
FROM t1
WHERE a_float IS NULL
GROUP BY a_float;
+---------+-----+
| a_float | cnt |
+---------+-----+
+---------+-----+
(0 rows)

!ok

#-------------------------------------------------------------------------
# TESTCASE: test_subquery_with_where TEST_ID: A3_B34_C1
#-------------------------------------------------------------------------
SELECT a_float
FROM test_array
WHERE a_float IS NOT NULL;
+------------------+
| a_float          |
+------------------+
| [0.1, 0.2, null] |
| [0.1, 0.2, null] |
| [null, 0.2, 0.1] |
| [null, 0.2, 0.1] |
+------------------+
(4 rows)

!ok

#-------------------------------------------------------------------------
# TESTCASE: test_subquery_with_where TEST_ID: A3_B34_C2
#-------------------------------------------------------------------------
SELECT a_float,
       count(*) cnt
FROM test_array
WHERE a_float IS NOT NULL
GROUP BY a_float;
+------------------+-----+
| a_float          | cnt |
+------------------+-----+
| [0.1, 0.2, null] |   2 |
| [null, 0.2, 0.1] |   2 |
+------------------+-----+
(2 rows)

!ok

#-------------------------------------------------------------------------
# TESTCASE: test_subquery_with_where TEST_ID: A3_B34_C3
#-------------------------------------------------------------------------
SELECT a_float
FROM
  (SELECT *
   FROM test_array
   WHERE a_float IS NOT NULL);
+------------------+
| a_float          |
+------------------+
| [0.1, 0.2, null] |
| [0.1, 0.2, null] |
| [null, 0.2, 0.1] |
| [null, 0.2, 0.1] |
+------------------+
(4 rows)

!ok

#-------------------------------------------------------------------------
# TESTCASE: test_subquery_with_where TEST_ID: A3_B34_C4
#-------------------------------------------------------------------------
SELECT a_float,
       count(*) cnt
FROM
  (SELECT *
   FROM test_array
   WHERE a_float IS NOT NULL)
GROUP BY a_float;
+------------------+-----+
| a_float          | cnt |
+------------------+-----+
| [0.1, 0.2, null] |   2 |
| [null, 0.2, 0.1] |   2 |
+------------------+-----+
(2 rows)

!ok

#-------------------------------------------------------------------------
# TESTCASE: test_subquery_with_where TEST_ID: A3_B34_C5
#-------------------------------------------------------------------------
SELECT a_float
FROM
  (SELECT *
   FROM test_array)
WHERE a_float IS NOT NULL;
+------------------+
| a_float          |
+------------------+
| [0.1, 0.2, null] |
| [0.1, 0.2, null] |
| [null, 0.2, 0.1] |
| [null, 0.2, 0.1] |
+------------------+
(4 rows)

!ok

#-------------------------------------------------------------------------
# TESTCASE: test_subquery_with_where TEST_ID: A3_B34_C6
#-------------------------------------------------------------------------
SELECT a_float,
       count(*) cnt
FROM
  (SELECT *
   FROM test_array)
WHERE a_float IS NOT NULL
GROUP BY a_float;
+------------------+-----+
| a_float          | cnt |
+------------------+-----+
| [0.1, 0.2, null] |   2 |
| [null, 0.2, 0.1] |   2 |
+------------------+-----+
(2 rows)

!ok

#-------------------------------------------------------------------------
# TESTCASE: test_subquery_with_where TEST_ID: A3_B34_C7
#-------------------------------------------------------------------------
WITH t1 AS
  (SELECT *
   FROM test_array
   WHERE a_float IS NOT NULL)
SELECT a_float
FROM t1;
+------------------+
| a_float          |
+------------------+
| [0.1, 0.2, null] |
| [0.1, 0.2, null] |
| [null, 0.2, 0.1] |
| [null, 0.2, 0.1] |
+------------------+
(4 rows)

!ok

#-------------------------------------------------------------------------
# TESTCASE: test_subquery_with_where TEST_ID: A3_B34_C8
#-------------------------------------------------------------------------
WITH t1 AS
  (SELECT *
   FROM test_array
   WHERE a_float IS NOT NULL)
SELECT a_float,
       count(*) cnt
FROM t1
GROUP BY a_float;
+------------------+-----+
| a_float          | cnt |
+------------------+-----+
| [0.1, 0.2, null] |   2 |
| [null, 0.2, 0.1] |   2 |
+------------------+-----+
(2 rows)

!ok

#-------------------------------------------------------------------------
# TESTCASE: test_subquery_with_where TEST_ID: A3_B34_C9
#-------------------------------------------------------------------------
WITH t1 AS
  (SELECT *
   FROM test_array)
SELECT a_float
FROM t1
WHERE a_float IS NOT NULL;
+------------------+
| a_float          |
+------------------+
| [0.1, 0.2, null] |
| [0.1, 0.2, null] |
| [null, 0.2, 0.1] |
| [null, 0.2, 0.1] |
+------------------+
(4 rows)

!ok

#-------------------------------------------------------------------------
# TESTCASE: test_subquery_with_where TEST_ID: A3_B34_C10
#-------------------------------------------------------------------------
WITH t1 AS
  (SELECT *
   FROM test_array)
SELECT a_float,
       count(*) cnt
FROM t1
WHERE a_float IS NOT NULL
GROUP BY a_float;
+------------------+-----+
| a_float          | cnt |
+------------------+-----+
| [0.1, 0.2, null] |   2 |
| [null, 0.2, 0.1] |   2 |
+------------------+-----+
(2 rows)

!ok

#-------------------------------------------------------------------------
# TESTCASE: test_subquery_with_where TEST_ID: A3_B35_C1
#-------------------------------------------------------------------------
SELECT a_float
FROM test_array
WHERE (a_float<json_value(a_nested, '$[2]' RETURNING decimal array)) IS TRUE;
+---------+
| a_float |
+---------+
+---------+
(0 rows)

!ok

#-------------------------------------------------------------------------
# TESTCASE: test_subquery_with_where TEST_ID: A3_B35_C2
#-------------------------------------------------------------------------
SELECT a_float,
       count(*) cnt
FROM test_array
WHERE (a_float<json_value(a_nested, '$[2]' RETURNING decimal array)) IS TRUE
GROUP BY a_float;
+---------+-----+
| a_float | cnt |
+---------+-----+
+---------+-----+
(0 rows)

!ok

#-------------------------------------------------------------------------
# TESTCASE: test_subquery_with_where TEST_ID: A3_B35_C3
#-------------------------------------------------------------------------
SELECT a_float
FROM
  (SELECT *
   FROM test_array
   WHERE (a_float<json_value(a_nested, '$[2]' RETURNING decimal array)) IS TRUE);
+---------+
| a_float |
+---------+
+---------+
(0 rows)

!ok

#-------------------------------------------------------------------------
# TESTCASE: test_subquery_with_where TEST_ID: A3_B35_C4
#-------------------------------------------------------------------------
SELECT a_float,
       count(*) cnt
FROM
  (SELECT *
   FROM test_array
   WHERE (a_float<json_value(a_nested, '$[2]' RETURNING decimal array)) IS TRUE)
GROUP BY a_float;
+---------+-----+
| a_float | cnt |
+---------+-----+
+---------+-----+
(0 rows)

!ok

#-------------------------------------------------------------------------
# TESTCASE: test_subquery_with_where TEST_ID: A3_B35_C5
#-------------------------------------------------------------------------
SELECT a_float
FROM
  (SELECT *
   FROM test_array)
WHERE (a_float<json_value(a_nested, '$[2]' RETURNING decimal array)) IS TRUE;
+---------+
| a_float |
+---------+
+---------+
(0 rows)

!ok

#-------------------------------------------------------------------------
# TESTCASE: test_subquery_with_where TEST_ID: A3_B35_C6
#-------------------------------------------------------------------------
SELECT a_float,
       count(*) cnt
FROM
  (SELECT *
   FROM test_array)
WHERE (a_float<json_value(a_nested, '$[2]' RETURNING decimal array)) IS TRUE
GROUP BY a_float;
+---------+-----+
| a_float | cnt |
+---------+-----+
+---------+-----+
(0 rows)

!ok

#-------------------------------------------------------------------------
# TESTCASE: test_subquery_with_where TEST_ID: A3_B35_C7
#-------------------------------------------------------------------------
WITH t1 AS
  (SELECT *
   FROM test_array
   WHERE (a_float<json_value(a_nested, '$[2]' RETURNING decimal array)) IS TRUE)
SELECT a_float
FROM t1;
+---------+
| a_float |
+---------+
+---------+
(0 rows)

!ok

#-------------------------------------------------------------------------
# TESTCASE: test_subquery_with_where TEST_ID: A3_B35_C8
#-------------------------------------------------------------------------
WITH t1 AS
  (SELECT *
   FROM test_array
   WHERE (a_float<json_value(a_nested, '$[2]' RETURNING decimal array)) IS TRUE)
SELECT a_float,
       count(*) cnt
FROM t1
GROUP BY a_float;
+---------+-----+
| a_float | cnt |
+---------+-----+
+---------+-----+
(0 rows)

!ok

#-------------------------------------------------------------------------
# TESTCASE: test_subquery_with_where TEST_ID: A3_B35_C9
#-------------------------------------------------------------------------
WITH t1 AS
  (SELECT *
   FROM test_array)
SELECT a_float
FROM t1
WHERE (a_float<json_value(a_nested, '$[2]' RETURNING decimal array)) IS TRUE;
+---------+
| a_float |
+---------+
+---------+
(0 rows)

!ok

