!set dartQueryId 00000000-0000-0000-0000-000000000000
!set useApproximateCountDistinct false
!use druidtest://?componentSupplier=StandardAndMSQComponentSupplier&datasets=sql/src/test/quidem/qatests/qaArray/sql
!set outputformat mysql
#-------------------------------------------------------------------------
# TESTCASE: test_subquery_with_where TEST_ID: A2_B1_C10
#-------------------------------------------------------------------------
WITH t1 AS
  (SELECT *
   FROM test_array)
SELECT a_int,
       count(*) cnt
FROM t1
WHERE a_int=ARRAY[1,
                  2]
GROUP BY a_int;
+-------+-----+
| a_int | cnt |
+-------+-----+
+-------+-----+
(0 rows)

!ok

#-------------------------------------------------------------------------
# TESTCASE: test_subquery_with_where TEST_ID: A2_B2_C1
#-------------------------------------------------------------------------
SELECT a_int
FROM test_array
WHERE a_int=ARRAY[1,
                  2,
                  NULL];
+--------------+
| a_int        |
+--------------+
| [1, 2, null] |
| [1, 2, null] |
+--------------+
(2 rows)

!ok

#-------------------------------------------------------------------------
# TESTCASE: test_subquery_with_where TEST_ID: A2_B2_C2
#-------------------------------------------------------------------------
SELECT a_int,
       count(*) cnt
FROM test_array
WHERE a_int=ARRAY[1,
                  2,
                  NULL]
GROUP BY a_int;
+--------------+-----+
| a_int        | cnt |
+--------------+-----+
| [1, 2, null] |   2 |
+--------------+-----+
(1 row)

!ok

#-------------------------------------------------------------------------
# TESTCASE: test_subquery_with_where TEST_ID: A2_B2_C3
#-------------------------------------------------------------------------
SELECT a_int
FROM
  (SELECT *
   FROM test_array
   WHERE a_int=ARRAY[1,
                     2,
                     NULL]);
+--------------+
| a_int        |
+--------------+
| [1, 2, null] |
| [1, 2, null] |
+--------------+
(2 rows)

!ok

#-------------------------------------------------------------------------
# TESTCASE: test_subquery_with_where TEST_ID: A2_B2_C4
#-------------------------------------------------------------------------
SELECT a_int,
       count(*) cnt
FROM
  (SELECT *
   FROM test_array
   WHERE a_int=ARRAY[1,
                     2,
                     NULL])
GROUP BY a_int;
+--------------+-----+
| a_int        | cnt |
+--------------+-----+
| [1, 2, null] |   2 |
+--------------+-----+
(1 row)

!ok

#-------------------------------------------------------------------------
# TESTCASE: test_subquery_with_where TEST_ID: A2_B2_C5
#-------------------------------------------------------------------------
SELECT a_int
FROM
  (SELECT *
   FROM test_array)
WHERE a_int=ARRAY[1,
                  2,
                  NULL];
+--------------+
| a_int        |
+--------------+
| [1, 2, null] |
| [1, 2, null] |
+--------------+
(2 rows)

!ok

#-------------------------------------------------------------------------
# TESTCASE: test_subquery_with_where TEST_ID: A2_B2_C6
#-------------------------------------------------------------------------
SELECT a_int,
       count(*) cnt
FROM
  (SELECT *
   FROM test_array)
WHERE a_int=ARRAY[1,
                  2,
                  NULL]
GROUP BY a_int;
+--------------+-----+
| a_int        | cnt |
+--------------+-----+
| [1, 2, null] |   2 |
+--------------+-----+
(1 row)

!ok

#-------------------------------------------------------------------------
# TESTCASE: test_subquery_with_where TEST_ID: A2_B2_C7
#-------------------------------------------------------------------------
WITH t1 AS
  (SELECT *
   FROM test_array
   WHERE a_int=ARRAY[1,
                     2,
                     NULL])
SELECT a_int
FROM t1;
+--------------+
| a_int        |
+--------------+
| [1, 2, null] |
| [1, 2, null] |
+--------------+
(2 rows)

!ok

#-------------------------------------------------------------------------
# TESTCASE: test_subquery_with_where TEST_ID: A2_B2_C8
#-------------------------------------------------------------------------
WITH t1 AS
  (SELECT *
   FROM test_array
   WHERE a_int=ARRAY[1,
                     2,
                     NULL])
SELECT a_int,
       count(*) cnt
FROM t1
GROUP BY a_int;
+--------------+-----+
| a_int        | cnt |
+--------------+-----+
| [1, 2, null] |   2 |
+--------------+-----+
(1 row)

!ok

#-------------------------------------------------------------------------
# TESTCASE: test_subquery_with_where TEST_ID: A2_B2_C9
#-------------------------------------------------------------------------
WITH t1 AS
  (SELECT *
   FROM test_array)
SELECT a_int
FROM t1
WHERE a_int=ARRAY[1,
                  2,
                  NULL];
+--------------+
| a_int        |
+--------------+
| [1, 2, null] |
| [1, 2, null] |
+--------------+
(2 rows)

!ok

#-------------------------------------------------------------------------
# TESTCASE: test_subquery_with_where TEST_ID: A2_B2_C10
#-------------------------------------------------------------------------
WITH t1 AS
  (SELECT *
   FROM test_array)
SELECT a_int,
       count(*) cnt
FROM t1
WHERE a_int=ARRAY[1,
                  2,
                  NULL]
GROUP BY a_int;
+--------------+-----+
| a_int        | cnt |
+--------------+-----+
| [1, 2, null] |   2 |
+--------------+-----+
(1 row)

!ok

#-------------------------------------------------------------------------
# TESTCASE: test_subquery_with_where TEST_ID: A2_B3_C1
#-------------------------------------------------------------------------
SELECT a_int
FROM test_array
WHERE a_int=ARRAY[1,
                  2,
                  3];
+-------+
| a_int |
+-------+
+-------+
(0 rows)

!ok

#-------------------------------------------------------------------------
# TESTCASE: test_subquery_with_where TEST_ID: A2_B3_C2
#-------------------------------------------------------------------------
SELECT a_int,
       count(*) cnt
FROM test_array
WHERE a_int=ARRAY[1,
                  2,
                  3]
GROUP BY a_int;
+-------+-----+
| a_int | cnt |
+-------+-----+
+-------+-----+
(0 rows)

!ok

#-------------------------------------------------------------------------
# TESTCASE: test_subquery_with_where TEST_ID: A2_B3_C3
#-------------------------------------------------------------------------
SELECT a_int
FROM
  (SELECT *
   FROM test_array
   WHERE a_int=ARRAY[1,
                     2,
                     3]);
+-------+
| a_int |
+-------+
+-------+
(0 rows)

!ok

#-------------------------------------------------------------------------
# TESTCASE: test_subquery_with_where TEST_ID: A2_B3_C4
#-------------------------------------------------------------------------
SELECT a_int,
       count(*) cnt
FROM
  (SELECT *
   FROM test_array
   WHERE a_int=ARRAY[1,
                     2,
                     3])
GROUP BY a_int;
+-------+-----+
| a_int | cnt |
+-------+-----+
+-------+-----+
(0 rows)

!ok

#-------------------------------------------------------------------------
# TESTCASE: test_subquery_with_where TEST_ID: A2_B3_C5
#-------------------------------------------------------------------------
SELECT a_int
FROM
  (SELECT *
   FROM test_array)
WHERE a_int=ARRAY[1,
                  2,
                  3];
+-------+
| a_int |
+-------+
+-------+
(0 rows)

!ok

#-------------------------------------------------------------------------
# TESTCASE: test_subquery_with_where TEST_ID: A2_B3_C6
#-------------------------------------------------------------------------
SELECT a_int,
       count(*) cnt
FROM
  (SELECT *
   FROM test_array)
WHERE a_int=ARRAY[1,
                  2,
                  3]
GROUP BY a_int;
+-------+-----+
| a_int | cnt |
+-------+-----+
+-------+-----+
(0 rows)

!ok

#-------------------------------------------------------------------------
# TESTCASE: test_subquery_with_where TEST_ID: A2_B3_C7
#-------------------------------------------------------------------------
WITH t1 AS
  (SELECT *
   FROM test_array
   WHERE a_int=ARRAY[1,
                     2,
                     3])
SELECT a_int
FROM t1;
+-------+
| a_int |
+-------+
+-------+
(0 rows)

!ok

#-------------------------------------------------------------------------
# TESTCASE: test_subquery_with_where TEST_ID: A2_B3_C8
#-------------------------------------------------------------------------
WITH t1 AS
  (SELECT *
   FROM test_array
   WHERE a_int=ARRAY[1,
                     2,
                     3])
SELECT a_int,
       count(*) cnt
FROM t1
GROUP BY a_int;
+-------+-----+
| a_int | cnt |
+-------+-----+
+-------+-----+
(0 rows)

!ok

#-------------------------------------------------------------------------
# TESTCASE: test_subquery_with_where TEST_ID: A2_B3_C9
#-------------------------------------------------------------------------
WITH t1 AS
  (SELECT *
   FROM test_array)
SELECT a_int
FROM t1
WHERE a_int=ARRAY[1,
                  2,
                  3];
+-------+
| a_int |
+-------+
+-------+
(0 rows)

!ok

#-------------------------------------------------------------------------
# TESTCASE: test_subquery_with_where TEST_ID: A2_B3_C10
#-------------------------------------------------------------------------
WITH t1 AS
  (SELECT *
   FROM test_array)
SELECT a_int,
       count(*) cnt
FROM t1
WHERE a_int=ARRAY[1,
                  2,
                  3]
GROUP BY a_int;
+-------+-----+
| a_int | cnt |
+-------+-----+
+-------+-----+
(0 rows)

!ok

#-------------------------------------------------------------------------
# TESTCASE: test_subquery_with_where TEST_ID: A2_B4_C1
#-------------------------------------------------------------------------
SELECT a_int
FROM test_array
WHERE a_int=json_value(a_nested, '$[1]' RETURNING bigint array);
+--------------+
| a_int        |
+--------------+
| [1, 2, null] |
| [1, 2, null] |
| [null, 2, 1] |
| [null, 2, 1] |
+--------------+
(4 rows)

!ok

#-------------------------------------------------------------------------
# TESTCASE: test_subquery_with_where TEST_ID: A2_B4_C2
#-------------------------------------------------------------------------
SELECT a_int,
       count(*) cnt
FROM test_array
WHERE a_int=json_value(a_nested, '$[1]' RETURNING bigint array)
GROUP BY a_int;
+--------------+-----+
| a_int        | cnt |
+--------------+-----+
| [1, 2, null] |   2 |
| [null, 2, 1] |   2 |
+--------------+-----+
(2 rows)

!ok

#-------------------------------------------------------------------------
# TESTCASE: test_subquery_with_where TEST_ID: A2_B4_C3
#-------------------------------------------------------------------------
SELECT a_int
FROM
  (SELECT *
   FROM test_array
   WHERE a_int=json_value(a_nested, '$[1]' RETURNING bigint array));
+--------------+
| a_int        |
+--------------+
| [1, 2, null] |
| [1, 2, null] |
| [null, 2, 1] |
| [null, 2, 1] |
+--------------+
(4 rows)

!ok

#-------------------------------------------------------------------------
# TESTCASE: test_subquery_with_where TEST_ID: A2_B4_C4
#-------------------------------------------------------------------------
SELECT a_int,
       count(*) cnt
FROM
  (SELECT *
   FROM test_array
   WHERE a_int=json_value(a_nested, '$[1]' RETURNING bigint array))
GROUP BY a_int;
+--------------+-----+
| a_int        | cnt |
+--------------+-----+
| [1, 2, null] |   2 |
| [null, 2, 1] |   2 |
+--------------+-----+
(2 rows)

!ok

#-------------------------------------------------------------------------
# TESTCASE: test_subquery_with_where TEST_ID: A2_B4_C5
#-------------------------------------------------------------------------
SELECT a_int
FROM
  (SELECT *
   FROM test_array)
WHERE a_int=json_value(a_nested, '$[1]' RETURNING bigint array);
+--------------+
| a_int        |
+--------------+
| [1, 2, null] |
| [1, 2, null] |
| [null, 2, 1] |
| [null, 2, 1] |
+--------------+
(4 rows)

!ok

#-------------------------------------------------------------------------
# TESTCASE: test_subquery_with_where TEST_ID: A2_B4_C6
#-------------------------------------------------------------------------
SELECT a_int,
       count(*) cnt
FROM
  (SELECT *
   FROM test_array)
WHERE a_int=json_value(a_nested, '$[1]' RETURNING bigint array)
GROUP BY a_int;
+--------------+-----+
| a_int        | cnt |
+--------------+-----+
| [1, 2, null] |   2 |
| [null, 2, 1] |   2 |
+--------------+-----+
(2 rows)

!ok

#-------------------------------------------------------------------------
# TESTCASE: test_subquery_with_where TEST_ID: A2_B4_C7
#-------------------------------------------------------------------------
WITH t1 AS
  (SELECT *
   FROM test_array
   WHERE a_int=json_value(a_nested, '$[1]' RETURNING bigint array))
SELECT a_int
FROM t1;
+--------------+
| a_int        |
+--------------+
| [1, 2, null] |
| [1, 2, null] |
| [null, 2, 1] |
| [null, 2, 1] |
+--------------+
(4 rows)

!ok

#-------------------------------------------------------------------------
# TESTCASE: test_subquery_with_where TEST_ID: A2_B4_C8
#-------------------------------------------------------------------------
WITH t1 AS
  (SELECT *
   FROM test_array
   WHERE a_int=json_value(a_nested, '$[1]' RETURNING bigint array))
SELECT a_int,
       count(*) cnt
FROM t1
GROUP BY a_int;
+--------------+-----+
| a_int        | cnt |
+--------------+-----+
| [1, 2, null] |   2 |
| [null, 2, 1] |   2 |
+--------------+-----+
(2 rows)

!ok

#-------------------------------------------------------------------------
# TESTCASE: test_subquery_with_where TEST_ID: A2_B4_C9
#-------------------------------------------------------------------------
WITH t1 AS
  (SELECT *
   FROM test_array)
SELECT a_int
FROM t1
WHERE a_int=json_value(a_nested, '$[1]' RETURNING bigint array);
+--------------+
| a_int        |
+--------------+
| [1, 2, null] |
| [1, 2, null] |
| [null, 2, 1] |
| [null, 2, 1] |
+--------------+
(4 rows)

!ok

#-------------------------------------------------------------------------
# TESTCASE: test_subquery_with_where TEST_ID: A2_B4_C10
#-------------------------------------------------------------------------
WITH t1 AS
  (SELECT *
   FROM test_array)
SELECT a_int,
       count(*) cnt
FROM t1
WHERE a_int=json_value(a_nested, '$[1]' RETURNING bigint array)
GROUP BY a_int;
+--------------+-----+
| a_int        | cnt |
+--------------+-----+
| [1, 2, null] |   2 |
| [null, 2, 1] |   2 |
+--------------+-----+
(2 rows)

!ok

#-------------------------------------------------------------------------
# TESTCASE: test_subquery_with_where TEST_ID: A2_B5_C1
#-------------------------------------------------------------------------
SELECT a_int
FROM test_array
WHERE a_int=json_value(a_nested, '$[7][1]' RETURNING bigint array);
+--------------+
| a_int        |
+--------------+
| [1, 2, null] |
| [1, 2, null] |
| [null, 2, 1] |
| [null, 2, 1] |
+--------------+
(4 rows)

!ok

#-------------------------------------------------------------------------
# TESTCASE: test_subquery_with_where TEST_ID: A2_B5_C2
#-------------------------------------------------------------------------
SELECT a_int,
       count(*) cnt
FROM test_array
WHERE a_int=json_value(a_nested, '$[7][1]' RETURNING bigint array)
GROUP BY a_int;
+--------------+-----+
| a_int        | cnt |
+--------------+-----+
| [1, 2, null] |   2 |
| [null, 2, 1] |   2 |
+--------------+-----+
(2 rows)

!ok

#-------------------------------------------------------------------------
# TESTCASE: test_subquery_with_where TEST_ID: A2_B5_C3
#-------------------------------------------------------------------------
SELECT a_int
FROM
  (SELECT *
   FROM test_array
   WHERE a_int=json_value(a_nested, '$[7][1]' RETURNING bigint array));
+--------------+
| a_int        |
+--------------+
| [1, 2, null] |
| [1, 2, null] |
| [null, 2, 1] |
| [null, 2, 1] |
+--------------+
(4 rows)

!ok

#-------------------------------------------------------------------------
# TESTCASE: test_subquery_with_where TEST_ID: A2_B5_C4
#-------------------------------------------------------------------------
SELECT a_int,
       count(*) cnt
FROM
  (SELECT *
   FROM test_array
   WHERE a_int=json_value(a_nested, '$[7][1]' RETURNING bigint array))
GROUP BY a_int;
+--------------+-----+
| a_int        | cnt |
+--------------+-----+
| [1, 2, null] |   2 |
| [null, 2, 1] |   2 |
+--------------+-----+
(2 rows)

!ok

#-------------------------------------------------------------------------
# TESTCASE: test_subquery_with_where TEST_ID: A2_B5_C5
#-------------------------------------------------------------------------
SELECT a_int
FROM
  (SELECT *
   FROM test_array)
WHERE a_int=json_value(a_nested, '$[7][1]' RETURNING bigint array);
+--------------+
| a_int        |
+--------------+
| [1, 2, null] |
| [1, 2, null] |
| [null, 2, 1] |
| [null, 2, 1] |
+--------------+
(4 rows)

!ok

#-------------------------------------------------------------------------
# TESTCASE: test_subquery_with_where TEST_ID: A2_B5_C6
#-------------------------------------------------------------------------
SELECT a_int,
       count(*) cnt
FROM
  (SELECT *
   FROM test_array)
WHERE a_int=json_value(a_nested, '$[7][1]' RETURNING bigint array)
GROUP BY a_int;
+--------------+-----+
| a_int        | cnt |
+--------------+-----+
| [1, 2, null] |   2 |
| [null, 2, 1] |   2 |
+--------------+-----+
(2 rows)

!ok

#-------------------------------------------------------------------------
# TESTCASE: test_subquery_with_where TEST_ID: A2_B5_C7
#-------------------------------------------------------------------------
WITH t1 AS
  (SELECT *
   FROM test_array
   WHERE a_int=json_value(a_nested, '$[7][1]' RETURNING bigint array))
SELECT a_int
FROM t1;
+--------------+
| a_int        |
+--------------+
| [1, 2, null] |
| [1, 2, null] |
| [null, 2, 1] |
| [null, 2, 1] |
+--------------+
(4 rows)

!ok

#-------------------------------------------------------------------------
# TESTCASE: test_subquery_with_where TEST_ID: A2_B5_C8
#-------------------------------------------------------------------------
WITH t1 AS
  (SELECT *
   FROM test_array
   WHERE a_int=json_value(a_nested, '$[7][1]' RETURNING bigint array))
SELECT a_int,
       count(*) cnt
FROM t1
GROUP BY a_int;
+--------------+-----+
| a_int        | cnt |
+--------------+-----+
| [1, 2, null] |   2 |
| [null, 2, 1] |   2 |
+--------------+-----+
(2 rows)

!ok

#-------------------------------------------------------------------------
# TESTCASE: test_subquery_with_where TEST_ID: A2_B5_C9
#-------------------------------------------------------------------------
WITH t1 AS
  (SELECT *
   FROM test_array)
SELECT a_int
FROM t1
WHERE a_int=json_value(a_nested, '$[7][1]' RETURNING bigint array);
+--------------+
| a_int        |
+--------------+
| [1, 2, null] |
| [1, 2, null] |
| [null, 2, 1] |
| [null, 2, 1] |
+--------------+
(4 rows)

!ok

#-------------------------------------------------------------------------
# TESTCASE: test_subquery_with_where TEST_ID: A2_B5_C10
#-------------------------------------------------------------------------
WITH t1 AS
  (SELECT *
   FROM test_array)
SELECT a_int,
       count(*) cnt
FROM t1
WHERE a_int=json_value(a_nested, '$[7][1]' RETURNING bigint array)
GROUP BY a_int;
+--------------+-----+
| a_int        | cnt |
+--------------+-----+
| [1, 2, null] |   2 |
| [null, 2, 1] |   2 |
+--------------+-----+
(2 rows)

!ok

#-------------------------------------------------------------------------
# TESTCASE: test_subquery_with_where TEST_ID: A2_B6_C1
#-------------------------------------------------------------------------
SELECT a_int
FROM test_array
WHERE a_int<>ARRAY[1,
                   2];
+--------------+
| a_int        |
+--------------+
| [1, 2, null] |
| [1, 2, null] |
| [null, 2, 1] |
| [null, 2, 1] |
+--------------+
(4 rows)

!ok

#-------------------------------------------------------------------------
# TESTCASE: test_subquery_with_where TEST_ID: A2_B6_C2
#-------------------------------------------------------------------------
SELECT a_int,
       count(*) cnt
FROM test_array
WHERE a_int<>ARRAY[1,
                   2]
GROUP BY a_int;
+--------------+-----+
| a_int        | cnt |
+--------------+-----+
| [1, 2, null] |   2 |
| [null, 2, 1] |   2 |
+--------------+-----+
(2 rows)

!ok

#-------------------------------------------------------------------------
# TESTCASE: test_subquery_with_where TEST_ID: A2_B6_C3
#-------------------------------------------------------------------------
SELECT a_int
FROM
  (SELECT *
   FROM test_array
   WHERE a_int<>ARRAY[1,
                      2]);
+--------------+
| a_int        |
+--------------+
| [1, 2, null] |
| [1, 2, null] |
| [null, 2, 1] |
| [null, 2, 1] |
+--------------+
(4 rows)

!ok

#-------------------------------------------------------------------------
# TESTCASE: test_subquery_with_where TEST_ID: A2_B6_C4
#-------------------------------------------------------------------------
SELECT a_int,
       count(*) cnt
FROM
  (SELECT *
   FROM test_array
   WHERE a_int<>ARRAY[1,
                      2])
GROUP BY a_int;
+--------------+-----+
| a_int        | cnt |
+--------------+-----+
| [1, 2, null] |   2 |
| [null, 2, 1] |   2 |
+--------------+-----+
(2 rows)

!ok

#-------------------------------------------------------------------------
# TESTCASE: test_subquery_with_where TEST_ID: A2_B6_C5
#-------------------------------------------------------------------------
SELECT a_int
FROM
  (SELECT *
   FROM test_array)
WHERE a_int<>ARRAY[1,
                   2];
+--------------+
| a_int        |
+--------------+
| [1, 2, null] |
| [1, 2, null] |
| [null, 2, 1] |
| [null, 2, 1] |
+--------------+
(4 rows)

!ok

#-------------------------------------------------------------------------
# TESTCASE: test_subquery_with_where TEST_ID: A2_B6_C6
#-------------------------------------------------------------------------
SELECT a_int,
       count(*) cnt
FROM
  (SELECT *
   FROM test_array)
WHERE a_int<>ARRAY[1,
                   2]
GROUP BY a_int;
+--------------+-----+
| a_int        | cnt |
+--------------+-----+
| [1, 2, null] |   2 |
| [null, 2, 1] |   2 |
+--------------+-----+
(2 rows)

!ok

#-------------------------------------------------------------------------
# TESTCASE: test_subquery_with_where TEST_ID: A2_B6_C7
#-------------------------------------------------------------------------
WITH t1 AS
  (SELECT *
   FROM test_array
   WHERE a_int<>ARRAY[1,
                      2])
SELECT a_int
FROM t1;
+--------------+
| a_int        |
+--------------+
| [1, 2, null] |
| [1, 2, null] |
| [null, 2, 1] |
| [null, 2, 1] |
+--------------+
(4 rows)

!ok

#-------------------------------------------------------------------------
# TESTCASE: test_subquery_with_where TEST_ID: A2_B6_C8
#-------------------------------------------------------------------------
WITH t1 AS
  (SELECT *
   FROM test_array
   WHERE a_int<>ARRAY[1,
                      2])
SELECT a_int,
       count(*) cnt
FROM t1
GROUP BY a_int;
+--------------+-----+
| a_int        | cnt |
+--------------+-----+
| [1, 2, null] |   2 |
| [null, 2, 1] |   2 |
+--------------+-----+
(2 rows)

!ok

#-------------------------------------------------------------------------
# TESTCASE: test_subquery_with_where TEST_ID: A2_B6_C9
#-------------------------------------------------------------------------
WITH t1 AS
  (SELECT *
   FROM test_array)
SELECT a_int
FROM t1
WHERE a_int<>ARRAY[1,
                   2];
+--------------+
| a_int        |
+--------------+
| [1, 2, null] |
| [1, 2, null] |
| [null, 2, 1] |
| [null, 2, 1] |
+--------------+
(4 rows)

!ok

