!set dartQueryId 00000000-0000-0000-0000-000000000000
!set useApproximateCountDistinct false
!use druidtest://?componentSupplier=StandardAndMSQComponentSupplier&datasets=sql/src/test/quidem/qatests/qaArray/sql
!set outputformat mysql
#-------------------------------------------------------------------------
# TESTCASE: test_subquery_with_where TEST_ID: A0_B10_C10
#-------------------------------------------------------------------------
WITH t1 AS
  (SELECT *
   FROM test_array)
SELECT a_int,
       count(*) cnt
FROM t1
WHERE a_int=a_null
GROUP BY a_int;
+-------+-----+
| a_int | cnt |
+-------+-----+
+-------+-----+
(0 rows)

!ok

#-------------------------------------------------------------------------
# TESTCASE: test_subquery_with_where TEST_ID: A0_B11_C1
#-------------------------------------------------------------------------
SELECT a_int
FROM test_array
WHERE a_int=a_empty;
+-------+
| a_int |
+-------+
+-------+
(0 rows)

!ok

#-------------------------------------------------------------------------
# TESTCASE: test_subquery_with_where TEST_ID: A0_B11_C2
#-------------------------------------------------------------------------
SELECT a_int,
       count(*) cnt
FROM test_array
WHERE a_int=a_empty
GROUP BY a_int;
+-------+-----+
| a_int | cnt |
+-------+-----+
+-------+-----+
(0 rows)

!ok

#-------------------------------------------------------------------------
# TESTCASE: test_subquery_with_where TEST_ID: A0_B11_C3
#-------------------------------------------------------------------------
SELECT a_int
FROM
  (SELECT *
   FROM test_array
   WHERE a_int=a_empty);
+-------+
| a_int |
+-------+
+-------+
(0 rows)

!ok

#-------------------------------------------------------------------------
# TESTCASE: test_subquery_with_where TEST_ID: A0_B11_C4
#-------------------------------------------------------------------------
SELECT a_int,
       count(*) cnt
FROM
  (SELECT *
   FROM test_array
   WHERE a_int=a_empty)
GROUP BY a_int;
+-------+-----+
| a_int | cnt |
+-------+-----+
+-------+-----+
(0 rows)

!ok

#-------------------------------------------------------------------------
# TESTCASE: test_subquery_with_where TEST_ID: A0_B11_C5
#-------------------------------------------------------------------------
SELECT a_int
FROM
  (SELECT *
   FROM test_array)
WHERE a_int=a_empty;
+-------+
| a_int |
+-------+
+-------+
(0 rows)

!ok

#-------------------------------------------------------------------------
# TESTCASE: test_subquery_with_where TEST_ID: A0_B11_C6
#-------------------------------------------------------------------------
SELECT a_int,
       count(*) cnt
FROM
  (SELECT *
   FROM test_array)
WHERE a_int=a_empty
GROUP BY a_int;
+-------+-----+
| a_int | cnt |
+-------+-----+
+-------+-----+
(0 rows)

!ok

#-------------------------------------------------------------------------
# TESTCASE: test_subquery_with_where TEST_ID: A0_B11_C7
#-------------------------------------------------------------------------
WITH t1 AS
  (SELECT *
   FROM test_array
   WHERE a_int=a_empty)
SELECT a_int
FROM t1;
+-------+
| a_int |
+-------+
+-------+
(0 rows)

!ok

#-------------------------------------------------------------------------
# TESTCASE: test_subquery_with_where TEST_ID: A0_B11_C8
#-------------------------------------------------------------------------
WITH t1 AS
  (SELECT *
   FROM test_array
   WHERE a_int=a_empty)
SELECT a_int,
       count(*) cnt
FROM t1
GROUP BY a_int;
+-------+-----+
| a_int | cnt |
+-------+-----+
+-------+-----+
(0 rows)

!ok

#-------------------------------------------------------------------------
# TESTCASE: test_subquery_with_where TEST_ID: A0_B11_C9
#-------------------------------------------------------------------------
WITH t1 AS
  (SELECT *
   FROM test_array)
SELECT a_int
FROM t1
WHERE a_int=a_empty;
+-------+
| a_int |
+-------+
+-------+
(0 rows)

!ok

#-------------------------------------------------------------------------
# TESTCASE: test_subquery_with_where TEST_ID: A0_B11_C10
#-------------------------------------------------------------------------
WITH t1 AS
  (SELECT *
   FROM test_array)
SELECT a_int,
       count(*) cnt
FROM t1
WHERE a_int=a_empty
GROUP BY a_int;
+-------+-----+
| a_int | cnt |
+-------+-----+
+-------+-----+
(0 rows)

!ok

#-------------------------------------------------------------------------
# TESTCASE: test_subquery_with_where TEST_ID: A0_B12_C1
#-------------------------------------------------------------------------
SELECT a_int
FROM test_array
WHERE a_int=a_mixed;
+-------+
| a_int |
+-------+
+-------+
(0 rows)

!ok

#-------------------------------------------------------------------------
# TESTCASE: test_subquery_with_where TEST_ID: A0_B12_C2
#-------------------------------------------------------------------------
SELECT a_int,
       count(*) cnt
FROM test_array
WHERE a_int=a_mixed
GROUP BY a_int;
+-------+-----+
| a_int | cnt |
+-------+-----+
+-------+-----+
(0 rows)

!ok

#-------------------------------------------------------------------------
# TESTCASE: test_subquery_with_where TEST_ID: A0_B12_C3
#-------------------------------------------------------------------------
SELECT a_int
FROM
  (SELECT *
   FROM test_array
   WHERE a_int=a_mixed);
+-------+
| a_int |
+-------+
+-------+
(0 rows)

!ok

#-------------------------------------------------------------------------
# TESTCASE: test_subquery_with_where TEST_ID: A0_B12_C4
#-------------------------------------------------------------------------
SELECT a_int,
       count(*) cnt
FROM
  (SELECT *
   FROM test_array
   WHERE a_int=a_mixed)
GROUP BY a_int;
+-------+-----+
| a_int | cnt |
+-------+-----+
+-------+-----+
(0 rows)

!ok

#-------------------------------------------------------------------------
# TESTCASE: test_subquery_with_where TEST_ID: A0_B12_C5
#-------------------------------------------------------------------------
SELECT a_int
FROM
  (SELECT *
   FROM test_array)
WHERE a_int=a_mixed;
+-------+
| a_int |
+-------+
+-------+
(0 rows)

!ok

#-------------------------------------------------------------------------
# TESTCASE: test_subquery_with_where TEST_ID: A0_B12_C6
#-------------------------------------------------------------------------
SELECT a_int,
       count(*) cnt
FROM
  (SELECT *
   FROM test_array)
WHERE a_int=a_mixed
GROUP BY a_int;
+-------+-----+
| a_int | cnt |
+-------+-----+
+-------+-----+
(0 rows)

!ok

#-------------------------------------------------------------------------
# TESTCASE: test_subquery_with_where TEST_ID: A0_B12_C7
#-------------------------------------------------------------------------
WITH t1 AS
  (SELECT *
   FROM test_array
   WHERE a_int=a_mixed)
SELECT a_int
FROM t1;
+-------+
| a_int |
+-------+
+-------+
(0 rows)

!ok

#-------------------------------------------------------------------------
# TESTCASE: test_subquery_with_where TEST_ID: A0_B12_C8
#-------------------------------------------------------------------------
WITH t1 AS
  (SELECT *
   FROM test_array
   WHERE a_int=a_mixed)
SELECT a_int,
       count(*) cnt
FROM t1
GROUP BY a_int;
+-------+-----+
| a_int | cnt |
+-------+-----+
+-------+-----+
(0 rows)

!ok

#-------------------------------------------------------------------------
# TESTCASE: test_subquery_with_where TEST_ID: A0_B12_C9
#-------------------------------------------------------------------------
WITH t1 AS
  (SELECT *
   FROM test_array)
SELECT a_int
FROM t1
WHERE a_int=a_mixed;
+-------+
| a_int |
+-------+
+-------+
(0 rows)

!ok

#-------------------------------------------------------------------------
# TESTCASE: test_subquery_with_where TEST_ID: A0_B12_C10
#-------------------------------------------------------------------------
WITH t1 AS
  (SELECT *
   FROM test_array)
SELECT a_int,
       count(*) cnt
FROM t1
WHERE a_int=a_mixed
GROUP BY a_int;
+-------+-----+
| a_int | cnt |
+-------+-----+
+-------+-----+
(0 rows)

!ok

#-------------------------------------------------------------------------
# TESTCASE: test_subquery_with_where TEST_ID: A0_B13_C1
#-------------------------------------------------------------------------
SELECT a_int
FROM test_array
WHERE a_int=a_nested;
Cannot apply '=' to arguments of type '<BIGINT ARRAY> = <COMPLEX<JSON>>'
!error

#-------------------------------------------------------------------------
# TESTCASE: test_subquery_with_where TEST_ID: A0_B13_C2
#-------------------------------------------------------------------------
SELECT a_int,
       count(*) cnt
FROM test_array
WHERE a_int=a_nested
GROUP BY a_int;
Cannot apply '=' to arguments of type '<BIGINT ARRAY> = <COMPLEX<JSON>>'
!error

#-------------------------------------------------------------------------
# TESTCASE: test_subquery_with_where TEST_ID: A0_B13_C3
#-------------------------------------------------------------------------
SELECT a_int
FROM
  (SELECT *
   FROM test_array
   WHERE a_int=a_nested);
Cannot apply '=' to arguments of type '<BIGINT ARRAY> = <COMPLEX<JSON>>'
!error

#-------------------------------------------------------------------------
# TESTCASE: test_subquery_with_where TEST_ID: A0_B13_C4
#-------------------------------------------------------------------------
SELECT a_int,
       count(*) cnt
FROM
  (SELECT *
   FROM test_array
   WHERE a_int=a_nested)
GROUP BY a_int;
Cannot apply '=' to arguments of type '<BIGINT ARRAY> = <COMPLEX<JSON>>'
!error

#-------------------------------------------------------------------------
# TESTCASE: test_subquery_with_where TEST_ID: A0_B13_C5
#-------------------------------------------------------------------------
SELECT a_int
FROM
  (SELECT *
   FROM test_array)
WHERE a_int=a_nested;
Cannot apply '=' to arguments of type '<BIGINT ARRAY> = <COMPLEX<JSON>>'
!error

#-------------------------------------------------------------------------
# TESTCASE: test_subquery_with_where TEST_ID: A0_B13_C6
#-------------------------------------------------------------------------
SELECT a_int,
       count(*) cnt
FROM
  (SELECT *
   FROM test_array)
WHERE a_int=a_nested
GROUP BY a_int;
Cannot apply '=' to arguments of type '<BIGINT ARRAY> = <COMPLEX<JSON>>'
!error

#-------------------------------------------------------------------------
# TESTCASE: test_subquery_with_where TEST_ID: A0_B13_C7
#-------------------------------------------------------------------------
WITH t1 AS
  (SELECT *
   FROM test_array
   WHERE a_int=a_nested)
SELECT a_int
FROM t1;
Cannot apply '=' to arguments of type '<BIGINT ARRAY> = <COMPLEX<JSON>>'
!error

#-------------------------------------------------------------------------
# TESTCASE: test_subquery_with_where TEST_ID: A0_B13_C8
#-------------------------------------------------------------------------
WITH t1 AS
  (SELECT *
   FROM test_array
   WHERE a_int=a_nested)
SELECT a_int,
       count(*) cnt
FROM t1
GROUP BY a_int;
Cannot apply '=' to arguments of type '<BIGINT ARRAY> = <COMPLEX<JSON>>'
!error

#-------------------------------------------------------------------------
# TESTCASE: test_subquery_with_where TEST_ID: A0_B13_C9
#-------------------------------------------------------------------------
WITH t1 AS
  (SELECT *
   FROM test_array)
SELECT a_int
FROM t1
WHERE a_int=a_nested;
Cannot apply '=' to arguments of type '<BIGINT ARRAY> = <COMPLEX<JSON>>'
!error

#-------------------------------------------------------------------------
# TESTCASE: test_subquery_with_where TEST_ID: A0_B13_C10
#-------------------------------------------------------------------------
WITH t1 AS
  (SELECT *
   FROM test_array)
SELECT a_int,
       count(*) cnt
FROM t1
WHERE a_int=a_nested
GROUP BY a_int;
Cannot apply '=' to arguments of type '<BIGINT ARRAY> = <COMPLEX<JSON>>'
!error

#-------------------------------------------------------------------------
# TESTCASE: test_subquery_with_where TEST_ID: A0_B14_C1
#-------------------------------------------------------------------------
SELECT a_int
FROM test_array
WHERE a_float=a_str;
+-------+
| a_int |
+-------+
+-------+
(0 rows)

!ok

#-------------------------------------------------------------------------
# TESTCASE: test_subquery_with_where TEST_ID: A0_B14_C2
#-------------------------------------------------------------------------
SELECT a_int,
       count(*) cnt
FROM test_array
WHERE a_float=a_str
GROUP BY a_int;
+-------+-----+
| a_int | cnt |
+-------+-----+
+-------+-----+
(0 rows)

!ok

#-------------------------------------------------------------------------
# TESTCASE: test_subquery_with_where TEST_ID: A0_B14_C3
#-------------------------------------------------------------------------
SELECT a_int
FROM
  (SELECT *
   FROM test_array
   WHERE a_float=a_str);
+-------+
| a_int |
+-------+
+-------+
(0 rows)

!ok

#-------------------------------------------------------------------------
# TESTCASE: test_subquery_with_where TEST_ID: A0_B14_C4
#-------------------------------------------------------------------------
SELECT a_int,
       count(*) cnt
FROM
  (SELECT *
   FROM test_array
   WHERE a_float=a_str)
GROUP BY a_int;
+-------+-----+
| a_int | cnt |
+-------+-----+
+-------+-----+
(0 rows)

!ok

#-------------------------------------------------------------------------
# TESTCASE: test_subquery_with_where TEST_ID: A0_B14_C5
#-------------------------------------------------------------------------
SELECT a_int
FROM
  (SELECT *
   FROM test_array)
WHERE a_float=a_str;
+-------+
| a_int |
+-------+
+-------+
(0 rows)

!ok

#-------------------------------------------------------------------------
# TESTCASE: test_subquery_with_where TEST_ID: A0_B14_C6
#-------------------------------------------------------------------------
SELECT a_int,
       count(*) cnt
FROM
  (SELECT *
   FROM test_array)
WHERE a_float=a_str
GROUP BY a_int;
+-------+-----+
| a_int | cnt |
+-------+-----+
+-------+-----+
(0 rows)

!ok

#-------------------------------------------------------------------------
# TESTCASE: test_subquery_with_where TEST_ID: A0_B14_C7
#-------------------------------------------------------------------------
WITH t1 AS
  (SELECT *
   FROM test_array
   WHERE a_float=a_str)
SELECT a_int
FROM t1;
+-------+
| a_int |
+-------+
+-------+
(0 rows)

!ok

#-------------------------------------------------------------------------
# TESTCASE: test_subquery_with_where TEST_ID: A0_B14_C8
#-------------------------------------------------------------------------
WITH t1 AS
  (SELECT *
   FROM test_array
   WHERE a_float=a_str)
SELECT a_int,
       count(*) cnt
FROM t1
GROUP BY a_int;
+-------+-----+
| a_int | cnt |
+-------+-----+
+-------+-----+
(0 rows)

!ok

#-------------------------------------------------------------------------
# TESTCASE: test_subquery_with_where TEST_ID: A0_B14_C9
#-------------------------------------------------------------------------
WITH t1 AS
  (SELECT *
   FROM test_array)
SELECT a_int
FROM t1
WHERE a_float=a_str;
+-------+
| a_int |
+-------+
+-------+
(0 rows)

!ok

#-------------------------------------------------------------------------
# TESTCASE: test_subquery_with_where TEST_ID: A0_B14_C10
#-------------------------------------------------------------------------
WITH t1 AS
  (SELECT *
   FROM test_array)
SELECT a_int,
       count(*) cnt
FROM t1
WHERE a_float=a_str
GROUP BY a_int;
+-------+-----+
| a_int | cnt |
+-------+-----+
+-------+-----+
(0 rows)

!ok

#-------------------------------------------------------------------------
# TESTCASE: test_subquery_with_where TEST_ID: A0_B15_C1
#-------------------------------------------------------------------------
SELECT a_int
FROM test_array
WHERE a_float=a_null;
+-------+
| a_int |
+-------+
+-------+
(0 rows)

!ok

#-------------------------------------------------------------------------
# TESTCASE: test_subquery_with_where TEST_ID: A0_B15_C2
#-------------------------------------------------------------------------
SELECT a_int,
       count(*) cnt
FROM test_array
WHERE a_float=a_null
GROUP BY a_int;
+-------+-----+
| a_int | cnt |
+-------+-----+
+-------+-----+
(0 rows)

!ok

#-------------------------------------------------------------------------
# TESTCASE: test_subquery_with_where TEST_ID: A0_B15_C3
#-------------------------------------------------------------------------
SELECT a_int
FROM
  (SELECT *
   FROM test_array
   WHERE a_float=a_null);
+-------+
| a_int |
+-------+
+-------+
(0 rows)

!ok

#-------------------------------------------------------------------------
# TESTCASE: test_subquery_with_where TEST_ID: A0_B15_C4
#-------------------------------------------------------------------------
SELECT a_int,
       count(*) cnt
FROM
  (SELECT *
   FROM test_array
   WHERE a_float=a_null)
GROUP BY a_int;
+-------+-----+
| a_int | cnt |
+-------+-----+
+-------+-----+
(0 rows)

!ok

#-------------------------------------------------------------------------
# TESTCASE: test_subquery_with_where TEST_ID: A0_B15_C5
#-------------------------------------------------------------------------
SELECT a_int
FROM
  (SELECT *
   FROM test_array)
WHERE a_float=a_null;
+-------+
| a_int |
+-------+
+-------+
(0 rows)

!ok

#-------------------------------------------------------------------------
# TESTCASE: test_subquery_with_where TEST_ID: A0_B15_C6
#-------------------------------------------------------------------------
SELECT a_int,
       count(*) cnt
FROM
  (SELECT *
   FROM test_array)
WHERE a_float=a_null
GROUP BY a_int;
+-------+-----+
| a_int | cnt |
+-------+-----+
+-------+-----+
(0 rows)

!ok

#-------------------------------------------------------------------------
# TESTCASE: test_subquery_with_where TEST_ID: A0_B15_C7
#-------------------------------------------------------------------------
WITH t1 AS
  (SELECT *
   FROM test_array
   WHERE a_float=a_null)
SELECT a_int
FROM t1;
+-------+
| a_int |
+-------+
+-------+
(0 rows)

!ok

#-------------------------------------------------------------------------
# TESTCASE: test_subquery_with_where TEST_ID: A0_B15_C8
#-------------------------------------------------------------------------
WITH t1 AS
  (SELECT *
   FROM test_array
   WHERE a_float=a_null)
SELECT a_int,
       count(*) cnt
FROM t1
GROUP BY a_int;
+-------+-----+
| a_int | cnt |
+-------+-----+
+-------+-----+
(0 rows)

!ok

#-------------------------------------------------------------------------
# TESTCASE: test_subquery_with_where TEST_ID: A0_B15_C9
#-------------------------------------------------------------------------
WITH t1 AS
  (SELECT *
   FROM test_array)
SELECT a_int
FROM t1
WHERE a_float=a_null;
+-------+
| a_int |
+-------+
+-------+
(0 rows)

!ok

