!set useApproximateCountDistinct false
!use druidtest://?componentSupplier=AllDruidEnginesComponentSupplier&datasets=sql/src/test/quidem/qatests/qaArray/sql
!set outputformat mysql
#-------------------------------------------------------------------------
# TESTCASE: test_subquery_with_where TEST_ID: A3_B45_C10
#-------------------------------------------------------------------------
WITH t1 AS
  (SELECT *
   FROM test_array)
SELECT a_float,
       count(*) cnt
FROM t1
WHERE a_float IN
    (SELECT a_float
     FROM test_array)
GROUP BY a_float;
ARRAY
!error

#-------------------------------------------------------------------------
# TESTCASE: test_subquery_with_where TEST_ID: A3_B46_C1
#-------------------------------------------------------------------------
SELECT a_float
FROM test_array
WHERE a_float NOT IN
    (SELECT a_float
     FROM test_array);
ARRAY
!error

#-------------------------------------------------------------------------
# TESTCASE: test_subquery_with_where TEST_ID: A3_B46_C2
#-------------------------------------------------------------------------
SELECT a_float,
       count(*) cnt
FROM test_array
WHERE a_float NOT IN
    (SELECT a_float
     FROM test_array)
GROUP BY a_float;
ARRAY
!error

#-------------------------------------------------------------------------
# TESTCASE: test_subquery_with_where TEST_ID: A3_B46_C3
#-------------------------------------------------------------------------
SELECT a_float
FROM
  (SELECT *
   FROM test_array
   WHERE a_float NOT IN
       (SELECT a_float
        FROM test_array));
ARRAY
!error

#-------------------------------------------------------------------------
# TESTCASE: test_subquery_with_where TEST_ID: A3_B46_C4
#-------------------------------------------------------------------------
SELECT a_float,
       count(*) cnt
FROM
  (SELECT *
   FROM test_array
   WHERE a_float NOT IN
       (SELECT a_float
        FROM test_array))
GROUP BY a_float;
ARRAY
!error

#-------------------------------------------------------------------------
# TESTCASE: test_subquery_with_where TEST_ID: A3_B46_C5
#-------------------------------------------------------------------------
SELECT a_float
FROM
  (SELECT *
   FROM test_array)
WHERE a_float NOT IN
    (SELECT a_float
     FROM test_array);
ARRAY
!error

#-------------------------------------------------------------------------
# TESTCASE: test_subquery_with_where TEST_ID: A3_B46_C6
#-------------------------------------------------------------------------
SELECT a_float,
       count(*) cnt
FROM
  (SELECT *
   FROM test_array)
WHERE a_float NOT IN
    (SELECT a_float
     FROM test_array)
GROUP BY a_float;
ARRAY
!error

#-------------------------------------------------------------------------
# TESTCASE: test_subquery_with_where TEST_ID: A3_B46_C7
#-------------------------------------------------------------------------
WITH t1 AS
  (SELECT *
   FROM test_array
   WHERE a_float NOT IN
       (SELECT a_float
        FROM test_array))
SELECT a_float
FROM t1;
ARRAY
!error

#-------------------------------------------------------------------------
# TESTCASE: test_subquery_with_where TEST_ID: A3_B46_C8
#-------------------------------------------------------------------------
WITH t1 AS
  (SELECT *
   FROM test_array
   WHERE a_float NOT IN
       (SELECT a_float
        FROM test_array))
SELECT a_float,
       count(*) cnt
FROM t1
GROUP BY a_float;
ARRAY
!error

#-------------------------------------------------------------------------
# TESTCASE: test_subquery_with_where TEST_ID: A3_B46_C9
#-------------------------------------------------------------------------
WITH t1 AS
  (SELECT *
   FROM test_array)
SELECT a_float
FROM t1
WHERE a_float NOT IN
    (SELECT a_float
     FROM test_array);
ARRAY
!error

#-------------------------------------------------------------------------
# TESTCASE: test_subquery_with_where TEST_ID: A3_B46_C10
#-------------------------------------------------------------------------
WITH t1 AS
  (SELECT *
   FROM test_array)
SELECT a_float,
       count(*) cnt
FROM t1
WHERE a_float NOT IN
    (SELECT a_float
     FROM test_array)
GROUP BY a_float;
ARRAY
!error

#-------------------------------------------------------------------------
# TESTCASE: test_subquery_with_where TEST_ID: A4_B1_C1
#-------------------------------------------------------------------------
SELECT a_str
FROM test_array
WHERE a_str=ARRAY['S1',
                  'S2'];
+-------+
| a_str |
+-------+
+-------+
(0 rows)

!ok

#-------------------------------------------------------------------------
# TESTCASE: test_subquery_with_where TEST_ID: A4_B1_C2
#-------------------------------------------------------------------------
SELECT a_str,
       count(*) cnt
FROM test_array
WHERE a_str=ARRAY['S1',
                  'S2']
GROUP BY a_str;
+-------+-----+
| a_str | cnt |
+-------+-----+
+-------+-----+
(0 rows)

!ok

#-------------------------------------------------------------------------
# TESTCASE: test_subquery_with_where TEST_ID: A4_B1_C3
#-------------------------------------------------------------------------
SELECT a_str
FROM
  (SELECT *
   FROM test_array
   WHERE a_str=ARRAY['S1',
                     'S2']);
+-------+
| a_str |
+-------+
+-------+
(0 rows)

!ok

#-------------------------------------------------------------------------
# TESTCASE: test_subquery_with_where TEST_ID: A4_B1_C4
#-------------------------------------------------------------------------
SELECT a_str,
       count(*) cnt
FROM
  (SELECT *
   FROM test_array
   WHERE a_str=ARRAY['S1',
                     'S2'])
GROUP BY a_str;
+-------+-----+
| a_str | cnt |
+-------+-----+
+-------+-----+
(0 rows)

!ok

#-------------------------------------------------------------------------
# TESTCASE: test_subquery_with_where TEST_ID: A4_B1_C5
#-------------------------------------------------------------------------
SELECT a_str
FROM
  (SELECT *
   FROM test_array)
WHERE a_str=ARRAY['S1',
                  'S2'];
+-------+
| a_str |
+-------+
+-------+
(0 rows)

!ok

#-------------------------------------------------------------------------
# TESTCASE: test_subquery_with_where TEST_ID: A4_B1_C6
#-------------------------------------------------------------------------
SELECT a_str,
       count(*) cnt
FROM
  (SELECT *
   FROM test_array)
WHERE a_str=ARRAY['S1',
                  'S2']
GROUP BY a_str;
+-------+-----+
| a_str | cnt |
+-------+-----+
+-------+-----+
(0 rows)

!ok

#-------------------------------------------------------------------------
# TESTCASE: test_subquery_with_where TEST_ID: A4_B1_C7
#-------------------------------------------------------------------------
WITH t1 AS
  (SELECT *
   FROM test_array
   WHERE a_str=ARRAY['S1',
                     'S2'])
SELECT a_str
FROM t1;
+-------+
| a_str |
+-------+
+-------+
(0 rows)

!ok

#-------------------------------------------------------------------------
# TESTCASE: test_subquery_with_where TEST_ID: A4_B1_C8
#-------------------------------------------------------------------------
WITH t1 AS
  (SELECT *
   FROM test_array
   WHERE a_str=ARRAY['S1',
                     'S2'])
SELECT a_str,
       count(*) cnt
FROM t1
GROUP BY a_str;
+-------+-----+
| a_str | cnt |
+-------+-----+
+-------+-----+
(0 rows)

!ok

#-------------------------------------------------------------------------
# TESTCASE: test_subquery_with_where TEST_ID: A4_B1_C9
#-------------------------------------------------------------------------
WITH t1 AS
  (SELECT *
   FROM test_array)
SELECT a_str
FROM t1
WHERE a_str=ARRAY['S1',
                  'S2'];
+-------+
| a_str |
+-------+
+-------+
(0 rows)

!ok

#-------------------------------------------------------------------------
# TESTCASE: test_subquery_with_where TEST_ID: A4_B1_C10
#-------------------------------------------------------------------------
WITH t1 AS
  (SELECT *
   FROM test_array)
SELECT a_str,
       count(*) cnt
FROM t1
WHERE a_str=ARRAY['S1',
                  'S2']
GROUP BY a_str;
+-------+-----+
| a_str | cnt |
+-------+-----+
+-------+-----+
(0 rows)

!ok

#-------------------------------------------------------------------------
# TESTCASE: test_subquery_with_where TEST_ID: A4_B2_C1
#-------------------------------------------------------------------------
SELECT a_str
FROM test_array
WHERE a_str=ARRAY['S1',
                  'S2',
                  NULL];
+----------------+
| a_str          |
+----------------+
| [S1, S2, null] |
| [S1, S2, null] |
+----------------+
(2 rows)

!ok

#-------------------------------------------------------------------------
# TESTCASE: test_subquery_with_where TEST_ID: A4_B2_C2
#-------------------------------------------------------------------------
SELECT a_str,
       count(*) cnt
FROM test_array
WHERE a_str=ARRAY['S1',
                  'S2',
                  NULL]
GROUP BY a_str;
+----------------+-----+
| a_str          | cnt |
+----------------+-----+
| [S1, S2, null] |   2 |
+----------------+-----+
(1 row)

!ok

#-------------------------------------------------------------------------
# TESTCASE: test_subquery_with_where TEST_ID: A4_B2_C3
#-------------------------------------------------------------------------
SELECT a_str
FROM
  (SELECT *
   FROM test_array
   WHERE a_str=ARRAY['S1',
                     'S2',
                     NULL]);
+----------------+
| a_str          |
+----------------+
| [S1, S2, null] |
| [S1, S2, null] |
+----------------+
(2 rows)

!ok

#-------------------------------------------------------------------------
# TESTCASE: test_subquery_with_where TEST_ID: A4_B2_C4
#-------------------------------------------------------------------------
SELECT a_str,
       count(*) cnt
FROM
  (SELECT *
   FROM test_array
   WHERE a_str=ARRAY['S1',
                     'S2',
                     NULL])
GROUP BY a_str;
+----------------+-----+
| a_str          | cnt |
+----------------+-----+
| [S1, S2, null] |   2 |
+----------------+-----+
(1 row)

!ok

#-------------------------------------------------------------------------
# TESTCASE: test_subquery_with_where TEST_ID: A4_B2_C5
#-------------------------------------------------------------------------
SELECT a_str
FROM
  (SELECT *
   FROM test_array)
WHERE a_str=ARRAY['S1',
                  'S2',
                  NULL];
+----------------+
| a_str          |
+----------------+
| [S1, S2, null] |
| [S1, S2, null] |
+----------------+
(2 rows)

!ok

#-------------------------------------------------------------------------
# TESTCASE: test_subquery_with_where TEST_ID: A4_B2_C6
#-------------------------------------------------------------------------
SELECT a_str,
       count(*) cnt
FROM
  (SELECT *
   FROM test_array)
WHERE a_str=ARRAY['S1',
                  'S2',
                  NULL]
GROUP BY a_str;
+----------------+-----+
| a_str          | cnt |
+----------------+-----+
| [S1, S2, null] |   2 |
+----------------+-----+
(1 row)

!ok

#-------------------------------------------------------------------------
# TESTCASE: test_subquery_with_where TEST_ID: A4_B2_C7
#-------------------------------------------------------------------------
WITH t1 AS
  (SELECT *
   FROM test_array
   WHERE a_str=ARRAY['S1',
                     'S2',
                     NULL])
SELECT a_str
FROM t1;
+----------------+
| a_str          |
+----------------+
| [S1, S2, null] |
| [S1, S2, null] |
+----------------+
(2 rows)

!ok

#-------------------------------------------------------------------------
# TESTCASE: test_subquery_with_where TEST_ID: A4_B2_C8
#-------------------------------------------------------------------------
WITH t1 AS
  (SELECT *
   FROM test_array
   WHERE a_str=ARRAY['S1',
                     'S2',
                     NULL])
SELECT a_str,
       count(*) cnt
FROM t1
GROUP BY a_str;
+----------------+-----+
| a_str          | cnt |
+----------------+-----+
| [S1, S2, null] |   2 |
+----------------+-----+
(1 row)

!ok

#-------------------------------------------------------------------------
# TESTCASE: test_subquery_with_where TEST_ID: A4_B2_C9
#-------------------------------------------------------------------------
WITH t1 AS
  (SELECT *
   FROM test_array)
SELECT a_str
FROM t1
WHERE a_str=ARRAY['S1',
                  'S2',
                  NULL];
+----------------+
| a_str          |
+----------------+
| [S1, S2, null] |
| [S1, S2, null] |
+----------------+
(2 rows)

!ok

#-------------------------------------------------------------------------
# TESTCASE: test_subquery_with_where TEST_ID: A4_B2_C10
#-------------------------------------------------------------------------
WITH t1 AS
  (SELECT *
   FROM test_array)
SELECT a_str,
       count(*) cnt
FROM t1
WHERE a_str=ARRAY['S1',
                  'S2',
                  NULL]
GROUP BY a_str;
+----------------+-----+
| a_str          | cnt |
+----------------+-----+
| [S1, S2, null] |   2 |
+----------------+-----+
(1 row)

!ok

#-------------------------------------------------------------------------
# TESTCASE: test_subquery_with_where TEST_ID: A4_B3_C1
#-------------------------------------------------------------------------
SELECT a_str
FROM test_array
WHERE a_str=ARRAY['S1',
                  'S2',
                  'S3'];
+-------+
| a_str |
+-------+
+-------+
(0 rows)

!ok

#-------------------------------------------------------------------------
# TESTCASE: test_subquery_with_where TEST_ID: A4_B3_C2
#-------------------------------------------------------------------------
SELECT a_str,
       count(*) cnt
FROM test_array
WHERE a_str=ARRAY['S1',
                  'S2',
                  'S3']
GROUP BY a_str;
+-------+-----+
| a_str | cnt |
+-------+-----+
+-------+-----+
(0 rows)

!ok

#-------------------------------------------------------------------------
# TESTCASE: test_subquery_with_where TEST_ID: A4_B3_C3
#-------------------------------------------------------------------------
SELECT a_str
FROM
  (SELECT *
   FROM test_array
   WHERE a_str=ARRAY['S1',
                     'S2',
                     'S3']);
+-------+
| a_str |
+-------+
+-------+
(0 rows)

!ok

#-------------------------------------------------------------------------
# TESTCASE: test_subquery_with_where TEST_ID: A4_B3_C4
#-------------------------------------------------------------------------
SELECT a_str,
       count(*) cnt
FROM
  (SELECT *
   FROM test_array
   WHERE a_str=ARRAY['S1',
                     'S2',
                     'S3'])
GROUP BY a_str;
+-------+-----+
| a_str | cnt |
+-------+-----+
+-------+-----+
(0 rows)

!ok

#-------------------------------------------------------------------------
# TESTCASE: test_subquery_with_where TEST_ID: A4_B3_C5
#-------------------------------------------------------------------------
SELECT a_str
FROM
  (SELECT *
   FROM test_array)
WHERE a_str=ARRAY['S1',
                  'S2',
                  'S3'];
+-------+
| a_str |
+-------+
+-------+
(0 rows)

!ok

#-------------------------------------------------------------------------
# TESTCASE: test_subquery_with_where TEST_ID: A4_B3_C6
#-------------------------------------------------------------------------
SELECT a_str,
       count(*) cnt
FROM
  (SELECT *
   FROM test_array)
WHERE a_str=ARRAY['S1',
                  'S2',
                  'S3']
GROUP BY a_str;
+-------+-----+
| a_str | cnt |
+-------+-----+
+-------+-----+
(0 rows)

!ok

#-------------------------------------------------------------------------
# TESTCASE: test_subquery_with_where TEST_ID: A4_B3_C7
#-------------------------------------------------------------------------
WITH t1 AS
  (SELECT *
   FROM test_array
   WHERE a_str=ARRAY['S1',
                     'S2',
                     'S3'])
SELECT a_str
FROM t1;
+-------+
| a_str |
+-------+
+-------+
(0 rows)

!ok

#-------------------------------------------------------------------------
# TESTCASE: test_subquery_with_where TEST_ID: A4_B3_C8
#-------------------------------------------------------------------------
WITH t1 AS
  (SELECT *
   FROM test_array
   WHERE a_str=ARRAY['S1',
                     'S2',
                     'S3'])
SELECT a_str,
       count(*) cnt
FROM t1
GROUP BY a_str;
+-------+-----+
| a_str | cnt |
+-------+-----+
+-------+-----+
(0 rows)

!ok

#-------------------------------------------------------------------------
# TESTCASE: test_subquery_with_where TEST_ID: A4_B3_C9
#-------------------------------------------------------------------------
WITH t1 AS
  (SELECT *
   FROM test_array)
SELECT a_str
FROM t1
WHERE a_str=ARRAY['S1',
                  'S2',
                  'S3'];
+-------+
| a_str |
+-------+
+-------+
(0 rows)

!ok

#-------------------------------------------------------------------------
# TESTCASE: test_subquery_with_where TEST_ID: A4_B3_C10
#-------------------------------------------------------------------------
WITH t1 AS
  (SELECT *
   FROM test_array)
SELECT a_str,
       count(*) cnt
FROM t1
WHERE a_str=ARRAY['S1',
                  'S2',
                  'S3']
GROUP BY a_str;
+-------+-----+
| a_str | cnt |
+-------+-----+
+-------+-----+
(0 rows)

!ok

#-------------------------------------------------------------------------
# TESTCASE: test_subquery_with_where TEST_ID: A4_B4_C1
#-------------------------------------------------------------------------
SELECT a_str
FROM test_array
WHERE a_str=json_value(a_nested, '$[3]' RETURNING varchar array);
+----------------+
| a_str          |
+----------------+
| [S1, S2, null] |
| [S1, S2, null] |
| [null, S2, S1] |
| [null, S2, S1] |
+----------------+
(4 rows)

!ok

#-------------------------------------------------------------------------
# TESTCASE: test_subquery_with_where TEST_ID: A4_B4_C2
#-------------------------------------------------------------------------
SELECT a_str,
       count(*) cnt
FROM test_array
WHERE a_str=json_value(a_nested, '$[3]' RETURNING varchar array)
GROUP BY a_str;
+----------------+-----+
| a_str          | cnt |
+----------------+-----+
| [S1, S2, null] |   2 |
| [null, S2, S1] |   2 |
+----------------+-----+
(2 rows)

!ok

#-------------------------------------------------------------------------
# TESTCASE: test_subquery_with_where TEST_ID: A4_B4_C3
#-------------------------------------------------------------------------
SELECT a_str
FROM
  (SELECT *
   FROM test_array
   WHERE a_str=json_value(a_nested, '$[3]' RETURNING varchar array));
+----------------+
| a_str          |
+----------------+
| [S1, S2, null] |
| [S1, S2, null] |
| [null, S2, S1] |
| [null, S2, S1] |
+----------------+
(4 rows)

!ok

#-------------------------------------------------------------------------
# TESTCASE: test_subquery_with_where TEST_ID: A4_B4_C4
#-------------------------------------------------------------------------
SELECT a_str,
       count(*) cnt
FROM
  (SELECT *
   FROM test_array
   WHERE a_str=json_value(a_nested, '$[3]' RETURNING varchar array))
GROUP BY a_str;
+----------------+-----+
| a_str          | cnt |
+----------------+-----+
| [S1, S2, null] |   2 |
| [null, S2, S1] |   2 |
+----------------+-----+
(2 rows)

!ok

#-------------------------------------------------------------------------
# TESTCASE: test_subquery_with_where TEST_ID: A4_B4_C5
#-------------------------------------------------------------------------
SELECT a_str
FROM
  (SELECT *
   FROM test_array)
WHERE a_str=json_value(a_nested, '$[3]' RETURNING varchar array);
+----------------+
| a_str          |
+----------------+
| [S1, S2, null] |
| [S1, S2, null] |
| [null, S2, S1] |
| [null, S2, S1] |
+----------------+
(4 rows)

!ok

#-------------------------------------------------------------------------
# TESTCASE: test_subquery_with_where TEST_ID: A4_B4_C6
#-------------------------------------------------------------------------
SELECT a_str,
       count(*) cnt
FROM
  (SELECT *
   FROM test_array)
WHERE a_str=json_value(a_nested, '$[3]' RETURNING varchar array)
GROUP BY a_str;
+----------------+-----+
| a_str          | cnt |
+----------------+-----+
| [S1, S2, null] |   2 |
| [null, S2, S1] |   2 |
+----------------+-----+
(2 rows)

!ok

#-------------------------------------------------------------------------
# TESTCASE: test_subquery_with_where TEST_ID: A4_B4_C7
#-------------------------------------------------------------------------
WITH t1 AS
  (SELECT *
   FROM test_array
   WHERE a_str=json_value(a_nested, '$[3]' RETURNING varchar array))
SELECT a_str
FROM t1;
+----------------+
| a_str          |
+----------------+
| [S1, S2, null] |
| [S1, S2, null] |
| [null, S2, S1] |
| [null, S2, S1] |
+----------------+
(4 rows)

!ok

#-------------------------------------------------------------------------
# TESTCASE: test_subquery_with_where TEST_ID: A4_B4_C8
#-------------------------------------------------------------------------
WITH t1 AS
  (SELECT *
   FROM test_array
   WHERE a_str=json_value(a_nested, '$[3]' RETURNING varchar array))
SELECT a_str,
       count(*) cnt
FROM t1
GROUP BY a_str;
+----------------+-----+
| a_str          | cnt |
+----------------+-----+
| [S1, S2, null] |   2 |
| [null, S2, S1] |   2 |
+----------------+-----+
(2 rows)

!ok

#-------------------------------------------------------------------------
# TESTCASE: test_subquery_with_where TEST_ID: A4_B4_C9
#-------------------------------------------------------------------------
WITH t1 AS
  (SELECT *
   FROM test_array)
SELECT a_str
FROM t1
WHERE a_str=json_value(a_nested, '$[3]' RETURNING varchar array);
+----------------+
| a_str          |
+----------------+
| [S1, S2, null] |
| [S1, S2, null] |
| [null, S2, S1] |
| [null, S2, S1] |
+----------------+
(4 rows)

!ok

