#started Wed Jul 10 19:21:24 IST 2024
!use druidtest:///?componentSupplier=KttmNestedComponentSupplier
!set outputformat mysql
# Wed Jul 10 19:23:06 IST 2024
SELECT
MAX(CAST(t."__time" AS TIMESTAMP)) AS "__VALUE__"
FROM "kttm_nested" AS t
GROUP BY ();
+-------------------------+
| __VALUE__               |
+-------------------------+
| 2019-08-25 23:59:34.290 |
+-------------------------+
(1 row)

!ok
# Wed Jul 10 19:26:00 IST 2024
SELECT
MAX(CAST(t."__time" AS TIMESTAMP)) AS "__VALUE__"
FROM "kttm_nested" AS t
GROUP BY ();
+-------------------------+
| __VALUE__               |
+-------------------------+
| 2019-08-25 23:59:34.290 |
+-------------------------+
(1 row)

!ok
# Wed Jul 10 19:26:00 IST 2024
SELECT
MAX(CAST(t."__time" AS TIMESTAMP)) AS "__VALUE__"
FROM "kttm_nested" AS t
GROUP BY ();
+-------------------------+
| __VALUE__               |
+-------------------------+
| 2019-08-25 23:59:34.290 |
+-------------------------+
(1 row)

!ok
# Wed Jul 10 19:26:01 IST 2024
SELECT
(COUNT(*)) AS "__VALUE__"
FROM "kttm_nested" AS t
WHERE (TIMESTAMP '2019-08-25 00:00:00'<=CAST(t."__time" AS TIMESTAMP) AND CAST(t."__time" AS TIMESTAMP)<TIMESTAMP '2019-08-26 00:00:00')
GROUP BY ();
+-----------+
| __VALUE__ |
+-----------+
|      4681 |
+-----------+
(1 row)

!ok
# Wed Jul 10 19:26:07 IST 2024
SELECT
CAST(t."adblock_list" AS VARCHAR) AS "adblock_list",
(COUNT(*)) AS "count"
FROM "kttm_nested" AS t
WHERE (TIMESTAMP '2019-08-25 00:00:00'<=CAST(t."__time" AS TIMESTAMP) AND CAST(t."__time" AS TIMESTAMP)<TIMESTAMP '2019-08-26 00:00:00')
GROUP BY 1
ORDER BY "count" DESC
LIMIT 1000;
+----------------------------+-------+
| adblock_list               | count |
+----------------------------+-------+
| NoAdblock                  |  4239 |
| EasyList                   |   439 |
| EasyList,AntiAdblockKiller |     3 |
+----------------------------+-------+
(3 rows)

!ok
# Wed Jul 10 19:26:07 IST 2024
SELECT
CAST(JSON_VALUE("t"."agent",'$.browser') AS VARCHAR) AS "Browser",
(COUNT(*)) AS "count"
FROM "kttm_nested" AS t
WHERE (TIMESTAMP '2019-08-25 00:00:00'<=CAST(t."__time" AS TIMESTAMP) AND CAST(t."__time" AS TIMESTAMP)<TIMESTAMP '2019-08-26 00:00:00')
GROUP BY 1
ORDER BY "count" DESC
LIMIT 1000;
+-----------------------+-------+
| Browser               | count |
+-----------------------+-------+
| Chrome                |  2395 |
| Mobile Safari         |  1129 |
| Chrome Mobile         |   597 |
| Safari                |   376 |
| Firefox               |    76 |
| Yandex.Browser        |    38 |
| Opera                 |    28 |
| Mozilla               |    11 |
| Silk                  |    11 |
| IE                    |     8 |
| Yandex.Browser mobile |     4 |
| Mobile Firefox        |     3 |
| Puffin                |     2 |
| Android browser       |     1 |
| Chromium              |     1 |
| PS4 Web browser       |     1 |
+-----------------------+-------+
(16 rows)

!ok
# Wed Jul 10 19:26:07 IST 2024
SELECT
CAST(t."adblock_list" AS VARCHAR) AS "adblock_list",
(COUNT(*)) AS "count"
FROM "kttm_nested" AS t
WHERE ((TIMESTAMP '2019-08-25 00:00:00'<=CAST(t."__time" AS TIMESTAMP) AND CAST(t."__time" AS TIMESTAMP)<TIMESTAMP '2019-08-26 00:00:00') AND CAST(t."adblock_list" AS VARCHAR) IN ('NoAdblock','EasyList','EasyList,AntiAdblockKiller','AntiAdblockKiller'))
GROUP BY 1;
+----------------------------+-------+
| adblock_list               | count |
+----------------------------+-------+
| EasyList                   |   439 |
| EasyList,AntiAdblockKiller |     3 |
| NoAdblock                  |  4239 |
+----------------------------+-------+
(3 rows)

!ok
# Wed Jul 10 19:26:07 IST 2024
SELECT
CAST(JSON_VALUE("t"."agent",'$.browser') AS VARCHAR) AS "Browser",
CAST(t."adblock_list" AS VARCHAR) AS "adblock_list",
(COUNT(*)) AS "count"
FROM "kttm_nested" AS t
WHERE (((TIMESTAMP '2019-08-25 00:00:00'<=CAST(t."__time" AS TIMESTAMP) AND CAST(t."__time" AS TIMESTAMP)<TIMESTAMP '2019-08-26 00:00:00') AND CAST(t."adblock_list" AS VARCHAR) IN ('NoAdblock','EasyList','EasyList,AntiAdblockKiller','AntiAdblockKiller')) AND CAST(JSON_VALUE("t"."agent",'$.browser') AS VARCHAR) IN ('Chrome','Mobile Safari','Chrome Mobile','Safari','Firefox','Yandex.Browser','Opera','IE','Mozilla','Silk','Yandex.Browser mobile','Mobile Firefox','Puffin'))
GROUP BY 1,2;
+-----------------------+----------------------------+-------+
| Browser               | adblock_list               | count |
+-----------------------+----------------------------+-------+
| Chrome                | EasyList                   |   387 |
| Chrome                | EasyList,AntiAdblockKiller |     1 |
| Chrome                | NoAdblock                  |  2007 |
| Chrome Mobile         | EasyList                   |     2 |
| Chrome Mobile         | NoAdblock                  |   595 |
| Firefox               | EasyList                   |    25 |
| Firefox               | EasyList,AntiAdblockKiller |     2 |
| Firefox               | NoAdblock                  |    49 |
| IE                    | NoAdblock                  |     8 |
| Mobile Firefox        | NoAdblock                  |     3 |
| Mobile Safari         | EasyList                   |     5 |
| Mobile Safari         | NoAdblock                  |  1124 |
| Mozilla               | NoAdblock                  |    11 |
| Opera                 | EasyList                   |    14 |
| Opera                 | NoAdblock                  |    14 |
| Puffin                | NoAdblock                  |     2 |
| Safari                | EasyList                   |     3 |
| Safari                | NoAdblock                  |   373 |
| Silk                  | NoAdblock                  |    11 |
| Yandex.Browser        | EasyList                   |     2 |
| Yandex.Browser        | NoAdblock                  |    36 |
| Yandex.Browser mobile | NoAdblock                  |     4 |
+-----------------------+----------------------------+-------+
(22 rows)

!ok
# Wed Jul 10 19:26:09 IST 2024
SELECT
CAST(t."adblock_list" AS VARCHAR) AS "adblock_list",
(COUNT(*)) AS "count"
FROM "kttm_nested" AS t
WHERE (((TIMESTAMP '2019-08-25 00:00:00'<=CAST(t."__time" AS TIMESTAMP) AND CAST(t."__time" AS TIMESTAMP)<TIMESTAMP '2019-08-26 00:00:00') AND CAST(t."adblock_list" AS VARCHAR) IN ('NoAdblock','EasyList','EasyList,AntiAdblockKiller','AntiAdblockKiller')) AND (CAST(JSON_VALUE("t"."agent",'$.browser') AS VARCHAR)='Chromium'))
GROUP BY 1;
+--------------+-------+
| adblock_list | count |
+--------------+-------+
| EasyList     |     1 |
+--------------+-------+
(1 row)

!ok
# Wed Jul 10 19:26:10 IST 2024
SELECT
CAST(t."adblock_list" AS VARCHAR) AS "adblock_list",
(COUNT(*)) AS "count"
FROM "kttm_nested" AS t
WHERE (((TIMESTAMP '2019-08-25 00:00:00'<=CAST(t."__time" AS TIMESTAMP) AND CAST(t."__time" AS TIMESTAMP)<TIMESTAMP '2019-08-26 00:00:00') AND CAST(t."adblock_list" AS VARCHAR) IN ('NoAdblock','EasyList','EasyList,AntiAdblockKiller','AntiAdblockKiller')) AND (CAST(JSON_VALUE("t"."agent",'$.browser') AS VARCHAR)='Waterfox'))
GROUP BY 1;
+--------------+-------+
| adblock_list | count |
+--------------+-------+
+--------------+-------+
(0 rows)

!ok
# Wed Jul 10 19:26:10 IST 2024
SELECT
CAST(t."adblock_list" AS VARCHAR) AS "adblock_list",
(COUNT(*)) AS "count"
FROM "kttm_nested" AS t
WHERE (((TIMESTAMP '2019-08-25 00:00:00'<=CAST(t."__time" AS TIMESTAMP) AND CAST(t."__time" AS TIMESTAMP)<TIMESTAMP '2019-08-26 00:00:00') AND CAST(t."adblock_list" AS VARCHAR) IN ('NoAdblock','EasyList','EasyList,AntiAdblockKiller','AntiAdblockKiller')) AND (CAST(JSON_VALUE("t"."agent",'$.browser') AS VARCHAR)='Opera Mobile'))
GROUP BY 1;
+--------------+-------+
| adblock_list | count |
+--------------+-------+
+--------------+-------+
(0 rows)

!ok
# Wed Jul 10 19:26:10 IST 2024
SELECT
CAST(t."adblock_list" AS VARCHAR) AS "adblock_list",
(COUNT(*)) AS "count"
FROM "kttm_nested" AS t
WHERE (((TIMESTAMP '2019-08-25 00:00:00'<=CAST(t."__time" AS TIMESTAMP) AND CAST(t."__time" AS TIMESTAMP)<TIMESTAMP '2019-08-26 00:00:00') AND CAST(t."adblock_list" AS VARCHAR) IN ('NoAdblock','EasyList','EasyList,AntiAdblockKiller','AntiAdblockKiller')) AND (CAST(JSON_VALUE("t"."agent",'$.browser') AS VARCHAR)='PS4 Web browser'))
GROUP BY 1;
+--------------+-------+
| adblock_list | count |
+--------------+-------+
| NoAdblock    |     1 |
+--------------+-------+
(1 row)

!ok
# Wed Jul 10 19:26:10 IST 2024
SELECT
CAST(t."adblock_list" AS VARCHAR) AS "adblock_list",
(COUNT(*)) AS "count"
FROM "kttm_nested" AS t
WHERE (((TIMESTAMP '2019-08-25 00:00:00'<=CAST(t."__time" AS TIMESTAMP) AND CAST(t."__time" AS TIMESTAMP)<TIMESTAMP '2019-08-26 00:00:00') AND CAST(t."adblock_list" AS VARCHAR) IN ('NoAdblock','EasyList','EasyList,AntiAdblockKiller','AntiAdblockKiller')) AND (CAST(JSON_VALUE("t"."agent",'$.browser') AS VARCHAR)='Android browser'))
GROUP BY 1;
+--------------+-------+
| adblock_list | count |
+--------------+-------+
| NoAdblock    |     1 |
+--------------+-------+
(1 row)

!ok
# Wed Jul 10 19:26:14 IST 2024
SELECT
(COUNT(*) FILTER (WHERE (TIMESTAMP '2019-08-25 00:00:00'<=CAST(t."__time" AS TIMESTAMP) AND CAST(t."__time" AS TIMESTAMP)<TIMESTAMP '2019-08-25 01:00:00'))) AS "v0",
(COUNT(*) FILTER (WHERE (TIMESTAMP '2019-08-25 01:00:00'<=CAST(t."__time" AS TIMESTAMP) AND CAST(t."__time" AS TIMESTAMP)<TIMESTAMP '2019-08-25 02:00:00'))) AS "v1"
FROM "kttm_nested" AS t
WHERE (TIMESTAMP '2019-08-25 00:00:00'<=CAST(t."__time" AS TIMESTAMP) AND CAST(t."__time" AS TIMESTAMP)<TIMESTAMP '2019-08-25 02:00:00')
GROUP BY ();
+-----+-----+
| v0  | v1  |
+-----+-----+
| 127 | 135 |
+-----+-----+
(1 row)

!ok
# Wed Jul 10 19:26:14 IST 2024
SELECT
TIME_FLOOR(CAST(t."__time" AS TIMESTAMP), 'PT1H', NULL, 'Etc/UTC') AS "__time",
(COUNT(*)) AS "count"
FROM "kttm_nested" AS t
WHERE (TIMESTAMP '2019-08-25 02:00:00'<=CAST(t."__time" AS TIMESTAMP) AND CAST(t."__time" AS TIMESTAMP)<TIMESTAMP '2019-08-26 00:00:00')
GROUP BY 1;
+-------------------------+-------+
| __time                  | count |
+-------------------------+-------+
| 2019-08-25 02:00:00.000 |   171 |
| 2019-08-25 03:00:00.000 |   133 |
| 2019-08-25 04:00:00.000 |   118 |
| 2019-08-25 05:00:00.000 |    80 |
| 2019-08-25 06:00:00.000 |    68 |
| 2019-08-25 07:00:00.000 |    43 |
| 2019-08-25 08:00:00.000 |    66 |
| 2019-08-25 09:00:00.000 |    53 |
| 2019-08-25 10:00:00.000 |    70 |
| 2019-08-25 11:00:00.000 |    74 |
| 2019-08-25 12:00:00.000 |    77 |
| 2019-08-25 13:00:00.000 |   127 |
| 2019-08-25 14:00:00.000 |   193 |
| 2019-08-25 15:00:00.000 |   124 |
| 2019-08-25 16:00:00.000 |   360 |
| 2019-08-25 17:00:00.000 |   589 |
| 2019-08-25 18:00:00.000 |   472 |
| 2019-08-25 19:00:00.000 |   469 |
| 2019-08-25 20:00:00.000 |   422 |
| 2019-08-25 21:00:00.000 |   287 |
| 2019-08-25 22:00:00.000 |   226 |
| 2019-08-25 23:00:00.000 |   197 |
+-------------------------+-------+
(22 rows)

!ok
# Wed Jul 10 19:26:23 IST 2024
SELECT
TIME_FLOOR(CAST(t."__time" AS TIMESTAMP), 'PT1H', NULL, 'Etc/UTC') AS "__time",
(COUNT(*)) AS "count"
FROM "kttm_nested" AS t
WHERE (TIMESTAMP '2019-08-25 00:00:00'<=CAST(t."__time" AS TIMESTAMP) AND CAST(t."__time" AS TIMESTAMP)<TIMESTAMP '2019-08-25 19:00:00')
GROUP BY 1;
+-------------------------+-------+
| __time                  | count |
+-------------------------+-------+
| 2019-08-25 00:00:00.000 |   127 |
| 2019-08-25 01:00:00.000 |   135 |
| 2019-08-25 02:00:00.000 |   171 |
| 2019-08-25 03:00:00.000 |   133 |
| 2019-08-25 04:00:00.000 |   118 |
| 2019-08-25 05:00:00.000 |    80 |
| 2019-08-25 06:00:00.000 |    68 |
| 2019-08-25 07:00:00.000 |    43 |
| 2019-08-25 08:00:00.000 |    66 |
| 2019-08-25 09:00:00.000 |    53 |
| 2019-08-25 10:00:00.000 |    70 |
| 2019-08-25 11:00:00.000 |    74 |
| 2019-08-25 12:00:00.000 |    77 |
| 2019-08-25 13:00:00.000 |   127 |
| 2019-08-25 14:00:00.000 |   193 |
| 2019-08-25 15:00:00.000 |   124 |
| 2019-08-25 16:00:00.000 |   360 |
| 2019-08-25 17:00:00.000 |   589 |
| 2019-08-25 18:00:00.000 |   472 |
+-------------------------+-------+
(19 rows)

!ok
# Wed Jul 10 19:26:30 IST 2024
SELECT
TIME_FLOOR(CAST(t."__time" AS TIMESTAMP), 'PT1H', NULL, 'Etc/UTC') AS "__time",
CAST(t."adblock_list" AS VARCHAR) AS "adblock_list",
(COUNT(*)) AS "count"
FROM "kttm_nested" AS t
WHERE ((TIMESTAMP '2019-08-25 00:00:00'<=CAST(t."__time" AS TIMESTAMP) AND CAST(t."__time" AS TIMESTAMP)<TIMESTAMP '2019-08-25 17:00:00') AND CAST(t."adblock_list" AS VARCHAR) IN ('NoAdblock','EasyList','EasyList,AntiAdblockKiller','AntiAdblockKiller'))
GROUP BY 1,2;
+-------------------------+----------------------------+-------+
| __time                  | adblock_list               | count |
+-------------------------+----------------------------+-------+
| 2019-08-25 00:00:00.000 | EasyList                   |    11 |
| 2019-08-25 00:00:00.000 | NoAdblock                  |   116 |
| 2019-08-25 01:00:00.000 | EasyList                   |    15 |
| 2019-08-25 01:00:00.000 | NoAdblock                  |   120 |
| 2019-08-25 02:00:00.000 | EasyList                   |    15 |
| 2019-08-25 02:00:00.000 | NoAdblock                  |   156 |
| 2019-08-25 03:00:00.000 | EasyList                   |    10 |
| 2019-08-25 03:00:00.000 | EasyList,AntiAdblockKiller |     1 |
| 2019-08-25 03:00:00.000 | NoAdblock                  |   122 |
| 2019-08-25 04:00:00.000 | EasyList                   |    15 |
| 2019-08-25 04:00:00.000 | NoAdblock                  |   103 |
| 2019-08-25 05:00:00.000 | EasyList                   |     7 |
| 2019-08-25 05:00:00.000 | NoAdblock                  |    73 |
| 2019-08-25 06:00:00.000 | EasyList                   |     8 |
| 2019-08-25 06:00:00.000 | NoAdblock                  |    60 |
| 2019-08-25 07:00:00.000 | EasyList                   |     2 |
| 2019-08-25 07:00:00.000 | NoAdblock                  |    41 |
| 2019-08-25 08:00:00.000 | EasyList                   |     8 |
| 2019-08-25 08:00:00.000 | NoAdblock                  |    58 |
| 2019-08-25 09:00:00.000 | EasyList                   |     9 |
| 2019-08-25 09:00:00.000 | NoAdblock                  |    44 |
| 2019-08-25 10:00:00.000 | EasyList                   |     6 |
| 2019-08-25 10:00:00.000 | NoAdblock                  |    64 |
| 2019-08-25 11:00:00.000 | EasyList                   |    12 |
| 2019-08-25 11:00:00.000 | NoAdblock                  |    62 |
| 2019-08-25 12:00:00.000 | EasyList                   |    14 |
| 2019-08-25 12:00:00.000 | NoAdblock                  |    63 |
| 2019-08-25 13:00:00.000 | EasyList                   |    14 |
| 2019-08-25 13:00:00.000 | NoAdblock                  |   113 |
| 2019-08-25 14:00:00.000 | EasyList                   |    17 |
| 2019-08-25 14:00:00.000 | NoAdblock                  |   176 |
| 2019-08-25 15:00:00.000 | EasyList                   |    18 |
| 2019-08-25 15:00:00.000 | NoAdblock                  |   106 |
| 2019-08-25 16:00:00.000 | EasyList                   |    23 |
| 2019-08-25 16:00:00.000 | EasyList,AntiAdblockKiller |     2 |
| 2019-08-25 16:00:00.000 | NoAdblock                  |   335 |
+-------------------------+----------------------------+-------+
(36 rows)

!ok
# Wed Jul 10 19:26:36 IST 2024
SELECT
CAST(t."adblock_list" AS VARCHAR) AS "adblock_list",
(COUNT(*)) AS "count"
FROM "kttm_nested" AS t
WHERE ((TIMESTAMP '2019-08-25 02:00:00'<=CAST(t."__time" AS TIMESTAMP) AND CAST(t."__time" AS TIMESTAMP)<TIMESTAMP '2019-08-25 03:00:00') AND (CAST(t."adblock_list" AS VARCHAR)='AntiAdblockKiller'))
GROUP BY 1
ORDER BY "count" DESC
LIMIT 1000;
+--------------+-------+
| adblock_list | count |
+--------------+-------+
+--------------+-------+
(0 rows)

!ok
# Wed Jul 10 19:26:36 IST 2024
SELECT
(COUNT(*)) AS "__VALUE__"
FROM "kttm_nested" AS t
WHERE ((TIMESTAMP '2019-08-25 02:00:00'<=CAST(t."__time" AS TIMESTAMP) AND CAST(t."__time" AS TIMESTAMP)<TIMESTAMP '2019-08-25 03:00:00') AND (CAST(t."adblock_list" AS VARCHAR)='AntiAdblockKiller'))
GROUP BY ();
+-----------+
| __VALUE__ |
+-----------+
|         0 |
+-----------+
(1 row)

!ok
# Wed Jul 10 19:26:36 IST 2024
SELECT
TIME_FLOOR(CAST(t."__time" AS TIMESTAMP), 'PT1M', NULL, 'Etc/UTC') AS "__time",
(COUNT(*)) AS "count"
FROM "kttm_nested" AS t
WHERE ((TIMESTAMP '2019-08-25 02:00:00'<=CAST(t."__time" AS TIMESTAMP) AND CAST(t."__time" AS TIMESTAMP)<TIMESTAMP '2019-08-25 02:17:00') AND (CAST(t."adblock_list" AS VARCHAR)='AntiAdblockKiller'))
GROUP BY 1;
+--------+-------+
| __time | count |
+--------+-------+
+--------+-------+
(0 rows)

!ok
# Wed Jul 10 19:26:38 IST 2024
SELECT
CAST(t."adblock_list" AS VARCHAR) AS "adblock_list",
(COUNT(*)) AS "count"
FROM "kttm_nested" AS t
WHERE (TIMESTAMP '2019-08-25 02:00:00'<=CAST(t."__time" AS TIMESTAMP) AND CAST(t."__time" AS TIMESTAMP)<TIMESTAMP '2019-08-25 03:00:00')
GROUP BY 1
ORDER BY "count" DESC
LIMIT 1000;
+--------------+-------+
| adblock_list | count |
+--------------+-------+
| NoAdblock    |   156 |
| EasyList     |    15 |
+--------------+-------+
(2 rows)

!ok
# Wed Jul 10 19:26:38 IST 2024
SELECT
(COUNT(*)) AS "__VALUE__"
FROM "kttm_nested" AS t
WHERE (TIMESTAMP '2019-08-25 02:00:00'<=CAST(t."__time" AS TIMESTAMP) AND CAST(t."__time" AS TIMESTAMP)<TIMESTAMP '2019-08-25 03:00:00')
GROUP BY ();
+-----------+
| __VALUE__ |
+-----------+
|       171 |
+-----------+
(1 row)

!ok
# Wed Jul 10 19:26:38 IST 2024
SELECT
TIME_FLOOR(CAST(t."__time" AS TIMESTAMP), 'PT1M', NULL, 'Etc/UTC') AS "__time",
(COUNT(*)) AS "count"
FROM "kttm_nested" AS t
WHERE (TIMESTAMP '2019-08-25 02:00:00'<=CAST(t."__time" AS TIMESTAMP) AND CAST(t."__time" AS TIMESTAMP)<TIMESTAMP '2019-08-25 02:17:00')
GROUP BY 1;
+-------------------------+-------+
| __time                  | count |
+-------------------------+-------+
| 2019-08-25 02:00:00.000 |     4 |
| 2019-08-25 02:02:00.000 |     1 |
| 2019-08-25 02:03:00.000 |     1 |
| 2019-08-25 02:04:00.000 |     1 |
| 2019-08-25 02:05:00.000 |     1 |
| 2019-08-25 02:06:00.000 |     2 |
| 2019-08-25 02:07:00.000 |     1 |
| 2019-08-25 02:08:00.000 |     6 |
| 2019-08-25 02:09:00.000 |     1 |
| 2019-08-25 02:11:00.000 |     3 |
| 2019-08-25 02:12:00.000 |     6 |
| 2019-08-25 02:13:00.000 |     4 |
| 2019-08-25 02:14:00.000 |     4 |
| 2019-08-25 02:15:00.000 |     1 |
| 2019-08-25 02:16:00.000 |     1 |
+-------------------------+-------+
(15 rows)

!ok
# Wed Jul 10 19:26:38 IST 2024
SELECT
TIME_FLOOR(CAST(t."__time" AS TIMESTAMP), 'PT1M', NULL, 'Etc/UTC') AS "__time",
CAST(t."adblock_list" AS VARCHAR) AS "adblock_list",
(COUNT(*)) AS "count"
FROM "kttm_nested" AS t
WHERE ((TIMESTAMP '2019-08-25 02:00:00'<=CAST(t."__time" AS TIMESTAMP) AND CAST(t."__time" AS TIMESTAMP)<TIMESTAMP '2019-08-25 02:17:00') AND CAST(t."adblock_list" AS VARCHAR) IN ('NoAdblock','EasyList','EasyList,AntiAdblockKiller'))
GROUP BY 1,2;
+-------------------------+--------------+-------+
| __time                  | adblock_list | count |
+-------------------------+--------------+-------+
| 2019-08-25 02:00:00.000 | NoAdblock    |     4 |
| 2019-08-25 02:02:00.000 | NoAdblock    |     1 |
| 2019-08-25 02:03:00.000 | NoAdblock    |     1 |
| 2019-08-25 02:04:00.000 | NoAdblock    |     1 |
| 2019-08-25 02:05:00.000 | NoAdblock    |     1 |
| 2019-08-25 02:06:00.000 | NoAdblock    |     2 |
| 2019-08-25 02:07:00.000 | NoAdblock    |     1 |
| 2019-08-25 02:08:00.000 | EasyList     |     1 |
| 2019-08-25 02:08:00.000 | NoAdblock    |     5 |
| 2019-08-25 02:09:00.000 | NoAdblock    |     1 |
| 2019-08-25 02:11:00.000 | NoAdblock    |     3 |
| 2019-08-25 02:12:00.000 | EasyList     |     2 |
| 2019-08-25 02:12:00.000 | NoAdblock    |     4 |
| 2019-08-25 02:13:00.000 | NoAdblock    |     4 |
| 2019-08-25 02:14:00.000 | NoAdblock    |     4 |
| 2019-08-25 02:15:00.000 | EasyList     |     1 |
| 2019-08-25 02:16:00.000 | EasyList     |     1 |
+-------------------------+--------------+-------+
(17 rows)

!ok
