#The queries in this file were generated; see README.generated
#started Wed Jul 10 16:23:38 IST 2024
!use druidtest:///?componentSupplier=KttmNestedComponentSupplier
!set outputformat mysql
# Wed Jul 10 16:24:06 IST 2024
SELECT
MAX(CAST(t."__time" AS TIMESTAMP)) AS "__VALUE__"
FROM "kttm_nested" AS t
GROUP BY ();
+-------------------------+
| __VALUE__               |
+-------------------------+
| 2019-08-25 23:59:59.686 |
+-------------------------+
(1 row)

!ok
# Wed Jul 10 16:24:06 IST 2024
SELECT
MAX(CAST(t."__time" AS TIMESTAMP)) AS "__VALUE__"
FROM "kttm_nested" AS t
GROUP BY ();
+-------------------------+
| __VALUE__               |
+-------------------------+
| 2019-08-25 23:59:59.686 |
+-------------------------+
(1 row)

!ok
# Wed Jul 10 16:24:06 IST 2024
SELECT
(COUNT(*)) AS "__VALUE__"
FROM "kttm_nested" AS t
WHERE (TIMESTAMP '2024-07-09 10:55:00'<=CAST(t."__time" AS TIMESTAMP) AND CAST(t."__time" AS TIMESTAMP)<TIMESTAMP '2024-07-10 10:55:00')
GROUP BY ();
+-----------+
| __VALUE__ |
+-----------+
|         0 |
+-----------+
(1 row)

!ok
# Wed Jul 10 16:24:06 IST 2024
SELECT
(COUNT(*)) AS "__VALUE__"
FROM "kttm_nested" AS t
WHERE (TIMESTAMP '2019-08-25 00:00:00'<=CAST(t."__time" AS TIMESTAMP) AND CAST(t."__time" AS TIMESTAMP)<TIMESTAMP '2019-08-26 00:00:00')
GROUP BY ();
+-----------+
| __VALUE__ |
+-----------+
|    465346 |
+-----------+
(1 row)

!ok
# Wed Jul 10 16:24:21 IST 2024
SELECT
CAST(JSON_VALUE("t"."agent",'$.browser') AS VARCHAR) AS "Browser",
(COUNT(*)) AS "count"
FROM "kttm_nested" AS t
WHERE (TIMESTAMP '2019-08-25 00:00:00'<=CAST(t."__time" AS TIMESTAMP) AND CAST(t."__time" AS TIMESTAMP)<TIMESTAMP '2019-08-26 00:00:00')
GROUP BY 1
ORDER BY "count" DESC
LIMIT 1000;
+-----------------------+--------+
| Browser               | count  |
+-----------------------+--------+
| Chrome                | 232603 |
| Mobile Safari         | 113617 |
| Chrome Mobile         |  60173 |
| Safari                |  38323 |
| Firefox               |   8307 |
| Yandex.Browser        |   4258 |
| Opera                 |   2819 |
| IE                    |   1238 |
| Mozilla               |   1224 |
| Silk                  |   1050 |
| Yandex.Browser mobile |    583 |
| Mobile Firefox        |    253 |
| Puffin                |    240 |
| Chromium              |    149 |
| Waterfox              |    129 |
| Opera Mobile          |     78 |
| PS4 Web browser       |     77 |
| Android browser       |     52 |
| Sogou Explorer        |     51 |
| IE Mobile             |     35 |
| Maxthon               |     34 |
| PS Vita browser       |     19 |
| unknown               |     17 |
|                       |     10 |
| Apple Mail            |      7 |
+-----------------------+--------+
(25 rows)

!ok
# Wed Jul 10 16:24:21 IST 2024
SELECT
(COUNT(*)) AS "__VALUE__"
FROM "kttm_nested" AS t
WHERE ((TIMESTAMP '2019-08-25 00:00:00'<=CAST(t."__time" AS TIMESTAMP) AND CAST(t."__time" AS TIMESTAMP)<TIMESTAMP '2019-08-26 00:00:00') AND (CAST(JSON_VALUE("t"."agent",'$.browser') AS VARCHAR)='Chrome'))
GROUP BY ();
+-----------+
| __VALUE__ |
+-----------+
|    232603 |
+-----------+
(1 row)

!ok
# Wed Jul 10 16:24:21 IST 2024
SELECT
CAST(JSON_VALUE("t"."agent",'$.browser') AS VARCHAR) AS "Browser",
(COUNT(*)) AS "count"
FROM "kttm_nested" AS t
WHERE ((TIMESTAMP '2019-08-25 00:00:00'<=CAST(t."__time" AS TIMESTAMP) AND CAST(t."__time" AS TIMESTAMP)<TIMESTAMP '2019-08-26 00:00:00') AND CAST(JSON_VALUE("t"."agent",'$.browser') AS VARCHAR) IN ('Mobile Safari','Chrome Mobile','Safari','Firefox','Yandex.Browser','Opera','IE','Mozilla','Silk','Yandex.Browser mobile','Mobile Firefox','Puffin','Chromium','Waterfox','Opera Mobile','PS4 Web browser','Android browser','Sogou Explorer','IE Mobile','Maxthon','PS Vita browser','unknown','','Apple Mail'))
GROUP BY 1;
+-----------------------+--------+
| Browser               | count  |
+-----------------------+--------+
|                       |     10 |
| Android browser       |     52 |
| Apple Mail            |      7 |
| Chrome Mobile         |  60173 |
| Chromium              |    149 |
| Firefox               |   8307 |
| IE                    |   1238 |
| IE Mobile             |     35 |
| Maxthon               |     34 |
| Mobile Firefox        |    253 |
| Mobile Safari         | 113617 |
| Mozilla               |   1224 |
| Opera                 |   2819 |
| Opera Mobile          |     78 |
| PS Vita browser       |     19 |
| PS4 Web browser       |     77 |
| Puffin                |    240 |
| Safari                |  38323 |
| Silk                  |   1050 |
| Sogou Explorer        |     51 |
| Waterfox              |    129 |
| Yandex.Browser        |   4258 |
| Yandex.Browser mobile |    583 |
| unknown               |     17 |
+-----------------------+--------+
(24 rows)

!ok
# Wed Jul 10 16:24:25 IST 2024
SELECT
CAST(t."app_version" AS VARCHAR) AS "app_version",
(COUNT(*)) AS "count"
FROM "kttm_nested" AS t
WHERE (TIMESTAMP '2019-08-25 00:00:00'<=CAST(t."__time" AS TIMESTAMP) AND CAST(t."__time" AS TIMESTAMP)<TIMESTAMP '2019-08-26 00:00:00')
GROUP BY 1
ORDER BY "count" DESC
LIMIT 10;
+-------------+--------+
| app_version | count  |
+-------------+--------+
| 1.9.6       | 465346 |
+-------------+--------+
(1 row)

!ok
# Wed Jul 10 16:24:25 IST 2024
SELECT
CAST(JSON_VALUE("t"."agent",'$.browser') AS VARCHAR) AS "Browser",
(COUNT(*)) AS "count"
FROM "kttm_nested" AS t
WHERE (((TIMESTAMP '2019-08-25 00:00:00'<=CAST(t."__time" AS TIMESTAMP) AND CAST(t."__time" AS TIMESTAMP)<TIMESTAMP '2019-08-26 00:00:00') AND CAST(JSON_VALUE("t"."agent",'$.browser') AS VARCHAR) IN ('Chrome','Mobile Safari','Chrome Mobile','Safari','Firefox','Yandex.Browser','Opera','IE','Mozilla','Silk','Yandex.Browser mobile','Mobile Firefox','Puffin','Chromium','Waterfox','Opera Mobile','PS4 Web browser','Android browser','Sogou Explorer','IE Mobile','Maxthon','PS Vita browser','unknown','','Apple Mail')) AND (CAST(t."app_version" AS VARCHAR)='1.9.6'))
GROUP BY 1;
+-----------------------+--------+
| Browser               | count  |
+-----------------------+--------+
|                       |     10 |
| Android browser       |     52 |
| Apple Mail            |      7 |
| Chrome                | 232603 |
| Chrome Mobile         |  60173 |
| Chromium              |    149 |
| Firefox               |   8307 |
| IE                    |   1238 |
| IE Mobile             |     35 |
| Maxthon               |     34 |
| Mobile Firefox        |    253 |
| Mobile Safari         | 113617 |
| Mozilla               |   1224 |
| Opera                 |   2819 |
| Opera Mobile          |     78 |
| PS Vita browser       |     19 |
| PS4 Web browser       |     77 |
| Puffin                |    240 |
| Safari                |  38323 |
| Silk                  |   1050 |
| Sogou Explorer        |     51 |
| Waterfox              |    129 |
| Yandex.Browser        |   4258 |
| Yandex.Browser mobile |    583 |
| unknown               |     17 |
+-----------------------+--------+
(25 rows)

!ok
# Wed Jul 10 16:24:30 IST 2024
SELECT
CAST(t."adblock_list" AS VARCHAR) AS "adblock_list",
(COUNT(*)) AS "count"
FROM "kttm_nested" AS t
WHERE (TIMESTAMP '2019-08-25 00:00:00'<=CAST(t."__time" AS TIMESTAMP) AND CAST(t."__time" AS TIMESTAMP)<TIMESTAMP '2019-08-26 00:00:00')
GROUP BY 1
ORDER BY "count" DESC
LIMIT 1000;
+----------------------------+--------+
| adblock_list               | count  |
+----------------------------+--------+
| NoAdblock                  | 424282 |
| EasyList                   |  40579 |
| EasyList,AntiAdblockKiller |    401 |
| AntiAdblockKiller          |     84 |
+----------------------------+--------+
(4 rows)

!ok
# Wed Jul 10 16:24:30 IST 2024
SELECT
CAST(JSON_VALUE("t"."agent",'$.browser') AS VARCHAR) AS "Browser",
(COUNT(*)) AS "count"
FROM "kttm_nested" AS t
WHERE (((TIMESTAMP '2019-08-25 00:00:00'<=CAST(t."__time" AS TIMESTAMP) AND CAST(t."__time" AS TIMESTAMP)<TIMESTAMP '2019-08-26 00:00:00') AND CAST(JSON_VALUE("t"."agent",'$.browser') AS VARCHAR) IN ('Chrome','Mobile Safari','Chrome Mobile','Safari','Firefox','Yandex.Browser','Opera','IE','Mozilla','Silk','Yandex.Browser mobile','Mobile Firefox','Puffin','Chromium','Waterfox','Opera Mobile','PS4 Web browser','Android browser','Sogou Explorer','IE Mobile','Maxthon','PS Vita browser','unknown','','Apple Mail')) AND (CAST(t."adblock_list" AS VARCHAR)='NoAdblock'))
GROUP BY 1;
+-----------------------+--------+
| Browser               | count  |
+-----------------------+--------+
| Android browser       |     52 |
| Apple Mail            |      6 |
| Chrome                | 197577 |
| Chrome Mobile         |  60013 |
| Chromium              |     36 |
| Firefox               |   5254 |
| IE                    |   1210 |
| IE Mobile             |     35 |
| Maxthon               |     16 |
| Mobile Firefox        |    249 |
| Mobile Safari         | 113431 |
| Mozilla               |   1209 |
| Opera                 |   1238 |
| Opera Mobile          |     78 |
| PS Vita browser       |     19 |
| PS4 Web browser       |     77 |
| Puffin                |    240 |
| Safari                |  37975 |
| Silk                  |   1050 |
| Sogou Explorer        |     49 |
| Waterfox              |    112 |
| Yandex.Browser        |   3756 |
| Yandex.Browser mobile |    583 |
| unknown               |     17 |
+-----------------------+--------+
(24 rows)

!ok
# Wed Jul 10 16:24:30 IST 2024
SELECT
CAST(JSON_VALUE("t"."agent",'$.browser') AS VARCHAR) AS "Browser",
CAST(t."adblock_list" AS VARCHAR) AS "adblock_list",
(COUNT(*)) AS "count"
FROM "kttm_nested" AS t
WHERE ((((TIMESTAMP '2019-08-25 00:00:00'<=CAST(t."__time" AS TIMESTAMP) AND CAST(t."__time" AS TIMESTAMP)<TIMESTAMP '2019-08-26 00:00:00') AND CAST(JSON_VALUE("t"."agent",'$.browser') AS VARCHAR) IN ('Chrome','Mobile Safari','Chrome Mobile','Safari','Firefox','Yandex.Browser','Opera','IE','Mozilla','Silk','Yandex.Browser mobile','Mobile Firefox','Puffin','Chromium','Waterfox','Opera Mobile','PS4 Web browser','Android browser','Sogou Explorer','IE Mobile','Maxthon','PS Vita browser','unknown','','Apple Mail')) AND (CAST(t."app_version" AS VARCHAR)='1.9.6')) AND CAST(t."adblock_list" AS VARCHAR) IN ('NoAdblock','EasyList','EasyList,AntiAdblockKiller'))
GROUP BY 1,2;
+-----------------------+----------------------------+--------+
| Browser               | adblock_list               | count  |
+-----------------------+----------------------------+--------+
|                       | EasyList                   |     10 |
| Android browser       | NoAdblock                  |     52 |
| Apple Mail            | EasyList                   |      1 |
| Apple Mail            | NoAdblock                  |      6 |
| Chrome                | EasyList                   |  34745 |
| Chrome                | EasyList,AntiAdblockKiller |    258 |
| Chrome                | NoAdblock                  | 197577 |
| Chrome Mobile         | EasyList                   |    146 |
| Chrome Mobile         | EasyList,AntiAdblockKiller |     11 |
| Chrome Mobile         | NoAdblock                  |  60013 |
| Chromium              | EasyList                   |     78 |
| Chromium              | EasyList,AntiAdblockKiller |     35 |
| Chromium              | NoAdblock                  |     36 |
| Firefox               | EasyList                   |   3014 |
| Firefox               | EasyList,AntiAdblockKiller |     39 |
| Firefox               | NoAdblock                  |   5254 |
| IE                    | NoAdblock                  |   1210 |
| IE Mobile             | NoAdblock                  |     35 |
| Maxthon               | EasyList                   |     18 |
| Maxthon               | NoAdblock                  |     16 |
| Mobile Firefox        | EasyList                   |      4 |
| Mobile Firefox        | NoAdblock                  |    249 |
| Mobile Safari         | EasyList                   |    131 |
| Mobile Safari         | EasyList,AntiAdblockKiller |     40 |
| Mobile Safari         | NoAdblock                  | 113431 |
| Mozilla               | NoAdblock                  |   1209 |
| Opera                 | EasyList                   |   1581 |
| Opera                 | NoAdblock                  |   1238 |
| Opera Mobile          | NoAdblock                  |     78 |
| PS Vita browser       | NoAdblock                  |     19 |
| PS4 Web browser       | NoAdblock                  |     77 |
| Puffin                | NoAdblock                  |    240 |
| Safari                | EasyList                   |    348 |
| Safari                | NoAdblock                  |  37975 |
| Silk                  | NoAdblock                  |   1050 |
| Sogou Explorer        | EasyList                   |      1 |
| Sogou Explorer        | EasyList,AntiAdblockKiller |      1 |
| Sogou Explorer        | NoAdblock                  |     49 |
| Waterfox              | EasyList,AntiAdblockKiller |     17 |
| Waterfox              | NoAdblock                  |    112 |
| Yandex.Browser        | EasyList                   |    502 |
| Yandex.Browser        | NoAdblock                  |   3756 |
| Yandex.Browser mobile | NoAdblock                  |    583 |
| unknown               | NoAdblock                  |     17 |
+-----------------------+----------------------------+--------+
(44 rows)

!ok
# Wed Jul 10 16:24:31 IST 2024
SELECT
CAST(JSON_VALUE("t"."agent",'$.browser') AS VARCHAR) AS "Browser",
CAST(t."adblock_list" AS VARCHAR) AS "adblock_list",
(COUNT(*)) AS "count"
FROM "kttm_nested" AS t
WHERE (((TIMESTAMP '2019-08-25 00:00:00'<=CAST(t."__time" AS TIMESTAMP) AND CAST(t."__time" AS TIMESTAMP)<TIMESTAMP '2019-08-26 00:00:00') AND CAST(JSON_VALUE("t"."agent",'$.browser') AS VARCHAR) IN ('Chrome','Mobile Safari','Chrome Mobile','Safari','Firefox','Yandex.Browser','Opera','IE','Mozilla','Silk','Yandex.Browser mobile','Mobile Firefox','Puffin','Chromium','Waterfox','Opera Mobile','PS4 Web browser','Android browser','Sogou Explorer','IE Mobile','Maxthon','PS Vita browser','unknown','','Apple Mail')) AND CAST(t."adblock_list" AS VARCHAR) IN ('EasyList','EasyList,AntiAdblockKiller'))
GROUP BY 1,2;
+----------------+----------------------------+-------+
| Browser        | adblock_list               | count |
+----------------+----------------------------+-------+
|                | EasyList                   |    10 |
| Apple Mail     | EasyList                   |     1 |
| Chrome         | EasyList                   | 34745 |
| Chrome         | EasyList,AntiAdblockKiller |   258 |
| Chrome Mobile  | EasyList                   |   146 |
| Chrome Mobile  | EasyList,AntiAdblockKiller |    11 |
| Chromium       | EasyList                   |    78 |
| Chromium       | EasyList,AntiAdblockKiller |    35 |
| Firefox        | EasyList                   |  3014 |
| Firefox        | EasyList,AntiAdblockKiller |    39 |
| Maxthon        | EasyList                   |    18 |
| Mobile Firefox | EasyList                   |     4 |
| Mobile Safari  | EasyList                   |   131 |
| Mobile Safari  | EasyList,AntiAdblockKiller |    40 |
| Opera          | EasyList                   |  1581 |
| Safari         | EasyList                   |   348 |
| Sogou Explorer | EasyList                   |     1 |
| Sogou Explorer | EasyList,AntiAdblockKiller |     1 |
| Waterfox       | EasyList,AntiAdblockKiller |    17 |
| Yandex.Browser | EasyList                   |   502 |
+----------------+----------------------------+-------+
(20 rows)

!ok
# Wed Jul 10 16:24:36 IST 2024
SELECT
CAST(JSON_VALUE("t"."agent",'$.browser') AS VARCHAR) AS "Browser",
CAST(t."adblock_list" AS VARCHAR) AS "adblock_list",
(COUNT(*)) AS "count"
FROM "kttm_nested" AS t
WHERE (((TIMESTAMP '2019-08-24 00:00:00'<=CAST(t."__time" AS TIMESTAMP) AND CAST(t."__time" AS TIMESTAMP)<TIMESTAMP '2019-08-25 00:00:00') AND CAST(JSON_VALUE("t"."agent",'$.browser') AS VARCHAR) IN ('Chrome','Mobile Safari','Chrome Mobile','Safari','Firefox','Yandex.Browser','Opera','IE','Mozilla','Silk','Yandex.Browser mobile','Mobile Firefox','Puffin','Chromium','Waterfox','Opera Mobile','PS4 Web browser','Android browser','Sogou Explorer','IE Mobile','Maxthon','PS Vita browser','unknown','','Apple Mail')) AND CAST(t."adblock_list" AS VARCHAR) IN ('NoAdblock','EasyList','EasyList,AntiAdblockKiller'))
GROUP BY 1,2;
+---------+--------------+-------+
| Browser | adblock_list | count |
+---------+--------------+-------+
+---------+--------------+-------+
(0 rows)

!ok
# Wed Jul 10 16:24:37 IST 2024
SELECT
CAST(JSON_VALUE("t"."agent",'$.browser') AS VARCHAR) AS "Browser",
CAST(t."adblock_list" AS VARCHAR) AS "adblock_list",
(COUNT(*)) AS "count"
FROM "kttm_nested" AS t
WHERE ((((TIMESTAMP '2019-08-24 00:00:00'<=CAST(t."__time" AS TIMESTAMP) AND CAST(t."__time" AS TIMESTAMP)<TIMESTAMP '2019-08-25 00:00:00') AND CAST(JSON_VALUE("t"."agent",'$.browser') AS VARCHAR) IN ('Chrome','Mobile Safari','Chrome Mobile','Safari','Firefox','Yandex.Browser','Opera','IE','Mozilla','Silk','Yandex.Browser mobile','Mobile Firefox','Puffin','Chromium','Waterfox','Opera Mobile','PS4 Web browser','Android browser','Sogou Explorer','IE Mobile','Maxthon','PS Vita browser','unknown','','Apple Mail')) AND (CAST(t."app_version" AS VARCHAR)='1.9.6')) AND CAST(t."adblock_list" AS VARCHAR) IN ('NoAdblock','EasyList','EasyList,AntiAdblockKiller'))
GROUP BY 1,2;
+---------+--------------+-------+
| Browser | adblock_list | count |
+---------+--------------+-------+
+---------+--------------+-------+
(0 rows)

!ok
