#started Wed Jul 10 19:21:24 IST 2024
!use druidtest:///?componentSupplier=KttmNestedComponentSupplier
!set outputformat mysql
# Wed Jul 10 19:23:06 IST 2024
SELECT
MAX(CAST(t."__time" AS TIMESTAMP)) AS "__VALUE__"
FROM "kttm_nested" AS t
GROUP BY ();
+-------------------------+
| __VALUE__               |
+-------------------------+
| 2019-08-25 23:59:58.044 |
+-------------------------+
(1 row)

!ok
# Wed Jul 10 19:26:00 IST 2024
SELECT
MAX(CAST(t."__time" AS TIMESTAMP)) AS "__VALUE__"
FROM "kttm_nested" AS t
GROUP BY ();
+-------------------------+
| __VALUE__               |
+-------------------------+
| 2019-08-25 23:59:58.044 |
+-------------------------+
(1 row)

!ok
# Wed Jul 10 19:26:00 IST 2024
SELECT
MAX(CAST(t."__time" AS TIMESTAMP)) AS "__VALUE__"
FROM "kttm_nested" AS t
GROUP BY ();
+-------------------------+
| __VALUE__               |
+-------------------------+
| 2019-08-25 23:59:58.044 |
+-------------------------+
(1 row)

!ok
# Wed Jul 10 19:26:01 IST 2024
SELECT
(COUNT(*)) AS "__VALUE__"
FROM "kttm_nested" AS t
WHERE (TIMESTAMP '2019-08-25 00:00:00'<=CAST(t."__time" AS TIMESTAMP) AND CAST(t."__time" AS TIMESTAMP)<TIMESTAMP '2019-08-26 00:00:00')
GROUP BY ();
+-----------+
| __VALUE__ |
+-----------+
|      4519 |
+-----------+
(1 row)

!ok
# Wed Jul 10 19:26:07 IST 2024
SELECT
CAST(t."adblock_list" AS VARCHAR) AS "adblock_list",
(COUNT(*)) AS "count"
FROM "kttm_nested" AS t
WHERE (TIMESTAMP '2019-08-25 00:00:00'<=CAST(t."__time" AS TIMESTAMP) AND CAST(t."__time" AS TIMESTAMP)<TIMESTAMP '2019-08-26 00:00:00')
GROUP BY 1
ORDER BY "count" DESC
LIMIT 1000;
+----------------------------+-------+
| adblock_list               | count |
+----------------------------+-------+
| NoAdblock                  |  4123 |
| EasyList                   |   394 |
| AntiAdblockKiller          |     1 |
| EasyList,AntiAdblockKiller |     1 |
+----------------------------+-------+
(4 rows)

!ok
# Wed Jul 10 19:26:07 IST 2024
SELECT
CAST(JSON_VALUE("t"."agent",'$.browser') AS VARCHAR) AS "Browser",
(COUNT(*)) AS "count"
FROM "kttm_nested" AS t
WHERE (TIMESTAMP '2019-08-25 00:00:00'<=CAST(t."__time" AS TIMESTAMP) AND CAST(t."__time" AS TIMESTAMP)<TIMESTAMP '2019-08-26 00:00:00')
GROUP BY 1
ORDER BY "count" DESC
LIMIT 1000;
+-----------------------+-------+
| Browser               | count |
+-----------------------+-------+
| Chrome                |  2313 |
| Mobile Safari         |  1052 |
| Chrome Mobile         |   589 |
| Safari                |   386 |
| Firefox               |    72 |
| Yandex.Browser        |    39 |
| Opera                 |    22 |
| Mozilla               |    15 |
| IE                    |    10 |
| Silk                  |     9 |
| Yandex.Browser mobile |     8 |
| PS4 Web browser       |     2 |
| Mobile Firefox        |     1 |
| Puffin                |     1 |
+-----------------------+-------+
(14 rows)

!ok
# Wed Jul 10 19:26:07 IST 2024
SELECT
CAST(t."adblock_list" AS VARCHAR) AS "adblock_list",
(COUNT(*)) AS "count"
FROM "kttm_nested" AS t
WHERE ((TIMESTAMP '2019-08-25 00:00:00'<=CAST(t."__time" AS TIMESTAMP) AND CAST(t."__time" AS TIMESTAMP)<TIMESTAMP '2019-08-26 00:00:00') AND CAST(t."adblock_list" AS VARCHAR) IN ('NoAdblock','EasyList','EasyList,AntiAdblockKiller','AntiAdblockKiller'))
GROUP BY 1;
+----------------------------+-------+
| adblock_list               | count |
+----------------------------+-------+
| AntiAdblockKiller          |     1 |
| EasyList                   |   394 |
| EasyList,AntiAdblockKiller |     1 |
| NoAdblock                  |  4123 |
+----------------------------+-------+
(4 rows)

!ok
# Wed Jul 10 19:26:07 IST 2024
SELECT
CAST(JSON_VALUE("t"."agent",'$.browser') AS VARCHAR) AS "Browser",
CAST(t."adblock_list" AS VARCHAR) AS "adblock_list",
(COUNT(*)) AS "count"
FROM "kttm_nested" AS t
WHERE (((TIMESTAMP '2019-08-25 00:00:00'<=CAST(t."__time" AS TIMESTAMP) AND CAST(t."__time" AS TIMESTAMP)<TIMESTAMP '2019-08-26 00:00:00') AND CAST(t."adblock_list" AS VARCHAR) IN ('NoAdblock','EasyList','EasyList,AntiAdblockKiller','AntiAdblockKiller')) AND CAST(JSON_VALUE("t"."agent",'$.browser') AS VARCHAR) IN ('Chrome','Mobile Safari','Chrome Mobile','Safari','Firefox','Yandex.Browser','Opera','IE','Mozilla','Silk','Yandex.Browser mobile','Mobile Firefox','Puffin'))
GROUP BY 1,2;
+-----------------------+----------------------------+-------+
| Browser               | adblock_list               | count |
+-----------------------+----------------------------+-------+
| Chrome                | EasyList,AntiAdblockKiller |     1 |
| Chrome Mobile         | EasyList                   |     2 |
| Chrome                | EasyList                   |   343 |
| Chrome                | NoAdblock                  |  1969 |
| Chrome Mobile         | NoAdblock                  |   587 |
| Firefox               | EasyList                   |    26 |
| Firefox               | NoAdblock                  |    46 |
| IE                    | NoAdblock                  |    10 |
| Mobile Firefox        | NoAdblock                  |     1 |
| Mobile Safari         | AntiAdblockKiller          |     1 |
| Mobile Safari         | EasyList                   |     2 |
| Mobile Safari         | NoAdblock                  |  1049 |
| Mozilla               | NoAdblock                  |    15 |
| Opera                 | EasyList                   |    16 |
| Opera                 | NoAdblock                  |     6 |
| Puffin                | NoAdblock                  |     1 |
| Safari                | EasyList                   |     1 |
| Safari                | NoAdblock                  |   385 |
| Silk                  | NoAdblock                  |     9 |
| Yandex.Browser        | EasyList                   |     4 |
| Yandex.Browser        | NoAdblock                  |    35 |
| Yandex.Browser mobile | NoAdblock                  |     8 |
+-----------------------+----------------------------+-------+
(22 rows)

!ok
# Wed Jul 10 19:26:09 IST 2024
SELECT
CAST(t."adblock_list" AS VARCHAR) AS "adblock_list",
(COUNT(*)) AS "count"
FROM "kttm_nested" AS t
WHERE (((TIMESTAMP '2019-08-25 00:00:00'<=CAST(t."__time" AS TIMESTAMP) AND CAST(t."__time" AS TIMESTAMP)<TIMESTAMP '2019-08-26 00:00:00') AND CAST(t."adblock_list" AS VARCHAR) IN ('NoAdblock','EasyList','EasyList,AntiAdblockKiller','AntiAdblockKiller')) AND (CAST(JSON_VALUE("t"."agent",'$.browser') AS VARCHAR)='Chromium'))
GROUP BY 1;
+--------------+-------+
| adblock_list | count |
+--------------+-------+
+--------------+-------+
(0 rows)

!ok
# Wed Jul 10 19:26:10 IST 2024
SELECT
CAST(t."adblock_list" AS VARCHAR) AS "adblock_list",
(COUNT(*)) AS "count"
FROM "kttm_nested" AS t
WHERE (((TIMESTAMP '2019-08-25 00:00:00'<=CAST(t."__time" AS TIMESTAMP) AND CAST(t."__time" AS TIMESTAMP)<TIMESTAMP '2019-08-26 00:00:00') AND CAST(t."adblock_list" AS VARCHAR) IN ('NoAdblock','EasyList','EasyList,AntiAdblockKiller','AntiAdblockKiller')) AND (CAST(JSON_VALUE("t"."agent",'$.browser') AS VARCHAR)='Waterfox'))
GROUP BY 1;
+--------------+-------+
| adblock_list | count |
+--------------+-------+
+--------------+-------+
(0 rows)

!ok
# Wed Jul 10 19:26:10 IST 2024
SELECT
CAST(t."adblock_list" AS VARCHAR) AS "adblock_list",
(COUNT(*)) AS "count"
FROM "kttm_nested" AS t
WHERE (((TIMESTAMP '2019-08-25 00:00:00'<=CAST(t."__time" AS TIMESTAMP) AND CAST(t."__time" AS TIMESTAMP)<TIMESTAMP '2019-08-26 00:00:00') AND CAST(t."adblock_list" AS VARCHAR) IN ('NoAdblock','EasyList','EasyList,AntiAdblockKiller','AntiAdblockKiller')) AND (CAST(JSON_VALUE("t"."agent",'$.browser') AS VARCHAR)='Opera Mobile'))
GROUP BY 1;
+--------------+-------+
| adblock_list | count |
+--------------+-------+
+--------------+-------+
(0 rows)

!ok
# Wed Jul 10 19:26:10 IST 2024
SELECT
CAST(t."adblock_list" AS VARCHAR) AS "adblock_list",
(COUNT(*)) AS "count"
FROM "kttm_nested" AS t
WHERE (((TIMESTAMP '2019-08-25 00:00:00'<=CAST(t."__time" AS TIMESTAMP) AND CAST(t."__time" AS TIMESTAMP)<TIMESTAMP '2019-08-26 00:00:00') AND CAST(t."adblock_list" AS VARCHAR) IN ('NoAdblock','EasyList','EasyList,AntiAdblockKiller','AntiAdblockKiller')) AND (CAST(JSON_VALUE("t"."agent",'$.browser') AS VARCHAR)='PS4 Web browser'))
GROUP BY 1;
+--------------+-------+
| adblock_list | count |
+--------------+-------+
| NoAdblock    |     2 |
+--------------+-------+
(1 row)

!ok
# Wed Jul 10 19:26:10 IST 2024
SELECT
CAST(t."adblock_list" AS VARCHAR) AS "adblock_list",
(COUNT(*)) AS "count"
FROM "kttm_nested" AS t
WHERE (((TIMESTAMP '2019-08-25 00:00:00'<=CAST(t."__time" AS TIMESTAMP) AND CAST(t."__time" AS TIMESTAMP)<TIMESTAMP '2019-08-26 00:00:00') AND CAST(t."adblock_list" AS VARCHAR) IN ('NoAdblock','EasyList','EasyList,AntiAdblockKiller','AntiAdblockKiller')) AND (CAST(JSON_VALUE("t"."agent",'$.browser') AS VARCHAR)='Android browser'))
GROUP BY 1;
+--------------+-------+
| adblock_list | count |
+--------------+-------+
+--------------+-------+
(0 rows)

!ok
# Wed Jul 10 19:26:14 IST 2024
SELECT
(COUNT(*) FILTER (WHERE (TIMESTAMP '2019-08-25 00:00:00'<=CAST(t."__time" AS TIMESTAMP) AND CAST(t."__time" AS TIMESTAMP)<TIMESTAMP '2019-08-25 01:00:00'))) AS "v0",
(COUNT(*) FILTER (WHERE (TIMESTAMP '2019-08-25 01:00:00'<=CAST(t."__time" AS TIMESTAMP) AND CAST(t."__time" AS TIMESTAMP)<TIMESTAMP '2019-08-25 02:00:00'))) AS "v1"
FROM "kttm_nested" AS t
WHERE (TIMESTAMP '2019-08-25 00:00:00'<=CAST(t."__time" AS TIMESTAMP) AND CAST(t."__time" AS TIMESTAMP)<TIMESTAMP '2019-08-25 02:00:00')
GROUP BY ();
+-----+-----+
| v0  | v1  |
+-----+-----+
| 145 | 112 |
+-----+-----+
(1 row)

!ok
# Wed Jul 10 19:26:14 IST 2024
SELECT
TIME_FLOOR(CAST(t."__time" AS TIMESTAMP), 'PT1H', NULL, 'Etc/UTC') AS "__time",
(COUNT(*)) AS "count"
FROM "kttm_nested" AS t
WHERE (TIMESTAMP '2019-08-25 02:00:00'<=CAST(t."__time" AS TIMESTAMP) AND CAST(t."__time" AS TIMESTAMP)<TIMESTAMP '2019-08-26 00:00:00')
GROUP BY 1;
+-------------------------+-------+
| __time                  | count |
+-------------------------+-------+
| 2019-08-25 06:00:00.000 |    68 |
| 2019-08-25 15:00:00.000 |   124 |
| 2019-08-25 02:00:00.000 |   154 |
| 2019-08-25 03:00:00.000 |   112 |
| 2019-08-25 04:00:00.000 |    71 |
| 2019-08-25 05:00:00.000 |    87 |
| 2019-08-25 07:00:00.000 |    60 |
| 2019-08-25 08:00:00.000 |    55 |
| 2019-08-25 09:00:00.000 |    61 |
| 2019-08-25 10:00:00.000 |    53 |
| 2019-08-25 11:00:00.000 |    69 |
| 2019-08-25 12:00:00.000 |    89 |
| 2019-08-25 13:00:00.000 |   139 |
| 2019-08-25 14:00:00.000 |   181 |
| 2019-08-25 16:00:00.000 |   356 |
| 2019-08-25 17:00:00.000 |   556 |
| 2019-08-25 18:00:00.000 |   485 |
| 2019-08-25 19:00:00.000 |   491 |
| 2019-08-25 20:00:00.000 |   392 |
| 2019-08-25 21:00:00.000 |   263 |
| 2019-08-25 22:00:00.000 |   213 |
| 2019-08-25 23:00:00.000 |   183 |
+-------------------------+-------+
(22 rows)

!ok
# Wed Jul 10 19:26:23 IST 2024
SELECT
TIME_FLOOR(CAST(t."__time" AS TIMESTAMP), 'PT1H', NULL, 'Etc/UTC') AS "__time",
(COUNT(*)) AS "count"
FROM "kttm_nested" AS t
WHERE (TIMESTAMP '2019-08-25 00:00:00'<=CAST(t."__time" AS TIMESTAMP) AND CAST(t."__time" AS TIMESTAMP)<TIMESTAMP '2019-08-25 19:00:00')
GROUP BY 1;
+-------------------------+-------+
| __time                  | count |
+-------------------------+-------+
| 2019-08-25 06:00:00.000 |    68 |
| 2019-08-25 15:00:00.000 |   124 |
| 2019-08-25 00:00:00.000 |   145 |
| 2019-08-25 01:00:00.000 |   112 |
| 2019-08-25 02:00:00.000 |   154 |
| 2019-08-25 03:00:00.000 |   112 |
| 2019-08-25 04:00:00.000 |    71 |
| 2019-08-25 05:00:00.000 |    87 |
| 2019-08-25 07:00:00.000 |    60 |
| 2019-08-25 08:00:00.000 |    55 |
| 2019-08-25 09:00:00.000 |    61 |
| 2019-08-25 10:00:00.000 |    53 |
| 2019-08-25 11:00:00.000 |    69 |
| 2019-08-25 12:00:00.000 |    89 |
| 2019-08-25 13:00:00.000 |   139 |
| 2019-08-25 14:00:00.000 |   181 |
| 2019-08-25 16:00:00.000 |   356 |
| 2019-08-25 17:00:00.000 |   556 |
| 2019-08-25 18:00:00.000 |   485 |
+-------------------------+-------+
(19 rows)

!ok
# Wed Jul 10 19:26:30 IST 2024
SELECT
TIME_FLOOR(CAST(t."__time" AS TIMESTAMP), 'PT1H', NULL, 'Etc/UTC') AS "__time",
CAST(t."adblock_list" AS VARCHAR) AS "adblock_list",
(COUNT(*)) AS "count"
FROM "kttm_nested" AS t
WHERE ((TIMESTAMP '2019-08-25 00:00:00'<=CAST(t."__time" AS TIMESTAMP) AND CAST(t."__time" AS TIMESTAMP)<TIMESTAMP '2019-08-25 17:00:00') AND CAST(t."adblock_list" AS VARCHAR) IN ('NoAdblock','EasyList','EasyList,AntiAdblockKiller','AntiAdblockKiller'))
GROUP BY 1,2;
+-------------------------+----------------------------+-------+
| __time                  | adblock_list               | count |
+-------------------------+----------------------------+-------+
| 2019-08-25 01:00:00.000 | EasyList                   |    15 |
| 2019-08-25 10:00:00.000 | EasyList                   |     6 |
| 2019-08-25 14:00:00.000 | EasyList                   |    17 |
| 2019-08-25 00:00:00.000 | EasyList                   |    12 |
| 2019-08-25 00:00:00.000 | NoAdblock                  |   133 |
| 2019-08-25 01:00:00.000 | NoAdblock                  |    97 |
| 2019-08-25 02:00:00.000 | EasyList                   |    16 |
| 2019-08-25 02:00:00.000 | NoAdblock                  |   138 |
| 2019-08-25 03:00:00.000 | EasyList                   |    12 |
| 2019-08-25 03:00:00.000 | NoAdblock                  |   100 |
| 2019-08-25 04:00:00.000 | EasyList                   |     6 |
| 2019-08-25 04:00:00.000 | NoAdblock                  |    65 |
| 2019-08-25 05:00:00.000 | EasyList                   |    10 |
| 2019-08-25 05:00:00.000 | NoAdblock                  |    77 |
| 2019-08-25 06:00:00.000 | EasyList                   |     9 |
| 2019-08-25 06:00:00.000 | NoAdblock                  |    59 |
| 2019-08-25 07:00:00.000 | EasyList                   |     4 |
| 2019-08-25 07:00:00.000 | NoAdblock                  |    56 |
| 2019-08-25 08:00:00.000 | EasyList                   |     6 |
| 2019-08-25 08:00:00.000 | NoAdblock                  |    49 |
| 2019-08-25 09:00:00.000 | EasyList                   |     7 |
| 2019-08-25 09:00:00.000 | NoAdblock                  |    54 |
| 2019-08-25 10:00:00.000 | NoAdblock                  |    47 |
| 2019-08-25 11:00:00.000 | EasyList                   |     6 |
| 2019-08-25 11:00:00.000 | NoAdblock                  |    63 |
| 2019-08-25 12:00:00.000 | EasyList                   |    15 |
| 2019-08-25 12:00:00.000 | NoAdblock                  |    74 |
| 2019-08-25 13:00:00.000 | EasyList                   |     8 |
| 2019-08-25 13:00:00.000 | NoAdblock                  |   131 |
| 2019-08-25 14:00:00.000 | NoAdblock                  |   164 |
| 2019-08-25 15:00:00.000 | EasyList                   |    20 |
| 2019-08-25 15:00:00.000 | EasyList,AntiAdblockKiller |     1 |
| 2019-08-25 15:00:00.000 | NoAdblock                  |   103 |
| 2019-08-25 16:00:00.000 | EasyList                   |    22 |
| 2019-08-25 16:00:00.000 | NoAdblock                  |   334 |
+-------------------------+----------------------------+-------+
(35 rows)

!ok
# Wed Jul 10 19:26:36 IST 2024
SELECT
CAST(t."adblock_list" AS VARCHAR) AS "adblock_list",
(COUNT(*)) AS "count"
FROM "kttm_nested" AS t
WHERE ((TIMESTAMP '2019-08-25 02:00:00'<=CAST(t."__time" AS TIMESTAMP) AND CAST(t."__time" AS TIMESTAMP)<TIMESTAMP '2019-08-25 03:00:00') AND (CAST(t."adblock_list" AS VARCHAR)='AntiAdblockKiller'))
GROUP BY 1
ORDER BY "count" DESC
LIMIT 1000;
+--------------+-------+
| adblock_list | count |
+--------------+-------+
+--------------+-------+
(0 rows)

!ok
# Wed Jul 10 19:26:36 IST 2024
SELECT
(COUNT(*)) AS "__VALUE__"
FROM "kttm_nested" AS t
WHERE ((TIMESTAMP '2019-08-25 02:00:00'<=CAST(t."__time" AS TIMESTAMP) AND CAST(t."__time" AS TIMESTAMP)<TIMESTAMP '2019-08-25 03:00:00') AND (CAST(t."adblock_list" AS VARCHAR)='AntiAdblockKiller'))
GROUP BY ();
+-----------+
| __VALUE__ |
+-----------+
|         0 |
+-----------+
(1 row)

!ok
# Wed Jul 10 19:26:36 IST 2024
SELECT
TIME_FLOOR(CAST(t."__time" AS TIMESTAMP), 'PT1M', NULL, 'Etc/UTC') AS "__time",
(COUNT(*)) AS "count"
FROM "kttm_nested" AS t
WHERE ((TIMESTAMP '2019-08-25 02:00:00'<=CAST(t."__time" AS TIMESTAMP) AND CAST(t."__time" AS TIMESTAMP)<TIMESTAMP '2019-08-25 02:17:00') AND (CAST(t."adblock_list" AS VARCHAR)='AntiAdblockKiller'))
GROUP BY 1;
+--------+-------+
| __time | count |
+--------+-------+
+--------+-------+
(0 rows)

!ok
# Wed Jul 10 19:26:38 IST 2024
SELECT
CAST(t."adblock_list" AS VARCHAR) AS "adblock_list",
(COUNT(*)) AS "count"
FROM "kttm_nested" AS t
WHERE (TIMESTAMP '2019-08-25 02:00:00'<=CAST(t."__time" AS TIMESTAMP) AND CAST(t."__time" AS TIMESTAMP)<TIMESTAMP '2019-08-25 03:00:00')
GROUP BY 1
ORDER BY "count" DESC
LIMIT 1000;
+--------------+-------+
| adblock_list | count |
+--------------+-------+
| NoAdblock    |   138 |
| EasyList     |    16 |
+--------------+-------+
(2 rows)

!ok
# Wed Jul 10 19:26:38 IST 2024
SELECT
(COUNT(*)) AS "__VALUE__"
FROM "kttm_nested" AS t
WHERE (TIMESTAMP '2019-08-25 02:00:00'<=CAST(t."__time" AS TIMESTAMP) AND CAST(t."__time" AS TIMESTAMP)<TIMESTAMP '2019-08-25 03:00:00')
GROUP BY ();
+-----------+
| __VALUE__ |
+-----------+
|       154 |
+-----------+
(1 row)

!ok
# Wed Jul 10 19:26:38 IST 2024
SELECT
TIME_FLOOR(CAST(t."__time" AS TIMESTAMP), 'PT1M', NULL, 'Etc/UTC') AS "__time",
(COUNT(*)) AS "count"
FROM "kttm_nested" AS t
WHERE (TIMESTAMP '2019-08-25 02:00:00'<=CAST(t."__time" AS TIMESTAMP) AND CAST(t."__time" AS TIMESTAMP)<TIMESTAMP '2019-08-25 02:17:00')
GROUP BY 1;
+-------------------------+-------+
| __time                  | count |
+-------------------------+-------+
| 2019-08-25 02:05:00.000 |     1 |
| 2019-08-25 02:09:00.000 |     1 |
| 2019-08-25 02:01:00.000 |     2 |
| 2019-08-25 02:03:00.000 |     3 |
| 2019-08-25 02:06:00.000 |     1 |
| 2019-08-25 02:08:00.000 |     5 |
| 2019-08-25 02:10:00.000 |     5 |
| 2019-08-25 02:11:00.000 |     6 |
| 2019-08-25 02:12:00.000 |     3 |
| 2019-08-25 02:13:00.000 |    10 |
| 2019-08-25 02:14:00.000 |     1 |
| 2019-08-25 02:15:00.000 |     2 |
| 2019-08-25 02:16:00.000 |     4 |
+-------------------------+-------+
(13 rows)

!ok
# Wed Jul 10 19:26:38 IST 2024
SELECT
TIME_FLOOR(CAST(t."__time" AS TIMESTAMP), 'PT1M', NULL, 'Etc/UTC') AS "__time",
CAST(t."adblock_list" AS VARCHAR) AS "adblock_list",
(COUNT(*)) AS "count"
FROM "kttm_nested" AS t
WHERE ((TIMESTAMP '2019-08-25 02:00:00'<=CAST(t."__time" AS TIMESTAMP) AND CAST(t."__time" AS TIMESTAMP)<TIMESTAMP '2019-08-25 02:17:00') AND CAST(t."adblock_list" AS VARCHAR) IN ('NoAdblock','EasyList','EasyList,AntiAdblockKiller'))
GROUP BY 1,2;
+-------------------------+--------------+-------+
| __time                  | adblock_list | count |
+-------------------------+--------------+-------+
| 2019-08-25 02:05:00.000 | NoAdblock    |     1 |
| 2019-08-25 02:08:00.000 | EasyList     |     1 |
| 2019-08-25 02:09:00.000 | NoAdblock    |     1 |
| 2019-08-25 02:15:00.000 | EasyList     |     1 |
| 2019-08-25 02:01:00.000 | NoAdblock    |     2 |
| 2019-08-25 02:03:00.000 | EasyList     |     1 |
| 2019-08-25 02:03:00.000 | NoAdblock    |     2 |
| 2019-08-25 02:06:00.000 | NoAdblock    |     1 |
| 2019-08-25 02:08:00.000 | NoAdblock    |     4 |
| 2019-08-25 02:10:00.000 | EasyList     |     1 |
| 2019-08-25 02:10:00.000 | NoAdblock    |     4 |
| 2019-08-25 02:11:00.000 | NoAdblock    |     6 |
| 2019-08-25 02:12:00.000 | NoAdblock    |     3 |
| 2019-08-25 02:13:00.000 | EasyList     |     1 |
| 2019-08-25 02:13:00.000 | NoAdblock    |     9 |
| 2019-08-25 02:14:00.000 | NoAdblock    |     1 |
| 2019-08-25 02:15:00.000 | NoAdblock    |     1 |
| 2019-08-25 02:16:00.000 | NoAdblock    |     4 |
+-------------------------+--------------+-------+
(18 rows)

!ok
