!set dartQueryId 00000000-0000-0000-0000-000000000000
!set useApproximateCountDistinct false
!use druidtest://?componentSupplier=StandardAndMSQComponentSupplier&datasets=sql/src/test/quidem/qatests/qaWin
!set outputformat mysql
#-------------------------------------------------------------------------
# TESTCASE: test_basics_test_multi_windows TEST_ID: SEL_DATASOURCE
#-------------------------------------------------------------------------
SELECT count(*) cnt
FROM test_win
WHERE client_ip IN ('107.13.54.103',
                    '99.9.55.22');
+-----+
| cnt |
+-----+
| 768 |
+-----+
(1 row)

!ok

#-------------------------------------------------------------------------
# TESTCASE: test_basics_test_multi_windows TEST_ID: A1_Q1
#-------------------------------------------------------------------------
SELECT server_ip,
       client_ip,
       timezone,
       cast(time_floor(__time, 'PT12H') AS char) t,
       row_number() OVER (PARTITION BY client_ip
                          ORDER BY server_ip, timezone) AS c1,
       count(timezone) OVER (PARTITION BY timezone
                             ORDER BY server_ip, timezone) AS c2
FROM
  (SELECT server_ip,
          client_ip,
          timezone,
          time_floor(__time, 'PT12H') __time,
          count(*)
   FROM test_win
   GROUP BY server_ip,
            client_ip,
            timezone,
            time_floor(__time, 'PT12H'))
WHERE client_ip IN ('107.13.54.103',
                    '99.9.55.22');
+--------------+---------------+----------+---------------------+----+----+
| server_ip    | client_ip     | timezone | t                   | c1 | c2 |
+--------------+---------------+----------+---------------------+----+----+
| 172.31.11.5  | 107.13.54.103 | EDT      | 2019-08-25 00:00:00 |  1 |  2 |
| 172.31.11.5  | 107.13.54.103 | EDT      | 2019-08-25 12:00:00 |  2 |  2 |
| 172.31.11.5  | 107.13.54.103 | N/A      | 2019-08-25 12:00:00 |  3 |  2 |
| 172.31.11.5  | 99.9.55.22    | N/A      | 2019-08-25 12:00:00 |  1 |  2 |
| 172.31.57.89 | 107.13.54.103 | EDT      | 2019-08-25 00:00:00 |  4 |  4 |
| 172.31.57.89 | 107.13.54.103 | EDT      | 2019-08-25 12:00:00 |  5 |  4 |
| 172.31.57.89 | 107.13.54.103 | N/A      | 2019-08-25 12:00:00 |  6 |  4 |
| 172.31.57.89 | 99.9.55.22    | N/A      | 2019-08-25 12:00:00 |  2 |  4 |
+--------------+---------------+----------+---------------------+----+----+
(8 rows)

!ok

#-------------------------------------------------------------------------
# TESTCASE: test_basics_test_multi_windows TEST_ID: A1_Q2
#-------------------------------------------------------------------------
SELECT server_ip,
       client_ip,
       timezone,
       cast(time_floor(__time, 'PT12H') AS char) t,
       row_number() OVER (PARTITION BY client_ip
                          ORDER BY server_ip, timezone) AS c1,
       count(timezone) OVER (PARTITION BY timezone
                             ORDER BY server_ip, timezone) AS c2
FROM test_win
WHERE client_ip IN ('107.13.54.103',
                    '99.9.55.22')
GROUP BY server_ip,
         client_ip,
         timezone,
         time_floor(__time, 'PT12H');
+--------------+---------------+----------+---------------------+----+----+
| server_ip    | client_ip     | timezone | t                   | c1 | c2 |
+--------------+---------------+----------+---------------------+----+----+
| 172.31.11.5  | 107.13.54.103 | EDT      | 2019-08-25 00:00:00 |  1 |  2 |
| 172.31.11.5  | 107.13.54.103 | EDT      | 2019-08-25 12:00:00 |  2 |  2 |
| 172.31.11.5  | 107.13.54.103 | N/A      | 2019-08-25 12:00:00 |  3 |  2 |
| 172.31.11.5  | 99.9.55.22    | N/A      | 2019-08-25 12:00:00 |  1 |  2 |
| 172.31.57.89 | 107.13.54.103 | EDT      | 2019-08-25 00:00:00 |  4 |  4 |
| 172.31.57.89 | 107.13.54.103 | EDT      | 2019-08-25 12:00:00 |  5 |  4 |
| 172.31.57.89 | 107.13.54.103 | N/A      | 2019-08-25 12:00:00 |  6 |  4 |
| 172.31.57.89 | 99.9.55.22    | N/A      | 2019-08-25 12:00:00 |  2 |  4 |
+--------------+---------------+----------+---------------------+----+----+
(8 rows)

!ok

#-------------------------------------------------------------------------
# TESTCASE: test_basics_test_multi_windows TEST_ID: A2_Q1
#-------------------------------------------------------------------------
SELECT server_ip,
       client_ip,
       timezone,
       cast(time_floor(__time, 'PT12H') AS char) t,
       row_number() OVER w1 AS c1,
       count(timezone) OVER w2 AS c2
FROM
  (SELECT server_ip,
          client_ip,
          timezone,
          time_floor(__time, 'PT12H') __time,
          count(*)
   FROM test_win
   GROUP BY server_ip,
            client_ip,
            timezone,
            time_floor(__time, 'PT12H'))
WHERE client_ip IN ('107.13.54.103',
                    '99.9.55.22') WINDOW w1 AS (PARTITION BY client_ip
                                                ORDER BY server_ip,
                                                         timezone),
                                         w2 OVER (PARTITION BY timezone
                                                  ORDER BY server_ip,
                                                           timezone);
Received an unexpected token
!error

#-------------------------------------------------------------------------
# TESTCASE: test_basics_test_multi_windows TEST_ID: A2_Q2
#-------------------------------------------------------------------------
SELECT server_ip,
       client_ip,
       timezone,
       cast(time_floor(__time, 'PT12H') AS char) t,
       row_number() OVER w1 AS c1,
       count(timezone) OVER w2 AS c2
FROM test_win
WHERE client_ip IN ('107.13.54.103',
                    '99.9.55.22')
GROUP BY server_ip,
         client_ip,
         timezone,
         time_floor(__time, 'PT12H') WINDOW w1 AS (PARTITION BY client_ip
                                                   ORDER BY server_ip,
                                                            timezone),
                                            w2 OVER (PARTITION BY timezone
                                                     ORDER BY server_ip,
                                                              timezone);
Received an unexpected token
!error

#-------------------------------------------------------------------------
# TESTCASE: test_basics_test_multi_windows TEST_ID: A3_Q1
#-------------------------------------------------------------------------
SELECT server_ip,
       client_ip,
       timezone,
       cast(time_floor(__time, 'PT12H') AS char) t,
       row_number() OVER (PARTITION BY client_ip
                          ORDER BY server_ip, timezone) AS c1,
       count(timezone) OVER (PARTITION BY client_ip
                             ORDER BY server_ip, timezone) AS c2
FROM
  (SELECT server_ip,
          client_ip,
          timezone,
          time_floor(__time, 'PT12H') __time,
          count(*)
   FROM test_win
   GROUP BY server_ip,
            client_ip,
            timezone,
            time_floor(__time, 'PT12H'))
WHERE client_ip IN ('107.13.54.103',
                    '99.9.55.22');
+--------------+---------------+----------+---------------------+----+----+
| server_ip    | client_ip     | timezone | t                   | c1 | c2 |
+--------------+---------------+----------+---------------------+----+----+
| 172.31.11.5  | 107.13.54.103 | EDT      | 2019-08-25 00:00:00 |  1 |  2 |
| 172.31.11.5  | 107.13.54.103 | EDT      | 2019-08-25 12:00:00 |  2 |  2 |
| 172.31.11.5  | 107.13.54.103 | N/A      | 2019-08-25 12:00:00 |  3 |  3 |
| 172.31.11.5  | 99.9.55.22    | N/A      | 2019-08-25 12:00:00 |  1 |  1 |
| 172.31.57.89 | 107.13.54.103 | EDT      | 2019-08-25 00:00:00 |  4 |  5 |
| 172.31.57.89 | 107.13.54.103 | EDT      | 2019-08-25 12:00:00 |  5 |  5 |
| 172.31.57.89 | 107.13.54.103 | N/A      | 2019-08-25 12:00:00 |  6 |  6 |
| 172.31.57.89 | 99.9.55.22    | N/A      | 2019-08-25 12:00:00 |  2 |  2 |
+--------------+---------------+----------+---------------------+----+----+
(8 rows)

!ok

#-------------------------------------------------------------------------
# TESTCASE: test_basics_test_multi_windows TEST_ID: A3_Q2
#-------------------------------------------------------------------------
SELECT server_ip,
       client_ip,
       timezone,
       cast(time_floor(__time, 'PT12H') AS char) t,
       row_number() OVER (PARTITION BY client_ip
                          ORDER BY server_ip, timezone) AS c1,
       count(timezone) OVER (PARTITION BY client_ip
                             ORDER BY server_ip, timezone) AS c2
FROM test_win
WHERE client_ip IN ('107.13.54.103',
                    '99.9.55.22')
GROUP BY server_ip,
         client_ip,
         timezone,
         time_floor(__time, 'PT12H');
+--------------+---------------+----------+---------------------+----+----+
| server_ip    | client_ip     | timezone | t                   | c1 | c2 |
+--------------+---------------+----------+---------------------+----+----+
| 172.31.11.5  | 107.13.54.103 | EDT      | 2019-08-25 00:00:00 |  1 |  2 |
| 172.31.11.5  | 107.13.54.103 | EDT      | 2019-08-25 12:00:00 |  2 |  2 |
| 172.31.11.5  | 107.13.54.103 | N/A      | 2019-08-25 12:00:00 |  3 |  3 |
| 172.31.11.5  | 99.9.55.22    | N/A      | 2019-08-25 12:00:00 |  1 |  1 |
| 172.31.57.89 | 107.13.54.103 | EDT      | 2019-08-25 00:00:00 |  4 |  5 |
| 172.31.57.89 | 107.13.54.103 | EDT      | 2019-08-25 12:00:00 |  5 |  5 |
| 172.31.57.89 | 107.13.54.103 | N/A      | 2019-08-25 12:00:00 |  6 |  6 |
| 172.31.57.89 | 99.9.55.22    | N/A      | 2019-08-25 12:00:00 |  2 |  2 |
+--------------+---------------+----------+---------------------+----+----+
(8 rows)

!ok

#-------------------------------------------------------------------------
# TESTCASE: test_basics_test_multi_windows TEST_ID: A4_Q1
#-------------------------------------------------------------------------
SELECT server_ip,
       client_ip,
       timezone,
       cast(time_floor(__time, 'PT12H') AS char) t,
       row_number() OVER w AS c1,
       count(timezone) OVER w AS c2
FROM
  (SELECT server_ip,
          client_ip,
          timezone,
          time_floor(__time, 'PT12H') __time,
          count(*)
   FROM test_win
   GROUP BY server_ip,
            client_ip,
            timezone,
            time_floor(__time, 'PT12H'))
WHERE client_ip IN ('107.13.54.103',
                    '99.9.55.22') WINDOW w AS (PARTITION BY client_ip
                                               ORDER BY server_ip,
                                                        timezone);
+--------------+---------------+----------+---------------------+----+----+
| server_ip    | client_ip     | timezone | t                   | c1 | c2 |
+--------------+---------------+----------+---------------------+----+----+
| 172.31.11.5  | 107.13.54.103 | EDT      | 2019-08-25 00:00:00 |  1 |  2 |
| 172.31.11.5  | 107.13.54.103 | EDT      | 2019-08-25 12:00:00 |  2 |  2 |
| 172.31.11.5  | 107.13.54.103 | N/A      | 2019-08-25 12:00:00 |  3 |  3 |
| 172.31.11.5  | 99.9.55.22    | N/A      | 2019-08-25 12:00:00 |  1 |  1 |
| 172.31.57.89 | 107.13.54.103 | EDT      | 2019-08-25 00:00:00 |  4 |  5 |
| 172.31.57.89 | 107.13.54.103 | EDT      | 2019-08-25 12:00:00 |  5 |  5 |
| 172.31.57.89 | 107.13.54.103 | N/A      | 2019-08-25 12:00:00 |  6 |  6 |
| 172.31.57.89 | 99.9.55.22    | N/A      | 2019-08-25 12:00:00 |  2 |  2 |
+--------------+---------------+----------+---------------------+----+----+
(8 rows)

!ok

#-------------------------------------------------------------------------
# TESTCASE: test_basics_test_multi_windows TEST_ID: A4_Q2
#-------------------------------------------------------------------------
SELECT server_ip,
       client_ip,
       timezone,
       cast(time_floor(__time, 'PT12H') AS char) t,
       row_number() OVER w AS c1,
       count(timezone) OVER w AS c2
FROM test_win
WHERE client_ip IN ('107.13.54.103',
                    '99.9.55.22')
GROUP BY server_ip,
         client_ip,
         timezone,
         time_floor(__time, 'PT12H') WINDOW w AS (PARTITION BY client_ip
                                                  ORDER BY server_ip,
                                                           timezone);
+--------------+---------------+----------+---------------------+----+----+
| server_ip    | client_ip     | timezone | t                   | c1 | c2 |
+--------------+---------------+----------+---------------------+----+----+
| 172.31.11.5  | 107.13.54.103 | EDT      | 2019-08-25 00:00:00 |  1 |  2 |
| 172.31.11.5  | 107.13.54.103 | EDT      | 2019-08-25 12:00:00 |  2 |  2 |
| 172.31.11.5  | 107.13.54.103 | N/A      | 2019-08-25 12:00:00 |  3 |  3 |
| 172.31.11.5  | 99.9.55.22    | N/A      | 2019-08-25 12:00:00 |  1 |  1 |
| 172.31.57.89 | 107.13.54.103 | EDT      | 2019-08-25 00:00:00 |  4 |  5 |
| 172.31.57.89 | 107.13.54.103 | EDT      | 2019-08-25 12:00:00 |  5 |  5 |
| 172.31.57.89 | 107.13.54.103 | N/A      | 2019-08-25 12:00:00 |  6 |  6 |
| 172.31.57.89 | 99.9.55.22    | N/A      | 2019-08-25 12:00:00 |  2 |  2 |
+--------------+---------------+----------+---------------------+----+----+
(8 rows)

!ok

#-------------------------------------------------------------------------
# TESTCASE: test_basics_test_multi_windows TEST_ID: A5_Q1
#-------------------------------------------------------------------------
SELECT server_ip,
       client_ip,
       timezone,
       cast(time_floor(__time, 'PT12H') AS char) t,
       count(timezone) OVER (PARTITION BY client_ip
                             ORDER BY server_ip, timezone) AS c1,
       count(timezone) OVER (PARTITION BY timezone
                             ORDER BY server_ip, timezone) AS c2
FROM
  (SELECT server_ip,
          client_ip,
          timezone,
          time_floor(__time, 'PT12H') __time,
          count(*)
   FROM test_win
   GROUP BY server_ip,
            client_ip,
            timezone,
            time_floor(__time, 'PT12H'))
WHERE client_ip IN ('107.13.54.103',
                    '99.9.55.22');
+--------------+---------------+----------+---------------------+----+----+
| server_ip    | client_ip     | timezone | t                   | c1 | c2 |
+--------------+---------------+----------+---------------------+----+----+
| 172.31.11.5  | 107.13.54.103 | EDT      | 2019-08-25 00:00:00 |  2 |  2 |
| 172.31.11.5  | 107.13.54.103 | EDT      | 2019-08-25 12:00:00 |  2 |  2 |
| 172.31.11.5  | 107.13.54.103 | N/A      | 2019-08-25 12:00:00 |  3 |  2 |
| 172.31.11.5  | 99.9.55.22    | N/A      | 2019-08-25 12:00:00 |  1 |  2 |
| 172.31.57.89 | 107.13.54.103 | EDT      | 2019-08-25 00:00:00 |  5 |  4 |
| 172.31.57.89 | 107.13.54.103 | EDT      | 2019-08-25 12:00:00 |  5 |  4 |
| 172.31.57.89 | 107.13.54.103 | N/A      | 2019-08-25 12:00:00 |  6 |  4 |
| 172.31.57.89 | 99.9.55.22    | N/A      | 2019-08-25 12:00:00 |  2 |  4 |
+--------------+---------------+----------+---------------------+----+----+
(8 rows)

!ok

#-------------------------------------------------------------------------
# TESTCASE: test_basics_test_multi_windows TEST_ID: A5_Q2
#-------------------------------------------------------------------------
SELECT server_ip,
       client_ip,
       timezone,
       cast(time_floor(__time, 'PT12H') AS char) t,
       count(timezone) OVER (PARTITION BY client_ip
                             ORDER BY server_ip, timezone) AS c1,
       count(timezone) OVER (PARTITION BY timezone
                             ORDER BY server_ip, timezone) AS c2
FROM test_win
WHERE client_ip IN ('107.13.54.103',
                    '99.9.55.22')
GROUP BY server_ip,
         client_ip,
         timezone,
         time_floor(__time, 'PT12H');
+--------------+---------------+----------+---------------------+----+----+
| server_ip    | client_ip     | timezone | t                   | c1 | c2 |
+--------------+---------------+----------+---------------------+----+----+
| 172.31.11.5  | 107.13.54.103 | EDT      | 2019-08-25 00:00:00 |  2 |  2 |
| 172.31.11.5  | 107.13.54.103 | EDT      | 2019-08-25 12:00:00 |  2 |  2 |
| 172.31.11.5  | 107.13.54.103 | N/A      | 2019-08-25 12:00:00 |  3 |  2 |
| 172.31.11.5  | 99.9.55.22    | N/A      | 2019-08-25 12:00:00 |  1 |  2 |
| 172.31.57.89 | 107.13.54.103 | EDT      | 2019-08-25 00:00:00 |  5 |  4 |
| 172.31.57.89 | 107.13.54.103 | EDT      | 2019-08-25 12:00:00 |  5 |  4 |
| 172.31.57.89 | 107.13.54.103 | N/A      | 2019-08-25 12:00:00 |  6 |  4 |
| 172.31.57.89 | 99.9.55.22    | N/A      | 2019-08-25 12:00:00 |  2 |  4 |
+--------------+---------------+----------+---------------------+----+----+
(8 rows)

!ok

#-------------------------------------------------------------------------
# TESTCASE: test_basics_test_multi_windows TEST_ID: A6_Q1
#-------------------------------------------------------------------------
SELECT server_ip,
       client_ip,
       timezone,
       cast(time_floor(__time, 'PT12H') AS char) t,
       count(timezone) OVER w1 AS c1,
       count(timezone) OVER w2 AS c2
FROM
  (SELECT server_ip,
          client_ip,
          timezone,
          time_floor(__time, 'PT12H') __time,
          count(*)
   FROM test_win
   GROUP BY server_ip,
            client_ip,
            timezone,
            time_floor(__time, 'PT12H'))
WHERE client_ip IN ('107.13.54.103',
                    '99.9.55.22') WINDOW w1 AS (PARTITION BY client_ip
                                                ORDER BY server_ip,
                                                         timezone),
                                         w2 OVER (PARTITION BY timezone
                                                  ORDER BY server_ip,
                                                           timezone);
Received an unexpected token
!error

#-------------------------------------------------------------------------
# TESTCASE: test_basics_test_multi_windows TEST_ID: A6_Q2
#-------------------------------------------------------------------------
SELECT server_ip,
       client_ip,
       timezone,
       cast(time_floor(__time, 'PT12H') AS char) t,
       count(timezone) OVER w1 AS c1,
       count(timezone) OVER w2 AS c2
FROM test_win
WHERE client_ip IN ('107.13.54.103',
                    '99.9.55.22')
GROUP BY server_ip,
         client_ip,
         timezone,
         time_floor(__time, 'PT12H') WINDOW w1 AS (PARTITION BY client_ip
                                                   ORDER BY server_ip,
                                                            timezone),
                                            w2 OVER (PARTITION BY timezone
                                                     ORDER BY server_ip,
                                                              timezone);
Received an unexpected token
!error

#-------------------------------------------------------------------------
# TESTCASE: test_basics_test_multi_windows TEST_ID: A7_Q1
#-------------------------------------------------------------------------
SELECT server_ip,
       client_ip,
       timezone,
       cast(time_floor(__time, 'PT12H') AS char) t,
       count(timezone) OVER (PARTITION BY client_ip
                             ORDER BY server_ip, timezone) AS c1,
       count(timezone) OVER (PARTITION BY client_ip
                             ORDER BY server_ip, timezone) AS c2
FROM
  (SELECT server_ip,
          client_ip,
          timezone,
          time_floor(__time, 'PT12H') __time,
          count(*)
   FROM test_win
   GROUP BY server_ip,
            client_ip,
            timezone,
            time_floor(__time, 'PT12H'))
WHERE client_ip IN ('107.13.54.103',
                    '99.9.55.22');
+--------------+---------------+----------+---------------------+----+----+
| server_ip    | client_ip     | timezone | t                   | c1 | c2 |
+--------------+---------------+----------+---------------------+----+----+
| 172.31.11.5  | 107.13.54.103 | EDT      | 2019-08-25 00:00:00 |  2 |  2 |
| 172.31.11.5  | 107.13.54.103 | EDT      | 2019-08-25 12:00:00 |  2 |  2 |
| 172.31.11.5  | 107.13.54.103 | N/A      | 2019-08-25 12:00:00 |  3 |  3 |
| 172.31.11.5  | 99.9.55.22    | N/A      | 2019-08-25 12:00:00 |  1 |  1 |
| 172.31.57.89 | 107.13.54.103 | EDT      | 2019-08-25 00:00:00 |  5 |  5 |
| 172.31.57.89 | 107.13.54.103 | EDT      | 2019-08-25 12:00:00 |  5 |  5 |
| 172.31.57.89 | 107.13.54.103 | N/A      | 2019-08-25 12:00:00 |  6 |  6 |
| 172.31.57.89 | 99.9.55.22    | N/A      | 2019-08-25 12:00:00 |  2 |  2 |
+--------------+---------------+----------+---------------------+----+----+
(8 rows)

!ok

#-------------------------------------------------------------------------
# TESTCASE: test_basics_test_multi_windows TEST_ID: A7_Q2
#-------------------------------------------------------------------------
SELECT server_ip,
       client_ip,
       timezone,
       cast(time_floor(__time, 'PT12H') AS char) t,
       count(timezone) OVER (PARTITION BY client_ip
                             ORDER BY server_ip, timezone) AS c1,
       count(timezone) OVER (PARTITION BY client_ip
                             ORDER BY server_ip, timezone) AS c2
FROM test_win
WHERE client_ip IN ('107.13.54.103',
                    '99.9.55.22')
GROUP BY server_ip,
         client_ip,
         timezone,
         time_floor(__time, 'PT12H');
+--------------+---------------+----------+---------------------+----+----+
| server_ip    | client_ip     | timezone | t                   | c1 | c2 |
+--------------+---------------+----------+---------------------+----+----+
| 172.31.11.5  | 107.13.54.103 | EDT      | 2019-08-25 00:00:00 |  2 |  2 |
| 172.31.11.5  | 107.13.54.103 | EDT      | 2019-08-25 12:00:00 |  2 |  2 |
| 172.31.11.5  | 107.13.54.103 | N/A      | 2019-08-25 12:00:00 |  3 |  3 |
| 172.31.11.5  | 99.9.55.22    | N/A      | 2019-08-25 12:00:00 |  1 |  1 |
| 172.31.57.89 | 107.13.54.103 | EDT      | 2019-08-25 00:00:00 |  5 |  5 |
| 172.31.57.89 | 107.13.54.103 | EDT      | 2019-08-25 12:00:00 |  5 |  5 |
| 172.31.57.89 | 107.13.54.103 | N/A      | 2019-08-25 12:00:00 |  6 |  6 |
| 172.31.57.89 | 99.9.55.22    | N/A      | 2019-08-25 12:00:00 |  2 |  2 |
+--------------+---------------+----------+---------------------+----+----+
(8 rows)

!ok

#-------------------------------------------------------------------------
# TESTCASE: test_basics_test_multi_windows TEST_ID: A8_Q1
#-------------------------------------------------------------------------
SELECT server_ip,
       client_ip,
       timezone,
       cast(time_floor(__time, 'PT12H') AS char) t,
       count(timezone) OVER w AS c1,
       count(timezone) OVER w AS c2
FROM
  (SELECT server_ip,
          client_ip,
          timezone,
          time_floor(__time, 'PT12H') __time,
          count(*)
   FROM test_win
   GROUP BY server_ip,
            client_ip,
            timezone,
            time_floor(__time, 'PT12H'))
WHERE client_ip IN ('107.13.54.103',
                    '99.9.55.22') WINDOW w AS (PARTITION BY client_ip
                                               ORDER BY server_ip,
                                                        timezone);
+--------------+---------------+----------+---------------------+----+----+
| server_ip    | client_ip     | timezone | t                   | c1 | c2 |
+--------------+---------------+----------+---------------------+----+----+
| 172.31.11.5  | 107.13.54.103 | EDT      | 2019-08-25 00:00:00 |  2 |  2 |
| 172.31.11.5  | 107.13.54.103 | EDT      | 2019-08-25 12:00:00 |  2 |  2 |
| 172.31.11.5  | 107.13.54.103 | N/A      | 2019-08-25 12:00:00 |  3 |  3 |
| 172.31.11.5  | 99.9.55.22    | N/A      | 2019-08-25 12:00:00 |  1 |  1 |
| 172.31.57.89 | 107.13.54.103 | EDT      | 2019-08-25 00:00:00 |  5 |  5 |
| 172.31.57.89 | 107.13.54.103 | EDT      | 2019-08-25 12:00:00 |  5 |  5 |
| 172.31.57.89 | 107.13.54.103 | N/A      | 2019-08-25 12:00:00 |  6 |  6 |
| 172.31.57.89 | 99.9.55.22    | N/A      | 2019-08-25 12:00:00 |  2 |  2 |
+--------------+---------------+----------+---------------------+----+----+
(8 rows)

!ok

#-------------------------------------------------------------------------
# TESTCASE: test_basics_test_multi_windows TEST_ID: A8_Q2
#-------------------------------------------------------------------------
SELECT server_ip,
       client_ip,
       timezone,
       cast(time_floor(__time, 'PT12H') AS char) t,
       count(timezone) OVER w AS c1,
       count(timezone) OVER w AS c2
FROM test_win
WHERE client_ip IN ('107.13.54.103',
                    '99.9.55.22')
GROUP BY server_ip,
         client_ip,
         timezone,
         time_floor(__time, 'PT12H') WINDOW w AS (PARTITION BY client_ip
                                                  ORDER BY server_ip,
                                                           timezone);
+--------------+---------------+----------+---------------------+----+----+
| server_ip    | client_ip     | timezone | t                   | c1 | c2 |
+--------------+---------------+----------+---------------------+----+----+
| 172.31.11.5  | 107.13.54.103 | EDT      | 2019-08-25 00:00:00 |  2 |  2 |
| 172.31.11.5  | 107.13.54.103 | EDT      | 2019-08-25 12:00:00 |  2 |  2 |
| 172.31.11.5  | 107.13.54.103 | N/A      | 2019-08-25 12:00:00 |  3 |  3 |
| 172.31.11.5  | 99.9.55.22    | N/A      | 2019-08-25 12:00:00 |  1 |  1 |
| 172.31.57.89 | 107.13.54.103 | EDT      | 2019-08-25 00:00:00 |  5 |  5 |
| 172.31.57.89 | 107.13.54.103 | EDT      | 2019-08-25 12:00:00 |  5 |  5 |
| 172.31.57.89 | 107.13.54.103 | N/A      | 2019-08-25 12:00:00 |  6 |  6 |
| 172.31.57.89 | 99.9.55.22    | N/A      | 2019-08-25 12:00:00 |  2 |  2 |
+--------------+---------------+----------+---------------------+----+----+
(8 rows)

!ok

