!set dartQueryId 00000000-0000-0000-0000-000000000000
!set useApproximateCountDistinct false
!use druidtest://?componentSupplier=StandardAndMSQComponentSupplier&datasets=sql/src/test/quidem/qatests/qaWin
!set outputformat mysql
#-------------------------------------------------------------------------
# TESTCASE: test_basics_test_window_funcs TEST_ID: A8_W1_G2_Q2
#-------------------------------------------------------------------------
SELECT server_ip,
       client_ip,
       timezone,
       cast(time_floor(__time, 'PT12H') AS char) t,
       ntile(10) OVER w AS c
FROM test_win
WHERE client_ip IN ('107.13.54.103',
                    '99.9.55.22')
GROUP BY server_ip,
         client_ip,
         timezone,
         time_floor(__time, 'PT12H') WINDOW w AS (PARTITION BY client_ip
                                                  ORDER BY server_ip,
                                                           timezone,
                                                           time_floor(__time, 'PT12H'));
+--------------+---------------+----------+---------------------+---+
| server_ip    | client_ip     | timezone | t                   | c |
+--------------+---------------+----------+---------------------+---+
| 172.31.11.5  | 107.13.54.103 | EDT      | 2019-08-25 00:00:00 | 1 |
| 172.31.11.5  | 107.13.54.103 | EDT      | 2019-08-25 12:00:00 | 2 |
| 172.31.11.5  | 107.13.54.103 | N/A      | 2019-08-25 12:00:00 | 3 |
| 172.31.11.5  | 99.9.55.22    | N/A      | 2019-08-25 12:00:00 | 1 |
| 172.31.57.89 | 107.13.54.103 | EDT      | 2019-08-25 00:00:00 | 4 |
| 172.31.57.89 | 107.13.54.103 | EDT      | 2019-08-25 12:00:00 | 5 |
| 172.31.57.89 | 107.13.54.103 | N/A      | 2019-08-25 12:00:00 | 6 |
| 172.31.57.89 | 99.9.55.22    | N/A      | 2019-08-25 12:00:00 | 2 |
+--------------+---------------+----------+---------------------+---+
(8 rows)

!ok

#-------------------------------------------------------------------------
# TESTCASE: test_basics_test_window_funcs TEST_ID: A8_W2_G1_Q1
#-------------------------------------------------------------------------
SELECT server_ip,
       client_ip,
       timezone,
       cast(time_floor(__time, 'PT12H') AS char) t,
       ntile(10) OVER (
                       ORDER BY client_ip, server_ip, timezone, time_floor(__time, 'PT12H')) AS c
FROM
  (SELECT server_ip,
          client_ip,
          timezone,
          time_floor(__time, 'PT12H') __time,
          count(*)
   FROM test_win
   GROUP BY server_ip,
            client_ip,
            timezone,
            time_floor(__time, 'PT12H'))
WHERE client_ip IN ('107.13.54.103',
                    '99.9.55.22');
+--------------+---------------+----------+---------------------+---+
| server_ip    | client_ip     | timezone | t                   | c |
+--------------+---------------+----------+---------------------+---+
| 172.31.11.5  | 107.13.54.103 | EDT      | 2019-08-25 00:00:00 | 1 |
| 172.31.11.5  | 107.13.54.103 | EDT      | 2019-08-25 12:00:00 | 2 |
| 172.31.11.5  | 107.13.54.103 | N/A      | 2019-08-25 12:00:00 | 3 |
| 172.31.11.5  | 99.9.55.22    | N/A      | 2019-08-25 12:00:00 | 7 |
| 172.31.57.89 | 107.13.54.103 | EDT      | 2019-08-25 00:00:00 | 4 |
| 172.31.57.89 | 107.13.54.103 | EDT      | 2019-08-25 12:00:00 | 5 |
| 172.31.57.89 | 107.13.54.103 | N/A      | 2019-08-25 12:00:00 | 6 |
| 172.31.57.89 | 99.9.55.22    | N/A      | 2019-08-25 12:00:00 | 8 |
+--------------+---------------+----------+---------------------+---+
(8 rows)

!ok

#-------------------------------------------------------------------------
# TESTCASE: test_basics_test_window_funcs TEST_ID: A8_W2_G1_Q2
#-------------------------------------------------------------------------
SELECT server_ip,
       client_ip,
       timezone,
       cast(time_floor(__time, 'PT12H') AS char) t,
       ntile(10) OVER w AS c
FROM
  (SELECT server_ip,
          client_ip,
          timezone,
          time_floor(__time, 'PT12H') __time,
          count(*)
   FROM test_win
   GROUP BY server_ip,
            client_ip,
            timezone,
            time_floor(__time, 'PT12H'))
WHERE client_ip IN ('107.13.54.103',
                    '99.9.55.22') WINDOW w AS (
                                               ORDER BY client_ip,
                                                        server_ip,
                                                        timezone,
                                                        time_floor(__time, 'PT12H'));
+--------------+---------------+----------+---------------------+---+
| server_ip    | client_ip     | timezone | t                   | c |
+--------------+---------------+----------+---------------------+---+
| 172.31.11.5  | 107.13.54.103 | EDT      | 2019-08-25 00:00:00 | 1 |
| 172.31.11.5  | 107.13.54.103 | EDT      | 2019-08-25 12:00:00 | 2 |
| 172.31.11.5  | 107.13.54.103 | N/A      | 2019-08-25 12:00:00 | 3 |
| 172.31.11.5  | 99.9.55.22    | N/A      | 2019-08-25 12:00:00 | 7 |
| 172.31.57.89 | 107.13.54.103 | EDT      | 2019-08-25 00:00:00 | 4 |
| 172.31.57.89 | 107.13.54.103 | EDT      | 2019-08-25 12:00:00 | 5 |
| 172.31.57.89 | 107.13.54.103 | N/A      | 2019-08-25 12:00:00 | 6 |
| 172.31.57.89 | 99.9.55.22    | N/A      | 2019-08-25 12:00:00 | 8 |
+--------------+---------------+----------+---------------------+---+
(8 rows)

!ok

#-------------------------------------------------------------------------
# TESTCASE: test_basics_test_window_funcs TEST_ID: A8_W2_G2_Q1
#-------------------------------------------------------------------------
SELECT server_ip,
       client_ip,
       timezone,
       cast(time_floor(__time, 'PT12H') AS char) t,
       ntile(10) OVER (
                       ORDER BY client_ip, server_ip, timezone, time_floor(__time, 'PT12H')) AS c
FROM test_win
WHERE client_ip IN ('107.13.54.103',
                    '99.9.55.22')
GROUP BY server_ip,
         client_ip,
         timezone,
         time_floor(__time, 'PT12H');
+--------------+---------------+----------+---------------------+---+
| server_ip    | client_ip     | timezone | t                   | c |
+--------------+---------------+----------+---------------------+---+
| 172.31.11.5  | 107.13.54.103 | EDT      | 2019-08-25 00:00:00 | 1 |
| 172.31.11.5  | 107.13.54.103 | EDT      | 2019-08-25 12:00:00 | 2 |
| 172.31.11.5  | 107.13.54.103 | N/A      | 2019-08-25 12:00:00 | 3 |
| 172.31.11.5  | 99.9.55.22    | N/A      | 2019-08-25 12:00:00 | 7 |
| 172.31.57.89 | 107.13.54.103 | EDT      | 2019-08-25 00:00:00 | 4 |
| 172.31.57.89 | 107.13.54.103 | EDT      | 2019-08-25 12:00:00 | 5 |
| 172.31.57.89 | 107.13.54.103 | N/A      | 2019-08-25 12:00:00 | 6 |
| 172.31.57.89 | 99.9.55.22    | N/A      | 2019-08-25 12:00:00 | 8 |
+--------------+---------------+----------+---------------------+---+
(8 rows)

!ok

#-------------------------------------------------------------------------
# TESTCASE: test_basics_test_window_funcs TEST_ID: A8_W2_G2_Q2
#-------------------------------------------------------------------------
SELECT server_ip,
       client_ip,
       timezone,
       cast(time_floor(__time, 'PT12H') AS char) t,
       ntile(10) OVER w AS c
FROM test_win
WHERE client_ip IN ('107.13.54.103',
                    '99.9.55.22')
GROUP BY server_ip,
         client_ip,
         timezone,
         time_floor(__time, 'PT12H') WINDOW w AS (
                                                  ORDER BY client_ip,
                                                           server_ip,
                                                           timezone,
                                                           time_floor(__time, 'PT12H'));
+--------------+---------------+----------+---------------------+---+
| server_ip    | client_ip     | timezone | t                   | c |
+--------------+---------------+----------+---------------------+---+
| 172.31.11.5  | 107.13.54.103 | EDT      | 2019-08-25 00:00:00 | 1 |
| 172.31.11.5  | 107.13.54.103 | EDT      | 2019-08-25 12:00:00 | 2 |
| 172.31.11.5  | 107.13.54.103 | N/A      | 2019-08-25 12:00:00 | 3 |
| 172.31.11.5  | 99.9.55.22    | N/A      | 2019-08-25 12:00:00 | 7 |
| 172.31.57.89 | 107.13.54.103 | EDT      | 2019-08-25 00:00:00 | 4 |
| 172.31.57.89 | 107.13.54.103 | EDT      | 2019-08-25 12:00:00 | 5 |
| 172.31.57.89 | 107.13.54.103 | N/A      | 2019-08-25 12:00:00 | 6 |
| 172.31.57.89 | 99.9.55.22    | N/A      | 2019-08-25 12:00:00 | 8 |
+--------------+---------------+----------+---------------------+---+
(8 rows)

!ok

#-------------------------------------------------------------------------
# TESTCASE: test_basics_test_window_funcs TEST_ID: A9_W1_G1_Q1
#-------------------------------------------------------------------------
SELECT server_ip,
       client_ip,
       timezone,
       cast(time_floor(__time, 'PT12H') AS char) t,
       lag(timezone, 1) OVER (PARTITION BY client_ip
                              ORDER BY server_ip, timezone, time_floor(__time, 'PT12H')) AS c
FROM
  (SELECT server_ip,
          client_ip,
          timezone,
          time_floor(__time, 'PT12H') __time,
          count(*)
   FROM test_win
   GROUP BY server_ip,
            client_ip,
            timezone,
            time_floor(__time, 'PT12H'))
WHERE client_ip IN ('107.13.54.103',
                    '99.9.55.22');
+--------------+---------------+----------+---------------------+-----+
| server_ip    | client_ip     | timezone | t                   | c   |
+--------------+---------------+----------+---------------------+-----+
| 172.31.11.5  | 107.13.54.103 | EDT      | 2019-08-25 00:00:00 |     |
| 172.31.11.5  | 107.13.54.103 | EDT      | 2019-08-25 12:00:00 | EDT |
| 172.31.11.5  | 107.13.54.103 | N/A      | 2019-08-25 12:00:00 | EDT |
| 172.31.11.5  | 99.9.55.22    | N/A      | 2019-08-25 12:00:00 |     |
| 172.31.57.89 | 107.13.54.103 | EDT      | 2019-08-25 00:00:00 | N/A |
| 172.31.57.89 | 107.13.54.103 | EDT      | 2019-08-25 12:00:00 | EDT |
| 172.31.57.89 | 107.13.54.103 | N/A      | 2019-08-25 12:00:00 | EDT |
| 172.31.57.89 | 99.9.55.22    | N/A      | 2019-08-25 12:00:00 | N/A |
+--------------+---------------+----------+---------------------+-----+
(8 rows)

!ok

#-------------------------------------------------------------------------
# TESTCASE: test_basics_test_window_funcs TEST_ID: A9_W1_G1_Q2
#-------------------------------------------------------------------------
SELECT server_ip,
       client_ip,
       timezone,
       cast(time_floor(__time, 'PT12H') AS char) t,
       lag(timezone, 1) OVER w AS c
FROM
  (SELECT server_ip,
          client_ip,
          timezone,
          time_floor(__time, 'PT12H') __time,
          count(*)
   FROM test_win
   GROUP BY server_ip,
            client_ip,
            timezone,
            time_floor(__time, 'PT12H'))
WHERE client_ip IN ('107.13.54.103',
                    '99.9.55.22') WINDOW w AS (PARTITION BY client_ip
                                               ORDER BY server_ip,
                                                        timezone,
                                                        time_floor(__time, 'PT12H'));
+--------------+---------------+----------+---------------------+-----+
| server_ip    | client_ip     | timezone | t                   | c   |
+--------------+---------------+----------+---------------------+-----+
| 172.31.11.5  | 107.13.54.103 | EDT      | 2019-08-25 00:00:00 |     |
| 172.31.11.5  | 107.13.54.103 | EDT      | 2019-08-25 12:00:00 | EDT |
| 172.31.11.5  | 107.13.54.103 | N/A      | 2019-08-25 12:00:00 | EDT |
| 172.31.11.5  | 99.9.55.22    | N/A      | 2019-08-25 12:00:00 |     |
| 172.31.57.89 | 107.13.54.103 | EDT      | 2019-08-25 00:00:00 | N/A |
| 172.31.57.89 | 107.13.54.103 | EDT      | 2019-08-25 12:00:00 | EDT |
| 172.31.57.89 | 107.13.54.103 | N/A      | 2019-08-25 12:00:00 | EDT |
| 172.31.57.89 | 99.9.55.22    | N/A      | 2019-08-25 12:00:00 | N/A |
+--------------+---------------+----------+---------------------+-----+
(8 rows)

!ok

#-------------------------------------------------------------------------
# TESTCASE: test_basics_test_window_funcs TEST_ID: A9_W1_G2_Q1
#-------------------------------------------------------------------------
SELECT server_ip,
       client_ip,
       timezone,
       cast(time_floor(__time, 'PT12H') AS char) t,
       lag(timezone, 1) OVER (PARTITION BY client_ip
                              ORDER BY server_ip, timezone, time_floor(__time, 'PT12H')) AS c
FROM test_win
WHERE client_ip IN ('107.13.54.103',
                    '99.9.55.22')
GROUP BY server_ip,
         client_ip,
         timezone,
         time_floor(__time, 'PT12H');
+--------------+---------------+----------+---------------------+-----+
| server_ip    | client_ip     | timezone | t                   | c   |
+--------------+---------------+----------+---------------------+-----+
| 172.31.11.5  | 107.13.54.103 | EDT      | 2019-08-25 00:00:00 |     |
| 172.31.11.5  | 107.13.54.103 | EDT      | 2019-08-25 12:00:00 | EDT |
| 172.31.11.5  | 107.13.54.103 | N/A      | 2019-08-25 12:00:00 | EDT |
| 172.31.11.5  | 99.9.55.22    | N/A      | 2019-08-25 12:00:00 |     |
| 172.31.57.89 | 107.13.54.103 | EDT      | 2019-08-25 00:00:00 | N/A |
| 172.31.57.89 | 107.13.54.103 | EDT      | 2019-08-25 12:00:00 | EDT |
| 172.31.57.89 | 107.13.54.103 | N/A      | 2019-08-25 12:00:00 | EDT |
| 172.31.57.89 | 99.9.55.22    | N/A      | 2019-08-25 12:00:00 | N/A |
+--------------+---------------+----------+---------------------+-----+
(8 rows)

!ok

#-------------------------------------------------------------------------
# TESTCASE: test_basics_test_window_funcs TEST_ID: A9_W1_G2_Q2
#-------------------------------------------------------------------------
SELECT server_ip,
       client_ip,
       timezone,
       cast(time_floor(__time, 'PT12H') AS char) t,
       lag(timezone, 1) OVER w AS c
FROM test_win
WHERE client_ip IN ('107.13.54.103',
                    '99.9.55.22')
GROUP BY server_ip,
         client_ip,
         timezone,
         time_floor(__time, 'PT12H') WINDOW w AS (PARTITION BY client_ip
                                                  ORDER BY server_ip,
                                                           timezone,
                                                           time_floor(__time, 'PT12H'));
+--------------+---------------+----------+---------------------+-----+
| server_ip    | client_ip     | timezone | t                   | c   |
+--------------+---------------+----------+---------------------+-----+
| 172.31.11.5  | 107.13.54.103 | EDT      | 2019-08-25 00:00:00 |     |
| 172.31.11.5  | 107.13.54.103 | EDT      | 2019-08-25 12:00:00 | EDT |
| 172.31.11.5  | 107.13.54.103 | N/A      | 2019-08-25 12:00:00 | EDT |
| 172.31.11.5  | 99.9.55.22    | N/A      | 2019-08-25 12:00:00 |     |
| 172.31.57.89 | 107.13.54.103 | EDT      | 2019-08-25 00:00:00 | N/A |
| 172.31.57.89 | 107.13.54.103 | EDT      | 2019-08-25 12:00:00 | EDT |
| 172.31.57.89 | 107.13.54.103 | N/A      | 2019-08-25 12:00:00 | EDT |
| 172.31.57.89 | 99.9.55.22    | N/A      | 2019-08-25 12:00:00 | N/A |
+--------------+---------------+----------+---------------------+-----+
(8 rows)

!ok

#-------------------------------------------------------------------------
# TESTCASE: test_basics_test_window_funcs TEST_ID: A9_W2_G1_Q1
#-------------------------------------------------------------------------
SELECT server_ip,
       client_ip,
       timezone,
       cast(time_floor(__time, 'PT12H') AS char) t,
       lag(timezone, 1) OVER (
                              ORDER BY client_ip, server_ip, timezone, time_floor(__time, 'PT12H')) AS c
FROM
  (SELECT server_ip,
          client_ip,
          timezone,
          time_floor(__time, 'PT12H') __time,
          count(*)
   FROM test_win
   GROUP BY server_ip,
            client_ip,
            timezone,
            time_floor(__time, 'PT12H'))
WHERE client_ip IN ('107.13.54.103',
                    '99.9.55.22');
+--------------+---------------+----------+---------------------+-----+
| server_ip    | client_ip     | timezone | t                   | c   |
+--------------+---------------+----------+---------------------+-----+
| 172.31.11.5  | 107.13.54.103 | EDT      | 2019-08-25 00:00:00 |     |
| 172.31.11.5  | 107.13.54.103 | EDT      | 2019-08-25 12:00:00 | EDT |
| 172.31.11.5  | 107.13.54.103 | N/A      | 2019-08-25 12:00:00 | EDT |
| 172.31.11.5  | 99.9.55.22    | N/A      | 2019-08-25 12:00:00 | N/A |
| 172.31.57.89 | 107.13.54.103 | EDT      | 2019-08-25 00:00:00 | N/A |
| 172.31.57.89 | 107.13.54.103 | EDT      | 2019-08-25 12:00:00 | EDT |
| 172.31.57.89 | 107.13.54.103 | N/A      | 2019-08-25 12:00:00 | EDT |
| 172.31.57.89 | 99.9.55.22    | N/A      | 2019-08-25 12:00:00 | N/A |
+--------------+---------------+----------+---------------------+-----+
(8 rows)

!ok

#-------------------------------------------------------------------------
# TESTCASE: test_basics_test_window_funcs TEST_ID: A9_W2_G1_Q2
#-------------------------------------------------------------------------
SELECT server_ip,
       client_ip,
       timezone,
       cast(time_floor(__time, 'PT12H') AS char) t,
       lag(timezone, 1) OVER w AS c
FROM
  (SELECT server_ip,
          client_ip,
          timezone,
          time_floor(__time, 'PT12H') __time,
          count(*)
   FROM test_win
   GROUP BY server_ip,
            client_ip,
            timezone,
            time_floor(__time, 'PT12H'))
WHERE client_ip IN ('107.13.54.103',
                    '99.9.55.22') WINDOW w AS (
                                               ORDER BY client_ip,
                                                        server_ip,
                                                        timezone,
                                                        time_floor(__time, 'PT12H'));
+--------------+---------------+----------+---------------------+-----+
| server_ip    | client_ip     | timezone | t                   | c   |
+--------------+---------------+----------+---------------------+-----+
| 172.31.11.5  | 107.13.54.103 | EDT      | 2019-08-25 00:00:00 |     |
| 172.31.11.5  | 107.13.54.103 | EDT      | 2019-08-25 12:00:00 | EDT |
| 172.31.11.5  | 107.13.54.103 | N/A      | 2019-08-25 12:00:00 | EDT |
| 172.31.11.5  | 99.9.55.22    | N/A      | 2019-08-25 12:00:00 | N/A |
| 172.31.57.89 | 107.13.54.103 | EDT      | 2019-08-25 00:00:00 | N/A |
| 172.31.57.89 | 107.13.54.103 | EDT      | 2019-08-25 12:00:00 | EDT |
| 172.31.57.89 | 107.13.54.103 | N/A      | 2019-08-25 12:00:00 | EDT |
| 172.31.57.89 | 99.9.55.22    | N/A      | 2019-08-25 12:00:00 | N/A |
+--------------+---------------+----------+---------------------+-----+
(8 rows)

!ok

#-------------------------------------------------------------------------
# TESTCASE: test_basics_test_window_funcs TEST_ID: A9_W2_G2_Q1
#-------------------------------------------------------------------------
SELECT server_ip,
       client_ip,
       timezone,
       cast(time_floor(__time, 'PT12H') AS char) t,
       lag(timezone, 1) OVER (
                              ORDER BY client_ip, server_ip, timezone, time_floor(__time, 'PT12H')) AS c
FROM test_win
WHERE client_ip IN ('107.13.54.103',
                    '99.9.55.22')
GROUP BY server_ip,
         client_ip,
         timezone,
         time_floor(__time, 'PT12H');
+--------------+---------------+----------+---------------------+-----+
| server_ip    | client_ip     | timezone | t                   | c   |
+--------------+---------------+----------+---------------------+-----+
| 172.31.11.5  | 107.13.54.103 | EDT      | 2019-08-25 00:00:00 |     |
| 172.31.11.5  | 107.13.54.103 | EDT      | 2019-08-25 12:00:00 | EDT |
| 172.31.11.5  | 107.13.54.103 | N/A      | 2019-08-25 12:00:00 | EDT |
| 172.31.11.5  | 99.9.55.22    | N/A      | 2019-08-25 12:00:00 | N/A |
| 172.31.57.89 | 107.13.54.103 | EDT      | 2019-08-25 00:00:00 | N/A |
| 172.31.57.89 | 107.13.54.103 | EDT      | 2019-08-25 12:00:00 | EDT |
| 172.31.57.89 | 107.13.54.103 | N/A      | 2019-08-25 12:00:00 | EDT |
| 172.31.57.89 | 99.9.55.22    | N/A      | 2019-08-25 12:00:00 | N/A |
+--------------+---------------+----------+---------------------+-----+
(8 rows)

!ok

#-------------------------------------------------------------------------
# TESTCASE: test_basics_test_window_funcs TEST_ID: A9_W2_G2_Q2
#-------------------------------------------------------------------------
SELECT server_ip,
       client_ip,
       timezone,
       cast(time_floor(__time, 'PT12H') AS char) t,
       lag(timezone, 1) OVER w AS c
FROM test_win
WHERE client_ip IN ('107.13.54.103',
                    '99.9.55.22')
GROUP BY server_ip,
         client_ip,
         timezone,
         time_floor(__time, 'PT12H') WINDOW w AS (
                                                  ORDER BY client_ip,
                                                           server_ip,
                                                           timezone,
                                                           time_floor(__time, 'PT12H'));
+--------------+---------------+----------+---------------------+-----+
| server_ip    | client_ip     | timezone | t                   | c   |
+--------------+---------------+----------+---------------------+-----+
| 172.31.11.5  | 107.13.54.103 | EDT      | 2019-08-25 00:00:00 |     |
| 172.31.11.5  | 107.13.54.103 | EDT      | 2019-08-25 12:00:00 | EDT |
| 172.31.11.5  | 107.13.54.103 | N/A      | 2019-08-25 12:00:00 | EDT |
| 172.31.11.5  | 99.9.55.22    | N/A      | 2019-08-25 12:00:00 | N/A |
| 172.31.57.89 | 107.13.54.103 | EDT      | 2019-08-25 00:00:00 | N/A |
| 172.31.57.89 | 107.13.54.103 | EDT      | 2019-08-25 12:00:00 | EDT |
| 172.31.57.89 | 107.13.54.103 | N/A      | 2019-08-25 12:00:00 | EDT |
| 172.31.57.89 | 99.9.55.22    | N/A      | 2019-08-25 12:00:00 | N/A |
+--------------+---------------+----------+---------------------+-----+
(8 rows)

!ok

#-------------------------------------------------------------------------
# TESTCASE: test_basics_test_window_funcs TEST_ID: A10_W1_G1_Q1
#-------------------------------------------------------------------------
SELECT server_ip,
       client_ip,
       timezone,
       cast(time_floor(__time, 'PT12H') AS char) t,
       lead(timezone, 1) OVER (PARTITION BY client_ip
                               ORDER BY server_ip, timezone, time_floor(__time, 'PT12H')) AS c
FROM
  (SELECT server_ip,
          client_ip,
          timezone,
          time_floor(__time, 'PT12H') __time,
          count(*)
   FROM test_win
   GROUP BY server_ip,
            client_ip,
            timezone,
            time_floor(__time, 'PT12H'))
WHERE client_ip IN ('107.13.54.103',
                    '99.9.55.22');
+--------------+---------------+----------+---------------------+-----+
| server_ip    | client_ip     | timezone | t                   | c   |
+--------------+---------------+----------+---------------------+-----+
| 172.31.11.5  | 107.13.54.103 | EDT      | 2019-08-25 00:00:00 | EDT |
| 172.31.11.5  | 107.13.54.103 | EDT      | 2019-08-25 12:00:00 | N/A |
| 172.31.11.5  | 107.13.54.103 | N/A      | 2019-08-25 12:00:00 | EDT |
| 172.31.11.5  | 99.9.55.22    | N/A      | 2019-08-25 12:00:00 | N/A |
| 172.31.57.89 | 107.13.54.103 | EDT      | 2019-08-25 00:00:00 | EDT |
| 172.31.57.89 | 107.13.54.103 | EDT      | 2019-08-25 12:00:00 | N/A |
| 172.31.57.89 | 107.13.54.103 | N/A      | 2019-08-25 12:00:00 |     |
| 172.31.57.89 | 99.9.55.22    | N/A      | 2019-08-25 12:00:00 |     |
+--------------+---------------+----------+---------------------+-----+
(8 rows)

!ok

#-------------------------------------------------------------------------
# TESTCASE: test_basics_test_window_funcs TEST_ID: A10_W1_G1_Q2
#-------------------------------------------------------------------------
SELECT server_ip,
       client_ip,
       timezone,
       cast(time_floor(__time, 'PT12H') AS char) t,
       lead(timezone, 1) OVER w AS c
FROM
  (SELECT server_ip,
          client_ip,
          timezone,
          time_floor(__time, 'PT12H') __time,
          count(*)
   FROM test_win
   GROUP BY server_ip,
            client_ip,
            timezone,
            time_floor(__time, 'PT12H'))
WHERE client_ip IN ('107.13.54.103',
                    '99.9.55.22') WINDOW w AS (PARTITION BY client_ip
                                               ORDER BY server_ip,
                                                        timezone,
                                                        time_floor(__time, 'PT12H'));
+--------------+---------------+----------+---------------------+-----+
| server_ip    | client_ip     | timezone | t                   | c   |
+--------------+---------------+----------+---------------------+-----+
| 172.31.11.5  | 107.13.54.103 | EDT      | 2019-08-25 00:00:00 | EDT |
| 172.31.11.5  | 107.13.54.103 | EDT      | 2019-08-25 12:00:00 | N/A |
| 172.31.11.5  | 107.13.54.103 | N/A      | 2019-08-25 12:00:00 | EDT |
| 172.31.11.5  | 99.9.55.22    | N/A      | 2019-08-25 12:00:00 | N/A |
| 172.31.57.89 | 107.13.54.103 | EDT      | 2019-08-25 00:00:00 | EDT |
| 172.31.57.89 | 107.13.54.103 | EDT      | 2019-08-25 12:00:00 | N/A |
| 172.31.57.89 | 107.13.54.103 | N/A      | 2019-08-25 12:00:00 |     |
| 172.31.57.89 | 99.9.55.22    | N/A      | 2019-08-25 12:00:00 |     |
+--------------+---------------+----------+---------------------+-----+
(8 rows)

!ok

#-------------------------------------------------------------------------
# TESTCASE: test_basics_test_window_funcs TEST_ID: A10_W1_G2_Q1
#-------------------------------------------------------------------------
SELECT server_ip,
       client_ip,
       timezone,
       cast(time_floor(__time, 'PT12H') AS char) t,
       lead(timezone, 1) OVER (PARTITION BY client_ip
                               ORDER BY server_ip, timezone, time_floor(__time, 'PT12H')) AS c
FROM test_win
WHERE client_ip IN ('107.13.54.103',
                    '99.9.55.22')
GROUP BY server_ip,
         client_ip,
         timezone,
         time_floor(__time, 'PT12H');
+--------------+---------------+----------+---------------------+-----+
| server_ip    | client_ip     | timezone | t                   | c   |
+--------------+---------------+----------+---------------------+-----+
| 172.31.11.5  | 107.13.54.103 | EDT      | 2019-08-25 00:00:00 | EDT |
| 172.31.11.5  | 107.13.54.103 | EDT      | 2019-08-25 12:00:00 | N/A |
| 172.31.11.5  | 107.13.54.103 | N/A      | 2019-08-25 12:00:00 | EDT |
| 172.31.11.5  | 99.9.55.22    | N/A      | 2019-08-25 12:00:00 | N/A |
| 172.31.57.89 | 107.13.54.103 | EDT      | 2019-08-25 00:00:00 | EDT |
| 172.31.57.89 | 107.13.54.103 | EDT      | 2019-08-25 12:00:00 | N/A |
| 172.31.57.89 | 107.13.54.103 | N/A      | 2019-08-25 12:00:00 |     |
| 172.31.57.89 | 99.9.55.22    | N/A      | 2019-08-25 12:00:00 |     |
+--------------+---------------+----------+---------------------+-----+
(8 rows)

!ok

#-------------------------------------------------------------------------
# TESTCASE: test_basics_test_window_funcs TEST_ID: A10_W1_G2_Q2
#-------------------------------------------------------------------------
SELECT server_ip,
       client_ip,
       timezone,
       cast(time_floor(__time, 'PT12H') AS char) t,
       lead(timezone, 1) OVER w AS c
FROM test_win
WHERE client_ip IN ('107.13.54.103',
                    '99.9.55.22')
GROUP BY server_ip,
         client_ip,
         timezone,
         time_floor(__time, 'PT12H') WINDOW w AS (PARTITION BY client_ip
                                                  ORDER BY server_ip,
                                                           timezone,
                                                           time_floor(__time, 'PT12H'));
+--------------+---------------+----------+---------------------+-----+
| server_ip    | client_ip     | timezone | t                   | c   |
+--------------+---------------+----------+---------------------+-----+
| 172.31.11.5  | 107.13.54.103 | EDT      | 2019-08-25 00:00:00 | EDT |
| 172.31.11.5  | 107.13.54.103 | EDT      | 2019-08-25 12:00:00 | N/A |
| 172.31.11.5  | 107.13.54.103 | N/A      | 2019-08-25 12:00:00 | EDT |
| 172.31.11.5  | 99.9.55.22    | N/A      | 2019-08-25 12:00:00 | N/A |
| 172.31.57.89 | 107.13.54.103 | EDT      | 2019-08-25 00:00:00 | EDT |
| 172.31.57.89 | 107.13.54.103 | EDT      | 2019-08-25 12:00:00 | N/A |
| 172.31.57.89 | 107.13.54.103 | N/A      | 2019-08-25 12:00:00 |     |
| 172.31.57.89 | 99.9.55.22    | N/A      | 2019-08-25 12:00:00 |     |
+--------------+---------------+----------+---------------------+-----+
(8 rows)

!ok

#-------------------------------------------------------------------------
# TESTCASE: test_basics_test_window_funcs TEST_ID: A10_W2_G1_Q1
#-------------------------------------------------------------------------
SELECT server_ip,
       client_ip,
       timezone,
       cast(time_floor(__time, 'PT12H') AS char) t,
       lead(timezone, 1) OVER (
                               ORDER BY client_ip, server_ip, timezone, time_floor(__time, 'PT12H')) AS c
FROM
  (SELECT server_ip,
          client_ip,
          timezone,
          time_floor(__time, 'PT12H') __time,
          count(*)
   FROM test_win
   GROUP BY server_ip,
            client_ip,
            timezone,
            time_floor(__time, 'PT12H'))
WHERE client_ip IN ('107.13.54.103',
                    '99.9.55.22');
+--------------+---------------+----------+---------------------+-----+
| server_ip    | client_ip     | timezone | t                   | c   |
+--------------+---------------+----------+---------------------+-----+
| 172.31.11.5  | 107.13.54.103 | EDT      | 2019-08-25 00:00:00 | EDT |
| 172.31.11.5  | 107.13.54.103 | EDT      | 2019-08-25 12:00:00 | N/A |
| 172.31.11.5  | 107.13.54.103 | N/A      | 2019-08-25 12:00:00 | EDT |
| 172.31.11.5  | 99.9.55.22    | N/A      | 2019-08-25 12:00:00 | N/A |
| 172.31.57.89 | 107.13.54.103 | EDT      | 2019-08-25 00:00:00 | EDT |
| 172.31.57.89 | 107.13.54.103 | EDT      | 2019-08-25 12:00:00 | N/A |
| 172.31.57.89 | 107.13.54.103 | N/A      | 2019-08-25 12:00:00 | N/A |
| 172.31.57.89 | 99.9.55.22    | N/A      | 2019-08-25 12:00:00 |     |
+--------------+---------------+----------+---------------------+-----+
(8 rows)

!ok

#-------------------------------------------------------------------------
# TESTCASE: test_basics_test_window_funcs TEST_ID: A10_W2_G1_Q2
#-------------------------------------------------------------------------
SELECT server_ip,
       client_ip,
       timezone,
       cast(time_floor(__time, 'PT12H') AS char) t,
       lead(timezone, 1) OVER w AS c
FROM
  (SELECT server_ip,
          client_ip,
          timezone,
          time_floor(__time, 'PT12H') __time,
          count(*)
   FROM test_win
   GROUP BY server_ip,
            client_ip,
            timezone,
            time_floor(__time, 'PT12H'))
WHERE client_ip IN ('107.13.54.103',
                    '99.9.55.22') WINDOW w AS (
                                               ORDER BY client_ip,
                                                        server_ip,
                                                        timezone,
                                                        time_floor(__time, 'PT12H'));
+--------------+---------------+----------+---------------------+-----+
| server_ip    | client_ip     | timezone | t                   | c   |
+--------------+---------------+----------+---------------------+-----+
| 172.31.11.5  | 107.13.54.103 | EDT      | 2019-08-25 00:00:00 | EDT |
| 172.31.11.5  | 107.13.54.103 | EDT      | 2019-08-25 12:00:00 | N/A |
| 172.31.11.5  | 107.13.54.103 | N/A      | 2019-08-25 12:00:00 | EDT |
| 172.31.11.5  | 99.9.55.22    | N/A      | 2019-08-25 12:00:00 | N/A |
| 172.31.57.89 | 107.13.54.103 | EDT      | 2019-08-25 00:00:00 | EDT |
| 172.31.57.89 | 107.13.54.103 | EDT      | 2019-08-25 12:00:00 | N/A |
| 172.31.57.89 | 107.13.54.103 | N/A      | 2019-08-25 12:00:00 | N/A |
| 172.31.57.89 | 99.9.55.22    | N/A      | 2019-08-25 12:00:00 |     |
+--------------+---------------+----------+---------------------+-----+
(8 rows)

!ok

#-------------------------------------------------------------------------
# TESTCASE: test_basics_test_window_funcs TEST_ID: A10_W2_G2_Q1
#-------------------------------------------------------------------------
SELECT server_ip,
       client_ip,
       timezone,
       cast(time_floor(__time, 'PT12H') AS char) t,
       lead(timezone, 1) OVER (
                               ORDER BY client_ip, server_ip, timezone, time_floor(__time, 'PT12H')) AS c
FROM test_win
WHERE client_ip IN ('107.13.54.103',
                    '99.9.55.22')
GROUP BY server_ip,
         client_ip,
         timezone,
         time_floor(__time, 'PT12H');
+--------------+---------------+----------+---------------------+-----+
| server_ip    | client_ip     | timezone | t                   | c   |
+--------------+---------------+----------+---------------------+-----+
| 172.31.11.5  | 107.13.54.103 | EDT      | 2019-08-25 00:00:00 | EDT |
| 172.31.11.5  | 107.13.54.103 | EDT      | 2019-08-25 12:00:00 | N/A |
| 172.31.11.5  | 107.13.54.103 | N/A      | 2019-08-25 12:00:00 | EDT |
| 172.31.11.5  | 99.9.55.22    | N/A      | 2019-08-25 12:00:00 | N/A |
| 172.31.57.89 | 107.13.54.103 | EDT      | 2019-08-25 00:00:00 | EDT |
| 172.31.57.89 | 107.13.54.103 | EDT      | 2019-08-25 12:00:00 | N/A |
| 172.31.57.89 | 107.13.54.103 | N/A      | 2019-08-25 12:00:00 | N/A |
| 172.31.57.89 | 99.9.55.22    | N/A      | 2019-08-25 12:00:00 |     |
+--------------+---------------+----------+---------------------+-----+
(8 rows)

!ok

#-------------------------------------------------------------------------
# TESTCASE: test_basics_test_window_funcs TEST_ID: A10_W2_G2_Q2
#-------------------------------------------------------------------------
SELECT server_ip,
       client_ip,
       timezone,
       cast(time_floor(__time, 'PT12H') AS char) t,
       lead(timezone, 1) OVER w AS c
FROM test_win
WHERE client_ip IN ('107.13.54.103',
                    '99.9.55.22')
GROUP BY server_ip,
         client_ip,
         timezone,
         time_floor(__time, 'PT12H') WINDOW w AS (
                                                  ORDER BY client_ip,
                                                           server_ip,
                                                           timezone,
                                                           time_floor(__time, 'PT12H'));
+--------------+---------------+----------+---------------------+-----+
| server_ip    | client_ip     | timezone | t                   | c   |
+--------------+---------------+----------+---------------------+-----+
| 172.31.11.5  | 107.13.54.103 | EDT      | 2019-08-25 00:00:00 | EDT |
| 172.31.11.5  | 107.13.54.103 | EDT      | 2019-08-25 12:00:00 | N/A |
| 172.31.11.5  | 107.13.54.103 | N/A      | 2019-08-25 12:00:00 | EDT |
| 172.31.11.5  | 99.9.55.22    | N/A      | 2019-08-25 12:00:00 | N/A |
| 172.31.57.89 | 107.13.54.103 | EDT      | 2019-08-25 00:00:00 | EDT |
| 172.31.57.89 | 107.13.54.103 | EDT      | 2019-08-25 12:00:00 | N/A |
| 172.31.57.89 | 107.13.54.103 | N/A      | 2019-08-25 12:00:00 | N/A |
| 172.31.57.89 | 99.9.55.22    | N/A      | 2019-08-25 12:00:00 |     |
+--------------+---------------+----------+---------------------+-----+
(8 rows)

!ok

#-------------------------------------------------------------------------
# TESTCASE: test_basics_test_window_funcs TEST_ID: A11_W1_G1_Q1
#-------------------------------------------------------------------------
SELECT server_ip,
       client_ip,
       timezone,
       cast(time_floor(__time, 'PT12H') AS char) t,
       first_value(timezone) OVER (PARTITION BY client_ip
                                   ORDER BY server_ip, timezone, time_floor(__time, 'PT12H')) AS c
FROM
  (SELECT server_ip,
          client_ip,
          timezone,
          time_floor(__time, 'PT12H') __time,
          count(*)
   FROM test_win
   GROUP BY server_ip,
            client_ip,
            timezone,
            time_floor(__time, 'PT12H'))
WHERE client_ip IN ('107.13.54.103',
                    '99.9.55.22');
+--------------+---------------+----------+---------------------+-----+
| server_ip    | client_ip     | timezone | t                   | c   |
+--------------+---------------+----------+---------------------+-----+
| 172.31.11.5  | 107.13.54.103 | EDT      | 2019-08-25 00:00:00 | EDT |
| 172.31.11.5  | 107.13.54.103 | EDT      | 2019-08-25 12:00:00 | EDT |
| 172.31.11.5  | 107.13.54.103 | N/A      | 2019-08-25 12:00:00 | EDT |
| 172.31.11.5  | 99.9.55.22    | N/A      | 2019-08-25 12:00:00 | N/A |
| 172.31.57.89 | 107.13.54.103 | EDT      | 2019-08-25 00:00:00 | EDT |
| 172.31.57.89 | 107.13.54.103 | EDT      | 2019-08-25 12:00:00 | EDT |
| 172.31.57.89 | 107.13.54.103 | N/A      | 2019-08-25 12:00:00 | EDT |
| 172.31.57.89 | 99.9.55.22    | N/A      | 2019-08-25 12:00:00 | N/A |
+--------------+---------------+----------+---------------------+-----+
(8 rows)

!ok

#-------------------------------------------------------------------------
# TESTCASE: test_basics_test_window_funcs TEST_ID: A11_W1_G1_Q2
#-------------------------------------------------------------------------
SELECT server_ip,
       client_ip,
       timezone,
       cast(time_floor(__time, 'PT12H') AS char) t,
       first_value(timezone) OVER w AS c
FROM
  (SELECT server_ip,
          client_ip,
          timezone,
          time_floor(__time, 'PT12H') __time,
          count(*)
   FROM test_win
   GROUP BY server_ip,
            client_ip,
            timezone,
            time_floor(__time, 'PT12H'))
WHERE client_ip IN ('107.13.54.103',
                    '99.9.55.22') WINDOW w AS (PARTITION BY client_ip
                                               ORDER BY server_ip,
                                                        timezone,
                                                        time_floor(__time, 'PT12H'));
+--------------+---------------+----------+---------------------+-----+
| server_ip    | client_ip     | timezone | t                   | c   |
+--------------+---------------+----------+---------------------+-----+
| 172.31.11.5  | 107.13.54.103 | EDT      | 2019-08-25 00:00:00 | EDT |
| 172.31.11.5  | 107.13.54.103 | EDT      | 2019-08-25 12:00:00 | EDT |
| 172.31.11.5  | 107.13.54.103 | N/A      | 2019-08-25 12:00:00 | EDT |
| 172.31.11.5  | 99.9.55.22    | N/A      | 2019-08-25 12:00:00 | N/A |
| 172.31.57.89 | 107.13.54.103 | EDT      | 2019-08-25 00:00:00 | EDT |
| 172.31.57.89 | 107.13.54.103 | EDT      | 2019-08-25 12:00:00 | EDT |
| 172.31.57.89 | 107.13.54.103 | N/A      | 2019-08-25 12:00:00 | EDT |
| 172.31.57.89 | 99.9.55.22    | N/A      | 2019-08-25 12:00:00 | N/A |
+--------------+---------------+----------+---------------------+-----+
(8 rows)

!ok

#-------------------------------------------------------------------------
# TESTCASE: test_basics_test_window_funcs TEST_ID: A11_W1_G2_Q1
#-------------------------------------------------------------------------
SELECT server_ip,
       client_ip,
       timezone,
       cast(time_floor(__time, 'PT12H') AS char) t,
       first_value(timezone) OVER (PARTITION BY client_ip
                                   ORDER BY server_ip, timezone, time_floor(__time, 'PT12H')) AS c
FROM test_win
WHERE client_ip IN ('107.13.54.103',
                    '99.9.55.22')
GROUP BY server_ip,
         client_ip,
         timezone,
         time_floor(__time, 'PT12H');
+--------------+---------------+----------+---------------------+-----+
| server_ip    | client_ip     | timezone | t                   | c   |
+--------------+---------------+----------+---------------------+-----+
| 172.31.11.5  | 107.13.54.103 | EDT      | 2019-08-25 00:00:00 | EDT |
| 172.31.11.5  | 107.13.54.103 | EDT      | 2019-08-25 12:00:00 | EDT |
| 172.31.11.5  | 107.13.54.103 | N/A      | 2019-08-25 12:00:00 | EDT |
| 172.31.11.5  | 99.9.55.22    | N/A      | 2019-08-25 12:00:00 | N/A |
| 172.31.57.89 | 107.13.54.103 | EDT      | 2019-08-25 00:00:00 | EDT |
| 172.31.57.89 | 107.13.54.103 | EDT      | 2019-08-25 12:00:00 | EDT |
| 172.31.57.89 | 107.13.54.103 | N/A      | 2019-08-25 12:00:00 | EDT |
| 172.31.57.89 | 99.9.55.22    | N/A      | 2019-08-25 12:00:00 | N/A |
+--------------+---------------+----------+---------------------+-----+
(8 rows)

!ok

#-------------------------------------------------------------------------
# TESTCASE: test_basics_test_window_funcs TEST_ID: A11_W1_G2_Q2
#-------------------------------------------------------------------------
SELECT server_ip,
       client_ip,
       timezone,
       cast(time_floor(__time, 'PT12H') AS char) t,
       first_value(timezone) OVER w AS c
FROM test_win
WHERE client_ip IN ('107.13.54.103',
                    '99.9.55.22')
GROUP BY server_ip,
         client_ip,
         timezone,
         time_floor(__time, 'PT12H') WINDOW w AS (PARTITION BY client_ip
                                                  ORDER BY server_ip,
                                                           timezone,
                                                           time_floor(__time, 'PT12H'));
+--------------+---------------+----------+---------------------+-----+
| server_ip    | client_ip     | timezone | t                   | c   |
+--------------+---------------+----------+---------------------+-----+
| 172.31.11.5  | 107.13.54.103 | EDT      | 2019-08-25 00:00:00 | EDT |
| 172.31.11.5  | 107.13.54.103 | EDT      | 2019-08-25 12:00:00 | EDT |
| 172.31.11.5  | 107.13.54.103 | N/A      | 2019-08-25 12:00:00 | EDT |
| 172.31.11.5  | 99.9.55.22    | N/A      | 2019-08-25 12:00:00 | N/A |
| 172.31.57.89 | 107.13.54.103 | EDT      | 2019-08-25 00:00:00 | EDT |
| 172.31.57.89 | 107.13.54.103 | EDT      | 2019-08-25 12:00:00 | EDT |
| 172.31.57.89 | 107.13.54.103 | N/A      | 2019-08-25 12:00:00 | EDT |
| 172.31.57.89 | 99.9.55.22    | N/A      | 2019-08-25 12:00:00 | N/A |
+--------------+---------------+----------+---------------------+-----+
(8 rows)

!ok

#-------------------------------------------------------------------------
# TESTCASE: test_basics_test_window_funcs TEST_ID: A11_W2_G1_Q1
#-------------------------------------------------------------------------
SELECT server_ip,
       client_ip,
       timezone,
       cast(time_floor(__time, 'PT12H') AS char) t,
       first_value(timezone) OVER (
                                   ORDER BY client_ip, server_ip, timezone, time_floor(__time, 'PT12H')) AS c
FROM
  (SELECT server_ip,
          client_ip,
          timezone,
          time_floor(__time, 'PT12H') __time,
          count(*)
   FROM test_win
   GROUP BY server_ip,
            client_ip,
            timezone,
            time_floor(__time, 'PT12H'))
WHERE client_ip IN ('107.13.54.103',
                    '99.9.55.22');
+--------------+---------------+----------+---------------------+-----+
| server_ip    | client_ip     | timezone | t                   | c   |
+--------------+---------------+----------+---------------------+-----+
| 172.31.11.5  | 107.13.54.103 | EDT      | 2019-08-25 00:00:00 | EDT |
| 172.31.11.5  | 107.13.54.103 | EDT      | 2019-08-25 12:00:00 | EDT |
| 172.31.11.5  | 107.13.54.103 | N/A      | 2019-08-25 12:00:00 | EDT |
| 172.31.11.5  | 99.9.55.22    | N/A      | 2019-08-25 12:00:00 | EDT |
| 172.31.57.89 | 107.13.54.103 | EDT      | 2019-08-25 00:00:00 | EDT |
| 172.31.57.89 | 107.13.54.103 | EDT      | 2019-08-25 12:00:00 | EDT |
| 172.31.57.89 | 107.13.54.103 | N/A      | 2019-08-25 12:00:00 | EDT |
| 172.31.57.89 | 99.9.55.22    | N/A      | 2019-08-25 12:00:00 | EDT |
+--------------+---------------+----------+---------------------+-----+
(8 rows)

!ok

#-------------------------------------------------------------------------
# TESTCASE: test_basics_test_window_funcs TEST_ID: A11_W2_G1_Q2
#-------------------------------------------------------------------------
SELECT server_ip,
       client_ip,
       timezone,
       cast(time_floor(__time, 'PT12H') AS char) t,
       first_value(timezone) OVER w AS c
FROM
  (SELECT server_ip,
          client_ip,
          timezone,
          time_floor(__time, 'PT12H') __time,
          count(*)
   FROM test_win
   GROUP BY server_ip,
            client_ip,
            timezone,
            time_floor(__time, 'PT12H'))
WHERE client_ip IN ('107.13.54.103',
                    '99.9.55.22') WINDOW w AS (
                                               ORDER BY client_ip,
                                                        server_ip,
                                                        timezone,
                                                        time_floor(__time, 'PT12H'));
+--------------+---------------+----------+---------------------+-----+
| server_ip    | client_ip     | timezone | t                   | c   |
+--------------+---------------+----------+---------------------+-----+
| 172.31.11.5  | 107.13.54.103 | EDT      | 2019-08-25 00:00:00 | EDT |
| 172.31.11.5  | 107.13.54.103 | EDT      | 2019-08-25 12:00:00 | EDT |
| 172.31.11.5  | 107.13.54.103 | N/A      | 2019-08-25 12:00:00 | EDT |
| 172.31.11.5  | 99.9.55.22    | N/A      | 2019-08-25 12:00:00 | EDT |
| 172.31.57.89 | 107.13.54.103 | EDT      | 2019-08-25 00:00:00 | EDT |
| 172.31.57.89 | 107.13.54.103 | EDT      | 2019-08-25 12:00:00 | EDT |
| 172.31.57.89 | 107.13.54.103 | N/A      | 2019-08-25 12:00:00 | EDT |
| 172.31.57.89 | 99.9.55.22    | N/A      | 2019-08-25 12:00:00 | EDT |
+--------------+---------------+----------+---------------------+-----+
(8 rows)

!ok

#-------------------------------------------------------------------------
# TESTCASE: test_basics_test_window_funcs TEST_ID: A11_W2_G2_Q1
#-------------------------------------------------------------------------
SELECT server_ip,
       client_ip,
       timezone,
       cast(time_floor(__time, 'PT12H') AS char) t,
       first_value(timezone) OVER (
                                   ORDER BY client_ip, server_ip, timezone, time_floor(__time, 'PT12H')) AS c
FROM test_win
WHERE client_ip IN ('107.13.54.103',
                    '99.9.55.22')
GROUP BY server_ip,
         client_ip,
         timezone,
         time_floor(__time, 'PT12H');
+--------------+---------------+----------+---------------------+-----+
| server_ip    | client_ip     | timezone | t                   | c   |
+--------------+---------------+----------+---------------------+-----+
| 172.31.11.5  | 107.13.54.103 | EDT      | 2019-08-25 00:00:00 | EDT |
| 172.31.11.5  | 107.13.54.103 | EDT      | 2019-08-25 12:00:00 | EDT |
| 172.31.11.5  | 107.13.54.103 | N/A      | 2019-08-25 12:00:00 | EDT |
| 172.31.11.5  | 99.9.55.22    | N/A      | 2019-08-25 12:00:00 | EDT |
| 172.31.57.89 | 107.13.54.103 | EDT      | 2019-08-25 00:00:00 | EDT |
| 172.31.57.89 | 107.13.54.103 | EDT      | 2019-08-25 12:00:00 | EDT |
| 172.31.57.89 | 107.13.54.103 | N/A      | 2019-08-25 12:00:00 | EDT |
| 172.31.57.89 | 99.9.55.22    | N/A      | 2019-08-25 12:00:00 | EDT |
+--------------+---------------+----------+---------------------+-----+
(8 rows)

!ok

#-------------------------------------------------------------------------
# TESTCASE: test_basics_test_window_funcs TEST_ID: A11_W2_G2_Q2
#-------------------------------------------------------------------------
SELECT server_ip,
       client_ip,
       timezone,
       cast(time_floor(__time, 'PT12H') AS char) t,
       first_value(timezone) OVER w AS c
FROM test_win
WHERE client_ip IN ('107.13.54.103',
                    '99.9.55.22')
GROUP BY server_ip,
         client_ip,
         timezone,
         time_floor(__time, 'PT12H') WINDOW w AS (
                                                  ORDER BY client_ip,
                                                           server_ip,
                                                           timezone,
                                                           time_floor(__time, 'PT12H'));
+--------------+---------------+----------+---------------------+-----+
| server_ip    | client_ip     | timezone | t                   | c   |
+--------------+---------------+----------+---------------------+-----+
| 172.31.11.5  | 107.13.54.103 | EDT      | 2019-08-25 00:00:00 | EDT |
| 172.31.11.5  | 107.13.54.103 | EDT      | 2019-08-25 12:00:00 | EDT |
| 172.31.11.5  | 107.13.54.103 | N/A      | 2019-08-25 12:00:00 | EDT |
| 172.31.11.5  | 99.9.55.22    | N/A      | 2019-08-25 12:00:00 | EDT |
| 172.31.57.89 | 107.13.54.103 | EDT      | 2019-08-25 00:00:00 | EDT |
| 172.31.57.89 | 107.13.54.103 | EDT      | 2019-08-25 12:00:00 | EDT |
| 172.31.57.89 | 107.13.54.103 | N/A      | 2019-08-25 12:00:00 | EDT |
| 172.31.57.89 | 99.9.55.22    | N/A      | 2019-08-25 12:00:00 | EDT |
+--------------+---------------+----------+---------------------+-----+
(8 rows)

!ok

#-------------------------------------------------------------------------
# TESTCASE: test_basics_test_window_funcs TEST_ID: A12_W1_G1_Q1
#-------------------------------------------------------------------------
SELECT server_ip,
       client_ip,
       timezone,
       cast(time_floor(__time, 'PT12H') AS char) t,
       last_value(timezone) OVER (PARTITION BY client_ip
                                  ORDER BY server_ip, timezone, time_floor(__time, 'PT12H')) AS c
FROM
  (SELECT server_ip,
          client_ip,
          timezone,
          time_floor(__time, 'PT12H') __time,
          count(*)
   FROM test_win
   GROUP BY server_ip,
            client_ip,
            timezone,
            time_floor(__time, 'PT12H'))
WHERE client_ip IN ('107.13.54.103',
                    '99.9.55.22');
+--------------+---------------+----------+---------------------+-----+
| server_ip    | client_ip     | timezone | t                   | c   |
+--------------+---------------+----------+---------------------+-----+
| 172.31.11.5  | 107.13.54.103 | EDT      | 2019-08-25 00:00:00 | EDT |
| 172.31.11.5  | 107.13.54.103 | EDT      | 2019-08-25 12:00:00 | EDT |
| 172.31.11.5  | 107.13.54.103 | N/A      | 2019-08-25 12:00:00 | N/A |
| 172.31.11.5  | 99.9.55.22    | N/A      | 2019-08-25 12:00:00 | N/A |
| 172.31.57.89 | 107.13.54.103 | EDT      | 2019-08-25 00:00:00 | EDT |
| 172.31.57.89 | 107.13.54.103 | EDT      | 2019-08-25 12:00:00 | EDT |
| 172.31.57.89 | 107.13.54.103 | N/A      | 2019-08-25 12:00:00 | N/A |
| 172.31.57.89 | 99.9.55.22    | N/A      | 2019-08-25 12:00:00 | N/A |
+--------------+---------------+----------+---------------------+-----+
(8 rows)

!ok

#-------------------------------------------------------------------------
# TESTCASE: test_basics_test_window_funcs TEST_ID: A12_W1_G1_Q2
#-------------------------------------------------------------------------
SELECT server_ip,
       client_ip,
       timezone,
       cast(time_floor(__time, 'PT12H') AS char) t,
       last_value(timezone) OVER w AS c
FROM
  (SELECT server_ip,
          client_ip,
          timezone,
          time_floor(__time, 'PT12H') __time,
          count(*)
   FROM test_win
   GROUP BY server_ip,
            client_ip,
            timezone,
            time_floor(__time, 'PT12H'))
WHERE client_ip IN ('107.13.54.103',
                    '99.9.55.22') WINDOW w AS (PARTITION BY client_ip
                                               ORDER BY server_ip,
                                                        timezone,
                                                        time_floor(__time, 'PT12H'));
+--------------+---------------+----------+---------------------+-----+
| server_ip    | client_ip     | timezone | t                   | c   |
+--------------+---------------+----------+---------------------+-----+
| 172.31.11.5  | 107.13.54.103 | EDT      | 2019-08-25 00:00:00 | EDT |
| 172.31.11.5  | 107.13.54.103 | EDT      | 2019-08-25 12:00:00 | EDT |
| 172.31.11.5  | 107.13.54.103 | N/A      | 2019-08-25 12:00:00 | N/A |
| 172.31.11.5  | 99.9.55.22    | N/A      | 2019-08-25 12:00:00 | N/A |
| 172.31.57.89 | 107.13.54.103 | EDT      | 2019-08-25 00:00:00 | EDT |
| 172.31.57.89 | 107.13.54.103 | EDT      | 2019-08-25 12:00:00 | EDT |
| 172.31.57.89 | 107.13.54.103 | N/A      | 2019-08-25 12:00:00 | N/A |
| 172.31.57.89 | 99.9.55.22    | N/A      | 2019-08-25 12:00:00 | N/A |
+--------------+---------------+----------+---------------------+-----+
(8 rows)

!ok

#-------------------------------------------------------------------------
# TESTCASE: test_basics_test_window_funcs TEST_ID: A12_W1_G2_Q1
#-------------------------------------------------------------------------
SELECT server_ip,
       client_ip,
       timezone,
       cast(time_floor(__time, 'PT12H') AS char) t,
       last_value(timezone) OVER (PARTITION BY client_ip
                                  ORDER BY server_ip, timezone, time_floor(__time, 'PT12H')) AS c
FROM test_win
WHERE client_ip IN ('107.13.54.103',
                    '99.9.55.22')
GROUP BY server_ip,
         client_ip,
         timezone,
         time_floor(__time, 'PT12H');
+--------------+---------------+----------+---------------------+-----+
| server_ip    | client_ip     | timezone | t                   | c   |
+--------------+---------------+----------+---------------------+-----+
| 172.31.11.5  | 107.13.54.103 | EDT      | 2019-08-25 00:00:00 | EDT |
| 172.31.11.5  | 107.13.54.103 | EDT      | 2019-08-25 12:00:00 | EDT |
| 172.31.11.5  | 107.13.54.103 | N/A      | 2019-08-25 12:00:00 | N/A |
| 172.31.11.5  | 99.9.55.22    | N/A      | 2019-08-25 12:00:00 | N/A |
| 172.31.57.89 | 107.13.54.103 | EDT      | 2019-08-25 00:00:00 | EDT |
| 172.31.57.89 | 107.13.54.103 | EDT      | 2019-08-25 12:00:00 | EDT |
| 172.31.57.89 | 107.13.54.103 | N/A      | 2019-08-25 12:00:00 | N/A |
| 172.31.57.89 | 99.9.55.22    | N/A      | 2019-08-25 12:00:00 | N/A |
+--------------+---------------+----------+---------------------+-----+
(8 rows)

!ok

#-------------------------------------------------------------------------
# TESTCASE: test_basics_test_window_funcs TEST_ID: A12_W1_G2_Q2
#-------------------------------------------------------------------------
SELECT server_ip,
       client_ip,
       timezone,
       cast(time_floor(__time, 'PT12H') AS char) t,
       last_value(timezone) OVER w AS c
FROM test_win
WHERE client_ip IN ('107.13.54.103',
                    '99.9.55.22')
GROUP BY server_ip,
         client_ip,
         timezone,
         time_floor(__time, 'PT12H') WINDOW w AS (PARTITION BY client_ip
                                                  ORDER BY server_ip,
                                                           timezone,
                                                           time_floor(__time, 'PT12H'));
+--------------+---------------+----------+---------------------+-----+
| server_ip    | client_ip     | timezone | t                   | c   |
+--------------+---------------+----------+---------------------+-----+
| 172.31.11.5  | 107.13.54.103 | EDT      | 2019-08-25 00:00:00 | EDT |
| 172.31.11.5  | 107.13.54.103 | EDT      | 2019-08-25 12:00:00 | EDT |
| 172.31.11.5  | 107.13.54.103 | N/A      | 2019-08-25 12:00:00 | N/A |
| 172.31.11.5  | 99.9.55.22    | N/A      | 2019-08-25 12:00:00 | N/A |
| 172.31.57.89 | 107.13.54.103 | EDT      | 2019-08-25 00:00:00 | EDT |
| 172.31.57.89 | 107.13.54.103 | EDT      | 2019-08-25 12:00:00 | EDT |
| 172.31.57.89 | 107.13.54.103 | N/A      | 2019-08-25 12:00:00 | N/A |
| 172.31.57.89 | 99.9.55.22    | N/A      | 2019-08-25 12:00:00 | N/A |
+--------------+---------------+----------+---------------------+-----+
(8 rows)

!ok

#-------------------------------------------------------------------------
# TESTCASE: test_basics_test_window_funcs TEST_ID: A12_W2_G1_Q1
#-------------------------------------------------------------------------
SELECT server_ip,
       client_ip,
       timezone,
       cast(time_floor(__time, 'PT12H') AS char) t,
       last_value(timezone) OVER (
                                  ORDER BY client_ip, server_ip, timezone, time_floor(__time, 'PT12H')) AS c
FROM
  (SELECT server_ip,
          client_ip,
          timezone,
          time_floor(__time, 'PT12H') __time,
          count(*)
   FROM test_win
   GROUP BY server_ip,
            client_ip,
            timezone,
            time_floor(__time, 'PT12H'))
WHERE client_ip IN ('107.13.54.103',
                    '99.9.55.22');
+--------------+---------------+----------+---------------------+-----+
| server_ip    | client_ip     | timezone | t                   | c   |
+--------------+---------------+----------+---------------------+-----+
| 172.31.11.5  | 107.13.54.103 | EDT      | 2019-08-25 00:00:00 | EDT |
| 172.31.11.5  | 107.13.54.103 | EDT      | 2019-08-25 12:00:00 | EDT |
| 172.31.11.5  | 107.13.54.103 | N/A      | 2019-08-25 12:00:00 | N/A |
| 172.31.11.5  | 99.9.55.22    | N/A      | 2019-08-25 12:00:00 | N/A |
| 172.31.57.89 | 107.13.54.103 | EDT      | 2019-08-25 00:00:00 | EDT |
| 172.31.57.89 | 107.13.54.103 | EDT      | 2019-08-25 12:00:00 | EDT |
| 172.31.57.89 | 107.13.54.103 | N/A      | 2019-08-25 12:00:00 | N/A |
| 172.31.57.89 | 99.9.55.22    | N/A      | 2019-08-25 12:00:00 | N/A |
+--------------+---------------+----------+---------------------+-----+
(8 rows)

!ok

#-------------------------------------------------------------------------
# TESTCASE: test_basics_test_window_funcs TEST_ID: A12_W2_G1_Q2
#-------------------------------------------------------------------------
SELECT server_ip,
       client_ip,
       timezone,
       cast(time_floor(__time, 'PT12H') AS char) t,
       last_value(timezone) OVER w AS c
FROM
  (SELECT server_ip,
          client_ip,
          timezone,
          time_floor(__time, 'PT12H') __time,
          count(*)
   FROM test_win
   GROUP BY server_ip,
            client_ip,
            timezone,
            time_floor(__time, 'PT12H'))
WHERE client_ip IN ('107.13.54.103',
                    '99.9.55.22') WINDOW w AS (
                                               ORDER BY client_ip,
                                                        server_ip,
                                                        timezone,
                                                        time_floor(__time, 'PT12H'));
+--------------+---------------+----------+---------------------+-----+
| server_ip    | client_ip     | timezone | t                   | c   |
+--------------+---------------+----------+---------------------+-----+
| 172.31.11.5  | 107.13.54.103 | EDT      | 2019-08-25 00:00:00 | EDT |
| 172.31.11.5  | 107.13.54.103 | EDT      | 2019-08-25 12:00:00 | EDT |
| 172.31.11.5  | 107.13.54.103 | N/A      | 2019-08-25 12:00:00 | N/A |
| 172.31.11.5  | 99.9.55.22    | N/A      | 2019-08-25 12:00:00 | N/A |
| 172.31.57.89 | 107.13.54.103 | EDT      | 2019-08-25 00:00:00 | EDT |
| 172.31.57.89 | 107.13.54.103 | EDT      | 2019-08-25 12:00:00 | EDT |
| 172.31.57.89 | 107.13.54.103 | N/A      | 2019-08-25 12:00:00 | N/A |
| 172.31.57.89 | 99.9.55.22    | N/A      | 2019-08-25 12:00:00 | N/A |
+--------------+---------------+----------+---------------------+-----+
(8 rows)

!ok

#-------------------------------------------------------------------------
# TESTCASE: test_basics_test_window_funcs TEST_ID: A12_W2_G2_Q1
#-------------------------------------------------------------------------
SELECT server_ip,
       client_ip,
       timezone,
       cast(time_floor(__time, 'PT12H') AS char) t,
       last_value(timezone) OVER (
                                  ORDER BY client_ip, server_ip, timezone, time_floor(__time, 'PT12H')) AS c
FROM test_win
WHERE client_ip IN ('107.13.54.103',
                    '99.9.55.22')
GROUP BY server_ip,
         client_ip,
         timezone,
         time_floor(__time, 'PT12H');
+--------------+---------------+----------+---------------------+-----+
| server_ip    | client_ip     | timezone | t                   | c   |
+--------------+---------------+----------+---------------------+-----+
| 172.31.11.5  | 107.13.54.103 | EDT      | 2019-08-25 00:00:00 | EDT |
| 172.31.11.5  | 107.13.54.103 | EDT      | 2019-08-25 12:00:00 | EDT |
| 172.31.11.5  | 107.13.54.103 | N/A      | 2019-08-25 12:00:00 | N/A |
| 172.31.11.5  | 99.9.55.22    | N/A      | 2019-08-25 12:00:00 | N/A |
| 172.31.57.89 | 107.13.54.103 | EDT      | 2019-08-25 00:00:00 | EDT |
| 172.31.57.89 | 107.13.54.103 | EDT      | 2019-08-25 12:00:00 | EDT |
| 172.31.57.89 | 107.13.54.103 | N/A      | 2019-08-25 12:00:00 | N/A |
| 172.31.57.89 | 99.9.55.22    | N/A      | 2019-08-25 12:00:00 | N/A |
+--------------+---------------+----------+---------------------+-----+
(8 rows)

!ok

#-------------------------------------------------------------------------
# TESTCASE: test_basics_test_window_funcs TEST_ID: A12_W2_G2_Q2
#-------------------------------------------------------------------------
SELECT server_ip,
       client_ip,
       timezone,
       cast(time_floor(__time, 'PT12H') AS char) t,
       last_value(timezone) OVER w AS c
FROM test_win
WHERE client_ip IN ('107.13.54.103',
                    '99.9.55.22')
GROUP BY server_ip,
         client_ip,
         timezone,
         time_floor(__time, 'PT12H') WINDOW w AS (
                                                  ORDER BY client_ip,
                                                           server_ip,
                                                           timezone,
                                                           time_floor(__time, 'PT12H'));
+--------------+---------------+----------+---------------------+-----+
| server_ip    | client_ip     | timezone | t                   | c   |
+--------------+---------------+----------+---------------------+-----+
| 172.31.11.5  | 107.13.54.103 | EDT      | 2019-08-25 00:00:00 | EDT |
| 172.31.11.5  | 107.13.54.103 | EDT      | 2019-08-25 12:00:00 | EDT |
| 172.31.11.5  | 107.13.54.103 | N/A      | 2019-08-25 12:00:00 | N/A |
| 172.31.11.5  | 99.9.55.22    | N/A      | 2019-08-25 12:00:00 | N/A |
| 172.31.57.89 | 107.13.54.103 | EDT      | 2019-08-25 00:00:00 | EDT |
| 172.31.57.89 | 107.13.54.103 | EDT      | 2019-08-25 12:00:00 | EDT |
| 172.31.57.89 | 107.13.54.103 | N/A      | 2019-08-25 12:00:00 | N/A |
| 172.31.57.89 | 99.9.55.22    | N/A      | 2019-08-25 12:00:00 | N/A |
+--------------+---------------+----------+---------------------+-----+
(8 rows)

!ok

