!set dartQueryId 00000000-0000-0000-0000-000000000000
!set useApproximateCountDistinct false
!use druidtest://?componentSupplier=StandardAndMSQComponentSupplier&datasets=sql/src/test/quidem/qatests/qaWin
!set outputformat mysql
#-------------------------------------------------------------------------
# TESTCASE: test_basics_test_order_by_basic TEST_ID: SEL_DATASOURCE
#-------------------------------------------------------------------------
SELECT count(*) cnt
FROM test_win
WHERE client_ip IN ('107.13.54.103',
                    '99.9.55.22');
+-----+
| cnt |
+-----+
| 768 |
+-----+
(1 row)

!ok

#-------------------------------------------------------------------------
# TESTCASE: test_basics_test_order_by_basic TEST_ID: A1_G1_Q1
#-------------------------------------------------------------------------
SELECT server_ip,
       client_ip,
       timezone,
       cast(time_floor(__time, 'PT12H') AS char) t,
       count(timezone) OVER (PARTITION BY client_ip) AS c
FROM
  (SELECT server_ip,
          client_ip,
          timezone,
          time_floor(__time, 'PT12H') __time,
          count(*)
   FROM test_win
   GROUP BY server_ip,
            client_ip,
            timezone,
            time_floor(__time, 'PT12H'))
WHERE client_ip IN ('107.13.54.103',
                    '99.9.55.22');
+--------------+---------------+----------+---------------------+---+
| server_ip    | client_ip     | timezone | t                   | c |
+--------------+---------------+----------+---------------------+---+
| 172.31.11.5  | 107.13.54.103 | EDT      | 2019-08-25 00:00:00 | 6 |
| 172.31.11.5  | 107.13.54.103 | EDT      | 2019-08-25 12:00:00 | 6 |
| 172.31.11.5  | 107.13.54.103 | N/A      | 2019-08-25 12:00:00 | 6 |
| 172.31.11.5  | 99.9.55.22    | N/A      | 2019-08-25 12:00:00 | 2 |
| 172.31.57.89 | 107.13.54.103 | EDT      | 2019-08-25 00:00:00 | 6 |
| 172.31.57.89 | 107.13.54.103 | EDT      | 2019-08-25 12:00:00 | 6 |
| 172.31.57.89 | 107.13.54.103 | N/A      | 2019-08-25 12:00:00 | 6 |
| 172.31.57.89 | 99.9.55.22    | N/A      | 2019-08-25 12:00:00 | 2 |
+--------------+---------------+----------+---------------------+---+
(8 rows)

!ok

#-------------------------------------------------------------------------
# TESTCASE: test_basics_test_order_by_basic TEST_ID: A1_G1_Q2
#-------------------------------------------------------------------------
SELECT server_ip,
       client_ip,
       timezone,
       cast(time_floor(__time, 'PT12H') AS char) t,
       count(timezone) OVER w AS c
FROM
  (SELECT server_ip,
          client_ip,
          timezone,
          time_floor(__time, 'PT12H') __time,
          count(*)
   FROM test_win
   GROUP BY server_ip,
            client_ip,
            timezone,
            time_floor(__time, 'PT12H'))
WHERE client_ip IN ('107.13.54.103',
                    '99.9.55.22') WINDOW w AS (PARTITION BY client_ip);
+--------------+---------------+----------+---------------------+---+
| server_ip    | client_ip     | timezone | t                   | c |
+--------------+---------------+----------+---------------------+---+
| 172.31.11.5  | 107.13.54.103 | EDT      | 2019-08-25 00:00:00 | 6 |
| 172.31.11.5  | 107.13.54.103 | EDT      | 2019-08-25 12:00:00 | 6 |
| 172.31.11.5  | 107.13.54.103 | N/A      | 2019-08-25 12:00:00 | 6 |
| 172.31.11.5  | 99.9.55.22    | N/A      | 2019-08-25 12:00:00 | 2 |
| 172.31.57.89 | 107.13.54.103 | EDT      | 2019-08-25 00:00:00 | 6 |
| 172.31.57.89 | 107.13.54.103 | EDT      | 2019-08-25 12:00:00 | 6 |
| 172.31.57.89 | 107.13.54.103 | N/A      | 2019-08-25 12:00:00 | 6 |
| 172.31.57.89 | 99.9.55.22    | N/A      | 2019-08-25 12:00:00 | 2 |
+--------------+---------------+----------+---------------------+---+
(8 rows)

!ok

#-------------------------------------------------------------------------
# TESTCASE: test_basics_test_order_by_basic TEST_ID: A1_G2_Q1
#-------------------------------------------------------------------------
SELECT server_ip,
       client_ip,
       timezone,
       cast(time_floor(__time, 'PT12H') AS char) t,
       count(timezone) OVER (PARTITION BY client_ip) AS c
FROM test_win
WHERE client_ip IN ('107.13.54.103',
                    '99.9.55.22')
GROUP BY server_ip,
         client_ip,
         timezone,
         time_floor(__time, 'PT12H');
+--------------+---------------+----------+---------------------+---+
| server_ip    | client_ip     | timezone | t                   | c |
+--------------+---------------+----------+---------------------+---+
| 172.31.11.5  | 107.13.54.103 | EDT      | 2019-08-25 00:00:00 | 6 |
| 172.31.11.5  | 107.13.54.103 | EDT      | 2019-08-25 12:00:00 | 6 |
| 172.31.11.5  | 107.13.54.103 | N/A      | 2019-08-25 12:00:00 | 6 |
| 172.31.11.5  | 99.9.55.22    | N/A      | 2019-08-25 12:00:00 | 2 |
| 172.31.57.89 | 107.13.54.103 | EDT      | 2019-08-25 00:00:00 | 6 |
| 172.31.57.89 | 107.13.54.103 | EDT      | 2019-08-25 12:00:00 | 6 |
| 172.31.57.89 | 107.13.54.103 | N/A      | 2019-08-25 12:00:00 | 6 |
| 172.31.57.89 | 99.9.55.22    | N/A      | 2019-08-25 12:00:00 | 2 |
+--------------+---------------+----------+---------------------+---+
(8 rows)

!ok

#-------------------------------------------------------------------------
# TESTCASE: test_basics_test_order_by_basic TEST_ID: A1_G2_Q2
#-------------------------------------------------------------------------
SELECT server_ip,
       client_ip,
       timezone,
       cast(time_floor(__time, 'PT12H') AS char) t,
       count(timezone) OVER w AS c
FROM test_win
WHERE client_ip IN ('107.13.54.103',
                    '99.9.55.22')
GROUP BY server_ip,
         client_ip,
         timezone,
         time_floor(__time, 'PT12H') WINDOW w AS (PARTITION BY client_ip);
+--------------+---------------+----------+---------------------+---+
| server_ip    | client_ip     | timezone | t                   | c |
+--------------+---------------+----------+---------------------+---+
| 172.31.11.5  | 107.13.54.103 | EDT      | 2019-08-25 00:00:00 | 6 |
| 172.31.11.5  | 107.13.54.103 | EDT      | 2019-08-25 12:00:00 | 6 |
| 172.31.11.5  | 107.13.54.103 | N/A      | 2019-08-25 12:00:00 | 6 |
| 172.31.11.5  | 99.9.55.22    | N/A      | 2019-08-25 12:00:00 | 2 |
| 172.31.57.89 | 107.13.54.103 | EDT      | 2019-08-25 00:00:00 | 6 |
| 172.31.57.89 | 107.13.54.103 | EDT      | 2019-08-25 12:00:00 | 6 |
| 172.31.57.89 | 107.13.54.103 | N/A      | 2019-08-25 12:00:00 | 6 |
| 172.31.57.89 | 99.9.55.22    | N/A      | 2019-08-25 12:00:00 | 2 |
+--------------+---------------+----------+---------------------+---+
(8 rows)

!ok

#-------------------------------------------------------------------------
# TESTCASE: test_basics_test_order_by_basic TEST_ID: A2_G1_Q1
#-------------------------------------------------------------------------
SELECT server_ip,
       client_ip,
       timezone,
       cast(time_floor(__time, 'PT12H') AS char) t,
       row_number() OVER (
                          ORDER BY app_version) AS c
FROM
  (SELECT server_ip,
          client_ip,
          timezone,
          time_floor(__time, 'PT12H') __time,
          count(*)
   FROM test_win
   GROUP BY server_ip,
            client_ip,
            timezone,
            time_floor(__time, 'PT12H'))
WHERE client_ip IN ('107.13.54.103',
                    '99.9.55.22');
QueryInterruptedException
!error

#-------------------------------------------------------------------------
# TESTCASE: test_basics_test_order_by_basic TEST_ID: A2_G1_Q2
#-------------------------------------------------------------------------
SELECT server_ip,
       client_ip,
       timezone,
       cast(time_floor(__time, 'PT12H') AS char) t,
       row_number() OVER w AS c
FROM
  (SELECT server_ip,
          client_ip,
          timezone,
          time_floor(__time, 'PT12H') __time,
          count(*)
   FROM test_win
   GROUP BY server_ip,
            client_ip,
            timezone,
            time_floor(__time, 'PT12H'))
WHERE client_ip IN ('107.13.54.103',
                    '99.9.55.22') WINDOW w AS (
                                               ORDER BY app_version);
QueryInterruptedException
!error

#-------------------------------------------------------------------------
# TESTCASE: test_basics_test_order_by_basic TEST_ID: A2_G2_Q1
#-------------------------------------------------------------------------
SELECT server_ip,
       client_ip,
       timezone,
       cast(time_floor(__time, 'PT12H') AS char) t,
       row_number() OVER (
                          ORDER BY app_version) AS c
FROM test_win
WHERE client_ip IN ('107.13.54.103',
                    '99.9.55.22')
GROUP BY server_ip,
         client_ip,
         timezone,
         time_floor(__time, 'PT12H');
QueryInterruptedException
!error

#-------------------------------------------------------------------------
# TESTCASE: test_basics_test_order_by_basic TEST_ID: A2_G2_Q2
#-------------------------------------------------------------------------
SELECT server_ip,
       client_ip,
       timezone,
       cast(time_floor(__time, 'PT12H') AS char) t,
       row_number() OVER w AS c
FROM test_win
WHERE client_ip IN ('107.13.54.103',
                    '99.9.55.22')
GROUP BY server_ip,
         client_ip,
         timezone,
         time_floor(__time, 'PT12H') WINDOW w AS (
                                                  ORDER BY app_version);
QueryInterruptedException
!error

#-------------------------------------------------------------------------
# TESTCASE: test_basics_test_order_by_basic TEST_ID: A3_G1_Q1
#-------------------------------------------------------------------------
SELECT server_ip,
       client_ip,
       timezone,
       cast(time_floor(__time, 'PT12H') AS char) t,
       row_number() OVER (PARTITION BY client_ip
                          ORDER BY server_ip ASC, timezone, time_floor(__time, 'PT12H')) AS c
FROM
  (SELECT server_ip,
          client_ip,
          timezone,
          time_floor(__time, 'PT12H') __time,
          count(*)
   FROM test_win
   GROUP BY server_ip,
            client_ip,
            timezone,
            time_floor(__time, 'PT12H'))
WHERE client_ip IN ('107.13.54.103',
                    '99.9.55.22');
+--------------+---------------+----------+---------------------+---+
| server_ip    | client_ip     | timezone | t                   | c |
+--------------+---------------+----------+---------------------+---+
| 172.31.11.5  | 107.13.54.103 | EDT      | 2019-08-25 00:00:00 | 1 |
| 172.31.11.5  | 107.13.54.103 | EDT      | 2019-08-25 12:00:00 | 2 |
| 172.31.11.5  | 107.13.54.103 | N/A      | 2019-08-25 12:00:00 | 3 |
| 172.31.11.5  | 99.9.55.22    | N/A      | 2019-08-25 12:00:00 | 1 |
| 172.31.57.89 | 107.13.54.103 | EDT      | 2019-08-25 00:00:00 | 4 |
| 172.31.57.89 | 107.13.54.103 | EDT      | 2019-08-25 12:00:00 | 5 |
| 172.31.57.89 | 107.13.54.103 | N/A      | 2019-08-25 12:00:00 | 6 |
| 172.31.57.89 | 99.9.55.22    | N/A      | 2019-08-25 12:00:00 | 2 |
+--------------+---------------+----------+---------------------+---+
(8 rows)

!ok

#-------------------------------------------------------------------------
# TESTCASE: test_basics_test_order_by_basic TEST_ID: A3_G1_Q2
#-------------------------------------------------------------------------
SELECT server_ip,
       client_ip,
       timezone,
       cast(time_floor(__time, 'PT12H') AS char) t,
       row_number() OVER w AS c
FROM
  (SELECT server_ip,
          client_ip,
          timezone,
          time_floor(__time, 'PT12H') __time,
          count(*)
   FROM test_win
   GROUP BY server_ip,
            client_ip,
            timezone,
            time_floor(__time, 'PT12H'))
WHERE client_ip IN ('107.13.54.103',
                    '99.9.55.22') WINDOW w AS (PARTITION BY client_ip
                                               ORDER BY server_ip ASC,
                                                        timezone,
                                                        time_floor(__time, 'PT12H'));
+--------------+---------------+----------+---------------------+---+
| server_ip    | client_ip     | timezone | t                   | c |
+--------------+---------------+----------+---------------------+---+
| 172.31.11.5  | 107.13.54.103 | EDT      | 2019-08-25 00:00:00 | 1 |
| 172.31.11.5  | 107.13.54.103 | EDT      | 2019-08-25 12:00:00 | 2 |
| 172.31.11.5  | 107.13.54.103 | N/A      | 2019-08-25 12:00:00 | 3 |
| 172.31.11.5  | 99.9.55.22    | N/A      | 2019-08-25 12:00:00 | 1 |
| 172.31.57.89 | 107.13.54.103 | EDT      | 2019-08-25 00:00:00 | 4 |
| 172.31.57.89 | 107.13.54.103 | EDT      | 2019-08-25 12:00:00 | 5 |
| 172.31.57.89 | 107.13.54.103 | N/A      | 2019-08-25 12:00:00 | 6 |
| 172.31.57.89 | 99.9.55.22    | N/A      | 2019-08-25 12:00:00 | 2 |
+--------------+---------------+----------+---------------------+---+
(8 rows)

!ok

#-------------------------------------------------------------------------
# TESTCASE: test_basics_test_order_by_basic TEST_ID: A3_G2_Q1
#-------------------------------------------------------------------------
SELECT server_ip,
       client_ip,
       timezone,
       cast(time_floor(__time, 'PT12H') AS char) t,
       row_number() OVER (PARTITION BY client_ip
                          ORDER BY server_ip ASC, timezone, time_floor(__time, 'PT12H')) AS c
FROM test_win
WHERE client_ip IN ('107.13.54.103',
                    '99.9.55.22')
GROUP BY server_ip,
         client_ip,
         timezone,
         time_floor(__time, 'PT12H');
+--------------+---------------+----------+---------------------+---+
| server_ip    | client_ip     | timezone | t                   | c |
+--------------+---------------+----------+---------------------+---+
| 172.31.11.5  | 107.13.54.103 | EDT      | 2019-08-25 00:00:00 | 1 |
| 172.31.11.5  | 107.13.54.103 | EDT      | 2019-08-25 12:00:00 | 2 |
| 172.31.11.5  | 107.13.54.103 | N/A      | 2019-08-25 12:00:00 | 3 |
| 172.31.11.5  | 99.9.55.22    | N/A      | 2019-08-25 12:00:00 | 1 |
| 172.31.57.89 | 107.13.54.103 | EDT      | 2019-08-25 00:00:00 | 4 |
| 172.31.57.89 | 107.13.54.103 | EDT      | 2019-08-25 12:00:00 | 5 |
| 172.31.57.89 | 107.13.54.103 | N/A      | 2019-08-25 12:00:00 | 6 |
| 172.31.57.89 | 99.9.55.22    | N/A      | 2019-08-25 12:00:00 | 2 |
+--------------+---------------+----------+---------------------+---+
(8 rows)

!ok

#-------------------------------------------------------------------------
# TESTCASE: test_basics_test_order_by_basic TEST_ID: A3_G2_Q2
#-------------------------------------------------------------------------
SELECT server_ip,
       client_ip,
       timezone,
       cast(time_floor(__time, 'PT12H') AS char) t,
       row_number() OVER w AS c
FROM test_win
WHERE client_ip IN ('107.13.54.103',
                    '99.9.55.22')
GROUP BY server_ip,
         client_ip,
         timezone,
         time_floor(__time, 'PT12H') WINDOW w AS (PARTITION BY client_ip
                                                  ORDER BY server_ip ASC,
                                                           timezone,
                                                           time_floor(__time, 'PT12H'));
+--------------+---------------+----------+---------------------+---+
| server_ip    | client_ip     | timezone | t                   | c |
+--------------+---------------+----------+---------------------+---+
| 172.31.11.5  | 107.13.54.103 | EDT      | 2019-08-25 00:00:00 | 1 |
| 172.31.11.5  | 107.13.54.103 | EDT      | 2019-08-25 12:00:00 | 2 |
| 172.31.11.5  | 107.13.54.103 | N/A      | 2019-08-25 12:00:00 | 3 |
| 172.31.11.5  | 99.9.55.22    | N/A      | 2019-08-25 12:00:00 | 1 |
| 172.31.57.89 | 107.13.54.103 | EDT      | 2019-08-25 00:00:00 | 4 |
| 172.31.57.89 | 107.13.54.103 | EDT      | 2019-08-25 12:00:00 | 5 |
| 172.31.57.89 | 107.13.54.103 | N/A      | 2019-08-25 12:00:00 | 6 |
| 172.31.57.89 | 99.9.55.22    | N/A      | 2019-08-25 12:00:00 | 2 |
+--------------+---------------+----------+---------------------+---+
(8 rows)

!ok

#-------------------------------------------------------------------------
# TESTCASE: test_basics_test_order_by_basic TEST_ID: A4_G1_Q1
#-------------------------------------------------------------------------
SELECT server_ip,
       client_ip,
       timezone,
       cast(time_floor(__time, 'PT12H') AS char) t,
       row_number() OVER (PARTITION BY client_ip
                          ORDER BY server_ip DESC, timezone, time_floor(__time, 'PT12H')) AS c
FROM
  (SELECT server_ip,
          client_ip,
          timezone,
          time_floor(__time, 'PT12H') __time,
          count(*)
   FROM test_win
   GROUP BY server_ip,
            client_ip,
            timezone,
            time_floor(__time, 'PT12H'))
WHERE client_ip IN ('107.13.54.103',
                    '99.9.55.22');
+--------------+---------------+----------+---------------------+---+
| server_ip    | client_ip     | timezone | t                   | c |
+--------------+---------------+----------+---------------------+---+
| 172.31.11.5  | 107.13.54.103 | EDT      | 2019-08-25 00:00:00 | 4 |
| 172.31.11.5  | 107.13.54.103 | EDT      | 2019-08-25 12:00:00 | 5 |
| 172.31.11.5  | 107.13.54.103 | N/A      | 2019-08-25 12:00:00 | 6 |
| 172.31.11.5  | 99.9.55.22    | N/A      | 2019-08-25 12:00:00 | 2 |
| 172.31.57.89 | 107.13.54.103 | EDT      | 2019-08-25 00:00:00 | 1 |
| 172.31.57.89 | 107.13.54.103 | EDT      | 2019-08-25 12:00:00 | 2 |
| 172.31.57.89 | 107.13.54.103 | N/A      | 2019-08-25 12:00:00 | 3 |
| 172.31.57.89 | 99.9.55.22    | N/A      | 2019-08-25 12:00:00 | 1 |
+--------------+---------------+----------+---------------------+---+
(8 rows)

!ok

#-------------------------------------------------------------------------
# TESTCASE: test_basics_test_order_by_basic TEST_ID: A4_G1_Q2
#-------------------------------------------------------------------------
SELECT server_ip,
       client_ip,
       timezone,
       cast(time_floor(__time, 'PT12H') AS char) t,
       row_number() OVER w AS c
FROM
  (SELECT server_ip,
          client_ip,
          timezone,
          time_floor(__time, 'PT12H') __time,
          count(*)
   FROM test_win
   GROUP BY server_ip,
            client_ip,
            timezone,
            time_floor(__time, 'PT12H'))
WHERE client_ip IN ('107.13.54.103',
                    '99.9.55.22') WINDOW w AS (PARTITION BY client_ip
                                               ORDER BY server_ip DESC,
                                                        timezone,
                                                        time_floor(__time, 'PT12H'));
+--------------+---------------+----------+---------------------+---+
| server_ip    | client_ip     | timezone | t                   | c |
+--------------+---------------+----------+---------------------+---+
| 172.31.11.5  | 107.13.54.103 | EDT      | 2019-08-25 00:00:00 | 4 |
| 172.31.11.5  | 107.13.54.103 | EDT      | 2019-08-25 12:00:00 | 5 |
| 172.31.11.5  | 107.13.54.103 | N/A      | 2019-08-25 12:00:00 | 6 |
| 172.31.11.5  | 99.9.55.22    | N/A      | 2019-08-25 12:00:00 | 2 |
| 172.31.57.89 | 107.13.54.103 | EDT      | 2019-08-25 00:00:00 | 1 |
| 172.31.57.89 | 107.13.54.103 | EDT      | 2019-08-25 12:00:00 | 2 |
| 172.31.57.89 | 107.13.54.103 | N/A      | 2019-08-25 12:00:00 | 3 |
| 172.31.57.89 | 99.9.55.22    | N/A      | 2019-08-25 12:00:00 | 1 |
+--------------+---------------+----------+---------------------+---+
(8 rows)

!ok

#-------------------------------------------------------------------------
# TESTCASE: test_basics_test_order_by_basic TEST_ID: A4_G2_Q1
#-------------------------------------------------------------------------
SELECT server_ip,
       client_ip,
       timezone,
       cast(time_floor(__time, 'PT12H') AS char) t,
       row_number() OVER (PARTITION BY client_ip
                          ORDER BY server_ip DESC, timezone, time_floor(__time, 'PT12H')) AS c
FROM test_win
WHERE client_ip IN ('107.13.54.103',
                    '99.9.55.22')
GROUP BY server_ip,
         client_ip,
         timezone,
         time_floor(__time, 'PT12H');
+--------------+---------------+----------+---------------------+---+
| server_ip    | client_ip     | timezone | t                   | c |
+--------------+---------------+----------+---------------------+---+
| 172.31.11.5  | 107.13.54.103 | EDT      | 2019-08-25 00:00:00 | 4 |
| 172.31.11.5  | 107.13.54.103 | EDT      | 2019-08-25 12:00:00 | 5 |
| 172.31.11.5  | 107.13.54.103 | N/A      | 2019-08-25 12:00:00 | 6 |
| 172.31.11.5  | 99.9.55.22    | N/A      | 2019-08-25 12:00:00 | 2 |
| 172.31.57.89 | 107.13.54.103 | EDT      | 2019-08-25 00:00:00 | 1 |
| 172.31.57.89 | 107.13.54.103 | EDT      | 2019-08-25 12:00:00 | 2 |
| 172.31.57.89 | 107.13.54.103 | N/A      | 2019-08-25 12:00:00 | 3 |
| 172.31.57.89 | 99.9.55.22    | N/A      | 2019-08-25 12:00:00 | 1 |
+--------------+---------------+----------+---------------------+---+
(8 rows)

!ok

#-------------------------------------------------------------------------
# TESTCASE: test_basics_test_order_by_basic TEST_ID: A4_G2_Q2
#-------------------------------------------------------------------------
SELECT server_ip,
       client_ip,
       timezone,
       cast(time_floor(__time, 'PT12H') AS char) t,
       row_number() OVER w AS c
FROM test_win
WHERE client_ip IN ('107.13.54.103',
                    '99.9.55.22')
GROUP BY server_ip,
         client_ip,
         timezone,
         time_floor(__time, 'PT12H') WINDOW w AS (PARTITION BY client_ip
                                                  ORDER BY server_ip DESC,
                                                           timezone,
                                                           time_floor(__time, 'PT12H'));
+--------------+---------------+----------+---------------------+---+
| server_ip    | client_ip     | timezone | t                   | c |
+--------------+---------------+----------+---------------------+---+
| 172.31.11.5  | 107.13.54.103 | EDT      | 2019-08-25 00:00:00 | 4 |
| 172.31.11.5  | 107.13.54.103 | EDT      | 2019-08-25 12:00:00 | 5 |
| 172.31.11.5  | 107.13.54.103 | N/A      | 2019-08-25 12:00:00 | 6 |
| 172.31.11.5  | 99.9.55.22    | N/A      | 2019-08-25 12:00:00 | 2 |
| 172.31.57.89 | 107.13.54.103 | EDT      | 2019-08-25 00:00:00 | 1 |
| 172.31.57.89 | 107.13.54.103 | EDT      | 2019-08-25 12:00:00 | 2 |
| 172.31.57.89 | 107.13.54.103 | N/A      | 2019-08-25 12:00:00 | 3 |
| 172.31.57.89 | 99.9.55.22    | N/A      | 2019-08-25 12:00:00 | 1 |
+--------------+---------------+----------+---------------------+---+
(8 rows)

!ok

#-------------------------------------------------------------------------
# TESTCASE: test_basics_test_order_by_basic TEST_ID: A5_G1_Q1
#-------------------------------------------------------------------------
SELECT server_ip,
       client_ip,
       timezone,
       cast(time_floor(__time, 'PT12H') AS char) t,
       row_number() OVER (PARTITION BY client_ip
                          ORDER BY server_ip ASC, length(server_ip) DESC, timezone, time_floor(__time, 'PT12H')) AS c
FROM
  (SELECT server_ip,
          client_ip,
          timezone,
          time_floor(__time, 'PT12H') __time,
          count(*)
   FROM test_win
   GROUP BY server_ip,
            client_ip,
            timezone,
            time_floor(__time, 'PT12H'))
WHERE client_ip IN ('107.13.54.103',
                    '99.9.55.22');
+--------------+---------------+----------+---------------------+---+
| server_ip    | client_ip     | timezone | t                   | c |
+--------------+---------------+----------+---------------------+---+
| 172.31.11.5  | 107.13.54.103 | EDT      | 2019-08-25 00:00:00 | 1 |
| 172.31.11.5  | 107.13.54.103 | EDT      | 2019-08-25 12:00:00 | 2 |
| 172.31.11.5  | 107.13.54.103 | N/A      | 2019-08-25 12:00:00 | 3 |
| 172.31.11.5  | 99.9.55.22    | N/A      | 2019-08-25 12:00:00 | 1 |
| 172.31.57.89 | 107.13.54.103 | EDT      | 2019-08-25 00:00:00 | 4 |
| 172.31.57.89 | 107.13.54.103 | EDT      | 2019-08-25 12:00:00 | 5 |
| 172.31.57.89 | 107.13.54.103 | N/A      | 2019-08-25 12:00:00 | 6 |
| 172.31.57.89 | 99.9.55.22    | N/A      | 2019-08-25 12:00:00 | 2 |
+--------------+---------------+----------+---------------------+---+
(8 rows)

!ok

#-------------------------------------------------------------------------
# TESTCASE: test_basics_test_order_by_basic TEST_ID: A5_G1_Q2
#-------------------------------------------------------------------------
SELECT server_ip,
       client_ip,
       timezone,
       cast(time_floor(__time, 'PT12H') AS char) t,
       row_number() OVER w AS c
FROM
  (SELECT server_ip,
          client_ip,
          timezone,
          time_floor(__time, 'PT12H') __time,
          count(*)
   FROM test_win
   GROUP BY server_ip,
            client_ip,
            timezone,
            time_floor(__time, 'PT12H'))
WHERE client_ip IN ('107.13.54.103',
                    '99.9.55.22') WINDOW w AS (PARTITION BY client_ip
                                               ORDER BY server_ip ASC,
                                                        length(server_ip) DESC, timezone,
                                                                                time_floor(__time, 'PT12H'));
+--------------+---------------+----------+---------------------+---+
| server_ip    | client_ip     | timezone | t                   | c |
+--------------+---------------+----------+---------------------+---+
| 172.31.11.5  | 107.13.54.103 | EDT      | 2019-08-25 00:00:00 | 1 |
| 172.31.11.5  | 107.13.54.103 | EDT      | 2019-08-25 12:00:00 | 2 |
| 172.31.11.5  | 107.13.54.103 | N/A      | 2019-08-25 12:00:00 | 3 |
| 172.31.11.5  | 99.9.55.22    | N/A      | 2019-08-25 12:00:00 | 1 |
| 172.31.57.89 | 107.13.54.103 | EDT      | 2019-08-25 00:00:00 | 4 |
| 172.31.57.89 | 107.13.54.103 | EDT      | 2019-08-25 12:00:00 | 5 |
| 172.31.57.89 | 107.13.54.103 | N/A      | 2019-08-25 12:00:00 | 6 |
| 172.31.57.89 | 99.9.55.22    | N/A      | 2019-08-25 12:00:00 | 2 |
+--------------+---------------+----------+---------------------+---+
(8 rows)

!ok

#-------------------------------------------------------------------------
# TESTCASE: test_basics_test_order_by_basic TEST_ID: A5_G2_Q1
#-------------------------------------------------------------------------
SELECT server_ip,
       client_ip,
       timezone,
       cast(time_floor(__time, 'PT12H') AS char) t,
       row_number() OVER (PARTITION BY client_ip
                          ORDER BY server_ip ASC, length(server_ip) DESC, timezone, time_floor(__time, 'PT12H')) AS c
FROM test_win
WHERE client_ip IN ('107.13.54.103',
                    '99.9.55.22')
GROUP BY server_ip,
         client_ip,
         timezone,
         time_floor(__time, 'PT12H');
+--------------+---------------+----------+---------------------+---+
| server_ip    | client_ip     | timezone | t                   | c |
+--------------+---------------+----------+---------------------+---+
| 172.31.11.5  | 107.13.54.103 | EDT      | 2019-08-25 00:00:00 | 1 |
| 172.31.11.5  | 107.13.54.103 | EDT      | 2019-08-25 12:00:00 | 2 |
| 172.31.11.5  | 107.13.54.103 | N/A      | 2019-08-25 12:00:00 | 3 |
| 172.31.11.5  | 99.9.55.22    | N/A      | 2019-08-25 12:00:00 | 1 |
| 172.31.57.89 | 107.13.54.103 | EDT      | 2019-08-25 00:00:00 | 4 |
| 172.31.57.89 | 107.13.54.103 | EDT      | 2019-08-25 12:00:00 | 5 |
| 172.31.57.89 | 107.13.54.103 | N/A      | 2019-08-25 12:00:00 | 6 |
| 172.31.57.89 | 99.9.55.22    | N/A      | 2019-08-25 12:00:00 | 2 |
+--------------+---------------+----------+---------------------+---+
(8 rows)

!ok

#-------------------------------------------------------------------------
# TESTCASE: test_basics_test_order_by_basic TEST_ID: A5_G2_Q2
#-------------------------------------------------------------------------
SELECT server_ip,
       client_ip,
       timezone,
       cast(time_floor(__time, 'PT12H') AS char) t,
       row_number() OVER w AS c
FROM test_win
WHERE client_ip IN ('107.13.54.103',
                    '99.9.55.22')
GROUP BY server_ip,
         client_ip,
         timezone,
         time_floor(__time, 'PT12H') WINDOW w AS (PARTITION BY client_ip
                                                  ORDER BY server_ip ASC,
                                                           length(server_ip) DESC, timezone,
                                                                                   time_floor(__time, 'PT12H'));
+--------------+---------------+----------+---------------------+---+
| server_ip    | client_ip     | timezone | t                   | c |
+--------------+---------------+----------+---------------------+---+
| 172.31.11.5  | 107.13.54.103 | EDT      | 2019-08-25 00:00:00 | 1 |
| 172.31.11.5  | 107.13.54.103 | EDT      | 2019-08-25 12:00:00 | 2 |
| 172.31.11.5  | 107.13.54.103 | N/A      | 2019-08-25 12:00:00 | 3 |
| 172.31.11.5  | 99.9.55.22    | N/A      | 2019-08-25 12:00:00 | 1 |
| 172.31.57.89 | 107.13.54.103 | EDT      | 2019-08-25 00:00:00 | 4 |
| 172.31.57.89 | 107.13.54.103 | EDT      | 2019-08-25 12:00:00 | 5 |
| 172.31.57.89 | 107.13.54.103 | N/A      | 2019-08-25 12:00:00 | 6 |
| 172.31.57.89 | 99.9.55.22    | N/A      | 2019-08-25 12:00:00 | 2 |
+--------------+---------------+----------+---------------------+---+
(8 rows)

!ok

#-------------------------------------------------------------------------
# TESTCASE: test_basics_test_order_by_basic TEST_ID: A6_G1_Q1
#-------------------------------------------------------------------------
SELECT server_ip,
       client_ip,
       timezone,
       cast(time_floor(__time, 'PT12H') AS char) t,
       row_number() OVER (PARTITION BY client_ip
                          ORDER BY server_ip DESC, length(server_ip) ASC, CURRENT_TIMESTAMP, timezone, time_floor(__time, 'PT12H')) AS c
FROM
  (SELECT server_ip,
          client_ip,
          timezone,
          time_floor(__time, 'PT12H') __time,
          count(*)
   FROM test_win
   GROUP BY server_ip,
            client_ip,
            timezone,
            time_floor(__time, 'PT12H'))
WHERE client_ip IN ('107.13.54.103',
                    '99.9.55.22');
+--------------+---------------+----------+---------------------+---+
| server_ip    | client_ip     | timezone | t                   | c |
+--------------+---------------+----------+---------------------+---+
| 172.31.11.5  | 107.13.54.103 | EDT      | 2019-08-25 00:00:00 | 4 |
| 172.31.11.5  | 107.13.54.103 | EDT      | 2019-08-25 12:00:00 | 5 |
| 172.31.11.5  | 107.13.54.103 | N/A      | 2019-08-25 12:00:00 | 6 |
| 172.31.11.5  | 99.9.55.22    | N/A      | 2019-08-25 12:00:00 | 2 |
| 172.31.57.89 | 107.13.54.103 | EDT      | 2019-08-25 00:00:00 | 1 |
| 172.31.57.89 | 107.13.54.103 | EDT      | 2019-08-25 12:00:00 | 2 |
| 172.31.57.89 | 107.13.54.103 | N/A      | 2019-08-25 12:00:00 | 3 |
| 172.31.57.89 | 99.9.55.22    | N/A      | 2019-08-25 12:00:00 | 1 |
+--------------+---------------+----------+---------------------+---+
(8 rows)

!ok

#-------------------------------------------------------------------------
# TESTCASE: test_basics_test_order_by_basic TEST_ID: A6_G1_Q2
#-------------------------------------------------------------------------
SELECT server_ip,
       client_ip,
       timezone,
       cast(time_floor(__time, 'PT12H') AS char) t,
       row_number() OVER w AS c
FROM
  (SELECT server_ip,
          client_ip,
          timezone,
          time_floor(__time, 'PT12H') __time,
          count(*)
   FROM test_win
   GROUP BY server_ip,
            client_ip,
            timezone,
            time_floor(__time, 'PT12H'))
WHERE client_ip IN ('107.13.54.103',
                    '99.9.55.22') WINDOW w AS (PARTITION BY client_ip
                                               ORDER BY server_ip DESC,
                                                        length(server_ip) ASC, CURRENT_TIMESTAMP,
                                                                               timezone,
                                                                               time_floor(__time, 'PT12H'));
+--------------+---------------+----------+---------------------+---+
| server_ip    | client_ip     | timezone | t                   | c |
+--------------+---------------+----------+---------------------+---+
| 172.31.11.5  | 107.13.54.103 | EDT      | 2019-08-25 00:00:00 | 4 |
| 172.31.11.5  | 107.13.54.103 | EDT      | 2019-08-25 12:00:00 | 5 |
| 172.31.11.5  | 107.13.54.103 | N/A      | 2019-08-25 12:00:00 | 6 |
| 172.31.11.5  | 99.9.55.22    | N/A      | 2019-08-25 12:00:00 | 2 |
| 172.31.57.89 | 107.13.54.103 | EDT      | 2019-08-25 00:00:00 | 1 |
| 172.31.57.89 | 107.13.54.103 | EDT      | 2019-08-25 12:00:00 | 2 |
| 172.31.57.89 | 107.13.54.103 | N/A      | 2019-08-25 12:00:00 | 3 |
| 172.31.57.89 | 99.9.55.22    | N/A      | 2019-08-25 12:00:00 | 1 |
+--------------+---------------+----------+---------------------+---+
(8 rows)

!ok

#-------------------------------------------------------------------------
# TESTCASE: test_basics_test_order_by_basic TEST_ID: A6_G2_Q1
#-------------------------------------------------------------------------
SELECT server_ip,
       client_ip,
       timezone,
       cast(time_floor(__time, 'PT12H') AS char) t,
       row_number() OVER (PARTITION BY client_ip
                          ORDER BY server_ip DESC, length(server_ip) ASC, CURRENT_TIMESTAMP, timezone, time_floor(__time, 'PT12H')) AS c
FROM test_win
WHERE client_ip IN ('107.13.54.103',
                    '99.9.55.22')
GROUP BY server_ip,
         client_ip,
         timezone,
         time_floor(__time, 'PT12H');
+--------------+---------------+----------+---------------------+---+
| server_ip    | client_ip     | timezone | t                   | c |
+--------------+---------------+----------+---------------------+---+
| 172.31.11.5  | 107.13.54.103 | EDT      | 2019-08-25 00:00:00 | 4 |
| 172.31.11.5  | 107.13.54.103 | EDT      | 2019-08-25 12:00:00 | 5 |
| 172.31.11.5  | 107.13.54.103 | N/A      | 2019-08-25 12:00:00 | 6 |
| 172.31.11.5  | 99.9.55.22    | N/A      | 2019-08-25 12:00:00 | 2 |
| 172.31.57.89 | 107.13.54.103 | EDT      | 2019-08-25 00:00:00 | 1 |
| 172.31.57.89 | 107.13.54.103 | EDT      | 2019-08-25 12:00:00 | 2 |
| 172.31.57.89 | 107.13.54.103 | N/A      | 2019-08-25 12:00:00 | 3 |
| 172.31.57.89 | 99.9.55.22    | N/A      | 2019-08-25 12:00:00 | 1 |
+--------------+---------------+----------+---------------------+---+
(8 rows)

!ok

#-------------------------------------------------------------------------
# TESTCASE: test_basics_test_order_by_basic TEST_ID: A6_G2_Q2
#-------------------------------------------------------------------------
SELECT server_ip,
       client_ip,
       timezone,
       cast(time_floor(__time, 'PT12H') AS char) t,
       row_number() OVER w AS c
FROM test_win
WHERE client_ip IN ('107.13.54.103',
                    '99.9.55.22')
GROUP BY server_ip,
         client_ip,
         timezone,
         time_floor(__time, 'PT12H') WINDOW w AS (PARTITION BY client_ip
                                                  ORDER BY server_ip DESC,
                                                           length(server_ip) ASC, CURRENT_TIMESTAMP,
                                                                                  timezone,
                                                                                  time_floor(__time, 'PT12H'));
+--------------+---------------+----------+---------------------+---+
| server_ip    | client_ip     | timezone | t                   | c |
+--------------+---------------+----------+---------------------+---+
| 172.31.11.5  | 107.13.54.103 | EDT      | 2019-08-25 00:00:00 | 4 |
| 172.31.11.5  | 107.13.54.103 | EDT      | 2019-08-25 12:00:00 | 5 |
| 172.31.11.5  | 107.13.54.103 | N/A      | 2019-08-25 12:00:00 | 6 |
| 172.31.11.5  | 99.9.55.22    | N/A      | 2019-08-25 12:00:00 | 2 |
| 172.31.57.89 | 107.13.54.103 | EDT      | 2019-08-25 00:00:00 | 1 |
| 172.31.57.89 | 107.13.54.103 | EDT      | 2019-08-25 12:00:00 | 2 |
| 172.31.57.89 | 107.13.54.103 | N/A      | 2019-08-25 12:00:00 | 3 |
| 172.31.57.89 | 99.9.55.22    | N/A      | 2019-08-25 12:00:00 | 1 |
+--------------+---------------+----------+---------------------+---+
(8 rows)

!ok

#-------------------------------------------------------------------------
# TESTCASE: test_basics_test_order_by_basic TEST_ID: A7_G1_Q1
#-------------------------------------------------------------------------
SELECT server_ip,
       client_ip,
       timezone,
       cast(time_floor(__time, 'PT12H') AS char) t,
       row_number() OVER (PARTITION BY client_ip
                          ORDER BY server_ip, server_ip, server_ip, timezone, time_floor(__time, 'PT12H')) AS c
FROM
  (SELECT server_ip,
          client_ip,
          timezone,
          time_floor(__time, 'PT12H') __time,
          count(*)
   FROM test_win
   GROUP BY server_ip,
            client_ip,
            timezone,
            time_floor(__time, 'PT12H'))
WHERE client_ip IN ('107.13.54.103',
                    '99.9.55.22');
+--------------+---------------+----------+---------------------+---+
| server_ip    | client_ip     | timezone | t                   | c |
+--------------+---------------+----------+---------------------+---+
| 172.31.11.5  | 107.13.54.103 | EDT      | 2019-08-25 00:00:00 | 1 |
| 172.31.11.5  | 107.13.54.103 | EDT      | 2019-08-25 12:00:00 | 2 |
| 172.31.11.5  | 107.13.54.103 | N/A      | 2019-08-25 12:00:00 | 3 |
| 172.31.11.5  | 99.9.55.22    | N/A      | 2019-08-25 12:00:00 | 1 |
| 172.31.57.89 | 107.13.54.103 | EDT      | 2019-08-25 00:00:00 | 4 |
| 172.31.57.89 | 107.13.54.103 | EDT      | 2019-08-25 12:00:00 | 5 |
| 172.31.57.89 | 107.13.54.103 | N/A      | 2019-08-25 12:00:00 | 6 |
| 172.31.57.89 | 99.9.55.22    | N/A      | 2019-08-25 12:00:00 | 2 |
+--------------+---------------+----------+---------------------+---+
(8 rows)

!ok

#-------------------------------------------------------------------------
# TESTCASE: test_basics_test_order_by_basic TEST_ID: A7_G1_Q2
#-------------------------------------------------------------------------
SELECT server_ip,
       client_ip,
       timezone,
       cast(time_floor(__time, 'PT12H') AS char) t,
       row_number() OVER w AS c
FROM
  (SELECT server_ip,
          client_ip,
          timezone,
          time_floor(__time, 'PT12H') __time,
          count(*)
   FROM test_win
   GROUP BY server_ip,
            client_ip,
            timezone,
            time_floor(__time, 'PT12H'))
WHERE client_ip IN ('107.13.54.103',
                    '99.9.55.22') WINDOW w AS (PARTITION BY client_ip
                                               ORDER BY server_ip,
                                                        server_ip,
                                                        server_ip,
                                                        timezone,
                                                        time_floor(__time, 'PT12H'));
+--------------+---------------+----------+---------------------+---+
| server_ip    | client_ip     | timezone | t                   | c |
+--------------+---------------+----------+---------------------+---+
| 172.31.11.5  | 107.13.54.103 | EDT      | 2019-08-25 00:00:00 | 1 |
| 172.31.11.5  | 107.13.54.103 | EDT      | 2019-08-25 12:00:00 | 2 |
| 172.31.11.5  | 107.13.54.103 | N/A      | 2019-08-25 12:00:00 | 3 |
| 172.31.11.5  | 99.9.55.22    | N/A      | 2019-08-25 12:00:00 | 1 |
| 172.31.57.89 | 107.13.54.103 | EDT      | 2019-08-25 00:00:00 | 4 |
| 172.31.57.89 | 107.13.54.103 | EDT      | 2019-08-25 12:00:00 | 5 |
| 172.31.57.89 | 107.13.54.103 | N/A      | 2019-08-25 12:00:00 | 6 |
| 172.31.57.89 | 99.9.55.22    | N/A      | 2019-08-25 12:00:00 | 2 |
+--------------+---------------+----------+---------------------+---+
(8 rows)

!ok

#-------------------------------------------------------------------------
# TESTCASE: test_basics_test_order_by_basic TEST_ID: A7_G2_Q1
#-------------------------------------------------------------------------
SELECT server_ip,
       client_ip,
       timezone,
       cast(time_floor(__time, 'PT12H') AS char) t,
       row_number() OVER (PARTITION BY client_ip
                          ORDER BY server_ip, server_ip, server_ip, timezone, time_floor(__time, 'PT12H')) AS c
FROM test_win
WHERE client_ip IN ('107.13.54.103',
                    '99.9.55.22')
GROUP BY server_ip,
         client_ip,
         timezone,
         time_floor(__time, 'PT12H');
+--------------+---------------+----------+---------------------+---+
| server_ip    | client_ip     | timezone | t                   | c |
+--------------+---------------+----------+---------------------+---+
| 172.31.11.5  | 107.13.54.103 | EDT      | 2019-08-25 00:00:00 | 1 |
| 172.31.11.5  | 107.13.54.103 | EDT      | 2019-08-25 12:00:00 | 2 |
| 172.31.11.5  | 107.13.54.103 | N/A      | 2019-08-25 12:00:00 | 3 |
| 172.31.11.5  | 99.9.55.22    | N/A      | 2019-08-25 12:00:00 | 1 |
| 172.31.57.89 | 107.13.54.103 | EDT      | 2019-08-25 00:00:00 | 4 |
| 172.31.57.89 | 107.13.54.103 | EDT      | 2019-08-25 12:00:00 | 5 |
| 172.31.57.89 | 107.13.54.103 | N/A      | 2019-08-25 12:00:00 | 6 |
| 172.31.57.89 | 99.9.55.22    | N/A      | 2019-08-25 12:00:00 | 2 |
+--------------+---------------+----------+---------------------+---+
(8 rows)

!ok

#-------------------------------------------------------------------------
# TESTCASE: test_basics_test_order_by_basic TEST_ID: A7_G2_Q2
#-------------------------------------------------------------------------
SELECT server_ip,
       client_ip,
       timezone,
       cast(time_floor(__time, 'PT12H') AS char) t,
       row_number() OVER w AS c
FROM test_win
WHERE client_ip IN ('107.13.54.103',
                    '99.9.55.22')
GROUP BY server_ip,
         client_ip,
         timezone,
         time_floor(__time, 'PT12H') WINDOW w AS (PARTITION BY client_ip
                                                  ORDER BY server_ip,
                                                           server_ip,
                                                           server_ip,
                                                           timezone,
                                                           time_floor(__time, 'PT12H'));
+--------------+---------------+----------+---------------------+---+
| server_ip    | client_ip     | timezone | t                   | c |
+--------------+---------------+----------+---------------------+---+
| 172.31.11.5  | 107.13.54.103 | EDT      | 2019-08-25 00:00:00 | 1 |
| 172.31.11.5  | 107.13.54.103 | EDT      | 2019-08-25 12:00:00 | 2 |
| 172.31.11.5  | 107.13.54.103 | N/A      | 2019-08-25 12:00:00 | 3 |
| 172.31.11.5  | 99.9.55.22    | N/A      | 2019-08-25 12:00:00 | 1 |
| 172.31.57.89 | 107.13.54.103 | EDT      | 2019-08-25 00:00:00 | 4 |
| 172.31.57.89 | 107.13.54.103 | EDT      | 2019-08-25 12:00:00 | 5 |
| 172.31.57.89 | 107.13.54.103 | N/A      | 2019-08-25 12:00:00 | 6 |
| 172.31.57.89 | 99.9.55.22    | N/A      | 2019-08-25 12:00:00 | 2 |
+--------------+---------------+----------+---------------------+---+
(8 rows)

!ok

#-------------------------------------------------------------------------
# TESTCASE: test_basics_test_order_by_basic TEST_ID: A8_G1_Q1
#-------------------------------------------------------------------------
SELECT server_ip,
       client_ip,
       timezone,
       cast(time_floor(__time, 'PT12H') AS char) t,
       row_number() OVER (PARTITION BY client_ip
                          ORDER BY server_ip ASC, server_ip DESC, server_ip ASC, timezone, time_floor(__time, 'PT12H')) AS c
FROM
  (SELECT server_ip,
          client_ip,
          timezone,
          time_floor(__time, 'PT12H') __time,
          count(*)
   FROM test_win
   GROUP BY server_ip,
            client_ip,
            timezone,
            time_floor(__time, 'PT12H'))
WHERE client_ip IN ('107.13.54.103',
                    '99.9.55.22');
+--------------+---------------+----------+---------------------+---+
| server_ip    | client_ip     | timezone | t                   | c |
+--------------+---------------+----------+---------------------+---+
| 172.31.11.5  | 107.13.54.103 | EDT      | 2019-08-25 00:00:00 | 1 |
| 172.31.11.5  | 107.13.54.103 | EDT      | 2019-08-25 12:00:00 | 2 |
| 172.31.11.5  | 107.13.54.103 | N/A      | 2019-08-25 12:00:00 | 3 |
| 172.31.11.5  | 99.9.55.22    | N/A      | 2019-08-25 12:00:00 | 1 |
| 172.31.57.89 | 107.13.54.103 | EDT      | 2019-08-25 00:00:00 | 4 |
| 172.31.57.89 | 107.13.54.103 | EDT      | 2019-08-25 12:00:00 | 5 |
| 172.31.57.89 | 107.13.54.103 | N/A      | 2019-08-25 12:00:00 | 6 |
| 172.31.57.89 | 99.9.55.22    | N/A      | 2019-08-25 12:00:00 | 2 |
+--------------+---------------+----------+---------------------+---+
(8 rows)

!ok

#-------------------------------------------------------------------------
# TESTCASE: test_basics_test_order_by_basic TEST_ID: A8_G1_Q2
#-------------------------------------------------------------------------
SELECT server_ip,
       client_ip,
       timezone,
       cast(time_floor(__time, 'PT12H') AS char) t,
       row_number() OVER w AS c
FROM
  (SELECT server_ip,
          client_ip,
          timezone,
          time_floor(__time, 'PT12H') __time,
          count(*)
   FROM test_win
   GROUP BY server_ip,
            client_ip,
            timezone,
            time_floor(__time, 'PT12H'))
WHERE client_ip IN ('107.13.54.103',
                    '99.9.55.22') WINDOW w AS (PARTITION BY client_ip
                                               ORDER BY server_ip ASC,
                                                        server_ip DESC,
                                                        server_ip ASC,
                                                        timezone,
                                                        time_floor(__time, 'PT12H'));
+--------------+---------------+----------+---------------------+---+
| server_ip    | client_ip     | timezone | t                   | c |
+--------------+---------------+----------+---------------------+---+
| 172.31.11.5  | 107.13.54.103 | EDT      | 2019-08-25 00:00:00 | 1 |
| 172.31.11.5  | 107.13.54.103 | EDT      | 2019-08-25 12:00:00 | 2 |
| 172.31.11.5  | 107.13.54.103 | N/A      | 2019-08-25 12:00:00 | 3 |
| 172.31.11.5  | 99.9.55.22    | N/A      | 2019-08-25 12:00:00 | 1 |
| 172.31.57.89 | 107.13.54.103 | EDT      | 2019-08-25 00:00:00 | 4 |
| 172.31.57.89 | 107.13.54.103 | EDT      | 2019-08-25 12:00:00 | 5 |
| 172.31.57.89 | 107.13.54.103 | N/A      | 2019-08-25 12:00:00 | 6 |
| 172.31.57.89 | 99.9.55.22    | N/A      | 2019-08-25 12:00:00 | 2 |
+--------------+---------------+----------+---------------------+---+
(8 rows)

!ok

#-------------------------------------------------------------------------
# TESTCASE: test_basics_test_order_by_basic TEST_ID: A8_G2_Q1
#-------------------------------------------------------------------------
SELECT server_ip,
       client_ip,
       timezone,
       cast(time_floor(__time, 'PT12H') AS char) t,
       row_number() OVER (PARTITION BY client_ip
                          ORDER BY server_ip ASC, server_ip DESC, server_ip ASC, timezone, time_floor(__time, 'PT12H')) AS c
FROM test_win
WHERE client_ip IN ('107.13.54.103',
                    '99.9.55.22')
GROUP BY server_ip,
         client_ip,
         timezone,
         time_floor(__time, 'PT12H');
+--------------+---------------+----------+---------------------+---+
| server_ip    | client_ip     | timezone | t                   | c |
+--------------+---------------+----------+---------------------+---+
| 172.31.11.5  | 107.13.54.103 | EDT      | 2019-08-25 00:00:00 | 1 |
| 172.31.11.5  | 107.13.54.103 | EDT      | 2019-08-25 12:00:00 | 2 |
| 172.31.11.5  | 107.13.54.103 | N/A      | 2019-08-25 12:00:00 | 3 |
| 172.31.11.5  | 99.9.55.22    | N/A      | 2019-08-25 12:00:00 | 1 |
| 172.31.57.89 | 107.13.54.103 | EDT      | 2019-08-25 00:00:00 | 4 |
| 172.31.57.89 | 107.13.54.103 | EDT      | 2019-08-25 12:00:00 | 5 |
| 172.31.57.89 | 107.13.54.103 | N/A      | 2019-08-25 12:00:00 | 6 |
| 172.31.57.89 | 99.9.55.22    | N/A      | 2019-08-25 12:00:00 | 2 |
+--------------+---------------+----------+---------------------+---+
(8 rows)

!ok

#-------------------------------------------------------------------------
# TESTCASE: test_basics_test_order_by_basic TEST_ID: A8_G2_Q2
#-------------------------------------------------------------------------
SELECT server_ip,
       client_ip,
       timezone,
       cast(time_floor(__time, 'PT12H') AS char) t,
       row_number() OVER w AS c
FROM test_win
WHERE client_ip IN ('107.13.54.103',
                    '99.9.55.22')
GROUP BY server_ip,
         client_ip,
         timezone,
         time_floor(__time, 'PT12H') WINDOW w AS (PARTITION BY client_ip
                                                  ORDER BY server_ip ASC,
                                                           server_ip DESC,
                                                           server_ip ASC,
                                                           timezone,
                                                           time_floor(__time, 'PT12H'));
+--------------+---------------+----------+---------------------+---+
| server_ip    | client_ip     | timezone | t                   | c |
+--------------+---------------+----------+---------------------+---+
| 172.31.11.5  | 107.13.54.103 | EDT      | 2019-08-25 00:00:00 | 1 |
| 172.31.11.5  | 107.13.54.103 | EDT      | 2019-08-25 12:00:00 | 2 |
| 172.31.11.5  | 107.13.54.103 | N/A      | 2019-08-25 12:00:00 | 3 |
| 172.31.11.5  | 99.9.55.22    | N/A      | 2019-08-25 12:00:00 | 1 |
| 172.31.57.89 | 107.13.54.103 | EDT      | 2019-08-25 00:00:00 | 4 |
| 172.31.57.89 | 107.13.54.103 | EDT      | 2019-08-25 12:00:00 | 5 |
| 172.31.57.89 | 107.13.54.103 | N/A      | 2019-08-25 12:00:00 | 6 |
| 172.31.57.89 | 99.9.55.22    | N/A      | 2019-08-25 12:00:00 | 2 |
+--------------+---------------+----------+---------------------+---+
(8 rows)

!ok

