!set useApproximateCountDistinct false
!use druidtest://?componentSupplier=AllDruidEnginesComponentSupplier&datasets=sql/src/test/quidem/qatests/qaWin
!set outputformat mysql
#-------------------------------------------------------------------------
# TESTCASE: test_basics_test_window_func_in_func TEST_ID: SEL_DATASOURCE
#-------------------------------------------------------------------------
SELECT count(*) cnt
FROM test_win
WHERE client_ip IN ('107.13.54.103',
                    '99.9.55.22');
+-----+
| cnt |
+-----+
| 768 |
+-----+
(1 row)

!ok

#-------------------------------------------------------------------------
# TESTCASE: test_basics_test_window_func_in_func TEST_ID: A1_W1_G1_Q1
#-------------------------------------------------------------------------
SELECT server_ip,
       client_ip,
       timezone,
       cast(time_floor(__time, 'PT12H') AS char) t,
       floor(avg(length(client_ip)) OVER (PARTITION BY client_ip
                                          ORDER BY server_ip, timezone, time_floor(__time, 'PT12H'))) AS c
FROM
  (SELECT server_ip,
          client_ip,
          timezone,
          time_floor(__time, 'PT12H') __time,
          count(*)
   FROM test_win
   GROUP BY server_ip,
            client_ip,
            timezone,
            time_floor(__time, 'PT12H'))
WHERE client_ip IN ('107.13.54.103',
                    '99.9.55.22');
+--------------+---------------+----------+---------------------+------+
| server_ip    | client_ip     | timezone | t                   | c    |
+--------------+---------------+----------+---------------------+------+
| 172.31.11.5  | 107.13.54.103 | EDT      | 2019-08-25 00:00:00 | 13.0 |
| 172.31.11.5  | 107.13.54.103 | EDT      | 2019-08-25 12:00:00 | 13.0 |
| 172.31.11.5  | 107.13.54.103 | N/A      | 2019-08-25 12:00:00 | 13.0 |
| 172.31.11.5  | 99.9.55.22    | N/A      | 2019-08-25 12:00:00 | 10.0 |
| 172.31.57.89 | 107.13.54.103 | EDT      | 2019-08-25 00:00:00 | 13.0 |
| 172.31.57.89 | 107.13.54.103 | EDT      | 2019-08-25 12:00:00 | 13.0 |
| 172.31.57.89 | 107.13.54.103 | N/A      | 2019-08-25 12:00:00 | 13.0 |
| 172.31.57.89 | 99.9.55.22    | N/A      | 2019-08-25 12:00:00 | 10.0 |
+--------------+---------------+----------+---------------------+------+
(8 rows)

!ok

#-------------------------------------------------------------------------
# TESTCASE: test_basics_test_window_func_in_func TEST_ID: A1_W1_G1_Q2
#-------------------------------------------------------------------------
SELECT server_ip,
       client_ip,
       timezone,
       cast(time_floor(__time, 'PT12H') AS char) t,
       floor(avg(length(client_ip)) OVER w) AS c
FROM
  (SELECT server_ip,
          client_ip,
          timezone,
          time_floor(__time, 'PT12H') __time,
          count(*)
   FROM test_win
   GROUP BY server_ip,
            client_ip,
            timezone,
            time_floor(__time, 'PT12H'))
WHERE client_ip IN ('107.13.54.103',
                    '99.9.55.22') WINDOW w AS (PARTITION BY client_ip
                                               ORDER BY server_ip,
                                                        timezone,
                                                        time_floor(__time, 'PT12H'));
+--------------+---------------+----------+---------------------+------+
| server_ip    | client_ip     | timezone | t                   | c    |
+--------------+---------------+----------+---------------------+------+
| 172.31.11.5  | 107.13.54.103 | EDT      | 2019-08-25 00:00:00 | 13.0 |
| 172.31.11.5  | 107.13.54.103 | EDT      | 2019-08-25 12:00:00 | 13.0 |
| 172.31.11.5  | 107.13.54.103 | N/A      | 2019-08-25 12:00:00 | 13.0 |
| 172.31.11.5  | 99.9.55.22    | N/A      | 2019-08-25 12:00:00 | 10.0 |
| 172.31.57.89 | 107.13.54.103 | EDT      | 2019-08-25 00:00:00 | 13.0 |
| 172.31.57.89 | 107.13.54.103 | EDT      | 2019-08-25 12:00:00 | 13.0 |
| 172.31.57.89 | 107.13.54.103 | N/A      | 2019-08-25 12:00:00 | 13.0 |
| 172.31.57.89 | 99.9.55.22    | N/A      | 2019-08-25 12:00:00 | 10.0 |
+--------------+---------------+----------+---------------------+------+
(8 rows)

!ok

#-------------------------------------------------------------------------
# TESTCASE: test_basics_test_window_func_in_func TEST_ID: A1_W1_G2_Q1
#-------------------------------------------------------------------------
SELECT server_ip,
       client_ip,
       timezone,
       cast(time_floor(__time, 'PT12H') AS char) t,
       floor(avg(length(client_ip)) OVER (PARTITION BY client_ip
                                          ORDER BY server_ip, timezone, time_floor(__time, 'PT12H'))) AS c
FROM test_win
WHERE client_ip IN ('107.13.54.103',
                    '99.9.55.22')
GROUP BY server_ip,
         client_ip,
         timezone,
         time_floor(__time, 'PT12H');
+--------------+---------------+----------+---------------------+------+
| server_ip    | client_ip     | timezone | t                   | c    |
+--------------+---------------+----------+---------------------+------+
| 172.31.11.5  | 107.13.54.103 | EDT      | 2019-08-25 00:00:00 | 13.0 |
| 172.31.11.5  | 107.13.54.103 | EDT      | 2019-08-25 12:00:00 | 13.0 |
| 172.31.11.5  | 107.13.54.103 | N/A      | 2019-08-25 12:00:00 | 13.0 |
| 172.31.11.5  | 99.9.55.22    | N/A      | 2019-08-25 12:00:00 | 10.0 |
| 172.31.57.89 | 107.13.54.103 | EDT      | 2019-08-25 00:00:00 | 13.0 |
| 172.31.57.89 | 107.13.54.103 | EDT      | 2019-08-25 12:00:00 | 13.0 |
| 172.31.57.89 | 107.13.54.103 | N/A      | 2019-08-25 12:00:00 | 13.0 |
| 172.31.57.89 | 99.9.55.22    | N/A      | 2019-08-25 12:00:00 | 10.0 |
+--------------+---------------+----------+---------------------+------+
(8 rows)

!ok

#-------------------------------------------------------------------------
# TESTCASE: test_basics_test_window_func_in_func TEST_ID: A1_W1_G2_Q2
#-------------------------------------------------------------------------
SELECT server_ip,
       client_ip,
       timezone,
       cast(time_floor(__time, 'PT12H') AS char) t,
       floor(avg(length(client_ip)) OVER w) AS c
FROM test_win
WHERE client_ip IN ('107.13.54.103',
                    '99.9.55.22')
GROUP BY server_ip,
         client_ip,
         timezone,
         time_floor(__time, 'PT12H') WINDOW w AS (PARTITION BY client_ip
                                                  ORDER BY server_ip,
                                                           timezone,
                                                           time_floor(__time, 'PT12H'));
+--------------+---------------+----------+---------------------+------+
| server_ip    | client_ip     | timezone | t                   | c    |
+--------------+---------------+----------+---------------------+------+
| 172.31.11.5  | 107.13.54.103 | EDT      | 2019-08-25 00:00:00 | 13.0 |
| 172.31.11.5  | 107.13.54.103 | EDT      | 2019-08-25 12:00:00 | 13.0 |
| 172.31.11.5  | 107.13.54.103 | N/A      | 2019-08-25 12:00:00 | 13.0 |
| 172.31.11.5  | 99.9.55.22    | N/A      | 2019-08-25 12:00:00 | 10.0 |
| 172.31.57.89 | 107.13.54.103 | EDT      | 2019-08-25 00:00:00 | 13.0 |
| 172.31.57.89 | 107.13.54.103 | EDT      | 2019-08-25 12:00:00 | 13.0 |
| 172.31.57.89 | 107.13.54.103 | N/A      | 2019-08-25 12:00:00 | 13.0 |
| 172.31.57.89 | 99.9.55.22    | N/A      | 2019-08-25 12:00:00 | 10.0 |
+--------------+---------------+----------+---------------------+------+
(8 rows)

!ok

#-------------------------------------------------------------------------
# TESTCASE: test_basics_test_window_func_in_func TEST_ID: A1_W2_G1_Q1
#-------------------------------------------------------------------------
SELECT server_ip,
       client_ip,
       timezone,
       cast(time_floor(__time, 'PT12H') AS char) t,
       floor(avg(length(client_ip)) OVER (
                                          ORDER BY client_ip, server_ip, timezone, time_floor(__time, 'PT12H'))) AS c
FROM
  (SELECT server_ip,
          client_ip,
          timezone,
          time_floor(__time, 'PT12H') __time,
          count(*)
   FROM test_win
   GROUP BY server_ip,
            client_ip,
            timezone,
            time_floor(__time, 'PT12H'))
WHERE client_ip IN ('107.13.54.103',
                    '99.9.55.22');
+--------------+---------------+----------+---------------------+------+
| server_ip    | client_ip     | timezone | t                   | c    |
+--------------+---------------+----------+---------------------+------+
| 172.31.11.5  | 107.13.54.103 | EDT      | 2019-08-25 00:00:00 | 13.0 |
| 172.31.11.5  | 107.13.54.103 | EDT      | 2019-08-25 12:00:00 | 13.0 |
| 172.31.11.5  | 107.13.54.103 | N/A      | 2019-08-25 12:00:00 | 13.0 |
| 172.31.11.5  | 99.9.55.22    | N/A      | 2019-08-25 12:00:00 | 12.0 |
| 172.31.57.89 | 107.13.54.103 | EDT      | 2019-08-25 00:00:00 | 13.0 |
| 172.31.57.89 | 107.13.54.103 | EDT      | 2019-08-25 12:00:00 | 13.0 |
| 172.31.57.89 | 107.13.54.103 | N/A      | 2019-08-25 12:00:00 | 13.0 |
| 172.31.57.89 | 99.9.55.22    | N/A      | 2019-08-25 12:00:00 | 12.0 |
+--------------+---------------+----------+---------------------+------+
(8 rows)

!ok

#-------------------------------------------------------------------------
# TESTCASE: test_basics_test_window_func_in_func TEST_ID: A1_W2_G1_Q2
#-------------------------------------------------------------------------
SELECT server_ip,
       client_ip,
       timezone,
       cast(time_floor(__time, 'PT12H') AS char) t,
       floor(avg(length(client_ip)) OVER w) AS c
FROM
  (SELECT server_ip,
          client_ip,
          timezone,
          time_floor(__time, 'PT12H') __time,
          count(*)
   FROM test_win
   GROUP BY server_ip,
            client_ip,
            timezone,
            time_floor(__time, 'PT12H'))
WHERE client_ip IN ('107.13.54.103',
                    '99.9.55.22') WINDOW w AS (
                                               ORDER BY client_ip,
                                                        server_ip,
                                                        timezone,
                                                        time_floor(__time, 'PT12H'));
+--------------+---------------+----------+---------------------+------+
| server_ip    | client_ip     | timezone | t                   | c    |
+--------------+---------------+----------+---------------------+------+
| 172.31.11.5  | 107.13.54.103 | EDT      | 2019-08-25 00:00:00 | 13.0 |
| 172.31.11.5  | 107.13.54.103 | EDT      | 2019-08-25 12:00:00 | 13.0 |
| 172.31.11.5  | 107.13.54.103 | N/A      | 2019-08-25 12:00:00 | 13.0 |
| 172.31.11.5  | 99.9.55.22    | N/A      | 2019-08-25 12:00:00 | 12.0 |
| 172.31.57.89 | 107.13.54.103 | EDT      | 2019-08-25 00:00:00 | 13.0 |
| 172.31.57.89 | 107.13.54.103 | EDT      | 2019-08-25 12:00:00 | 13.0 |
| 172.31.57.89 | 107.13.54.103 | N/A      | 2019-08-25 12:00:00 | 13.0 |
| 172.31.57.89 | 99.9.55.22    | N/A      | 2019-08-25 12:00:00 | 12.0 |
+--------------+---------------+----------+---------------------+------+
(8 rows)

!ok

#-------------------------------------------------------------------------
# TESTCASE: test_basics_test_window_func_in_func TEST_ID: A1_W2_G2_Q1
#-------------------------------------------------------------------------
SELECT server_ip,
       client_ip,
       timezone,
       cast(time_floor(__time, 'PT12H') AS char) t,
       floor(avg(length(client_ip)) OVER (
                                          ORDER BY client_ip, server_ip, timezone, time_floor(__time, 'PT12H'))) AS c
FROM test_win
WHERE client_ip IN ('107.13.54.103',
                    '99.9.55.22')
GROUP BY server_ip,
         client_ip,
         timezone,
         time_floor(__time, 'PT12H');
+--------------+---------------+----------+---------------------+------+
| server_ip    | client_ip     | timezone | t                   | c    |
+--------------+---------------+----------+---------------------+------+
| 172.31.11.5  | 107.13.54.103 | EDT      | 2019-08-25 00:00:00 | 13.0 |
| 172.31.11.5  | 107.13.54.103 | EDT      | 2019-08-25 12:00:00 | 13.0 |
| 172.31.11.5  | 107.13.54.103 | N/A      | 2019-08-25 12:00:00 | 13.0 |
| 172.31.11.5  | 99.9.55.22    | N/A      | 2019-08-25 12:00:00 | 12.0 |
| 172.31.57.89 | 107.13.54.103 | EDT      | 2019-08-25 00:00:00 | 13.0 |
| 172.31.57.89 | 107.13.54.103 | EDT      | 2019-08-25 12:00:00 | 13.0 |
| 172.31.57.89 | 107.13.54.103 | N/A      | 2019-08-25 12:00:00 | 13.0 |
| 172.31.57.89 | 99.9.55.22    | N/A      | 2019-08-25 12:00:00 | 12.0 |
+--------------+---------------+----------+---------------------+------+
(8 rows)

!ok

#-------------------------------------------------------------------------
# TESTCASE: test_basics_test_window_func_in_func TEST_ID: A1_W2_G2_Q2
#-------------------------------------------------------------------------
SELECT server_ip,
       client_ip,
       timezone,
       cast(time_floor(__time, 'PT12H') AS char) t,
       floor(avg(length(client_ip)) OVER w) AS c
FROM test_win
WHERE client_ip IN ('107.13.54.103',
                    '99.9.55.22')
GROUP BY server_ip,
         client_ip,
         timezone,
         time_floor(__time, 'PT12H') WINDOW w AS (
                                                  ORDER BY client_ip,
                                                           server_ip,
                                                           timezone,
                                                           time_floor(__time, 'PT12H'));
+--------------+---------------+----------+---------------------+------+
| server_ip    | client_ip     | timezone | t                   | c    |
+--------------+---------------+----------+---------------------+------+
| 172.31.11.5  | 107.13.54.103 | EDT      | 2019-08-25 00:00:00 | 13.0 |
| 172.31.11.5  | 107.13.54.103 | EDT      | 2019-08-25 12:00:00 | 13.0 |
| 172.31.11.5  | 107.13.54.103 | N/A      | 2019-08-25 12:00:00 | 13.0 |
| 172.31.11.5  | 99.9.55.22    | N/A      | 2019-08-25 12:00:00 | 12.0 |
| 172.31.57.89 | 107.13.54.103 | EDT      | 2019-08-25 00:00:00 | 13.0 |
| 172.31.57.89 | 107.13.54.103 | EDT      | 2019-08-25 12:00:00 | 13.0 |
| 172.31.57.89 | 107.13.54.103 | N/A      | 2019-08-25 12:00:00 | 13.0 |
| 172.31.57.89 | 99.9.55.22    | N/A      | 2019-08-25 12:00:00 | 12.0 |
+--------------+---------------+----------+---------------------+------+
(8 rows)

!ok

#-------------------------------------------------------------------------
# TESTCASE: test_basics_test_window_func_in_func TEST_ID: A1_W3_G1_Q1
#-------------------------------------------------------------------------
SELECT server_ip,
       client_ip,
       timezone,
       cast(time_floor(__time, 'PT12H') AS char) t,
       floor(avg(length(client_ip)) OVER (PARTITION BY client_ip)) AS c
FROM
  (SELECT server_ip,
          client_ip,
          timezone,
          time_floor(__time, 'PT12H') __time,
          count(*)
   FROM test_win
   GROUP BY server_ip,
            client_ip,
            timezone,
            time_floor(__time, 'PT12H'))
WHERE client_ip IN ('107.13.54.103',
                    '99.9.55.22');
+--------------+---------------+----------+---------------------+------+
| server_ip    | client_ip     | timezone | t                   | c    |
+--------------+---------------+----------+---------------------+------+
| 172.31.11.5  | 107.13.54.103 | EDT      | 2019-08-25 00:00:00 | 13.0 |
| 172.31.11.5  | 107.13.54.103 | EDT      | 2019-08-25 12:00:00 | 13.0 |
| 172.31.11.5  | 107.13.54.103 | N/A      | 2019-08-25 12:00:00 | 13.0 |
| 172.31.11.5  | 99.9.55.22    | N/A      | 2019-08-25 12:00:00 | 10.0 |
| 172.31.57.89 | 107.13.54.103 | EDT      | 2019-08-25 00:00:00 | 13.0 |
| 172.31.57.89 | 107.13.54.103 | EDT      | 2019-08-25 12:00:00 | 13.0 |
| 172.31.57.89 | 107.13.54.103 | N/A      | 2019-08-25 12:00:00 | 13.0 |
| 172.31.57.89 | 99.9.55.22    | N/A      | 2019-08-25 12:00:00 | 10.0 |
+--------------+---------------+----------+---------------------+------+
(8 rows)

!ok

#-------------------------------------------------------------------------
# TESTCASE: test_basics_test_window_func_in_func TEST_ID: A1_W3_G1_Q2
#-------------------------------------------------------------------------
SELECT server_ip,
       client_ip,
       timezone,
       cast(time_floor(__time, 'PT12H') AS char) t,
       floor(avg(length(client_ip)) OVER w) AS c
FROM
  (SELECT server_ip,
          client_ip,
          timezone,
          time_floor(__time, 'PT12H') __time,
          count(*)
   FROM test_win
   GROUP BY server_ip,
            client_ip,
            timezone,
            time_floor(__time, 'PT12H'))
WHERE client_ip IN ('107.13.54.103',
                    '99.9.55.22') WINDOW w AS (PARTITION BY client_ip);
+--------------+---------------+----------+---------------------+------+
| server_ip    | client_ip     | timezone | t                   | c    |
+--------------+---------------+----------+---------------------+------+
| 172.31.11.5  | 107.13.54.103 | EDT      | 2019-08-25 00:00:00 | 13.0 |
| 172.31.11.5  | 107.13.54.103 | EDT      | 2019-08-25 12:00:00 | 13.0 |
| 172.31.11.5  | 107.13.54.103 | N/A      | 2019-08-25 12:00:00 | 13.0 |
| 172.31.11.5  | 99.9.55.22    | N/A      | 2019-08-25 12:00:00 | 10.0 |
| 172.31.57.89 | 107.13.54.103 | EDT      | 2019-08-25 00:00:00 | 13.0 |
| 172.31.57.89 | 107.13.54.103 | EDT      | 2019-08-25 12:00:00 | 13.0 |
| 172.31.57.89 | 107.13.54.103 | N/A      | 2019-08-25 12:00:00 | 13.0 |
| 172.31.57.89 | 99.9.55.22    | N/A      | 2019-08-25 12:00:00 | 10.0 |
+--------------+---------------+----------+---------------------+------+
(8 rows)

!ok

#-------------------------------------------------------------------------
# TESTCASE: test_basics_test_window_func_in_func TEST_ID: A1_W3_G2_Q1
#-------------------------------------------------------------------------
SELECT server_ip,
       client_ip,
       timezone,
       cast(time_floor(__time, 'PT12H') AS char) t,
       floor(avg(length(client_ip)) OVER (PARTITION BY client_ip)) AS c
FROM test_win
WHERE client_ip IN ('107.13.54.103',
                    '99.9.55.22')
GROUP BY server_ip,
         client_ip,
         timezone,
         time_floor(__time, 'PT12H');
+--------------+---------------+----------+---------------------+------+
| server_ip    | client_ip     | timezone | t                   | c    |
+--------------+---------------+----------+---------------------+------+
| 172.31.11.5  | 107.13.54.103 | EDT      | 2019-08-25 00:00:00 | 13.0 |
| 172.31.11.5  | 107.13.54.103 | EDT      | 2019-08-25 12:00:00 | 13.0 |
| 172.31.11.5  | 107.13.54.103 | N/A      | 2019-08-25 12:00:00 | 13.0 |
| 172.31.11.5  | 99.9.55.22    | N/A      | 2019-08-25 12:00:00 | 10.0 |
| 172.31.57.89 | 107.13.54.103 | EDT      | 2019-08-25 00:00:00 | 13.0 |
| 172.31.57.89 | 107.13.54.103 | EDT      | 2019-08-25 12:00:00 | 13.0 |
| 172.31.57.89 | 107.13.54.103 | N/A      | 2019-08-25 12:00:00 | 13.0 |
| 172.31.57.89 | 99.9.55.22    | N/A      | 2019-08-25 12:00:00 | 10.0 |
+--------------+---------------+----------+---------------------+------+
(8 rows)

!ok

#-------------------------------------------------------------------------
# TESTCASE: test_basics_test_window_func_in_func TEST_ID: A1_W3_G2_Q2
#-------------------------------------------------------------------------
SELECT server_ip,
       client_ip,
       timezone,
       cast(time_floor(__time, 'PT12H') AS char) t,
       floor(avg(length(client_ip)) OVER w) AS c
FROM test_win
WHERE client_ip IN ('107.13.54.103',
                    '99.9.55.22')
GROUP BY server_ip,
         client_ip,
         timezone,
         time_floor(__time, 'PT12H') WINDOW w AS (PARTITION BY client_ip);
+--------------+---------------+----------+---------------------+------+
| server_ip    | client_ip     | timezone | t                   | c    |
+--------------+---------------+----------+---------------------+------+
| 172.31.11.5  | 107.13.54.103 | EDT      | 2019-08-25 00:00:00 | 13.0 |
| 172.31.11.5  | 107.13.54.103 | EDT      | 2019-08-25 12:00:00 | 13.0 |
| 172.31.11.5  | 107.13.54.103 | N/A      | 2019-08-25 12:00:00 | 13.0 |
| 172.31.11.5  | 99.9.55.22    | N/A      | 2019-08-25 12:00:00 | 10.0 |
| 172.31.57.89 | 107.13.54.103 | EDT      | 2019-08-25 00:00:00 | 13.0 |
| 172.31.57.89 | 107.13.54.103 | EDT      | 2019-08-25 12:00:00 | 13.0 |
| 172.31.57.89 | 107.13.54.103 | N/A      | 2019-08-25 12:00:00 | 13.0 |
| 172.31.57.89 | 99.9.55.22    | N/A      | 2019-08-25 12:00:00 | 10.0 |
+--------------+---------------+----------+---------------------+------+
(8 rows)

!ok

#-------------------------------------------------------------------------
# TESTCASE: test_basics_test_window_func_in_func TEST_ID: A1_W4_G1_Q1
#-------------------------------------------------------------------------
SELECT server_ip,
       client_ip,
       timezone,
       cast(time_floor(__time, 'PT12H') AS char) t,
       floor(avg(length(client_ip)) OVER ()) AS c
FROM
  (SELECT server_ip,
          client_ip,
          timezone,
          time_floor(__time, 'PT12H') __time,
          count(*)
   FROM test_win
   GROUP BY server_ip,
            client_ip,
            timezone,
            time_floor(__time, 'PT12H'))
WHERE client_ip IN ('107.13.54.103',
                    '99.9.55.22');
+--------------+---------------+----------+---------------------+------+
| server_ip    | client_ip     | timezone | t                   | c    |
+--------------+---------------+----------+---------------------+------+
| 172.31.11.5  | 107.13.54.103 | EDT      | 2019-08-25 00:00:00 | 12.0 |
| 172.31.11.5  | 107.13.54.103 | EDT      | 2019-08-25 12:00:00 | 12.0 |
| 172.31.11.5  | 107.13.54.103 | N/A      | 2019-08-25 12:00:00 | 12.0 |
| 172.31.11.5  | 99.9.55.22    | N/A      | 2019-08-25 12:00:00 | 12.0 |
| 172.31.57.89 | 107.13.54.103 | EDT      | 2019-08-25 00:00:00 | 12.0 |
| 172.31.57.89 | 107.13.54.103 | EDT      | 2019-08-25 12:00:00 | 12.0 |
| 172.31.57.89 | 107.13.54.103 | N/A      | 2019-08-25 12:00:00 | 12.0 |
| 172.31.57.89 | 99.9.55.22    | N/A      | 2019-08-25 12:00:00 | 12.0 |
+--------------+---------------+----------+---------------------+------+
(8 rows)

!ok

#-------------------------------------------------------------------------
# TESTCASE: test_basics_test_window_func_in_func TEST_ID: A1_W4_G1_Q2
#-------------------------------------------------------------------------
SELECT server_ip,
       client_ip,
       timezone,
       cast(time_floor(__time, 'PT12H') AS char) t,
       floor(avg(length(client_ip)) OVER w) AS c
FROM
  (SELECT server_ip,
          client_ip,
          timezone,
          time_floor(__time, 'PT12H') __time,
          count(*)
   FROM test_win
   GROUP BY server_ip,
            client_ip,
            timezone,
            time_floor(__time, 'PT12H'))
WHERE client_ip IN ('107.13.54.103',
                    '99.9.55.22') WINDOW w AS ();
+--------------+---------------+----------+---------------------+------+
| server_ip    | client_ip     | timezone | t                   | c    |
+--------------+---------------+----------+---------------------+------+
| 172.31.11.5  | 107.13.54.103 | EDT      | 2019-08-25 00:00:00 | 12.0 |
| 172.31.11.5  | 107.13.54.103 | EDT      | 2019-08-25 12:00:00 | 12.0 |
| 172.31.11.5  | 107.13.54.103 | N/A      | 2019-08-25 12:00:00 | 12.0 |
| 172.31.11.5  | 99.9.55.22    | N/A      | 2019-08-25 12:00:00 | 12.0 |
| 172.31.57.89 | 107.13.54.103 | EDT      | 2019-08-25 00:00:00 | 12.0 |
| 172.31.57.89 | 107.13.54.103 | EDT      | 2019-08-25 12:00:00 | 12.0 |
| 172.31.57.89 | 107.13.54.103 | N/A      | 2019-08-25 12:00:00 | 12.0 |
| 172.31.57.89 | 99.9.55.22    | N/A      | 2019-08-25 12:00:00 | 12.0 |
+--------------+---------------+----------+---------------------+------+
(8 rows)

!ok

#-------------------------------------------------------------------------
# TESTCASE: test_basics_test_window_func_in_func TEST_ID: A1_W4_G2_Q1
#-------------------------------------------------------------------------
SELECT server_ip,
       client_ip,
       timezone,
       cast(time_floor(__time, 'PT12H') AS char) t,
       floor(avg(length(client_ip)) OVER ()) AS c
FROM test_win
WHERE client_ip IN ('107.13.54.103',
                    '99.9.55.22')
GROUP BY server_ip,
         client_ip,
         timezone,
         time_floor(__time, 'PT12H');
+--------------+---------------+----------+---------------------+------+
| server_ip    | client_ip     | timezone | t                   | c    |
+--------------+---------------+----------+---------------------+------+
| 172.31.11.5  | 107.13.54.103 | EDT      | 2019-08-25 00:00:00 | 12.0 |
| 172.31.11.5  | 107.13.54.103 | EDT      | 2019-08-25 12:00:00 | 12.0 |
| 172.31.11.5  | 107.13.54.103 | N/A      | 2019-08-25 12:00:00 | 12.0 |
| 172.31.11.5  | 99.9.55.22    | N/A      | 2019-08-25 12:00:00 | 12.0 |
| 172.31.57.89 | 107.13.54.103 | EDT      | 2019-08-25 00:00:00 | 12.0 |
| 172.31.57.89 | 107.13.54.103 | EDT      | 2019-08-25 12:00:00 | 12.0 |
| 172.31.57.89 | 107.13.54.103 | N/A      | 2019-08-25 12:00:00 | 12.0 |
| 172.31.57.89 | 99.9.55.22    | N/A      | 2019-08-25 12:00:00 | 12.0 |
+--------------+---------------+----------+---------------------+------+
(8 rows)

!ok

#-------------------------------------------------------------------------
# TESTCASE: test_basics_test_window_func_in_func TEST_ID: A1_W4_G2_Q2
#-------------------------------------------------------------------------
SELECT server_ip,
       client_ip,
       timezone,
       cast(time_floor(__time, 'PT12H') AS char) t,
       floor(avg(length(client_ip)) OVER w) AS c
FROM test_win
WHERE client_ip IN ('107.13.54.103',
                    '99.9.55.22')
GROUP BY server_ip,
         client_ip,
         timezone,
         time_floor(__time, 'PT12H') WINDOW w AS ();
+--------------+---------------+----------+---------------------+------+
| server_ip    | client_ip     | timezone | t                   | c    |
+--------------+---------------+----------+---------------------+------+
| 172.31.11.5  | 107.13.54.103 | EDT      | 2019-08-25 00:00:00 | 12.0 |
| 172.31.11.5  | 107.13.54.103 | EDT      | 2019-08-25 12:00:00 | 12.0 |
| 172.31.11.5  | 107.13.54.103 | N/A      | 2019-08-25 12:00:00 | 12.0 |
| 172.31.11.5  | 99.9.55.22    | N/A      | 2019-08-25 12:00:00 | 12.0 |
| 172.31.57.89 | 107.13.54.103 | EDT      | 2019-08-25 00:00:00 | 12.0 |
| 172.31.57.89 | 107.13.54.103 | EDT      | 2019-08-25 12:00:00 | 12.0 |
| 172.31.57.89 | 107.13.54.103 | N/A      | 2019-08-25 12:00:00 | 12.0 |
| 172.31.57.89 | 99.9.55.22    | N/A      | 2019-08-25 12:00:00 | 12.0 |
+--------------+---------------+----------+---------------------+------+
(8 rows)

!ok

