!set dartQueryId 00000000-0000-0000-0000-000000000000
!set useApproximateCountDistinct false
!use druidtest://?componentSupplier=StandardAndMSQComponentSupplier&datasets=sql/src/test/quidem/qatests/qaWin
!set outputformat mysql
#-------------------------------------------------------------------------
# TESTCASE: test_basics_test_order_by_nulls_first_last TEST_ID: SEL_DATASOURCE
#-------------------------------------------------------------------------
SELECT count(*) cnt
FROM test_win
WHERE client_ip IN ('107.13.54.103',
                    '99.9.55.22');
+-----+
| cnt |
+-----+
| 768 |
+-----+
(1 row)

!ok

#-------------------------------------------------------------------------
# TESTCASE: test_basics_test_order_by_nulls_first_last TEST_ID: A1_N1_G2_Q2
#-------------------------------------------------------------------------
SELECT server_ip,
       client_ip,
       timezone,
       cast(time_floor(__time, 'PT12H') AS char) t,
       row_number() OVER w AS c
FROM test_win
WHERE client_ip IN ('107.13.54.103',
                    '99.9.55.22')
GROUP BY server_ip,
         client_ip,
         timezone,
         time_floor(__time, 'PT12H') WINDOW w AS (PARTITION BY client_ip
                                                  ORDER BY server_ip,
                                                           timezone NULLS FIRST);
+--------------+---------------+----------+---------------------+---+
| server_ip    | client_ip     | timezone | t                   | c |
+--------------+---------------+----------+---------------------+---+
| 172.31.11.5  | 107.13.54.103 | EDT      | 2019-08-25 00:00:00 | 1 |
| 172.31.11.5  | 107.13.54.103 | EDT      | 2019-08-25 12:00:00 | 2 |
| 172.31.11.5  | 107.13.54.103 | N/A      | 2019-08-25 12:00:00 | 3 |
| 172.31.11.5  | 99.9.55.22    | N/A      | 2019-08-25 12:00:00 | 1 |
| 172.31.57.89 | 107.13.54.103 | EDT      | 2019-08-25 00:00:00 | 4 |
| 172.31.57.89 | 107.13.54.103 | EDT      | 2019-08-25 12:00:00 | 5 |
| 172.31.57.89 | 107.13.54.103 | N/A      | 2019-08-25 12:00:00 | 6 |
| 172.31.57.89 | 99.9.55.22    | N/A      | 2019-08-25 12:00:00 | 2 |
+--------------+---------------+----------+---------------------+---+
(8 rows)

!ok

#-------------------------------------------------------------------------
# TESTCASE: test_basics_test_order_by_nulls_first_last TEST_ID: A1_N2_G2_Q2
#-------------------------------------------------------------------------
SELECT server_ip,
       client_ip,
       timezone,
       cast(time_floor(__time, 'PT12H') AS char) t,
       row_number() OVER w AS c
FROM test_win
WHERE client_ip IN ('107.13.54.103',
                    '99.9.55.22')
GROUP BY server_ip,
         client_ip,
         timezone,
         time_floor(__time, 'PT12H') WINDOW w AS (PARTITION BY client_ip
                                                  ORDER BY server_ip,
                                                           timezone NULLS LAST);
ASCENDING ordering with NULLS LAST is not supported
!error

#-------------------------------------------------------------------------
# TESTCASE: test_basics_test_order_by_nulls_first_last TEST_ID: A2_N1_G2_Q2
#-------------------------------------------------------------------------
SELECT server_ip,
       client_ip,
       timezone,
       cast(time_floor(__time, 'PT12H') AS char) t,
       row_number() OVER w AS c
FROM test_win
WHERE client_ip IN ('107.13.54.103',
                    '99.9.55.22')
GROUP BY server_ip,
         client_ip,
         timezone,
         time_floor(__time, 'PT12H') WINDOW w AS (PARTITION BY client_ip
                                                  ORDER BY server_ip,
                                                           timezone ASC NULLS FIRST);
+--------------+---------------+----------+---------------------+---+
| server_ip    | client_ip     | timezone | t                   | c |
+--------------+---------------+----------+---------------------+---+
| 172.31.11.5  | 107.13.54.103 | EDT      | 2019-08-25 00:00:00 | 1 |
| 172.31.11.5  | 107.13.54.103 | EDT      | 2019-08-25 12:00:00 | 2 |
| 172.31.11.5  | 107.13.54.103 | N/A      | 2019-08-25 12:00:00 | 3 |
| 172.31.11.5  | 99.9.55.22    | N/A      | 2019-08-25 12:00:00 | 1 |
| 172.31.57.89 | 107.13.54.103 | EDT      | 2019-08-25 00:00:00 | 4 |
| 172.31.57.89 | 107.13.54.103 | EDT      | 2019-08-25 12:00:00 | 5 |
| 172.31.57.89 | 107.13.54.103 | N/A      | 2019-08-25 12:00:00 | 6 |
| 172.31.57.89 | 99.9.55.22    | N/A      | 2019-08-25 12:00:00 | 2 |
+--------------+---------------+----------+---------------------+---+
(8 rows)

!ok

#-------------------------------------------------------------------------
# TESTCASE: test_basics_test_order_by_nulls_first_last TEST_ID: A2_N2_G2_Q2
#-------------------------------------------------------------------------
SELECT server_ip,
       client_ip,
       timezone,
       cast(time_floor(__time, 'PT12H') AS char) t,
       row_number() OVER w AS c
FROM test_win
WHERE client_ip IN ('107.13.54.103',
                    '99.9.55.22')
GROUP BY server_ip,
         client_ip,
         timezone,
         time_floor(__time, 'PT12H') WINDOW w AS (PARTITION BY client_ip
                                                  ORDER BY server_ip,
                                                           timezone ASC NULLS LAST);
ASCENDING ordering with NULLS LAST is not supported
!error

#-------------------------------------------------------------------------
# TESTCASE: test_basics_test_order_by_nulls_first_last TEST_ID: A3_N1_G2_Q2
#-------------------------------------------------------------------------
SELECT server_ip,
       client_ip,
       timezone,
       cast(time_floor(__time, 'PT12H') AS char) t,
       row_number() OVER w AS c
FROM test_win
WHERE client_ip IN ('107.13.54.103',
                    '99.9.55.22')
GROUP BY server_ip,
         client_ip,
         timezone,
         time_floor(__time, 'PT12H') WINDOW w AS (PARTITION BY client_ip
                                                  ORDER BY server_ip,
                                                           timezone DESC NULLS FIRST);
DESCENDING ordering with NULLS FIRST is not supported
!error

#-------------------------------------------------------------------------
# TESTCASE: test_basics_test_order_by_nulls_first_last TEST_ID: A3_N2_G2_Q2
#-------------------------------------------------------------------------
SELECT server_ip,
       client_ip,
       timezone,
       cast(time_floor(__time, 'PT12H') AS char) t,
       row_number() OVER w AS c
FROM test_win
WHERE client_ip IN ('107.13.54.103',
                    '99.9.55.22')
GROUP BY server_ip,
         client_ip,
         timezone,
         time_floor(__time, 'PT12H') WINDOW w AS (PARTITION BY client_ip
                                                  ORDER BY server_ip,
                                                           timezone DESC NULLS LAST);
+--------------+---------------+----------+---------------------+---+
| server_ip    | client_ip     | timezone | t                   | c |
+--------------+---------------+----------+---------------------+---+
| 172.31.11.5  | 107.13.54.103 | EDT      | 2019-08-25 00:00:00 | 2 |
| 172.31.11.5  | 107.13.54.103 | EDT      | 2019-08-25 12:00:00 | 3 |
| 172.31.11.5  | 107.13.54.103 | N/A      | 2019-08-25 12:00:00 | 1 |
| 172.31.11.5  | 99.9.55.22    | N/A      | 2019-08-25 12:00:00 | 1 |
| 172.31.57.89 | 107.13.54.103 | EDT      | 2019-08-25 00:00:00 | 5 |
| 172.31.57.89 | 107.13.54.103 | EDT      | 2019-08-25 12:00:00 | 6 |
| 172.31.57.89 | 107.13.54.103 | N/A      | 2019-08-25 12:00:00 | 4 |
| 172.31.57.89 | 99.9.55.22    | N/A      | 2019-08-25 12:00:00 | 2 |
+--------------+---------------+----------+---------------------+---+
(8 rows)

!ok

