!set useApproximateCountDistinct false
!use druidtest://?componentSupplier=AllDruidEnginesComponentSupplier&datasets=sql/src/test/quidem/qatests/qaWin
!set outputformat mysql
#-------------------------------------------------------------------------
# TESTCASE: test_order_by TEST_ID: A8_sum_count_W21_G2_Q2
#-------------------------------------------------------------------------
SELECT server_ip,
       client_ip,
       timezone,
       cast(time_floor(__time, 'PT12H') AS char) t,
       sum(length(timezone)) OVER w "sum_val",
       count(timezone) OVER w cnt_val
FROM test_win
WHERE client_ip IN ('107.13.54.103',
                    '99.9.55.22')
GROUP BY server_ip,
         client_ip,
         timezone,
         time_floor(__time, 'PT12H') WINDOW w AS (PARTITION BY client_ip ROWS BETWEEN 0 PRECEDING AND UNBOUNDED FOLLOWING);
+--------------+---------------+----------+---------------------+---------+---------+
| server_ip    | client_ip     | timezone | t                   | sum_val | cnt_val |
+--------------+---------------+----------+---------------------+---------+---------+
| 172.31.11.5  | 107.13.54.103 | EDT      | 2019-08-25 00:00:00 |      18 |       6 |
| 172.31.11.5  | 107.13.54.103 | EDT      | 2019-08-25 12:00:00 |      18 |       6 |
| 172.31.11.5  | 107.13.54.103 | N/A      | 2019-08-25 12:00:00 |      18 |       6 |
| 172.31.11.5  | 99.9.55.22    | N/A      | 2019-08-25 12:00:00 |       6 |       2 |
| 172.31.57.89 | 107.13.54.103 | EDT      | 2019-08-25 00:00:00 |      18 |       6 |
| 172.31.57.89 | 107.13.54.103 | EDT      | 2019-08-25 12:00:00 |      18 |       6 |
| 172.31.57.89 | 107.13.54.103 | N/A      | 2019-08-25 12:00:00 |      18 |       6 |
| 172.31.57.89 | 99.9.55.22    | N/A      | 2019-08-25 12:00:00 |       6 |       2 |
+--------------+---------------+----------+---------------------+---------+---------+
(8 rows)

!ok

#-------------------------------------------------------------------------
# TESTCASE: test_order_by TEST_ID: A8_sum_count_W22_G1_Q1
#-------------------------------------------------------------------------
SELECT server_ip,
       client_ip,
       timezone,
       cast(time_floor(__time, 'PT12H') AS char) t,
       sum(length(timezone)) OVER (ROWS BETWEEN 0 PRECEDING AND UNBOUNDED FOLLOWING) "sum_val",
       count(timezone) OVER (ROWS BETWEEN 0 PRECEDING AND UNBOUNDED FOLLOWING) cnt_val
FROM
  (SELECT server_ip,
          client_ip,
          timezone,
          time_floor(__time, 'PT12H') __time,
          count(*)
   FROM test_win
   GROUP BY server_ip,
            client_ip,
            timezone,
            time_floor(__time, 'PT12H'))
WHERE client_ip IN ('107.13.54.103',
                    '99.9.55.22');
+--------------+---------------+----------+---------------------+---------+---------+
| server_ip    | client_ip     | timezone | t                   | sum_val | cnt_val |
+--------------+---------------+----------+---------------------+---------+---------+
| 172.31.11.5  | 107.13.54.103 | EDT      | 2019-08-25 00:00:00 |      24 |       8 |
| 172.31.11.5  | 107.13.54.103 | EDT      | 2019-08-25 12:00:00 |      24 |       8 |
| 172.31.11.5  | 107.13.54.103 | N/A      | 2019-08-25 12:00:00 |      24 |       8 |
| 172.31.11.5  | 99.9.55.22    | N/A      | 2019-08-25 12:00:00 |      24 |       8 |
| 172.31.57.89 | 107.13.54.103 | EDT      | 2019-08-25 00:00:00 |      24 |       8 |
| 172.31.57.89 | 107.13.54.103 | EDT      | 2019-08-25 12:00:00 |      24 |       8 |
| 172.31.57.89 | 107.13.54.103 | N/A      | 2019-08-25 12:00:00 |      24 |       8 |
| 172.31.57.89 | 99.9.55.22    | N/A      | 2019-08-25 12:00:00 |      24 |       8 |
+--------------+---------------+----------+---------------------+---------+---------+
(8 rows)

!ok

#-------------------------------------------------------------------------
# TESTCASE: test_order_by TEST_ID: A8_sum_count_W22_G1_Q2
#-------------------------------------------------------------------------
SELECT server_ip,
       client_ip,
       timezone,
       cast(time_floor(__time, 'PT12H') AS char) t,
       sum(length(timezone)) OVER w "sum_val",
       count(timezone) OVER w cnt_val
FROM
  (SELECT server_ip,
          client_ip,
          timezone,
          time_floor(__time, 'PT12H') __time,
          count(*)
   FROM test_win
   GROUP BY server_ip,
            client_ip,
            timezone,
            time_floor(__time, 'PT12H'))
WHERE client_ip IN ('107.13.54.103',
                    '99.9.55.22') WINDOW w AS (ROWS BETWEEN 0 PRECEDING AND UNBOUNDED FOLLOWING);
+--------------+---------------+----------+---------------------+---------+---------+
| server_ip    | client_ip     | timezone | t                   | sum_val | cnt_val |
+--------------+---------------+----------+---------------------+---------+---------+
| 172.31.11.5  | 107.13.54.103 | EDT      | 2019-08-25 00:00:00 |      24 |       8 |
| 172.31.11.5  | 107.13.54.103 | EDT      | 2019-08-25 12:00:00 |      24 |       8 |
| 172.31.11.5  | 107.13.54.103 | N/A      | 2019-08-25 12:00:00 |      24 |       8 |
| 172.31.11.5  | 99.9.55.22    | N/A      | 2019-08-25 12:00:00 |      24 |       8 |
| 172.31.57.89 | 107.13.54.103 | EDT      | 2019-08-25 00:00:00 |      24 |       8 |
| 172.31.57.89 | 107.13.54.103 | EDT      | 2019-08-25 12:00:00 |      24 |       8 |
| 172.31.57.89 | 107.13.54.103 | N/A      | 2019-08-25 12:00:00 |      24 |       8 |
| 172.31.57.89 | 99.9.55.22    | N/A      | 2019-08-25 12:00:00 |      24 |       8 |
+--------------+---------------+----------+---------------------+---------+---------+
(8 rows)

!ok

#-------------------------------------------------------------------------
# TESTCASE: test_order_by TEST_ID: A8_sum_count_W22_G2_Q1
#-------------------------------------------------------------------------
SELECT server_ip,
       client_ip,
       timezone,
       cast(time_floor(__time, 'PT12H') AS char) t,
       sum(length(timezone)) OVER (ROWS BETWEEN 0 PRECEDING AND UNBOUNDED FOLLOWING) "sum_val",
       count(timezone) OVER (ROWS BETWEEN 0 PRECEDING AND UNBOUNDED FOLLOWING) cnt_val
FROM test_win
WHERE client_ip IN ('107.13.54.103',
                    '99.9.55.22')
GROUP BY server_ip,
         client_ip,
         timezone,
         time_floor(__time, 'PT12H');
+--------------+---------------+----------+---------------------+---------+---------+
| server_ip    | client_ip     | timezone | t                   | sum_val | cnt_val |
+--------------+---------------+----------+---------------------+---------+---------+
| 172.31.11.5  | 107.13.54.103 | EDT      | 2019-08-25 00:00:00 |      24 |       8 |
| 172.31.11.5  | 107.13.54.103 | EDT      | 2019-08-25 12:00:00 |      24 |       8 |
| 172.31.11.5  | 107.13.54.103 | N/A      | 2019-08-25 12:00:00 |      24 |       8 |
| 172.31.11.5  | 99.9.55.22    | N/A      | 2019-08-25 12:00:00 |      24 |       8 |
| 172.31.57.89 | 107.13.54.103 | EDT      | 2019-08-25 00:00:00 |      24 |       8 |
| 172.31.57.89 | 107.13.54.103 | EDT      | 2019-08-25 12:00:00 |      24 |       8 |
| 172.31.57.89 | 107.13.54.103 | N/A      | 2019-08-25 12:00:00 |      24 |       8 |
| 172.31.57.89 | 99.9.55.22    | N/A      | 2019-08-25 12:00:00 |      24 |       8 |
+--------------+---------------+----------+---------------------+---------+---------+
(8 rows)

!ok

#-------------------------------------------------------------------------
# TESTCASE: test_order_by TEST_ID: A8_sum_count_W22_G2_Q2
#-------------------------------------------------------------------------
SELECT server_ip,
       client_ip,
       timezone,
       cast(time_floor(__time, 'PT12H') AS char) t,
       sum(length(timezone)) OVER w "sum_val",
       count(timezone) OVER w cnt_val
FROM test_win
WHERE client_ip IN ('107.13.54.103',
                    '99.9.55.22')
GROUP BY server_ip,
         client_ip,
         timezone,
         time_floor(__time, 'PT12H') WINDOW w AS (ROWS BETWEEN 0 PRECEDING AND UNBOUNDED FOLLOWING);
+--------------+---------------+----------+---------------------+---------+---------+
| server_ip    | client_ip     | timezone | t                   | sum_val | cnt_val |
+--------------+---------------+----------+---------------------+---------+---------+
| 172.31.11.5  | 107.13.54.103 | EDT      | 2019-08-25 00:00:00 |      24 |       8 |
| 172.31.11.5  | 107.13.54.103 | EDT      | 2019-08-25 12:00:00 |      24 |       8 |
| 172.31.11.5  | 107.13.54.103 | N/A      | 2019-08-25 12:00:00 |      24 |       8 |
| 172.31.11.5  | 99.9.55.22    | N/A      | 2019-08-25 12:00:00 |      24 |       8 |
| 172.31.57.89 | 107.13.54.103 | EDT      | 2019-08-25 00:00:00 |      24 |       8 |
| 172.31.57.89 | 107.13.54.103 | EDT      | 2019-08-25 12:00:00 |      24 |       8 |
| 172.31.57.89 | 107.13.54.103 | N/A      | 2019-08-25 12:00:00 |      24 |       8 |
| 172.31.57.89 | 99.9.55.22    | N/A      | 2019-08-25 12:00:00 |      24 |       8 |
+--------------+---------------+----------+---------------------+---------+---------+
(8 rows)

!ok

