!set useApproximateCountDistinct false
!use druidtest://?componentSupplier=StandardComponentSupplier&datasets=sql/src/test/quidem/qatests/qaWin&numMergeBuffers=3
!set outputformat mysql
#-------------------------------------------------------------------------
# TESTCASE: test_sql_test_group_by TEST_ID: SEL_DATASOURCE
#-------------------------------------------------------------------------
SELECT count(*) cnt
FROM test_win
WHERE client_ip IN ('107.13.54.103',
                    '99.9.55.22');
+-----+
| cnt |
+-----+
| 768 |
+-----+
(1 row)

!ok

#-------------------------------------------------------------------------
# TESTCASE: test_sql_test_group_by TEST_ID: A1_Q1
#-------------------------------------------------------------------------
SELECT server_ip,
       client_ip,
       timezone,
       cast(time_floor(__time, 'PT12H') AS char) t,
       first_value(timezone) OVER (PARTITION BY client_ip
                                   ORDER BY server_ip ASC, length(server_ip) ASC, cast(length(server_ip) AS DOUBLE)+0.123 ASC) FIRST,
                                                                                                                               last_value(timezone) OVER (PARTITION BY client_ip
                                                                                                                                                          ORDER BY server_ip ASC, length(server_ip) ASC, cast(length(server_ip) AS DOUBLE)+0.123 ASC) LAST,
                                                                                                                                                                                                                                                      count(timezone) OVER (PARTITION BY client_ip
                                                                                                                                                                                                                                                                            ORDER BY server_ip ASC, length(server_ip) ASC, cast(length(server_ip) AS DOUBLE)+0.123 ASC) cnt
FROM test_win
WHERE client_ip IN ('107.13.54.103',
                    '99.9.55.22')
GROUP BY server_ip,
         client_ip,
         timezone,
         time_floor(__time, 'PT12H');
+--------------+---------------+----------+---------------------+-------+------+-----+
| server_ip    | client_ip     | timezone | t                   | FIRST | LAST | cnt |
+--------------+---------------+----------+---------------------+-------+------+-----+
| 172.31.11.5  | 107.13.54.103 | EDT      | 2019-08-25 00:00:00 | EDT   | EDT  |   3 |
| 172.31.11.5  | 107.13.54.103 | EDT      | 2019-08-25 12:00:00 | EDT   | EDT  |   3 |
| 172.31.11.5  | 107.13.54.103 | N/A      | 2019-08-25 12:00:00 | EDT   | N/A  |   3 |
| 172.31.11.5  | 99.9.55.22    | N/A      | 2019-08-25 12:00:00 | N/A   | N/A  |   1 |
| 172.31.57.89 | 107.13.54.103 | EDT      | 2019-08-25 00:00:00 | EDT   | EDT  |   6 |
| 172.31.57.89 | 107.13.54.103 | EDT      | 2019-08-25 12:00:00 | EDT   | EDT  |   6 |
| 172.31.57.89 | 107.13.54.103 | N/A      | 2019-08-25 12:00:00 | EDT   | N/A  |   6 |
| 172.31.57.89 | 99.9.55.22    | N/A      | 2019-08-25 12:00:00 | N/A   | N/A  |   2 |
+--------------+---------------+----------+---------------------+-------+------+-----+
(8 rows)

!ok

#-------------------------------------------------------------------------
# TESTCASE: test_sql_test_group_by TEST_ID: A1_Q2
#-------------------------------------------------------------------------
SELECT server_ip,
       client_ip,
       timezone,
       cast(time_floor(__time, 'PT12H') AS char) t,
       first_value(timezone) OVER w FIRST,
                                    last_value(timezone) OVER w LAST,
                                                                count(timezone) OVER w cnt
FROM test_win
WHERE client_ip IN ('107.13.54.103',
                    '99.9.55.22')
GROUP BY server_ip,
         client_ip,
         timezone,
         time_floor(__time, 'PT12H') WINDOW w AS (PARTITION BY client_ip
                                                  ORDER BY server_ip ASC,
                                                           length(server_ip) ASC, cast(length(server_ip) AS DOUBLE)+0.123 ASC);
+--------------+---------------+----------+---------------------+-------+------+-----+
| server_ip    | client_ip     | timezone | t                   | FIRST | LAST | cnt |
+--------------+---------------+----------+---------------------+-------+------+-----+
| 172.31.11.5  | 107.13.54.103 | EDT      | 2019-08-25 00:00:00 | EDT   | EDT  |   3 |
| 172.31.11.5  | 107.13.54.103 | EDT      | 2019-08-25 12:00:00 | EDT   | EDT  |   3 |
| 172.31.11.5  | 107.13.54.103 | N/A      | 2019-08-25 12:00:00 | EDT   | N/A  |   3 |
| 172.31.11.5  | 99.9.55.22    | N/A      | 2019-08-25 12:00:00 | N/A   | N/A  |   1 |
| 172.31.57.89 | 107.13.54.103 | EDT      | 2019-08-25 00:00:00 | EDT   | EDT  |   6 |
| 172.31.57.89 | 107.13.54.103 | EDT      | 2019-08-25 12:00:00 | EDT   | EDT  |   6 |
| 172.31.57.89 | 107.13.54.103 | N/A      | 2019-08-25 12:00:00 | EDT   | N/A  |   6 |
| 172.31.57.89 | 99.9.55.22    | N/A      | 2019-08-25 12:00:00 | N/A   | N/A  |   2 |
+--------------+---------------+----------+---------------------+-------+------+-----+
(8 rows)

!ok

#-------------------------------------------------------------------------
# TESTCASE: test_sql_test_group_by TEST_ID: A1_Q3
#-------------------------------------------------------------------------
SELECT server_ip,
       client_ip,
       timezone,
       cast(time_floor(__time, 'PT12H') AS char) t,
       first_value(timezone) OVER (PARTITION BY client_ip
                                   ORDER BY server_ip ASC, length(server_ip) ASC, cast(length(server_ip) AS DOUBLE)+0.123 ASC) FIRST,
                                                                                                                               last_value(timezone) OVER (PARTITION BY client_ip
                                                                                                                                                          ORDER BY server_ip ASC, length(server_ip) ASC, cast(length(server_ip) AS DOUBLE)+0.123 ASC) LAST,
                                                                                                                                                                                                                                                      count(timezone) OVER (PARTITION BY client_ip
                                                                                                                                                                                                                                                                            ORDER BY server_ip ASC, length(server_ip) ASC, cast(length(server_ip) AS DOUBLE)+0.123 ASC) cnt
FROM test_win
WHERE client_ip IN ('107.13.54.103',
                    '99.9.55.22')
GROUP BY server_ip,
         client_ip,
         timezone,
         time_floor(__time, 'PT12H')
HAVING client_ip IN ('107.13.54.103',
                     '99.9.55.22');
+--------------+---------------+----------+---------------------+-------+------+-----+
| server_ip    | client_ip     | timezone | t                   | FIRST | LAST | cnt |
+--------------+---------------+----------+---------------------+-------+------+-----+
| 172.31.11.5  | 107.13.54.103 | EDT      | 2019-08-25 00:00:00 | EDT   | EDT  |   3 |
| 172.31.11.5  | 107.13.54.103 | EDT      | 2019-08-25 12:00:00 | EDT   | EDT  |   3 |
| 172.31.11.5  | 107.13.54.103 | N/A      | 2019-08-25 12:00:00 | EDT   | N/A  |   3 |
| 172.31.11.5  | 99.9.55.22    | N/A      | 2019-08-25 12:00:00 | N/A   | N/A  |   1 |
| 172.31.57.89 | 107.13.54.103 | EDT      | 2019-08-25 00:00:00 | EDT   | EDT  |   6 |
| 172.31.57.89 | 107.13.54.103 | EDT      | 2019-08-25 12:00:00 | EDT   | EDT  |   6 |
| 172.31.57.89 | 107.13.54.103 | N/A      | 2019-08-25 12:00:00 | EDT   | N/A  |   6 |
| 172.31.57.89 | 99.9.55.22    | N/A      | 2019-08-25 12:00:00 | N/A   | N/A  |   2 |
+--------------+---------------+----------+---------------------+-------+------+-----+
(8 rows)

!ok

#-------------------------------------------------------------------------
# TESTCASE: test_sql_test_group_by TEST_ID: A1_Q4
#-------------------------------------------------------------------------
SELECT server_ip,
       client_ip,
       timezone,
       cast(time_floor(__time, 'PT12H') AS char) t,
       first_value(timezone) OVER w FIRST,
                                    last_value(timezone) OVER w LAST,
                                                                count(timezone) OVER w cnt
FROM test_win
WHERE client_ip IN ('107.13.54.103',
                    '99.9.55.22')
GROUP BY server_ip,
         client_ip,
         timezone,
         time_floor(__time, 'PT12H')
HAVING client_ip IN ('107.13.54.103',
                     '99.9.55.22') WINDOW w AS (PARTITION BY client_ip
                                                ORDER BY server_ip ASC,
                                                         length(server_ip) ASC, cast(length(server_ip) AS DOUBLE)+0.123 ASC);
+--------------+---------------+----------+---------------------+-------+------+-----+
| server_ip    | client_ip     | timezone | t                   | FIRST | LAST | cnt |
+--------------+---------------+----------+---------------------+-------+------+-----+
| 172.31.11.5  | 107.13.54.103 | EDT      | 2019-08-25 00:00:00 | EDT   | EDT  |   3 |
| 172.31.11.5  | 107.13.54.103 | EDT      | 2019-08-25 12:00:00 | EDT   | EDT  |   3 |
| 172.31.11.5  | 107.13.54.103 | N/A      | 2019-08-25 12:00:00 | EDT   | N/A  |   3 |
| 172.31.11.5  | 99.9.55.22    | N/A      | 2019-08-25 12:00:00 | N/A   | N/A  |   1 |
| 172.31.57.89 | 107.13.54.103 | EDT      | 2019-08-25 00:00:00 | EDT   | EDT  |   6 |
| 172.31.57.89 | 107.13.54.103 | EDT      | 2019-08-25 12:00:00 | EDT   | EDT  |   6 |
| 172.31.57.89 | 107.13.54.103 | N/A      | 2019-08-25 12:00:00 | EDT   | N/A  |   6 |
| 172.31.57.89 | 99.9.55.22    | N/A      | 2019-08-25 12:00:00 | N/A   | N/A  |   2 |
+--------------+---------------+----------+---------------------+-------+------+-----+
(8 rows)

!ok

#-------------------------------------------------------------------------
# TESTCASE: test_sql_test_group_by TEST_ID: A2_Q1
#-------------------------------------------------------------------------
SELECT server_ip,
       client_ip,
       timezone,
       cast(time_floor(__time, 'PT12H') AS char) t,
       first_value(timezone) OVER (PARTITION BY client_ip
                                   ORDER BY server_ip ASC, length(server_ip) ASC, cast(length(server_ip) AS DOUBLE)+0.123 ASC) FIRST,
                                                                                                                               last_value(timezone) OVER (PARTITION BY client_ip
                                                                                                                                                          ORDER BY server_ip ASC, length(server_ip) ASC, cast(length(server_ip) AS DOUBLE)+0.123 ASC) LAST,
                                                                                                                                                                                                                                                      count(timezone) OVER (PARTITION BY client_ip
                                                                                                                                                                                                                                                                            ORDER BY server_ip ASC, length(server_ip) ASC, cast(length(server_ip) AS DOUBLE)+0.123 ASC) cnt
FROM test_win
WHERE client_ip IN ('107.13.54.103',
                    '99.9.55.22')
GROUP BY GROUPING sets(server_ip, client_ip, timezone, time_floor(__time, 'PT12H'));
+--------------+---------------+----------+---------------------+-------+------+-----+
| server_ip    | client_ip     | timezone | t                   | FIRST | LAST | cnt |
+--------------+---------------+----------+---------------------+-------+------+-----+
| 172.31.11.5  |               |          |                     | EDT   |      |   2 |
| 172.31.57.89 |               |          |                     | EDT   |      |   2 |
|              | 107.13.54.103 |          |                     |       |      |   0 |
|              | 99.9.55.22    |          |                     |       |      |   0 |
|              |               | EDT      |                     | EDT   | EDT  |   2 |
|              |               | N/A      |                     | EDT   | N/A  |   2 |
|              |               |          | 2019-08-25 00:00:00 | EDT   |      |   2 |
|              |               |          | 2019-08-25 12:00:00 | EDT   |      |   2 |
+--------------+---------------+----------+---------------------+-------+------+-----+
(8 rows)

!ok

#-------------------------------------------------------------------------
# TESTCASE: test_sql_test_group_by TEST_ID: A2_Q2
#-------------------------------------------------------------------------
SELECT server_ip,
       client_ip,
       timezone,
       cast(time_floor(__time, 'PT12H') AS char) t,
       first_value(timezone) OVER w FIRST,
                                    last_value(timezone) OVER w LAST,
                                                                count(timezone) OVER w cnt
FROM test_win
WHERE client_ip IN ('107.13.54.103',
                    '99.9.55.22')
GROUP BY GROUPING sets(server_ip, client_ip, timezone, time_floor(__time, 'PT12H')) WINDOW w AS (PARTITION BY client_ip
                                                                                                 ORDER BY server_ip ASC,
                                                                                                          length(server_ip) ASC, cast(length(server_ip) AS DOUBLE)+0.123 ASC);
+--------------+---------------+----------+---------------------+-------+------+-----+
| server_ip    | client_ip     | timezone | t                   | FIRST | LAST | cnt |
+--------------+---------------+----------+---------------------+-------+------+-----+
| 172.31.11.5  |               |          |                     | EDT   |      |   2 |
| 172.31.57.89 |               |          |                     | EDT   |      |   2 |
|              | 107.13.54.103 |          |                     |       |      |   0 |
|              | 99.9.55.22    |          |                     |       |      |   0 |
|              |               | EDT      |                     | EDT   | EDT  |   2 |
|              |               | N/A      |                     | EDT   | N/A  |   2 |
|              |               |          | 2019-08-25 00:00:00 | EDT   |      |   2 |
|              |               |          | 2019-08-25 12:00:00 | EDT   |      |   2 |
+--------------+---------------+----------+---------------------+-------+------+-----+
(8 rows)

!ok

#-------------------------------------------------------------------------
# TESTCASE: test_sql_test_group_by TEST_ID: A2_Q3
#-------------------------------------------------------------------------
SELECT server_ip,
       client_ip,
       timezone,
       cast(time_floor(__time, 'PT12H') AS char) t,
       first_value(timezone) OVER (PARTITION BY client_ip
                                   ORDER BY server_ip ASC, length(server_ip) ASC, cast(length(server_ip) AS DOUBLE)+0.123 ASC) FIRST,
                                                                                                                               last_value(timezone) OVER (PARTITION BY client_ip
                                                                                                                                                          ORDER BY server_ip ASC, length(server_ip) ASC, cast(length(server_ip) AS DOUBLE)+0.123 ASC) LAST,
                                                                                                                                                                                                                                                      count(timezone) OVER (PARTITION BY client_ip
                                                                                                                                                                                                                                                                            ORDER BY server_ip ASC, length(server_ip) ASC, cast(length(server_ip) AS DOUBLE)+0.123 ASC) cnt
FROM test_win
WHERE client_ip IN ('107.13.54.103',
                    '99.9.55.22')
GROUP BY GROUPING sets(server_ip, client_ip, timezone, time_floor(__time, 'PT12H'))
HAVING client_ip IN ('107.13.54.103',
                     '99.9.55.22');
+-----------+---------------+----------+---+-------+------+-----+
| server_ip | client_ip     | timezone | t | FIRST | LAST | cnt |
+-----------+---------------+----------+---+-------+------+-----+
|           | 107.13.54.103 |          |   |       |      |   0 |
|           | 99.9.55.22    |          |   |       |      |   0 |
+-----------+---------------+----------+---+-------+------+-----+
(2 rows)

!ok

#-------------------------------------------------------------------------
# TESTCASE: test_sql_test_group_by TEST_ID: A2_Q4
#-------------------------------------------------------------------------
SELECT server_ip,
       client_ip,
       timezone,
       cast(time_floor(__time, 'PT12H') AS char) t,
       first_value(timezone) OVER w FIRST,
                                    last_value(timezone) OVER w LAST,
                                                                count(timezone) OVER w cnt
FROM test_win
WHERE client_ip IN ('107.13.54.103',
                    '99.9.55.22')
GROUP BY GROUPING sets(server_ip, client_ip, timezone, time_floor(__time, 'PT12H'))
HAVING client_ip IN ('107.13.54.103',
                     '99.9.55.22') WINDOW w AS (PARTITION BY client_ip
                                                ORDER BY server_ip ASC,
                                                         length(server_ip) ASC, cast(length(server_ip) AS DOUBLE)+0.123 ASC);
+-----------+---------------+----------+---+-------+------+-----+
| server_ip | client_ip     | timezone | t | FIRST | LAST | cnt |
+-----------+---------------+----------+---+-------+------+-----+
|           | 107.13.54.103 |          |   |       |      |   0 |
|           | 99.9.55.22    |          |   |       |      |   0 |
+-----------+---------------+----------+---+-------+------+-----+
(2 rows)

!ok

#-------------------------------------------------------------------------
# TESTCASE: test_sql_test_group_by TEST_ID: A3_Q1
#-------------------------------------------------------------------------
SELECT server_ip,
       client_ip,
       timezone,
       cast(time_floor(__time, 'PT12H') AS char) t,
       first_value(timezone) OVER (PARTITION BY client_ip
                                   ORDER BY server_ip ASC, length(server_ip) ASC, cast(length(server_ip) AS DOUBLE)+0.123 ASC) FIRST,
                                                                                                                               last_value(timezone) OVER (PARTITION BY client_ip
                                                                                                                                                          ORDER BY server_ip ASC, length(server_ip) ASC, cast(length(server_ip) AS DOUBLE)+0.123 ASC) LAST,
                                                                                                                                                                                                                                                      count(timezone) OVER (PARTITION BY client_ip
                                                                                                                                                                                                                                                                            ORDER BY server_ip ASC, length(server_ip) ASC, cast(length(server_ip) AS DOUBLE)+0.123 ASC) cnt
FROM test_win
WHERE client_ip IN ('107.13.54.103',
                    '99.9.55.22')
GROUP BY rollup(server_ip, client_ip, timezone, time_floor(__time, 'PT12H'));
+--------------+---------------+----------+---------------------+-------+------+-----+
| server_ip    | client_ip     | timezone | t                   | FIRST | LAST | cnt |
+--------------+---------------+----------+---------------------+-------+------+-----+
| 172.31.11.5  | 107.13.54.103 | EDT      | 2019-08-25 00:00:00 | EDT   | EDT  |   5 |
| 172.31.11.5  | 107.13.54.103 | EDT      | 2019-08-25 12:00:00 | EDT   | EDT  |   5 |
| 172.31.11.5  | 107.13.54.103 | EDT      |                     | EDT   | EDT  |   5 |
| 172.31.11.5  | 107.13.54.103 | N/A      | 2019-08-25 12:00:00 | EDT   | N/A  |   5 |
| 172.31.11.5  | 107.13.54.103 | N/A      |                     | EDT   | N/A  |   5 |
| 172.31.11.5  | 107.13.54.103 |          |                     | EDT   |      |   5 |
| 172.31.11.5  | 99.9.55.22    | N/A      | 2019-08-25 12:00:00 | N/A   | N/A  |   2 |
| 172.31.11.5  | 99.9.55.22    | N/A      |                     | N/A   | N/A  |   2 |
| 172.31.11.5  | 99.9.55.22    |          |                     | N/A   |      |   2 |
| 172.31.11.5  |               |          |                     |       |      |   0 |
| 172.31.57.89 | 107.13.54.103 | EDT      | 2019-08-25 00:00:00 | EDT   | EDT  |  10 |
| 172.31.57.89 | 107.13.54.103 | EDT      | 2019-08-25 12:00:00 | EDT   | EDT  |  10 |
| 172.31.57.89 | 107.13.54.103 | EDT      |                     | EDT   | EDT  |  10 |
| 172.31.57.89 | 107.13.54.103 | N/A      | 2019-08-25 12:00:00 | EDT   | N/A  |  10 |
| 172.31.57.89 | 107.13.54.103 | N/A      |                     | EDT   | N/A  |  10 |
| 172.31.57.89 | 107.13.54.103 |          |                     | EDT   |      |  10 |
| 172.31.57.89 | 99.9.55.22    | N/A      | 2019-08-25 12:00:00 | N/A   | N/A  |   4 |
| 172.31.57.89 | 99.9.55.22    | N/A      |                     | N/A   | N/A  |   4 |
| 172.31.57.89 | 99.9.55.22    |          |                     | N/A   |      |   4 |
| 172.31.57.89 |               |          |                     |       |      |   0 |
|              |               |          |                     |       |      |   0 |
+--------------+---------------+----------+---------------------+-------+------+-----+
(21 rows)

!ok

#-------------------------------------------------------------------------
# TESTCASE: test_sql_test_group_by TEST_ID: A3_Q2
#-------------------------------------------------------------------------
SELECT server_ip,
       client_ip,
       timezone,
       cast(time_floor(__time, 'PT12H') AS char) t,
       first_value(timezone) OVER w FIRST,
                                    last_value(timezone) OVER w LAST,
                                                                count(timezone) OVER w cnt
FROM test_win
WHERE client_ip IN ('107.13.54.103',
                    '99.9.55.22')
GROUP BY rollup(server_ip, client_ip, timezone, time_floor(__time, 'PT12H')) WINDOW w AS (PARTITION BY client_ip
                                                                                          ORDER BY server_ip ASC,
                                                                                                   length(server_ip) ASC, cast(length(server_ip) AS DOUBLE)+0.123 ASC);
+--------------+---------------+----------+---------------------+-------+------+-----+
| server_ip    | client_ip     | timezone | t                   | FIRST | LAST | cnt |
+--------------+---------------+----------+---------------------+-------+------+-----+
| 172.31.11.5  | 107.13.54.103 | EDT      | 2019-08-25 00:00:00 | EDT   | EDT  |   5 |
| 172.31.11.5  | 107.13.54.103 | EDT      | 2019-08-25 12:00:00 | EDT   | EDT  |   5 |
| 172.31.11.5  | 107.13.54.103 | EDT      |                     | EDT   | EDT  |   5 |
| 172.31.11.5  | 107.13.54.103 | N/A      | 2019-08-25 12:00:00 | EDT   | N/A  |   5 |
| 172.31.11.5  | 107.13.54.103 | N/A      |                     | EDT   | N/A  |   5 |
| 172.31.11.5  | 107.13.54.103 |          |                     | EDT   |      |   5 |
| 172.31.11.5  | 99.9.55.22    | N/A      | 2019-08-25 12:00:00 | N/A   | N/A  |   2 |
| 172.31.11.5  | 99.9.55.22    | N/A      |                     | N/A   | N/A  |   2 |
| 172.31.11.5  | 99.9.55.22    |          |                     | N/A   |      |   2 |
| 172.31.11.5  |               |          |                     |       |      |   0 |
| 172.31.57.89 | 107.13.54.103 | EDT      | 2019-08-25 00:00:00 | EDT   | EDT  |  10 |
| 172.31.57.89 | 107.13.54.103 | EDT      | 2019-08-25 12:00:00 | EDT   | EDT  |  10 |
| 172.31.57.89 | 107.13.54.103 | EDT      |                     | EDT   | EDT  |  10 |
| 172.31.57.89 | 107.13.54.103 | N/A      | 2019-08-25 12:00:00 | EDT   | N/A  |  10 |
| 172.31.57.89 | 107.13.54.103 | N/A      |                     | EDT   | N/A  |  10 |
| 172.31.57.89 | 107.13.54.103 |          |                     | EDT   |      |  10 |
| 172.31.57.89 | 99.9.55.22    | N/A      | 2019-08-25 12:00:00 | N/A   | N/A  |   4 |
| 172.31.57.89 | 99.9.55.22    | N/A      |                     | N/A   | N/A  |   4 |
| 172.31.57.89 | 99.9.55.22    |          |                     | N/A   |      |   4 |
| 172.31.57.89 |               |          |                     |       |      |   0 |
|              |               |          |                     |       |      |   0 |
+--------------+---------------+----------+---------------------+-------+------+-----+
(21 rows)

!ok

#-------------------------------------------------------------------------
# TESTCASE: test_sql_test_group_by TEST_ID: A3_Q3
#-------------------------------------------------------------------------
SELECT server_ip,
       client_ip,
       timezone,
       cast(time_floor(__time, 'PT12H') AS char) t,
       first_value(timezone) OVER (PARTITION BY client_ip
                                   ORDER BY server_ip ASC, length(server_ip) ASC, cast(length(server_ip) AS DOUBLE)+0.123 ASC) FIRST,
                                                                                                                               last_value(timezone) OVER (PARTITION BY client_ip
                                                                                                                                                          ORDER BY server_ip ASC, length(server_ip) ASC, cast(length(server_ip) AS DOUBLE)+0.123 ASC) LAST,
                                                                                                                                                                                                                                                      count(timezone) OVER (PARTITION BY client_ip
                                                                                                                                                                                                                                                                            ORDER BY server_ip ASC, length(server_ip) ASC, cast(length(server_ip) AS DOUBLE)+0.123 ASC) cnt
FROM test_win
WHERE client_ip IN ('107.13.54.103',
                    '99.9.55.22')
GROUP BY rollup(server_ip, client_ip, timezone, time_floor(__time, 'PT12H'))
HAVING client_ip IN ('107.13.54.103',
                     '99.9.55.22');
+--------------+---------------+----------+---------------------+-------+------+-----+
| server_ip    | client_ip     | timezone | t                   | FIRST | LAST | cnt |
+--------------+---------------+----------+---------------------+-------+------+-----+
| 172.31.11.5  | 107.13.54.103 | EDT      | 2019-08-25 00:00:00 | EDT   | EDT  |   5 |
| 172.31.11.5  | 107.13.54.103 | EDT      | 2019-08-25 12:00:00 | EDT   | EDT  |   5 |
| 172.31.11.5  | 107.13.54.103 | EDT      |                     | EDT   | EDT  |   5 |
| 172.31.11.5  | 107.13.54.103 | N/A      | 2019-08-25 12:00:00 | EDT   | N/A  |   5 |
| 172.31.11.5  | 107.13.54.103 | N/A      |                     | EDT   | N/A  |   5 |
| 172.31.11.5  | 107.13.54.103 |          |                     | EDT   |      |   5 |
| 172.31.11.5  | 99.9.55.22    | N/A      | 2019-08-25 12:00:00 | N/A   | N/A  |   2 |
| 172.31.11.5  | 99.9.55.22    | N/A      |                     | N/A   | N/A  |   2 |
| 172.31.11.5  | 99.9.55.22    |          |                     | N/A   |      |   2 |
| 172.31.57.89 | 107.13.54.103 | EDT      | 2019-08-25 00:00:00 | EDT   | EDT  |  10 |
| 172.31.57.89 | 107.13.54.103 | EDT      | 2019-08-25 12:00:00 | EDT   | EDT  |  10 |
| 172.31.57.89 | 107.13.54.103 | EDT      |                     | EDT   | EDT  |  10 |
| 172.31.57.89 | 107.13.54.103 | N/A      | 2019-08-25 12:00:00 | EDT   | N/A  |  10 |
| 172.31.57.89 | 107.13.54.103 | N/A      |                     | EDT   | N/A  |  10 |
| 172.31.57.89 | 107.13.54.103 |          |                     | EDT   |      |  10 |
| 172.31.57.89 | 99.9.55.22    | N/A      | 2019-08-25 12:00:00 | N/A   | N/A  |   4 |
| 172.31.57.89 | 99.9.55.22    | N/A      |                     | N/A   | N/A  |   4 |
| 172.31.57.89 | 99.9.55.22    |          |                     | N/A   |      |   4 |
+--------------+---------------+----------+---------------------+-------+------+-----+
(18 rows)

!ok

#-------------------------------------------------------------------------
# TESTCASE: test_sql_test_group_by TEST_ID: A3_Q4
#-------------------------------------------------------------------------
SELECT server_ip,
       client_ip,
       timezone,
       cast(time_floor(__time, 'PT12H') AS char) t,
       first_value(timezone) OVER w FIRST,
                                    last_value(timezone) OVER w LAST,
                                                                count(timezone) OVER w cnt
FROM test_win
WHERE client_ip IN ('107.13.54.103',
                    '99.9.55.22')
GROUP BY rollup(server_ip, client_ip, timezone, time_floor(__time, 'PT12H'))
HAVING client_ip IN ('107.13.54.103',
                     '99.9.55.22') WINDOW w AS (PARTITION BY client_ip
                                                ORDER BY server_ip ASC,
                                                         length(server_ip) ASC, cast(length(server_ip) AS DOUBLE)+0.123 ASC);
+--------------+---------------+----------+---------------------+-------+------+-----+
| server_ip    | client_ip     | timezone | t                   | FIRST | LAST | cnt |
+--------------+---------------+----------+---------------------+-------+------+-----+
| 172.31.11.5  | 107.13.54.103 | EDT      | 2019-08-25 00:00:00 | EDT   | EDT  |   5 |
| 172.31.11.5  | 107.13.54.103 | EDT      | 2019-08-25 12:00:00 | EDT   | EDT  |   5 |
| 172.31.11.5  | 107.13.54.103 | EDT      |                     | EDT   | EDT  |   5 |
| 172.31.11.5  | 107.13.54.103 | N/A      | 2019-08-25 12:00:00 | EDT   | N/A  |   5 |
| 172.31.11.5  | 107.13.54.103 | N/A      |                     | EDT   | N/A  |   5 |
| 172.31.11.5  | 107.13.54.103 |          |                     | EDT   |      |   5 |
| 172.31.11.5  | 99.9.55.22    | N/A      | 2019-08-25 12:00:00 | N/A   | N/A  |   2 |
| 172.31.11.5  | 99.9.55.22    | N/A      |                     | N/A   | N/A  |   2 |
| 172.31.11.5  | 99.9.55.22    |          |                     | N/A   |      |   2 |
| 172.31.57.89 | 107.13.54.103 | EDT      | 2019-08-25 00:00:00 | EDT   | EDT  |  10 |
| 172.31.57.89 | 107.13.54.103 | EDT      | 2019-08-25 12:00:00 | EDT   | EDT  |  10 |
| 172.31.57.89 | 107.13.54.103 | EDT      |                     | EDT   | EDT  |  10 |
| 172.31.57.89 | 107.13.54.103 | N/A      | 2019-08-25 12:00:00 | EDT   | N/A  |  10 |
| 172.31.57.89 | 107.13.54.103 | N/A      |                     | EDT   | N/A  |  10 |
| 172.31.57.89 | 107.13.54.103 |          |                     | EDT   |      |  10 |
| 172.31.57.89 | 99.9.55.22    | N/A      | 2019-08-25 12:00:00 | N/A   | N/A  |   4 |
| 172.31.57.89 | 99.9.55.22    | N/A      |                     | N/A   | N/A  |   4 |
| 172.31.57.89 | 99.9.55.22    |          |                     | N/A   |      |   4 |
+--------------+---------------+----------+---------------------+-------+------+-----+
(18 rows)

!ok

