!set useApproximateCountDistinct false
!use druidtest://?componentSupplier=StandardComponentSupplier&datasets=sql/src/test/quidem/qatests/qaWin
!set outputformat mysql
#-------------------------------------------------------------------------
# TESTCASE: test_sql_test_join TEST_ID: SEL_DATASOURCE
#-------------------------------------------------------------------------
SELECT count(*) cnt
FROM test_win
WHERE client_ip IN ('107.13.54.103',
                    '99.9.55.22');
+-----+
| cnt |
+-----+
| 768 |
+-----+
(1 row)

!ok

#-------------------------------------------------------------------------
# TESTCASE: test_sql_test_join TEST_ID: A1_G1_Q3
#-------------------------------------------------------------------------
SELECT count(*) c
FROM
  (SELECT server_ip,
          client_ip,
          timezone,
          cast(time_floor(__time, 'PT12H') AS char) t,
          first_value(timezone) OVER (PARTITION BY client_ip
                                      ORDER BY server_ip ASC, length(server_ip) ASC, cast(length(server_ip) AS DOUBLE)+0.123 ASC, timezone, time_floor(__time, 'PT12H')) FIRST,
                                                                                                                                                                         last_value(timezone) OVER (PARTITION BY client_ip
                                                                                                                                                                                                    ORDER BY server_ip ASC, length(server_ip) ASC, cast(length(server_ip) AS DOUBLE)+0.123 ASC, timezone, time_floor(__time, 'PT12H')) LAST,
                                                                                                                                                                                                                                                                                                                                       count(timezone) OVER (PARTITION BY client_ip
                                                                                                                                                                                                                                                                                                                                                             ORDER BY server_ip ASC, length(server_ip) ASC, cast(length(server_ip) AS DOUBLE)+0.123 ASC, timezone, time_floor(__time, 'PT12H')) cnt
   FROM
     (SELECT server_ip,
             client_ip,
             timezone,
             time_floor(__time, 'PT12H') __time
      FROM test_win
      GROUP BY server_ip,
               client_ip,
               timezone,
               time_floor(__time, 'PT12H'))
   WHERE client_ip IN ('107.13.54.103',
                       '99.9.55.22')) t1
INNER JOIN
  (SELECT server_ip,
          client_ip,
          timezone,
          cast(time_floor(__time, 'PT12H') AS char) t,
          first_value(timezone) OVER (PARTITION BY client_ip
                                      ORDER BY server_ip ASC, length(server_ip) ASC, cast(length(server_ip) AS DOUBLE)+0.123 ASC, timezone, time_floor(__time, 'PT12H')) FIRST,
                                                                                                                                                                         last_value(timezone) OVER (PARTITION BY client_ip
                                                                                                                                                                                                    ORDER BY server_ip ASC, length(server_ip) ASC, cast(length(server_ip) AS DOUBLE)+0.123 ASC, timezone, time_floor(__time, 'PT12H')) LAST,
                                                                                                                                                                                                                                                                                                                                       count(timezone) OVER (PARTITION BY client_ip
                                                                                                                                                                                                                                                                                                                                                             ORDER BY server_ip ASC, length(server_ip) ASC, cast(length(server_ip) AS DOUBLE)+0.123 ASC, timezone, time_floor(__time, 'PT12H')) cnt
   FROM
     (SELECT server_ip,
             client_ip,
             timezone,
             time_floor(__time, 'PT12H') __time
      FROM test_win
      GROUP BY server_ip,
               client_ip,
               timezone,
               time_floor(__time, 'PT12H'))
   WHERE client_ip IN ('107.13.54.103',
                       '99.9.55.22')) t2 ON t1.server_ip=t2.server_ip;
+----+
| c  |
+----+
| 32 |
+----+
(1 row)

!ok

#-------------------------------------------------------------------------
# TESTCASE: test_sql_test_join TEST_ID: A1_G1_Q4
#-------------------------------------------------------------------------
SELECT count(*) c
FROM
  (SELECT server_ip,
          client_ip,
          timezone,
          cast(time_floor(__time, 'PT12H') AS char) t,
          first_value(timezone) OVER (PARTITION BY client_ip
                                      ORDER BY server_ip ASC, length(server_ip) ASC, cast(length(server_ip) AS DOUBLE)+0.123 ASC, timezone, time_floor(__time, 'PT12H')) FIRST,
                                                                                                                                                                         last_value(timezone) OVER (PARTITION BY client_ip
                                                                                                                                                                                                    ORDER BY server_ip ASC, length(server_ip) ASC, cast(length(server_ip) AS DOUBLE)+0.123 ASC, timezone, time_floor(__time, 'PT12H')) LAST,
                                                                                                                                                                                                                                                                                                                                       count(timezone) OVER (PARTITION BY client_ip
                                                                                                                                                                                                                                                                                                                                                             ORDER BY server_ip ASC, length(server_ip) ASC, cast(length(server_ip) AS DOUBLE)+0.123 ASC, timezone, time_floor(__time, 'PT12H')) cnt
   FROM
     (SELECT server_ip,
             client_ip,
             timezone,
             time_floor(__time, 'PT12H') __time
      FROM test_win
      GROUP BY server_ip,
               client_ip,
               timezone,
               time_floor(__time, 'PT12H'))
   WHERE client_ip IN ('107.13.54.103',
                       '99.9.55.22')) t1
INNER JOIN
  (SELECT server_ip,
          client_ip,
          timezone,
          cast(time_floor(__time, 'PT12H') AS char) t,
          first_value(timezone) OVER w FIRST,
                                       last_value(timezone) OVER w LAST,
                                                                   count(timezone) OVER w cnt
   FROM
     (SELECT server_ip,
             client_ip,
             timezone,
             time_floor(__time, 'PT12H') __time
      FROM test_win
      GROUP BY server_ip,
               client_ip,
               timezone,
               time_floor(__time, 'PT12H'))
   WHERE client_ip IN ('107.13.54.103',
                       '99.9.55.22') WINDOW w AS (PARTITION BY client_ip
                                                  ORDER BY server_ip ASC,
                                                           length(server_ip) ASC, cast(length(server_ip) AS DOUBLE)+0.123 ASC,
                                                                                  timezone,
                                                                                  time_floor(__time, 'PT12H'))) t2 ON t1.server_ip=t2.server_ip;
+----+
| c  |
+----+
| 32 |
+----+
(1 row)

!ok

#-------------------------------------------------------------------------
# TESTCASE: test_sql_test_join TEST_ID: A1_G1_Q5
#-------------------------------------------------------------------------
SELECT count(*) c
FROM
  (SELECT server_ip,
          client_ip,
          timezone,
          cast(time_floor(__time, 'PT12H') AS char) t,
          first_value(timezone) OVER w FIRST,
                                       last_value(timezone) OVER w LAST,
                                                                   count(timezone) OVER w cnt
   FROM
     (SELECT server_ip,
             client_ip,
             timezone,
             time_floor(__time, 'PT12H') __time
      FROM test_win
      GROUP BY server_ip,
               client_ip,
               timezone,
               time_floor(__time, 'PT12H'))
   WHERE client_ip IN ('107.13.54.103',
                       '99.9.55.22') WINDOW w AS (PARTITION BY client_ip
                                                  ORDER BY server_ip ASC,
                                                           length(server_ip) ASC, cast(length(server_ip) AS DOUBLE)+0.123 ASC,
                                                                                  timezone,
                                                                                  time_floor(__time, 'PT12H'))) t1
INNER JOIN
  (SELECT server_ip,
          client_ip,
          timezone,
          cast(time_floor(__time, 'PT12H') AS char) t,
          first_value(timezone) OVER (PARTITION BY client_ip
                                      ORDER BY server_ip ASC, length(server_ip) ASC, cast(length(server_ip) AS DOUBLE)+0.123 ASC, timezone, time_floor(__time, 'PT12H')) FIRST,
                                                                                                                                                                         last_value(timezone) OVER (PARTITION BY client_ip
                                                                                                                                                                                                    ORDER BY server_ip ASC, length(server_ip) ASC, cast(length(server_ip) AS DOUBLE)+0.123 ASC, timezone, time_floor(__time, 'PT12H')) LAST,
                                                                                                                                                                                                                                                                                                                                       count(timezone) OVER (PARTITION BY client_ip
                                                                                                                                                                                                                                                                                                                                                             ORDER BY server_ip ASC, length(server_ip) ASC, cast(length(server_ip) AS DOUBLE)+0.123 ASC, timezone, time_floor(__time, 'PT12H')) cnt
   FROM
     (SELECT server_ip,
             client_ip,
             timezone,
             time_floor(__time, 'PT12H') __time
      FROM test_win
      GROUP BY server_ip,
               client_ip,
               timezone,
               time_floor(__time, 'PT12H'))
   WHERE client_ip IN ('107.13.54.103',
                       '99.9.55.22')) t2 ON t1.server_ip=t2.server_ip;
+----+
| c  |
+----+
| 32 |
+----+
(1 row)

!ok

#-------------------------------------------------------------------------
# TESTCASE: test_sql_test_join TEST_ID: A1_G1_Q6
#-------------------------------------------------------------------------
SELECT count(*) c
FROM
  (SELECT server_ip,
          client_ip,
          timezone,
          cast(time_floor(__time, 'PT12H') AS char) t,
          first_value(timezone) OVER w FIRST,
                                       last_value(timezone) OVER w LAST,
                                                                   count(timezone) OVER w cnt
   FROM
     (SELECT server_ip,
             client_ip,
             timezone,
             time_floor(__time, 'PT12H') __time
      FROM test_win
      GROUP BY server_ip,
               client_ip,
               timezone,
               time_floor(__time, 'PT12H'))
   WHERE client_ip IN ('107.13.54.103',
                       '99.9.55.22') WINDOW w AS (PARTITION BY client_ip
                                                  ORDER BY server_ip ASC,
                                                           length(server_ip) ASC, cast(length(server_ip) AS DOUBLE)+0.123 ASC,
                                                                                  timezone,
                                                                                  time_floor(__time, 'PT12H'))) t1
INNER JOIN
  (SELECT server_ip,
          client_ip,
          timezone,
          cast(time_floor(__time, 'PT12H') AS char) t,
          first_value(timezone) OVER w FIRST,
                                       last_value(timezone) OVER w LAST,
                                                                   count(timezone) OVER w cnt
   FROM
     (SELECT server_ip,
             client_ip,
             timezone,
             time_floor(__time, 'PT12H') __time
      FROM test_win
      GROUP BY server_ip,
               client_ip,
               timezone,
               time_floor(__time, 'PT12H'))
   WHERE client_ip IN ('107.13.54.103',
                       '99.9.55.22') WINDOW w AS (PARTITION BY client_ip
                                                  ORDER BY server_ip ASC,
                                                           length(server_ip) ASC, cast(length(server_ip) AS DOUBLE)+0.123 ASC,
                                                                                  timezone,
                                                                                  time_floor(__time, 'PT12H'))) t2 ON t1.server_ip=t2.server_ip;
+----+
| c  |
+----+
| 32 |
+----+
(1 row)

!ok

#-------------------------------------------------------------------------
# TESTCASE: test_sql_test_join TEST_ID: A1_G2_Q3
#-------------------------------------------------------------------------
SELECT count(*) c
FROM
  (SELECT server_ip,
          client_ip,
          timezone,
          cast(time_floor(__time, 'PT12H') AS char) t,
          first_value(timezone) OVER (PARTITION BY client_ip
                                      ORDER BY server_ip ASC, length(server_ip) ASC, cast(length(server_ip) AS DOUBLE)+0.123 ASC, timezone, time_floor(__time, 'PT12H')) FIRST,
                                                                                                                                                                         last_value(timezone) OVER (PARTITION BY client_ip
                                                                                                                                                                                                    ORDER BY server_ip ASC, length(server_ip) ASC, cast(length(server_ip) AS DOUBLE)+0.123 ASC, timezone, time_floor(__time, 'PT12H')) LAST,
                                                                                                                                                                                                                                                                                                                                       count(timezone) OVER (PARTITION BY client_ip
                                                                                                                                                                                                                                                                                                                                                             ORDER BY server_ip ASC, length(server_ip) ASC, cast(length(server_ip) AS DOUBLE)+0.123 ASC, timezone, time_floor(__time, 'PT12H')) cnt
   FROM test_win
   WHERE client_ip IN ('107.13.54.103',
                       '99.9.55.22')
   GROUP BY server_ip,
            client_ip,
            timezone,
            time_floor(__time, 'PT12H')) t1
INNER JOIN
  (SELECT server_ip,
          client_ip,
          timezone,
          cast(time_floor(__time, 'PT12H') AS char) t,
          first_value(timezone) OVER (PARTITION BY client_ip
                                      ORDER BY server_ip ASC, length(server_ip) ASC, cast(length(server_ip) AS DOUBLE)+0.123 ASC, timezone, time_floor(__time, 'PT12H')) FIRST,
                                                                                                                                                                         last_value(timezone) OVER (PARTITION BY client_ip
                                                                                                                                                                                                    ORDER BY server_ip ASC, length(server_ip) ASC, cast(length(server_ip) AS DOUBLE)+0.123 ASC, timezone, time_floor(__time, 'PT12H')) LAST,
                                                                                                                                                                                                                                                                                                                                       count(timezone) OVER (PARTITION BY client_ip
                                                                                                                                                                                                                                                                                                                                                             ORDER BY server_ip ASC, length(server_ip) ASC, cast(length(server_ip) AS DOUBLE)+0.123 ASC, timezone, time_floor(__time, 'PT12H')) cnt
   FROM test_win
   WHERE client_ip IN ('107.13.54.103',
                       '99.9.55.22')
   GROUP BY server_ip,
            client_ip,
            timezone,
            time_floor(__time, 'PT12H')) t2 ON t1.server_ip=t2.server_ip;
+----+
| c  |
+----+
| 32 |
+----+
(1 row)

!ok

#-------------------------------------------------------------------------
# TESTCASE: test_sql_test_join TEST_ID: A1_G2_Q4
#-------------------------------------------------------------------------
SELECT count(*) c
FROM
  (SELECT server_ip,
          client_ip,
          timezone,
          cast(time_floor(__time, 'PT12H') AS char) t,
          first_value(timezone) OVER (PARTITION BY client_ip
                                      ORDER BY server_ip ASC, length(server_ip) ASC, cast(length(server_ip) AS DOUBLE)+0.123 ASC, timezone, time_floor(__time, 'PT12H')) FIRST,
                                                                                                                                                                         last_value(timezone) OVER (PARTITION BY client_ip
                                                                                                                                                                                                    ORDER BY server_ip ASC, length(server_ip) ASC, cast(length(server_ip) AS DOUBLE)+0.123 ASC, timezone, time_floor(__time, 'PT12H')) LAST,
                                                                                                                                                                                                                                                                                                                                       count(timezone) OVER (PARTITION BY client_ip
                                                                                                                                                                                                                                                                                                                                                             ORDER BY server_ip ASC, length(server_ip) ASC, cast(length(server_ip) AS DOUBLE)+0.123 ASC, timezone, time_floor(__time, 'PT12H')) cnt
   FROM test_win
   WHERE client_ip IN ('107.13.54.103',
                       '99.9.55.22')
   GROUP BY server_ip,
            client_ip,
            timezone,
            time_floor(__time, 'PT12H')) t1
INNER JOIN
  (SELECT server_ip,
          client_ip,
          timezone,
          cast(time_floor(__time, 'PT12H') AS char) t,
          first_value(timezone) OVER w FIRST,
                                       last_value(timezone) OVER w LAST,
                                                                   count(timezone) OVER w cnt
   FROM test_win
   WHERE client_ip IN ('107.13.54.103',
                       '99.9.55.22')
   GROUP BY server_ip,
            client_ip,
            timezone,
            time_floor(__time, 'PT12H') WINDOW w AS (PARTITION BY client_ip
                                                     ORDER BY server_ip ASC,
                                                              length(server_ip) ASC, cast(length(server_ip) AS DOUBLE)+0.123 ASC,
                                                                                     timezone,
                                                                                     time_floor(__time, 'PT12H'))) t2 ON t1.server_ip=t2.server_ip;
+----+
| c  |
+----+
| 32 |
+----+
(1 row)

!ok

#-------------------------------------------------------------------------
# TESTCASE: test_sql_test_join TEST_ID: A1_G2_Q5
#-------------------------------------------------------------------------
SELECT count(*) c
FROM
  (SELECT server_ip,
          client_ip,
          timezone,
          cast(time_floor(__time, 'PT12H') AS char) t,
          first_value(timezone) OVER w FIRST,
                                       last_value(timezone) OVER w LAST,
                                                                   count(timezone) OVER w cnt
   FROM test_win
   WHERE client_ip IN ('107.13.54.103',
                       '99.9.55.22')
   GROUP BY server_ip,
            client_ip,
            timezone,
            time_floor(__time, 'PT12H') WINDOW w AS (PARTITION BY client_ip
                                                     ORDER BY server_ip ASC,
                                                              length(server_ip) ASC, cast(length(server_ip) AS DOUBLE)+0.123 ASC,
                                                                                     timezone,
                                                                                     time_floor(__time, 'PT12H'))) t1
INNER JOIN
  (SELECT server_ip,
          client_ip,
          timezone,
          cast(time_floor(__time, 'PT12H') AS char) t,
          first_value(timezone) OVER (PARTITION BY client_ip
                                      ORDER BY server_ip ASC, length(server_ip) ASC, cast(length(server_ip) AS DOUBLE)+0.123 ASC, timezone, time_floor(__time, 'PT12H')) FIRST,
                                                                                                                                                                         last_value(timezone) OVER (PARTITION BY client_ip
                                                                                                                                                                                                    ORDER BY server_ip ASC, length(server_ip) ASC, cast(length(server_ip) AS DOUBLE)+0.123 ASC, timezone, time_floor(__time, 'PT12H')) LAST,
                                                                                                                                                                                                                                                                                                                                       count(timezone) OVER (PARTITION BY client_ip
                                                                                                                                                                                                                                                                                                                                                             ORDER BY server_ip ASC, length(server_ip) ASC, cast(length(server_ip) AS DOUBLE)+0.123 ASC, timezone, time_floor(__time, 'PT12H')) cnt
   FROM test_win
   WHERE client_ip IN ('107.13.54.103',
                       '99.9.55.22')
   GROUP BY server_ip,
            client_ip,
            timezone,
            time_floor(__time, 'PT12H')) t2 ON t1.server_ip=t2.server_ip;
+----+
| c  |
+----+
| 32 |
+----+
(1 row)

!ok

#-------------------------------------------------------------------------
# TESTCASE: test_sql_test_join TEST_ID: A1_G2_Q6
#-------------------------------------------------------------------------
SELECT count(*) c
FROM
  (SELECT server_ip,
          client_ip,
          timezone,
          cast(time_floor(__time, 'PT12H') AS char) t,
          first_value(timezone) OVER w FIRST,
                                       last_value(timezone) OVER w LAST,
                                                                   count(timezone) OVER w cnt
   FROM test_win
   WHERE client_ip IN ('107.13.54.103',
                       '99.9.55.22')
   GROUP BY server_ip,
            client_ip,
            timezone,
            time_floor(__time, 'PT12H') WINDOW w AS (PARTITION BY client_ip
                                                     ORDER BY server_ip ASC,
                                                              length(server_ip) ASC, cast(length(server_ip) AS DOUBLE)+0.123 ASC,
                                                                                     timezone,
                                                                                     time_floor(__time, 'PT12H'))) t1
INNER JOIN
  (SELECT server_ip,
          client_ip,
          timezone,
          cast(time_floor(__time, 'PT12H') AS char) t,
          first_value(timezone) OVER w FIRST,
                                       last_value(timezone) OVER w LAST,
                                                                   count(timezone) OVER w cnt
   FROM test_win
   WHERE client_ip IN ('107.13.54.103',
                       '99.9.55.22')
   GROUP BY server_ip,
            client_ip,
            timezone,
            time_floor(__time, 'PT12H') WINDOW w AS (PARTITION BY client_ip
                                                     ORDER BY server_ip ASC,
                                                              length(server_ip) ASC, cast(length(server_ip) AS DOUBLE)+0.123 ASC,
                                                                                     timezone,
                                                                                     time_floor(__time, 'PT12H'))) t2 ON t1.server_ip=t2.server_ip;
+----+
| c  |
+----+
| 32 |
+----+
(1 row)

!ok

#-------------------------------------------------------------------------
# TESTCASE: test_sql_test_join TEST_ID: A2_G1_Q3
#-------------------------------------------------------------------------
SELECT count(*) c
FROM
  (SELECT server_ip,
          client_ip,
          timezone,
          cast(time_floor(__time, 'PT12H') AS char) t,
          first_value(timezone) OVER (PARTITION BY client_ip
                                      ORDER BY server_ip ASC, length(server_ip) ASC, cast(length(server_ip) AS DOUBLE)+0.123 ASC, timezone, time_floor(__time, 'PT12H')) FIRST,
                                                                                                                                                                         last_value(timezone) OVER (PARTITION BY client_ip
                                                                                                                                                                                                    ORDER BY server_ip ASC, length(server_ip) ASC, cast(length(server_ip) AS DOUBLE)+0.123 ASC, timezone, time_floor(__time, 'PT12H')) LAST,
                                                                                                                                                                                                                                                                                                                                       count(timezone) OVER (PARTITION BY client_ip
                                                                                                                                                                                                                                                                                                                                                             ORDER BY server_ip ASC, length(server_ip) ASC, cast(length(server_ip) AS DOUBLE)+0.123 ASC, timezone, time_floor(__time, 'PT12H')) cnt
   FROM
     (SELECT server_ip,
             client_ip,
             timezone,
             time_floor(__time, 'PT12H') __time
      FROM test_win
      GROUP BY server_ip,
               client_ip,
               timezone,
               time_floor(__time, 'PT12H'))
   WHERE client_ip IN ('107.13.54.103',
                       '99.9.55.22')) t1
JOIN
  (SELECT server_ip,
          client_ip,
          timezone,
          cast(time_floor(__time, 'PT12H') AS char) t,
          first_value(timezone) OVER (PARTITION BY client_ip
                                      ORDER BY server_ip ASC, length(server_ip) ASC, cast(length(server_ip) AS DOUBLE)+0.123 ASC, timezone, time_floor(__time, 'PT12H')) FIRST,
                                                                                                                                                                         last_value(timezone) OVER (PARTITION BY client_ip
                                                                                                                                                                                                    ORDER BY server_ip ASC, length(server_ip) ASC, cast(length(server_ip) AS DOUBLE)+0.123 ASC, timezone, time_floor(__time, 'PT12H')) LAST,
                                                                                                                                                                                                                                                                                                                                       count(timezone) OVER (PARTITION BY client_ip
                                                                                                                                                                                                                                                                                                                                                             ORDER BY server_ip ASC, length(server_ip) ASC, cast(length(server_ip) AS DOUBLE)+0.123 ASC, timezone, time_floor(__time, 'PT12H')) cnt
   FROM
     (SELECT server_ip,
             client_ip,
             timezone,
             time_floor(__time, 'PT12H') __time
      FROM test_win
      GROUP BY server_ip,
               client_ip,
               timezone,
               time_floor(__time, 'PT12H'))
   WHERE client_ip IN ('107.13.54.103',
                       '99.9.55.22')) t2 ON t1.server_ip=t2.server_ip;
+----+
| c  |
+----+
| 32 |
+----+
(1 row)

!ok

#-------------------------------------------------------------------------
# TESTCASE: test_sql_test_join TEST_ID: A2_G1_Q4
#-------------------------------------------------------------------------
SELECT count(*) c
FROM
  (SELECT server_ip,
          client_ip,
          timezone,
          cast(time_floor(__time, 'PT12H') AS char) t,
          first_value(timezone) OVER (PARTITION BY client_ip
                                      ORDER BY server_ip ASC, length(server_ip) ASC, cast(length(server_ip) AS DOUBLE)+0.123 ASC, timezone, time_floor(__time, 'PT12H')) FIRST,
                                                                                                                                                                         last_value(timezone) OVER (PARTITION BY client_ip
                                                                                                                                                                                                    ORDER BY server_ip ASC, length(server_ip) ASC, cast(length(server_ip) AS DOUBLE)+0.123 ASC, timezone, time_floor(__time, 'PT12H')) LAST,
                                                                                                                                                                                                                                                                                                                                       count(timezone) OVER (PARTITION BY client_ip
                                                                                                                                                                                                                                                                                                                                                             ORDER BY server_ip ASC, length(server_ip) ASC, cast(length(server_ip) AS DOUBLE)+0.123 ASC, timezone, time_floor(__time, 'PT12H')) cnt
   FROM
     (SELECT server_ip,
             client_ip,
             timezone,
             time_floor(__time, 'PT12H') __time
      FROM test_win
      GROUP BY server_ip,
               client_ip,
               timezone,
               time_floor(__time, 'PT12H'))
   WHERE client_ip IN ('107.13.54.103',
                       '99.9.55.22')) t1
JOIN
  (SELECT server_ip,
          client_ip,
          timezone,
          cast(time_floor(__time, 'PT12H') AS char) t,
          first_value(timezone) OVER w FIRST,
                                       last_value(timezone) OVER w LAST,
                                                                   count(timezone) OVER w cnt
   FROM
     (SELECT server_ip,
             client_ip,
             timezone,
             time_floor(__time, 'PT12H') __time
      FROM test_win
      GROUP BY server_ip,
               client_ip,
               timezone,
               time_floor(__time, 'PT12H'))
   WHERE client_ip IN ('107.13.54.103',
                       '99.9.55.22') WINDOW w AS (PARTITION BY client_ip
                                                  ORDER BY server_ip ASC,
                                                           length(server_ip) ASC, cast(length(server_ip) AS DOUBLE)+0.123 ASC,
                                                                                  timezone,
                                                                                  time_floor(__time, 'PT12H'))) t2 ON t1.server_ip=t2.server_ip;
+----+
| c  |
+----+
| 32 |
+----+
(1 row)

!ok

#-------------------------------------------------------------------------
# TESTCASE: test_sql_test_join TEST_ID: A2_G1_Q5
#-------------------------------------------------------------------------
SELECT count(*) c
FROM
  (SELECT server_ip,
          client_ip,
          timezone,
          cast(time_floor(__time, 'PT12H') AS char) t,
          first_value(timezone) OVER w FIRST,
                                       last_value(timezone) OVER w LAST,
                                                                   count(timezone) OVER w cnt
   FROM
     (SELECT server_ip,
             client_ip,
             timezone,
             time_floor(__time, 'PT12H') __time
      FROM test_win
      GROUP BY server_ip,
               client_ip,
               timezone,
               time_floor(__time, 'PT12H'))
   WHERE client_ip IN ('107.13.54.103',
                       '99.9.55.22') WINDOW w AS (PARTITION BY client_ip
                                                  ORDER BY server_ip ASC,
                                                           length(server_ip) ASC, cast(length(server_ip) AS DOUBLE)+0.123 ASC,
                                                                                  timezone,
                                                                                  time_floor(__time, 'PT12H'))) t1
JOIN
  (SELECT server_ip,
          client_ip,
          timezone,
          cast(time_floor(__time, 'PT12H') AS char) t,
          first_value(timezone) OVER (PARTITION BY client_ip
                                      ORDER BY server_ip ASC, length(server_ip) ASC, cast(length(server_ip) AS DOUBLE)+0.123 ASC, timezone, time_floor(__time, 'PT12H')) FIRST,
                                                                                                                                                                         last_value(timezone) OVER (PARTITION BY client_ip
                                                                                                                                                                                                    ORDER BY server_ip ASC, length(server_ip) ASC, cast(length(server_ip) AS DOUBLE)+0.123 ASC, timezone, time_floor(__time, 'PT12H')) LAST,
                                                                                                                                                                                                                                                                                                                                       count(timezone) OVER (PARTITION BY client_ip
                                                                                                                                                                                                                                                                                                                                                             ORDER BY server_ip ASC, length(server_ip) ASC, cast(length(server_ip) AS DOUBLE)+0.123 ASC, timezone, time_floor(__time, 'PT12H')) cnt
   FROM
     (SELECT server_ip,
             client_ip,
             timezone,
             time_floor(__time, 'PT12H') __time
      FROM test_win
      GROUP BY server_ip,
               client_ip,
               timezone,
               time_floor(__time, 'PT12H'))
   WHERE client_ip IN ('107.13.54.103',
                       '99.9.55.22')) t2 ON t1.server_ip=t2.server_ip;
+----+
| c  |
+----+
| 32 |
+----+
(1 row)

!ok

#-------------------------------------------------------------------------
# TESTCASE: test_sql_test_join TEST_ID: A2_G1_Q6
#-------------------------------------------------------------------------
SELECT count(*) c
FROM
  (SELECT server_ip,
          client_ip,
          timezone,
          cast(time_floor(__time, 'PT12H') AS char) t,
          first_value(timezone) OVER w FIRST,
                                       last_value(timezone) OVER w LAST,
                                                                   count(timezone) OVER w cnt
   FROM
     (SELECT server_ip,
             client_ip,
             timezone,
             time_floor(__time, 'PT12H') __time
      FROM test_win
      GROUP BY server_ip,
               client_ip,
               timezone,
               time_floor(__time, 'PT12H'))
   WHERE client_ip IN ('107.13.54.103',
                       '99.9.55.22') WINDOW w AS (PARTITION BY client_ip
                                                  ORDER BY server_ip ASC,
                                                           length(server_ip) ASC, cast(length(server_ip) AS DOUBLE)+0.123 ASC,
                                                                                  timezone,
                                                                                  time_floor(__time, 'PT12H'))) t1
JOIN
  (SELECT server_ip,
          client_ip,
          timezone,
          cast(time_floor(__time, 'PT12H') AS char) t,
          first_value(timezone) OVER w FIRST,
                                       last_value(timezone) OVER w LAST,
                                                                   count(timezone) OVER w cnt
   FROM
     (SELECT server_ip,
             client_ip,
             timezone,
             time_floor(__time, 'PT12H') __time
      FROM test_win
      GROUP BY server_ip,
               client_ip,
               timezone,
               time_floor(__time, 'PT12H'))
   WHERE client_ip IN ('107.13.54.103',
                       '99.9.55.22') WINDOW w AS (PARTITION BY client_ip
                                                  ORDER BY server_ip ASC,
                                                           length(server_ip) ASC, cast(length(server_ip) AS DOUBLE)+0.123 ASC,
                                                                                  timezone,
                                                                                  time_floor(__time, 'PT12H'))) t2 ON t1.server_ip=t2.server_ip;
+----+
| c  |
+----+
| 32 |
+----+
(1 row)

!ok

#-------------------------------------------------------------------------
# TESTCASE: test_sql_test_join TEST_ID: A2_G2_Q3
#-------------------------------------------------------------------------
SELECT count(*) c
FROM
  (SELECT server_ip,
          client_ip,
          timezone,
          cast(time_floor(__time, 'PT12H') AS char) t,
          first_value(timezone) OVER (PARTITION BY client_ip
                                      ORDER BY server_ip ASC, length(server_ip) ASC, cast(length(server_ip) AS DOUBLE)+0.123 ASC, timezone, time_floor(__time, 'PT12H')) FIRST,
                                                                                                                                                                         last_value(timezone) OVER (PARTITION BY client_ip
                                                                                                                                                                                                    ORDER BY server_ip ASC, length(server_ip) ASC, cast(length(server_ip) AS DOUBLE)+0.123 ASC, timezone, time_floor(__time, 'PT12H')) LAST,
                                                                                                                                                                                                                                                                                                                                       count(timezone) OVER (PARTITION BY client_ip
                                                                                                                                                                                                                                                                                                                                                             ORDER BY server_ip ASC, length(server_ip) ASC, cast(length(server_ip) AS DOUBLE)+0.123 ASC, timezone, time_floor(__time, 'PT12H')) cnt
   FROM test_win
   WHERE client_ip IN ('107.13.54.103',
                       '99.9.55.22')
   GROUP BY server_ip,
            client_ip,
            timezone,
            time_floor(__time, 'PT12H')) t1
JOIN
  (SELECT server_ip,
          client_ip,
          timezone,
          cast(time_floor(__time, 'PT12H') AS char) t,
          first_value(timezone) OVER (PARTITION BY client_ip
                                      ORDER BY server_ip ASC, length(server_ip) ASC, cast(length(server_ip) AS DOUBLE)+0.123 ASC, timezone, time_floor(__time, 'PT12H')) FIRST,
                                                                                                                                                                         last_value(timezone) OVER (PARTITION BY client_ip
                                                                                                                                                                                                    ORDER BY server_ip ASC, length(server_ip) ASC, cast(length(server_ip) AS DOUBLE)+0.123 ASC, timezone, time_floor(__time, 'PT12H')) LAST,
                                                                                                                                                                                                                                                                                                                                       count(timezone) OVER (PARTITION BY client_ip
                                                                                                                                                                                                                                                                                                                                                             ORDER BY server_ip ASC, length(server_ip) ASC, cast(length(server_ip) AS DOUBLE)+0.123 ASC, timezone, time_floor(__time, 'PT12H')) cnt
   FROM test_win
   WHERE client_ip IN ('107.13.54.103',
                       '99.9.55.22')
   GROUP BY server_ip,
            client_ip,
            timezone,
            time_floor(__time, 'PT12H')) t2 ON t1.server_ip=t2.server_ip;
+----+
| c  |
+----+
| 32 |
+----+
(1 row)

!ok

#-------------------------------------------------------------------------
# TESTCASE: test_sql_test_join TEST_ID: A2_G2_Q4
#-------------------------------------------------------------------------
SELECT count(*) c
FROM
  (SELECT server_ip,
          client_ip,
          timezone,
          cast(time_floor(__time, 'PT12H') AS char) t,
          first_value(timezone) OVER (PARTITION BY client_ip
                                      ORDER BY server_ip ASC, length(server_ip) ASC, cast(length(server_ip) AS DOUBLE)+0.123 ASC, timezone, time_floor(__time, 'PT12H')) FIRST,
                                                                                                                                                                         last_value(timezone) OVER (PARTITION BY client_ip
                                                                                                                                                                                                    ORDER BY server_ip ASC, length(server_ip) ASC, cast(length(server_ip) AS DOUBLE)+0.123 ASC, timezone, time_floor(__time, 'PT12H')) LAST,
                                                                                                                                                                                                                                                                                                                                       count(timezone) OVER (PARTITION BY client_ip
                                                                                                                                                                                                                                                                                                                                                             ORDER BY server_ip ASC, length(server_ip) ASC, cast(length(server_ip) AS DOUBLE)+0.123 ASC, timezone, time_floor(__time, 'PT12H')) cnt
   FROM test_win
   WHERE client_ip IN ('107.13.54.103',
                       '99.9.55.22')
   GROUP BY server_ip,
            client_ip,
            timezone,
            time_floor(__time, 'PT12H')) t1
JOIN
  (SELECT server_ip,
          client_ip,
          timezone,
          cast(time_floor(__time, 'PT12H') AS char) t,
          first_value(timezone) OVER w FIRST,
                                       last_value(timezone) OVER w LAST,
                                                                   count(timezone) OVER w cnt
   FROM test_win
   WHERE client_ip IN ('107.13.54.103',
                       '99.9.55.22')
   GROUP BY server_ip,
            client_ip,
            timezone,
            time_floor(__time, 'PT12H') WINDOW w AS (PARTITION BY client_ip
                                                     ORDER BY server_ip ASC,
                                                              length(server_ip) ASC, cast(length(server_ip) AS DOUBLE)+0.123 ASC,
                                                                                     timezone,
                                                                                     time_floor(__time, 'PT12H'))) t2 ON t1.server_ip=t2.server_ip;
+----+
| c  |
+----+
| 32 |
+----+
(1 row)

!ok

#-------------------------------------------------------------------------
# TESTCASE: test_sql_test_join TEST_ID: A2_G2_Q5
#-------------------------------------------------------------------------
SELECT count(*) c
FROM
  (SELECT server_ip,
          client_ip,
          timezone,
          cast(time_floor(__time, 'PT12H') AS char) t,
          first_value(timezone) OVER w FIRST,
                                       last_value(timezone) OVER w LAST,
                                                                   count(timezone) OVER w cnt
   FROM test_win
   WHERE client_ip IN ('107.13.54.103',
                       '99.9.55.22')
   GROUP BY server_ip,
            client_ip,
            timezone,
            time_floor(__time, 'PT12H') WINDOW w AS (PARTITION BY client_ip
                                                     ORDER BY server_ip ASC,
                                                              length(server_ip) ASC, cast(length(server_ip) AS DOUBLE)+0.123 ASC,
                                                                                     timezone,
                                                                                     time_floor(__time, 'PT12H'))) t1
JOIN
  (SELECT server_ip,
          client_ip,
          timezone,
          cast(time_floor(__time, 'PT12H') AS char) t,
          first_value(timezone) OVER (PARTITION BY client_ip
                                      ORDER BY server_ip ASC, length(server_ip) ASC, cast(length(server_ip) AS DOUBLE)+0.123 ASC, timezone, time_floor(__time, 'PT12H')) FIRST,
                                                                                                                                                                         last_value(timezone) OVER (PARTITION BY client_ip
                                                                                                                                                                                                    ORDER BY server_ip ASC, length(server_ip) ASC, cast(length(server_ip) AS DOUBLE)+0.123 ASC, timezone, time_floor(__time, 'PT12H')) LAST,
                                                                                                                                                                                                                                                                                                                                       count(timezone) OVER (PARTITION BY client_ip
                                                                                                                                                                                                                                                                                                                                                             ORDER BY server_ip ASC, length(server_ip) ASC, cast(length(server_ip) AS DOUBLE)+0.123 ASC, timezone, time_floor(__time, 'PT12H')) cnt
   FROM test_win
   WHERE client_ip IN ('107.13.54.103',
                       '99.9.55.22')
   GROUP BY server_ip,
            client_ip,
            timezone,
            time_floor(__time, 'PT12H')) t2 ON t1.server_ip=t2.server_ip;
+----+
| c  |
+----+
| 32 |
+----+
(1 row)

!ok

#-------------------------------------------------------------------------
# TESTCASE: test_sql_test_join TEST_ID: A2_G2_Q6
#-------------------------------------------------------------------------
SELECT count(*) c
FROM
  (SELECT server_ip,
          client_ip,
          timezone,
          cast(time_floor(__time, 'PT12H') AS char) t,
          first_value(timezone) OVER w FIRST,
                                       last_value(timezone) OVER w LAST,
                                                                   count(timezone) OVER w cnt
   FROM test_win
   WHERE client_ip IN ('107.13.54.103',
                       '99.9.55.22')
   GROUP BY server_ip,
            client_ip,
            timezone,
            time_floor(__time, 'PT12H') WINDOW w AS (PARTITION BY client_ip
                                                     ORDER BY server_ip ASC,
                                                              length(server_ip) ASC, cast(length(server_ip) AS DOUBLE)+0.123 ASC,
                                                                                     timezone,
                                                                                     time_floor(__time, 'PT12H'))) t1
JOIN
  (SELECT server_ip,
          client_ip,
          timezone,
          cast(time_floor(__time, 'PT12H') AS char) t,
          first_value(timezone) OVER w FIRST,
                                       last_value(timezone) OVER w LAST,
                                                                   count(timezone) OVER w cnt
   FROM test_win
   WHERE client_ip IN ('107.13.54.103',
                       '99.9.55.22')
   GROUP BY server_ip,
            client_ip,
            timezone,
            time_floor(__time, 'PT12H') WINDOW w AS (PARTITION BY client_ip
                                                     ORDER BY server_ip ASC,
                                                              length(server_ip) ASC, cast(length(server_ip) AS DOUBLE)+0.123 ASC,
                                                                                     timezone,
                                                                                     time_floor(__time, 'PT12H'))) t2 ON t1.server_ip=t2.server_ip;
+----+
| c  |
+----+
| 32 |
+----+
(1 row)

!ok

#-------------------------------------------------------------------------
# TESTCASE: test_sql_test_join TEST_ID: A3_G1_Q3
#-------------------------------------------------------------------------
SELECT count(*) c
FROM
  (SELECT server_ip,
          client_ip,
          timezone,
          cast(time_floor(__time, 'PT12H') AS char) t,
          first_value(timezone) OVER (PARTITION BY client_ip
                                      ORDER BY server_ip ASC, length(server_ip) ASC, cast(length(server_ip) AS DOUBLE)+0.123 ASC, timezone, time_floor(__time, 'PT12H')) FIRST,
                                                                                                                                                                         last_value(timezone) OVER (PARTITION BY client_ip
                                                                                                                                                                                                    ORDER BY server_ip ASC, length(server_ip) ASC, cast(length(server_ip) AS DOUBLE)+0.123 ASC, timezone, time_floor(__time, 'PT12H')) LAST,
                                                                                                                                                                                                                                                                                                                                       count(timezone) OVER (PARTITION BY client_ip
                                                                                                                                                                                                                                                                                                                                                             ORDER BY server_ip ASC, length(server_ip) ASC, cast(length(server_ip) AS DOUBLE)+0.123 ASC, timezone, time_floor(__time, 'PT12H')) cnt
   FROM
     (SELECT server_ip,
             client_ip,
             timezone,
             time_floor(__time, 'PT12H') __time
      FROM test_win
      GROUP BY server_ip,
               client_ip,
               timezone,
               time_floor(__time, 'PT12H'))
   WHERE client_ip IN ('107.13.54.103',
                       '99.9.55.22')) t1
LEFT JOIN
  (SELECT server_ip,
          client_ip,
          timezone,
          cast(time_floor(__time, 'PT12H') AS char) t,
          first_value(timezone) OVER (PARTITION BY client_ip
                                      ORDER BY server_ip ASC, length(server_ip) ASC, cast(length(server_ip) AS DOUBLE)+0.123 ASC, timezone, time_floor(__time, 'PT12H')) FIRST,
                                                                                                                                                                         last_value(timezone) OVER (PARTITION BY client_ip
                                                                                                                                                                                                    ORDER BY server_ip ASC, length(server_ip) ASC, cast(length(server_ip) AS DOUBLE)+0.123 ASC, timezone, time_floor(__time, 'PT12H')) LAST,
                                                                                                                                                                                                                                                                                                                                       count(timezone) OVER (PARTITION BY client_ip
                                                                                                                                                                                                                                                                                                                                                             ORDER BY server_ip ASC, length(server_ip) ASC, cast(length(server_ip) AS DOUBLE)+0.123 ASC, timezone, time_floor(__time, 'PT12H')) cnt
   FROM
     (SELECT server_ip,
             client_ip,
             timezone,
             time_floor(__time, 'PT12H') __time
      FROM test_win
      GROUP BY server_ip,
               client_ip,
               timezone,
               time_floor(__time, 'PT12H'))
   WHERE client_ip IN ('107.13.54.103',
                       '99.9.55.22')) t2 ON t1.server_ip=t2.server_ip;
+----+
| c  |
+----+
| 32 |
+----+
(1 row)

!ok

#-------------------------------------------------------------------------
# TESTCASE: test_sql_test_join TEST_ID: A3_G1_Q4
#-------------------------------------------------------------------------
SELECT count(*) c
FROM
  (SELECT server_ip,
          client_ip,
          timezone,
          cast(time_floor(__time, 'PT12H') AS char) t,
          first_value(timezone) OVER (PARTITION BY client_ip
                                      ORDER BY server_ip ASC, length(server_ip) ASC, cast(length(server_ip) AS DOUBLE)+0.123 ASC, timezone, time_floor(__time, 'PT12H')) FIRST,
                                                                                                                                                                         last_value(timezone) OVER (PARTITION BY client_ip
                                                                                                                                                                                                    ORDER BY server_ip ASC, length(server_ip) ASC, cast(length(server_ip) AS DOUBLE)+0.123 ASC, timezone, time_floor(__time, 'PT12H')) LAST,
                                                                                                                                                                                                                                                                                                                                       count(timezone) OVER (PARTITION BY client_ip
                                                                                                                                                                                                                                                                                                                                                             ORDER BY server_ip ASC, length(server_ip) ASC, cast(length(server_ip) AS DOUBLE)+0.123 ASC, timezone, time_floor(__time, 'PT12H')) cnt
   FROM
     (SELECT server_ip,
             client_ip,
             timezone,
             time_floor(__time, 'PT12H') __time
      FROM test_win
      GROUP BY server_ip,
               client_ip,
               timezone,
               time_floor(__time, 'PT12H'))
   WHERE client_ip IN ('107.13.54.103',
                       '99.9.55.22')) t1
LEFT JOIN
  (SELECT server_ip,
          client_ip,
          timezone,
          cast(time_floor(__time, 'PT12H') AS char) t,
          first_value(timezone) OVER w FIRST,
                                       last_value(timezone) OVER w LAST,
                                                                   count(timezone) OVER w cnt
   FROM
     (SELECT server_ip,
             client_ip,
             timezone,
             time_floor(__time, 'PT12H') __time
      FROM test_win
      GROUP BY server_ip,
               client_ip,
               timezone,
               time_floor(__time, 'PT12H'))
   WHERE client_ip IN ('107.13.54.103',
                       '99.9.55.22') WINDOW w AS (PARTITION BY client_ip
                                                  ORDER BY server_ip ASC,
                                                           length(server_ip) ASC, cast(length(server_ip) AS DOUBLE)+0.123 ASC,
                                                                                  timezone,
                                                                                  time_floor(__time, 'PT12H'))) t2 ON t1.server_ip=t2.server_ip;
+----+
| c  |
+----+
| 32 |
+----+
(1 row)

!ok

#-------------------------------------------------------------------------
# TESTCASE: test_sql_test_join TEST_ID: A3_G1_Q5
#-------------------------------------------------------------------------
SELECT count(*) c
FROM
  (SELECT server_ip,
          client_ip,
          timezone,
          cast(time_floor(__time, 'PT12H') AS char) t,
          first_value(timezone) OVER w FIRST,
                                       last_value(timezone) OVER w LAST,
                                                                   count(timezone) OVER w cnt
   FROM
     (SELECT server_ip,
             client_ip,
             timezone,
             time_floor(__time, 'PT12H') __time
      FROM test_win
      GROUP BY server_ip,
               client_ip,
               timezone,
               time_floor(__time, 'PT12H'))
   WHERE client_ip IN ('107.13.54.103',
                       '99.9.55.22') WINDOW w AS (PARTITION BY client_ip
                                                  ORDER BY server_ip ASC,
                                                           length(server_ip) ASC, cast(length(server_ip) AS DOUBLE)+0.123 ASC,
                                                                                  timezone,
                                                                                  time_floor(__time, 'PT12H'))) t1
LEFT JOIN
  (SELECT server_ip,
          client_ip,
          timezone,
          cast(time_floor(__time, 'PT12H') AS char) t,
          first_value(timezone) OVER (PARTITION BY client_ip
                                      ORDER BY server_ip ASC, length(server_ip) ASC, cast(length(server_ip) AS DOUBLE)+0.123 ASC, timezone, time_floor(__time, 'PT12H')) FIRST,
                                                                                                                                                                         last_value(timezone) OVER (PARTITION BY client_ip
                                                                                                                                                                                                    ORDER BY server_ip ASC, length(server_ip) ASC, cast(length(server_ip) AS DOUBLE)+0.123 ASC, timezone, time_floor(__time, 'PT12H')) LAST,
                                                                                                                                                                                                                                                                                                                                       count(timezone) OVER (PARTITION BY client_ip
                                                                                                                                                                                                                                                                                                                                                             ORDER BY server_ip ASC, length(server_ip) ASC, cast(length(server_ip) AS DOUBLE)+0.123 ASC, timezone, time_floor(__time, 'PT12H')) cnt
   FROM
     (SELECT server_ip,
             client_ip,
             timezone,
             time_floor(__time, 'PT12H') __time
      FROM test_win
      GROUP BY server_ip,
               client_ip,
               timezone,
               time_floor(__time, 'PT12H'))
   WHERE client_ip IN ('107.13.54.103',
                       '99.9.55.22')) t2 ON t1.server_ip=t2.server_ip;
+----+
| c  |
+----+
| 32 |
+----+
(1 row)

!ok

#-------------------------------------------------------------------------
# TESTCASE: test_sql_test_join TEST_ID: A3_G1_Q6
#-------------------------------------------------------------------------
SELECT count(*) c
FROM
  (SELECT server_ip,
          client_ip,
          timezone,
          cast(time_floor(__time, 'PT12H') AS char) t,
          first_value(timezone) OVER w FIRST,
                                       last_value(timezone) OVER w LAST,
                                                                   count(timezone) OVER w cnt
   FROM
     (SELECT server_ip,
             client_ip,
             timezone,
             time_floor(__time, 'PT12H') __time
      FROM test_win
      GROUP BY server_ip,
               client_ip,
               timezone,
               time_floor(__time, 'PT12H'))
   WHERE client_ip IN ('107.13.54.103',
                       '99.9.55.22') WINDOW w AS (PARTITION BY client_ip
                                                  ORDER BY server_ip ASC,
                                                           length(server_ip) ASC, cast(length(server_ip) AS DOUBLE)+0.123 ASC,
                                                                                  timezone,
                                                                                  time_floor(__time, 'PT12H'))) t1
LEFT JOIN
  (SELECT server_ip,
          client_ip,
          timezone,
          cast(time_floor(__time, 'PT12H') AS char) t,
          first_value(timezone) OVER w FIRST,
                                       last_value(timezone) OVER w LAST,
                                                                   count(timezone) OVER w cnt
   FROM
     (SELECT server_ip,
             client_ip,
             timezone,
             time_floor(__time, 'PT12H') __time
      FROM test_win
      GROUP BY server_ip,
               client_ip,
               timezone,
               time_floor(__time, 'PT12H'))
   WHERE client_ip IN ('107.13.54.103',
                       '99.9.55.22') WINDOW w AS (PARTITION BY client_ip
                                                  ORDER BY server_ip ASC,
                                                           length(server_ip) ASC, cast(length(server_ip) AS DOUBLE)+0.123 ASC,
                                                                                  timezone,
                                                                                  time_floor(__time, 'PT12H'))) t2 ON t1.server_ip=t2.server_ip;
+----+
| c  |
+----+
| 32 |
+----+
(1 row)

!ok

#-------------------------------------------------------------------------
# TESTCASE: test_sql_test_join TEST_ID: A3_G2_Q3
#-------------------------------------------------------------------------
SELECT count(*) c
FROM
  (SELECT server_ip,
          client_ip,
          timezone,
          cast(time_floor(__time, 'PT12H') AS char) t,
          first_value(timezone) OVER (PARTITION BY client_ip
                                      ORDER BY server_ip ASC, length(server_ip) ASC, cast(length(server_ip) AS DOUBLE)+0.123 ASC, timezone, time_floor(__time, 'PT12H')) FIRST,
                                                                                                                                                                         last_value(timezone) OVER (PARTITION BY client_ip
                                                                                                                                                                                                    ORDER BY server_ip ASC, length(server_ip) ASC, cast(length(server_ip) AS DOUBLE)+0.123 ASC, timezone, time_floor(__time, 'PT12H')) LAST,
                                                                                                                                                                                                                                                                                                                                       count(timezone) OVER (PARTITION BY client_ip
                                                                                                                                                                                                                                                                                                                                                             ORDER BY server_ip ASC, length(server_ip) ASC, cast(length(server_ip) AS DOUBLE)+0.123 ASC, timezone, time_floor(__time, 'PT12H')) cnt
   FROM test_win
   WHERE client_ip IN ('107.13.54.103',
                       '99.9.55.22')
   GROUP BY server_ip,
            client_ip,
            timezone,
            time_floor(__time, 'PT12H')) t1
LEFT JOIN
  (SELECT server_ip,
          client_ip,
          timezone,
          cast(time_floor(__time, 'PT12H') AS char) t,
          first_value(timezone) OVER (PARTITION BY client_ip
                                      ORDER BY server_ip ASC, length(server_ip) ASC, cast(length(server_ip) AS DOUBLE)+0.123 ASC, timezone, time_floor(__time, 'PT12H')) FIRST,
                                                                                                                                                                         last_value(timezone) OVER (PARTITION BY client_ip
                                                                                                                                                                                                    ORDER BY server_ip ASC, length(server_ip) ASC, cast(length(server_ip) AS DOUBLE)+0.123 ASC, timezone, time_floor(__time, 'PT12H')) LAST,
                                                                                                                                                                                                                                                                                                                                       count(timezone) OVER (PARTITION BY client_ip
                                                                                                                                                                                                                                                                                                                                                             ORDER BY server_ip ASC, length(server_ip) ASC, cast(length(server_ip) AS DOUBLE)+0.123 ASC, timezone, time_floor(__time, 'PT12H')) cnt
   FROM test_win
   WHERE client_ip IN ('107.13.54.103',
                       '99.9.55.22')
   GROUP BY server_ip,
            client_ip,
            timezone,
            time_floor(__time, 'PT12H')) t2 ON t1.server_ip=t2.server_ip;
+----+
| c  |
+----+
| 32 |
+----+
(1 row)

!ok

#-------------------------------------------------------------------------
# TESTCASE: test_sql_test_join TEST_ID: A3_G2_Q4
#-------------------------------------------------------------------------
SELECT count(*) c
FROM
  (SELECT server_ip,
          client_ip,
          timezone,
          cast(time_floor(__time, 'PT12H') AS char) t,
          first_value(timezone) OVER (PARTITION BY client_ip
                                      ORDER BY server_ip ASC, length(server_ip) ASC, cast(length(server_ip) AS DOUBLE)+0.123 ASC, timezone, time_floor(__time, 'PT12H')) FIRST,
                                                                                                                                                                         last_value(timezone) OVER (PARTITION BY client_ip
                                                                                                                                                                                                    ORDER BY server_ip ASC, length(server_ip) ASC, cast(length(server_ip) AS DOUBLE)+0.123 ASC, timezone, time_floor(__time, 'PT12H')) LAST,
                                                                                                                                                                                                                                                                                                                                       count(timezone) OVER (PARTITION BY client_ip
                                                                                                                                                                                                                                                                                                                                                             ORDER BY server_ip ASC, length(server_ip) ASC, cast(length(server_ip) AS DOUBLE)+0.123 ASC, timezone, time_floor(__time, 'PT12H')) cnt
   FROM test_win
   WHERE client_ip IN ('107.13.54.103',
                       '99.9.55.22')
   GROUP BY server_ip,
            client_ip,
            timezone,
            time_floor(__time, 'PT12H')) t1
LEFT JOIN
  (SELECT server_ip,
          client_ip,
          timezone,
          cast(time_floor(__time, 'PT12H') AS char) t,
          first_value(timezone) OVER w FIRST,
                                       last_value(timezone) OVER w LAST,
                                                                   count(timezone) OVER w cnt
   FROM test_win
   WHERE client_ip IN ('107.13.54.103',
                       '99.9.55.22')
   GROUP BY server_ip,
            client_ip,
            timezone,
            time_floor(__time, 'PT12H') WINDOW w AS (PARTITION BY client_ip
                                                     ORDER BY server_ip ASC,
                                                              length(server_ip) ASC, cast(length(server_ip) AS DOUBLE)+0.123 ASC,
                                                                                     timezone,
                                                                                     time_floor(__time, 'PT12H'))) t2 ON t1.server_ip=t2.server_ip;
+----+
| c  |
+----+
| 32 |
+----+
(1 row)

!ok

#-------------------------------------------------------------------------
# TESTCASE: test_sql_test_join TEST_ID: A3_G2_Q5
#-------------------------------------------------------------------------
SELECT count(*) c
FROM
  (SELECT server_ip,
          client_ip,
          timezone,
          cast(time_floor(__time, 'PT12H') AS char) t,
          first_value(timezone) OVER w FIRST,
                                       last_value(timezone) OVER w LAST,
                                                                   count(timezone) OVER w cnt
   FROM test_win
   WHERE client_ip IN ('107.13.54.103',
                       '99.9.55.22')
   GROUP BY server_ip,
            client_ip,
            timezone,
            time_floor(__time, 'PT12H') WINDOW w AS (PARTITION BY client_ip
                                                     ORDER BY server_ip ASC,
                                                              length(server_ip) ASC, cast(length(server_ip) AS DOUBLE)+0.123 ASC,
                                                                                     timezone,
                                                                                     time_floor(__time, 'PT12H'))) t1
LEFT JOIN
  (SELECT server_ip,
          client_ip,
          timezone,
          cast(time_floor(__time, 'PT12H') AS char) t,
          first_value(timezone) OVER (PARTITION BY client_ip
                                      ORDER BY server_ip ASC, length(server_ip) ASC, cast(length(server_ip) AS DOUBLE)+0.123 ASC, timezone, time_floor(__time, 'PT12H')) FIRST,
                                                                                                                                                                         last_value(timezone) OVER (PARTITION BY client_ip
                                                                                                                                                                                                    ORDER BY server_ip ASC, length(server_ip) ASC, cast(length(server_ip) AS DOUBLE)+0.123 ASC, timezone, time_floor(__time, 'PT12H')) LAST,
                                                                                                                                                                                                                                                                                                                                       count(timezone) OVER (PARTITION BY client_ip
                                                                                                                                                                                                                                                                                                                                                             ORDER BY server_ip ASC, length(server_ip) ASC, cast(length(server_ip) AS DOUBLE)+0.123 ASC, timezone, time_floor(__time, 'PT12H')) cnt
   FROM test_win
   WHERE client_ip IN ('107.13.54.103',
                       '99.9.55.22')
   GROUP BY server_ip,
            client_ip,
            timezone,
            time_floor(__time, 'PT12H')) t2 ON t1.server_ip=t2.server_ip;
+----+
| c  |
+----+
| 32 |
+----+
(1 row)

!ok

#-------------------------------------------------------------------------
# TESTCASE: test_sql_test_join TEST_ID: A3_G2_Q6
#-------------------------------------------------------------------------
SELECT count(*) c
FROM
  (SELECT server_ip,
          client_ip,
          timezone,
          cast(time_floor(__time, 'PT12H') AS char) t,
          first_value(timezone) OVER w FIRST,
                                       last_value(timezone) OVER w LAST,
                                                                   count(timezone) OVER w cnt
   FROM test_win
   WHERE client_ip IN ('107.13.54.103',
                       '99.9.55.22')
   GROUP BY server_ip,
            client_ip,
            timezone,
            time_floor(__time, 'PT12H') WINDOW w AS (PARTITION BY client_ip
                                                     ORDER BY server_ip ASC,
                                                              length(server_ip) ASC, cast(length(server_ip) AS DOUBLE)+0.123 ASC,
                                                                                     timezone,
                                                                                     time_floor(__time, 'PT12H'))) t1
LEFT JOIN
  (SELECT server_ip,
          client_ip,
          timezone,
          cast(time_floor(__time, 'PT12H') AS char) t,
          first_value(timezone) OVER w FIRST,
                                       last_value(timezone) OVER w LAST,
                                                                   count(timezone) OVER w cnt
   FROM test_win
   WHERE client_ip IN ('107.13.54.103',
                       '99.9.55.22')
   GROUP BY server_ip,
            client_ip,
            timezone,
            time_floor(__time, 'PT12H') WINDOW w AS (PARTITION BY client_ip
                                                     ORDER BY server_ip ASC,
                                                              length(server_ip) ASC, cast(length(server_ip) AS DOUBLE)+0.123 ASC,
                                                                                     timezone,
                                                                                     time_floor(__time, 'PT12H'))) t2 ON t1.server_ip=t2.server_ip;
+----+
| c  |
+----+
| 32 |
+----+
(1 row)

!ok

#-------------------------------------------------------------------------
# TESTCASE: test_sql_test_join TEST_ID: A4_G1_Q3
#-------------------------------------------------------------------------
SELECT count(*) c
FROM
  (SELECT server_ip,
          client_ip,
          timezone,
          cast(time_floor(__time, 'PT12H') AS char) t,
          first_value(timezone) OVER (PARTITION BY client_ip
                                      ORDER BY server_ip ASC, length(server_ip) ASC, cast(length(server_ip) AS DOUBLE)+0.123 ASC, timezone, time_floor(__time, 'PT12H')) FIRST,
                                                                                                                                                                         last_value(timezone) OVER (PARTITION BY client_ip
                                                                                                                                                                                                    ORDER BY server_ip ASC, length(server_ip) ASC, cast(length(server_ip) AS DOUBLE)+0.123 ASC, timezone, time_floor(__time, 'PT12H')) LAST,
                                                                                                                                                                                                                                                                                                                                       count(timezone) OVER (PARTITION BY client_ip
                                                                                                                                                                                                                                                                                                                                                             ORDER BY server_ip ASC, length(server_ip) ASC, cast(length(server_ip) AS DOUBLE)+0.123 ASC, timezone, time_floor(__time, 'PT12H')) cnt
   FROM
     (SELECT server_ip,
             client_ip,
             timezone,
             time_floor(__time, 'PT12H') __time
      FROM test_win
      GROUP BY server_ip,
               client_ip,
               timezone,
               time_floor(__time, 'PT12H'))
   WHERE client_ip IN ('107.13.54.103',
                       '99.9.55.22')) t1
RIGHT JOIN
  (SELECT server_ip,
          client_ip,
          timezone,
          cast(time_floor(__time, 'PT12H') AS char) t,
          first_value(timezone) OVER (PARTITION BY client_ip
                                      ORDER BY server_ip ASC, length(server_ip) ASC, cast(length(server_ip) AS DOUBLE)+0.123 ASC, timezone, time_floor(__time, 'PT12H')) FIRST,
                                                                                                                                                                         last_value(timezone) OVER (PARTITION BY client_ip
                                                                                                                                                                                                    ORDER BY server_ip ASC, length(server_ip) ASC, cast(length(server_ip) AS DOUBLE)+0.123 ASC, timezone, time_floor(__time, 'PT12H')) LAST,
                                                                                                                                                                                                                                                                                                                                       count(timezone) OVER (PARTITION BY client_ip
                                                                                                                                                                                                                                                                                                                                                             ORDER BY server_ip ASC, length(server_ip) ASC, cast(length(server_ip) AS DOUBLE)+0.123 ASC, timezone, time_floor(__time, 'PT12H')) cnt
   FROM
     (SELECT server_ip,
             client_ip,
             timezone,
             time_floor(__time, 'PT12H') __time
      FROM test_win
      GROUP BY server_ip,
               client_ip,
               timezone,
               time_floor(__time, 'PT12H'))
   WHERE client_ip IN ('107.13.54.103',
                       '99.9.55.22')) t2 ON t1.server_ip=t2.server_ip;
+----+
| c  |
+----+
| 32 |
+----+
(1 row)

!ok

#-------------------------------------------------------------------------
# TESTCASE: test_sql_test_join TEST_ID: A4_G1_Q4
#-------------------------------------------------------------------------
SELECT count(*) c
FROM
  (SELECT server_ip,
          client_ip,
          timezone,
          cast(time_floor(__time, 'PT12H') AS char) t,
          first_value(timezone) OVER (PARTITION BY client_ip
                                      ORDER BY server_ip ASC, length(server_ip) ASC, cast(length(server_ip) AS DOUBLE)+0.123 ASC, timezone, time_floor(__time, 'PT12H')) FIRST,
                                                                                                                                                                         last_value(timezone) OVER (PARTITION BY client_ip
                                                                                                                                                                                                    ORDER BY server_ip ASC, length(server_ip) ASC, cast(length(server_ip) AS DOUBLE)+0.123 ASC, timezone, time_floor(__time, 'PT12H')) LAST,
                                                                                                                                                                                                                                                                                                                                       count(timezone) OVER (PARTITION BY client_ip
                                                                                                                                                                                                                                                                                                                                                             ORDER BY server_ip ASC, length(server_ip) ASC, cast(length(server_ip) AS DOUBLE)+0.123 ASC, timezone, time_floor(__time, 'PT12H')) cnt
   FROM
     (SELECT server_ip,
             client_ip,
             timezone,
             time_floor(__time, 'PT12H') __time
      FROM test_win
      GROUP BY server_ip,
               client_ip,
               timezone,
               time_floor(__time, 'PT12H'))
   WHERE client_ip IN ('107.13.54.103',
                       '99.9.55.22')) t1
RIGHT JOIN
  (SELECT server_ip,
          client_ip,
          timezone,
          cast(time_floor(__time, 'PT12H') AS char) t,
          first_value(timezone) OVER w FIRST,
                                       last_value(timezone) OVER w LAST,
                                                                   count(timezone) OVER w cnt
   FROM
     (SELECT server_ip,
             client_ip,
             timezone,
             time_floor(__time, 'PT12H') __time
      FROM test_win
      GROUP BY server_ip,
               client_ip,
               timezone,
               time_floor(__time, 'PT12H'))
   WHERE client_ip IN ('107.13.54.103',
                       '99.9.55.22') WINDOW w AS (PARTITION BY client_ip
                                                  ORDER BY server_ip ASC,
                                                           length(server_ip) ASC, cast(length(server_ip) AS DOUBLE)+0.123 ASC,
                                                                                  timezone,
                                                                                  time_floor(__time, 'PT12H'))) t2 ON t1.server_ip=t2.server_ip;
+----+
| c  |
+----+
| 32 |
+----+
(1 row)

!ok

#-------------------------------------------------------------------------
# TESTCASE: test_sql_test_join TEST_ID: A4_G1_Q5
#-------------------------------------------------------------------------
SELECT count(*) c
FROM
  (SELECT server_ip,
          client_ip,
          timezone,
          cast(time_floor(__time, 'PT12H') AS char) t,
          first_value(timezone) OVER w FIRST,
                                       last_value(timezone) OVER w LAST,
                                                                   count(timezone) OVER w cnt
   FROM
     (SELECT server_ip,
             client_ip,
             timezone,
             time_floor(__time, 'PT12H') __time
      FROM test_win
      GROUP BY server_ip,
               client_ip,
               timezone,
               time_floor(__time, 'PT12H'))
   WHERE client_ip IN ('107.13.54.103',
                       '99.9.55.22') WINDOW w AS (PARTITION BY client_ip
                                                  ORDER BY server_ip ASC,
                                                           length(server_ip) ASC, cast(length(server_ip) AS DOUBLE)+0.123 ASC,
                                                                                  timezone,
                                                                                  time_floor(__time, 'PT12H'))) t1
RIGHT JOIN
  (SELECT server_ip,
          client_ip,
          timezone,
          cast(time_floor(__time, 'PT12H') AS char) t,
          first_value(timezone) OVER (PARTITION BY client_ip
                                      ORDER BY server_ip ASC, length(server_ip) ASC, cast(length(server_ip) AS DOUBLE)+0.123 ASC, timezone, time_floor(__time, 'PT12H')) FIRST,
                                                                                                                                                                         last_value(timezone) OVER (PARTITION BY client_ip
                                                                                                                                                                                                    ORDER BY server_ip ASC, length(server_ip) ASC, cast(length(server_ip) AS DOUBLE)+0.123 ASC, timezone, time_floor(__time, 'PT12H')) LAST,
                                                                                                                                                                                                                                                                                                                                       count(timezone) OVER (PARTITION BY client_ip
                                                                                                                                                                                                                                                                                                                                                             ORDER BY server_ip ASC, length(server_ip) ASC, cast(length(server_ip) AS DOUBLE)+0.123 ASC, timezone, time_floor(__time, 'PT12H')) cnt
   FROM
     (SELECT server_ip,
             client_ip,
             timezone,
             time_floor(__time, 'PT12H') __time
      FROM test_win
      GROUP BY server_ip,
               client_ip,
               timezone,
               time_floor(__time, 'PT12H'))
   WHERE client_ip IN ('107.13.54.103',
                       '99.9.55.22')) t2 ON t1.server_ip=t2.server_ip;
+----+
| c  |
+----+
| 32 |
+----+
(1 row)

!ok

#-------------------------------------------------------------------------
# TESTCASE: test_sql_test_join TEST_ID: A4_G1_Q6
#-------------------------------------------------------------------------
SELECT count(*) c
FROM
  (SELECT server_ip,
          client_ip,
          timezone,
          cast(time_floor(__time, 'PT12H') AS char) t,
          first_value(timezone) OVER w FIRST,
                                       last_value(timezone) OVER w LAST,
                                                                   count(timezone) OVER w cnt
   FROM
     (SELECT server_ip,
             client_ip,
             timezone,
             time_floor(__time, 'PT12H') __time
      FROM test_win
      GROUP BY server_ip,
               client_ip,
               timezone,
               time_floor(__time, 'PT12H'))
   WHERE client_ip IN ('107.13.54.103',
                       '99.9.55.22') WINDOW w AS (PARTITION BY client_ip
                                                  ORDER BY server_ip ASC,
                                                           length(server_ip) ASC, cast(length(server_ip) AS DOUBLE)+0.123 ASC,
                                                                                  timezone,
                                                                                  time_floor(__time, 'PT12H'))) t1
RIGHT JOIN
  (SELECT server_ip,
          client_ip,
          timezone,
          cast(time_floor(__time, 'PT12H') AS char) t,
          first_value(timezone) OVER w FIRST,
                                       last_value(timezone) OVER w LAST,
                                                                   count(timezone) OVER w cnt
   FROM
     (SELECT server_ip,
             client_ip,
             timezone,
             time_floor(__time, 'PT12H') __time
      FROM test_win
      GROUP BY server_ip,
               client_ip,
               timezone,
               time_floor(__time, 'PT12H'))
   WHERE client_ip IN ('107.13.54.103',
                       '99.9.55.22') WINDOW w AS (PARTITION BY client_ip
                                                  ORDER BY server_ip ASC,
                                                           length(server_ip) ASC, cast(length(server_ip) AS DOUBLE)+0.123 ASC,
                                                                                  timezone,
                                                                                  time_floor(__time, 'PT12H'))) t2 ON t1.server_ip=t2.server_ip;
+----+
| c  |
+----+
| 32 |
+----+
(1 row)

!ok

#-------------------------------------------------------------------------
# TESTCASE: test_sql_test_join TEST_ID: A4_G2_Q3
#-------------------------------------------------------------------------
SELECT count(*) c
FROM
  (SELECT server_ip,
          client_ip,
          timezone,
          cast(time_floor(__time, 'PT12H') AS char) t,
          first_value(timezone) OVER (PARTITION BY client_ip
                                      ORDER BY server_ip ASC, length(server_ip) ASC, cast(length(server_ip) AS DOUBLE)+0.123 ASC, timezone, time_floor(__time, 'PT12H')) FIRST,
                                                                                                                                                                         last_value(timezone) OVER (PARTITION BY client_ip
                                                                                                                                                                                                    ORDER BY server_ip ASC, length(server_ip) ASC, cast(length(server_ip) AS DOUBLE)+0.123 ASC, timezone, time_floor(__time, 'PT12H')) LAST,
                                                                                                                                                                                                                                                                                                                                       count(timezone) OVER (PARTITION BY client_ip
                                                                                                                                                                                                                                                                                                                                                             ORDER BY server_ip ASC, length(server_ip) ASC, cast(length(server_ip) AS DOUBLE)+0.123 ASC, timezone, time_floor(__time, 'PT12H')) cnt
   FROM test_win
   WHERE client_ip IN ('107.13.54.103',
                       '99.9.55.22')
   GROUP BY server_ip,
            client_ip,
            timezone,
            time_floor(__time, 'PT12H')) t1
RIGHT JOIN
  (SELECT server_ip,
          client_ip,
          timezone,
          cast(time_floor(__time, 'PT12H') AS char) t,
          first_value(timezone) OVER (PARTITION BY client_ip
                                      ORDER BY server_ip ASC, length(server_ip) ASC, cast(length(server_ip) AS DOUBLE)+0.123 ASC, timezone, time_floor(__time, 'PT12H')) FIRST,
                                                                                                                                                                         last_value(timezone) OVER (PARTITION BY client_ip
                                                                                                                                                                                                    ORDER BY server_ip ASC, length(server_ip) ASC, cast(length(server_ip) AS DOUBLE)+0.123 ASC, timezone, time_floor(__time, 'PT12H')) LAST,
                                                                                                                                                                                                                                                                                                                                       count(timezone) OVER (PARTITION BY client_ip
                                                                                                                                                                                                                                                                                                                                                             ORDER BY server_ip ASC, length(server_ip) ASC, cast(length(server_ip) AS DOUBLE)+0.123 ASC, timezone, time_floor(__time, 'PT12H')) cnt
   FROM test_win
   WHERE client_ip IN ('107.13.54.103',
                       '99.9.55.22')
   GROUP BY server_ip,
            client_ip,
            timezone,
            time_floor(__time, 'PT12H')) t2 ON t1.server_ip=t2.server_ip;
+----+
| c  |
+----+
| 32 |
+----+
(1 row)

!ok

#-------------------------------------------------------------------------
# TESTCASE: test_sql_test_join TEST_ID: A4_G2_Q4
#-------------------------------------------------------------------------
SELECT count(*) c
FROM
  (SELECT server_ip,
          client_ip,
          timezone,
          cast(time_floor(__time, 'PT12H') AS char) t,
          first_value(timezone) OVER (PARTITION BY client_ip
                                      ORDER BY server_ip ASC, length(server_ip) ASC, cast(length(server_ip) AS DOUBLE)+0.123 ASC, timezone, time_floor(__time, 'PT12H')) FIRST,
                                                                                                                                                                         last_value(timezone) OVER (PARTITION BY client_ip
                                                                                                                                                                                                    ORDER BY server_ip ASC, length(server_ip) ASC, cast(length(server_ip) AS DOUBLE)+0.123 ASC, timezone, time_floor(__time, 'PT12H')) LAST,
                                                                                                                                                                                                                                                                                                                                       count(timezone) OVER (PARTITION BY client_ip
                                                                                                                                                                                                                                                                                                                                                             ORDER BY server_ip ASC, length(server_ip) ASC, cast(length(server_ip) AS DOUBLE)+0.123 ASC, timezone, time_floor(__time, 'PT12H')) cnt
   FROM test_win
   WHERE client_ip IN ('107.13.54.103',
                       '99.9.55.22')
   GROUP BY server_ip,
            client_ip,
            timezone,
            time_floor(__time, 'PT12H')) t1
RIGHT JOIN
  (SELECT server_ip,
          client_ip,
          timezone,
          cast(time_floor(__time, 'PT12H') AS char) t,
          first_value(timezone) OVER w FIRST,
                                       last_value(timezone) OVER w LAST,
                                                                   count(timezone) OVER w cnt
   FROM test_win
   WHERE client_ip IN ('107.13.54.103',
                       '99.9.55.22')
   GROUP BY server_ip,
            client_ip,
            timezone,
            time_floor(__time, 'PT12H') WINDOW w AS (PARTITION BY client_ip
                                                     ORDER BY server_ip ASC,
                                                              length(server_ip) ASC, cast(length(server_ip) AS DOUBLE)+0.123 ASC,
                                                                                     timezone,
                                                                                     time_floor(__time, 'PT12H'))) t2 ON t1.server_ip=t2.server_ip;
+----+
| c  |
+----+
| 32 |
+----+
(1 row)

!ok

#-------------------------------------------------------------------------
# TESTCASE: test_sql_test_join TEST_ID: A4_G2_Q5
#-------------------------------------------------------------------------
SELECT count(*) c
FROM
  (SELECT server_ip,
          client_ip,
          timezone,
          cast(time_floor(__time, 'PT12H') AS char) t,
          first_value(timezone) OVER w FIRST,
                                       last_value(timezone) OVER w LAST,
                                                                   count(timezone) OVER w cnt
   FROM test_win
   WHERE client_ip IN ('107.13.54.103',
                       '99.9.55.22')
   GROUP BY server_ip,
            client_ip,
            timezone,
            time_floor(__time, 'PT12H') WINDOW w AS (PARTITION BY client_ip
                                                     ORDER BY server_ip ASC,
                                                              length(server_ip) ASC, cast(length(server_ip) AS DOUBLE)+0.123 ASC,
                                                                                     timezone,
                                                                                     time_floor(__time, 'PT12H'))) t1
RIGHT JOIN
  (SELECT server_ip,
          client_ip,
          timezone,
          cast(time_floor(__time, 'PT12H') AS char) t,
          first_value(timezone) OVER (PARTITION BY client_ip
                                      ORDER BY server_ip ASC, length(server_ip) ASC, cast(length(server_ip) AS DOUBLE)+0.123 ASC, timezone, time_floor(__time, 'PT12H')) FIRST,
                                                                                                                                                                         last_value(timezone) OVER (PARTITION BY client_ip
                                                                                                                                                                                                    ORDER BY server_ip ASC, length(server_ip) ASC, cast(length(server_ip) AS DOUBLE)+0.123 ASC, timezone, time_floor(__time, 'PT12H')) LAST,
                                                                                                                                                                                                                                                                                                                                       count(timezone) OVER (PARTITION BY client_ip
                                                                                                                                                                                                                                                                                                                                                             ORDER BY server_ip ASC, length(server_ip) ASC, cast(length(server_ip) AS DOUBLE)+0.123 ASC, timezone, time_floor(__time, 'PT12H')) cnt
   FROM test_win
   WHERE client_ip IN ('107.13.54.103',
                       '99.9.55.22')
   GROUP BY server_ip,
            client_ip,
            timezone,
            time_floor(__time, 'PT12H')) t2 ON t1.server_ip=t2.server_ip;
+----+
| c  |
+----+
| 32 |
+----+
(1 row)

!ok

#-------------------------------------------------------------------------
# TESTCASE: test_sql_test_join TEST_ID: A4_G2_Q6
#-------------------------------------------------------------------------
SELECT count(*) c
FROM
  (SELECT server_ip,
          client_ip,
          timezone,
          cast(time_floor(__time, 'PT12H') AS char) t,
          first_value(timezone) OVER w FIRST,
                                       last_value(timezone) OVER w LAST,
                                                                   count(timezone) OVER w cnt
   FROM test_win
   WHERE client_ip IN ('107.13.54.103',
                       '99.9.55.22')
   GROUP BY server_ip,
            client_ip,
            timezone,
            time_floor(__time, 'PT12H') WINDOW w AS (PARTITION BY client_ip
                                                     ORDER BY server_ip ASC,
                                                              length(server_ip) ASC, cast(length(server_ip) AS DOUBLE)+0.123 ASC,
                                                                                     timezone,
                                                                                     time_floor(__time, 'PT12H'))) t1
RIGHT JOIN
  (SELECT server_ip,
          client_ip,
          timezone,
          cast(time_floor(__time, 'PT12H') AS char) t,
          first_value(timezone) OVER w FIRST,
                                       last_value(timezone) OVER w LAST,
                                                                   count(timezone) OVER w cnt
   FROM test_win
   WHERE client_ip IN ('107.13.54.103',
                       '99.9.55.22')
   GROUP BY server_ip,
            client_ip,
            timezone,
            time_floor(__time, 'PT12H') WINDOW w AS (PARTITION BY client_ip
                                                     ORDER BY server_ip ASC,
                                                              length(server_ip) ASC, cast(length(server_ip) AS DOUBLE)+0.123 ASC,
                                                                                     timezone,
                                                                                     time_floor(__time, 'PT12H'))) t2 ON t1.server_ip=t2.server_ip;
+----+
| c  |
+----+
| 32 |
+----+
(1 row)

!ok

#-------------------------------------------------------------------------
# TESTCASE: test_sql_test_join TEST_ID: A5_G1_Q3
#-------------------------------------------------------------------------
SELECT count(*) c
FROM
  (SELECT server_ip,
          client_ip,
          timezone,
          cast(time_floor(__time, 'PT12H') AS char) t,
          first_value(timezone) OVER (PARTITION BY client_ip
                                      ORDER BY server_ip ASC, length(server_ip) ASC, cast(length(server_ip) AS DOUBLE)+0.123 ASC, timezone, time_floor(__time, 'PT12H')) FIRST,
                                                                                                                                                                         last_value(timezone) OVER (PARTITION BY client_ip
                                                                                                                                                                                                    ORDER BY server_ip ASC, length(server_ip) ASC, cast(length(server_ip) AS DOUBLE)+0.123 ASC, timezone, time_floor(__time, 'PT12H')) LAST,
                                                                                                                                                                                                                                                                                                                                       count(timezone) OVER (PARTITION BY client_ip
                                                                                                                                                                                                                                                                                                                                                             ORDER BY server_ip ASC, length(server_ip) ASC, cast(length(server_ip) AS DOUBLE)+0.123 ASC, timezone, time_floor(__time, 'PT12H')) cnt
   FROM
     (SELECT server_ip,
             client_ip,
             timezone,
             time_floor(__time, 'PT12H') __time
      FROM test_win
      GROUP BY server_ip,
               client_ip,
               timezone,
               time_floor(__time, 'PT12H'))
   WHERE client_ip IN ('107.13.54.103',
                       '99.9.55.22')) t1
FULL JOIN
  (SELECT server_ip,
          client_ip,
          timezone,
          cast(time_floor(__time, 'PT12H') AS char) t,
          first_value(timezone) OVER (PARTITION BY client_ip
                                      ORDER BY server_ip ASC, length(server_ip) ASC, cast(length(server_ip) AS DOUBLE)+0.123 ASC, timezone, time_floor(__time, 'PT12H')) FIRST,
                                                                                                                                                                         last_value(timezone) OVER (PARTITION BY client_ip
                                                                                                                                                                                                    ORDER BY server_ip ASC, length(server_ip) ASC, cast(length(server_ip) AS DOUBLE)+0.123 ASC, timezone, time_floor(__time, 'PT12H')) LAST,
                                                                                                                                                                                                                                                                                                                                       count(timezone) OVER (PARTITION BY client_ip
                                                                                                                                                                                                                                                                                                                                                             ORDER BY server_ip ASC, length(server_ip) ASC, cast(length(server_ip) AS DOUBLE)+0.123 ASC, timezone, time_floor(__time, 'PT12H')) cnt
   FROM
     (SELECT server_ip,
             client_ip,
             timezone,
             time_floor(__time, 'PT12H') __time
      FROM test_win
      GROUP BY server_ip,
               client_ip,
               timezone,
               time_floor(__time, 'PT12H'))
   WHERE client_ip IN ('107.13.54.103',
                       '99.9.55.22')) t2 ON t1.server_ip=t2.server_ip;
+----+
| c  |
+----+
| 32 |
+----+
(1 row)

!ok

#-------------------------------------------------------------------------
# TESTCASE: test_sql_test_join TEST_ID: A5_G1_Q4
#-------------------------------------------------------------------------
SELECT count(*) c
FROM
  (SELECT server_ip,
          client_ip,
          timezone,
          cast(time_floor(__time, 'PT12H') AS char) t,
          first_value(timezone) OVER (PARTITION BY client_ip
                                      ORDER BY server_ip ASC, length(server_ip) ASC, cast(length(server_ip) AS DOUBLE)+0.123 ASC, timezone, time_floor(__time, 'PT12H')) FIRST,
                                                                                                                                                                         last_value(timezone) OVER (PARTITION BY client_ip
                                                                                                                                                                                                    ORDER BY server_ip ASC, length(server_ip) ASC, cast(length(server_ip) AS DOUBLE)+0.123 ASC, timezone, time_floor(__time, 'PT12H')) LAST,
                                                                                                                                                                                                                                                                                                                                       count(timezone) OVER (PARTITION BY client_ip
                                                                                                                                                                                                                                                                                                                                                             ORDER BY server_ip ASC, length(server_ip) ASC, cast(length(server_ip) AS DOUBLE)+0.123 ASC, timezone, time_floor(__time, 'PT12H')) cnt
   FROM
     (SELECT server_ip,
             client_ip,
             timezone,
             time_floor(__time, 'PT12H') __time
      FROM test_win
      GROUP BY server_ip,
               client_ip,
               timezone,
               time_floor(__time, 'PT12H'))
   WHERE client_ip IN ('107.13.54.103',
                       '99.9.55.22')) t1
FULL JOIN
  (SELECT server_ip,
          client_ip,
          timezone,
          cast(time_floor(__time, 'PT12H') AS char) t,
          first_value(timezone) OVER w FIRST,
                                       last_value(timezone) OVER w LAST,
                                                                   count(timezone) OVER w cnt
   FROM
     (SELECT server_ip,
             client_ip,
             timezone,
             time_floor(__time, 'PT12H') __time
      FROM test_win
      GROUP BY server_ip,
               client_ip,
               timezone,
               time_floor(__time, 'PT12H'))
   WHERE client_ip IN ('107.13.54.103',
                       '99.9.55.22') WINDOW w AS (PARTITION BY client_ip
                                                  ORDER BY server_ip ASC,
                                                           length(server_ip) ASC, cast(length(server_ip) AS DOUBLE)+0.123 ASC,
                                                                                  timezone,
                                                                                  time_floor(__time, 'PT12H'))) t2 ON t1.server_ip=t2.server_ip;
+----+
| c  |
+----+
| 32 |
+----+
(1 row)

!ok

#-------------------------------------------------------------------------
# TESTCASE: test_sql_test_join TEST_ID: A5_G1_Q5
#-------------------------------------------------------------------------
SELECT count(*) c
FROM
  (SELECT server_ip,
          client_ip,
          timezone,
          cast(time_floor(__time, 'PT12H') AS char) t,
          first_value(timezone) OVER w FIRST,
                                       last_value(timezone) OVER w LAST,
                                                                   count(timezone) OVER w cnt
   FROM
     (SELECT server_ip,
             client_ip,
             timezone,
             time_floor(__time, 'PT12H') __time
      FROM test_win
      GROUP BY server_ip,
               client_ip,
               timezone,
               time_floor(__time, 'PT12H'))
   WHERE client_ip IN ('107.13.54.103',
                       '99.9.55.22') WINDOW w AS (PARTITION BY client_ip
                                                  ORDER BY server_ip ASC,
                                                           length(server_ip) ASC, cast(length(server_ip) AS DOUBLE)+0.123 ASC,
                                                                                  timezone,
                                                                                  time_floor(__time, 'PT12H'))) t1
FULL JOIN
  (SELECT server_ip,
          client_ip,
          timezone,
          cast(time_floor(__time, 'PT12H') AS char) t,
          first_value(timezone) OVER (PARTITION BY client_ip
                                      ORDER BY server_ip ASC, length(server_ip) ASC, cast(length(server_ip) AS DOUBLE)+0.123 ASC, timezone, time_floor(__time, 'PT12H')) FIRST,
                                                                                                                                                                         last_value(timezone) OVER (PARTITION BY client_ip
                                                                                                                                                                                                    ORDER BY server_ip ASC, length(server_ip) ASC, cast(length(server_ip) AS DOUBLE)+0.123 ASC, timezone, time_floor(__time, 'PT12H')) LAST,
                                                                                                                                                                                                                                                                                                                                       count(timezone) OVER (PARTITION BY client_ip
                                                                                                                                                                                                                                                                                                                                                             ORDER BY server_ip ASC, length(server_ip) ASC, cast(length(server_ip) AS DOUBLE)+0.123 ASC, timezone, time_floor(__time, 'PT12H')) cnt
   FROM
     (SELECT server_ip,
             client_ip,
             timezone,
             time_floor(__time, 'PT12H') __time
      FROM test_win
      GROUP BY server_ip,
               client_ip,
               timezone,
               time_floor(__time, 'PT12H'))
   WHERE client_ip IN ('107.13.54.103',
                       '99.9.55.22')) t2 ON t1.server_ip=t2.server_ip;
+----+
| c  |
+----+
| 32 |
+----+
(1 row)

!ok

#-------------------------------------------------------------------------
# TESTCASE: test_sql_test_join TEST_ID: A5_G1_Q6
#-------------------------------------------------------------------------
SELECT count(*) c
FROM
  (SELECT server_ip,
          client_ip,
          timezone,
          cast(time_floor(__time, 'PT12H') AS char) t,
          first_value(timezone) OVER w FIRST,
                                       last_value(timezone) OVER w LAST,
                                                                   count(timezone) OVER w cnt
   FROM
     (SELECT server_ip,
             client_ip,
             timezone,
             time_floor(__time, 'PT12H') __time
      FROM test_win
      GROUP BY server_ip,
               client_ip,
               timezone,
               time_floor(__time, 'PT12H'))
   WHERE client_ip IN ('107.13.54.103',
                       '99.9.55.22') WINDOW w AS (PARTITION BY client_ip
                                                  ORDER BY server_ip ASC,
                                                           length(server_ip) ASC, cast(length(server_ip) AS DOUBLE)+0.123 ASC,
                                                                                  timezone,
                                                                                  time_floor(__time, 'PT12H'))) t1
FULL JOIN
  (SELECT server_ip,
          client_ip,
          timezone,
          cast(time_floor(__time, 'PT12H') AS char) t,
          first_value(timezone) OVER w FIRST,
                                       last_value(timezone) OVER w LAST,
                                                                   count(timezone) OVER w cnt
   FROM
     (SELECT server_ip,
             client_ip,
             timezone,
             time_floor(__time, 'PT12H') __time
      FROM test_win
      GROUP BY server_ip,
               client_ip,
               timezone,
               time_floor(__time, 'PT12H'))
   WHERE client_ip IN ('107.13.54.103',
                       '99.9.55.22') WINDOW w AS (PARTITION BY client_ip
                                                  ORDER BY server_ip ASC,
                                                           length(server_ip) ASC, cast(length(server_ip) AS DOUBLE)+0.123 ASC,
                                                                                  timezone,
                                                                                  time_floor(__time, 'PT12H'))) t2 ON t1.server_ip=t2.server_ip;
+----+
| c  |
+----+
| 32 |
+----+
(1 row)

!ok

#-------------------------------------------------------------------------
# TESTCASE: test_sql_test_join TEST_ID: A5_G2_Q3
#-------------------------------------------------------------------------
SELECT count(*) c
FROM
  (SELECT server_ip,
          client_ip,
          timezone,
          cast(time_floor(__time, 'PT12H') AS char) t,
          first_value(timezone) OVER (PARTITION BY client_ip
                                      ORDER BY server_ip ASC, length(server_ip) ASC, cast(length(server_ip) AS DOUBLE)+0.123 ASC, timezone, time_floor(__time, 'PT12H')) FIRST,
                                                                                                                                                                         last_value(timezone) OVER (PARTITION BY client_ip
                                                                                                                                                                                                    ORDER BY server_ip ASC, length(server_ip) ASC, cast(length(server_ip) AS DOUBLE)+0.123 ASC, timezone, time_floor(__time, 'PT12H')) LAST,
                                                                                                                                                                                                                                                                                                                                       count(timezone) OVER (PARTITION BY client_ip
                                                                                                                                                                                                                                                                                                                                                             ORDER BY server_ip ASC, length(server_ip) ASC, cast(length(server_ip) AS DOUBLE)+0.123 ASC, timezone, time_floor(__time, 'PT12H')) cnt
   FROM test_win
   WHERE client_ip IN ('107.13.54.103',
                       '99.9.55.22')
   GROUP BY server_ip,
            client_ip,
            timezone,
            time_floor(__time, 'PT12H')) t1
FULL JOIN
  (SELECT server_ip,
          client_ip,
          timezone,
          cast(time_floor(__time, 'PT12H') AS char) t,
          first_value(timezone) OVER (PARTITION BY client_ip
                                      ORDER BY server_ip ASC, length(server_ip) ASC, cast(length(server_ip) AS DOUBLE)+0.123 ASC, timezone, time_floor(__time, 'PT12H')) FIRST,
                                                                                                                                                                         last_value(timezone) OVER (PARTITION BY client_ip
                                                                                                                                                                                                    ORDER BY server_ip ASC, length(server_ip) ASC, cast(length(server_ip) AS DOUBLE)+0.123 ASC, timezone, time_floor(__time, 'PT12H')) LAST,
                                                                                                                                                                                                                                                                                                                                       count(timezone) OVER (PARTITION BY client_ip
                                                                                                                                                                                                                                                                                                                                                             ORDER BY server_ip ASC, length(server_ip) ASC, cast(length(server_ip) AS DOUBLE)+0.123 ASC, timezone, time_floor(__time, 'PT12H')) cnt
   FROM test_win
   WHERE client_ip IN ('107.13.54.103',
                       '99.9.55.22')
   GROUP BY server_ip,
            client_ip,
            timezone,
            time_floor(__time, 'PT12H')) t2 ON t1.server_ip=t2.server_ip;
+----+
| c  |
+----+
| 32 |
+----+
(1 row)

!ok

#-------------------------------------------------------------------------
# TESTCASE: test_sql_test_join TEST_ID: A5_G2_Q4
#-------------------------------------------------------------------------
SELECT count(*) c
FROM
  (SELECT server_ip,
          client_ip,
          timezone,
          cast(time_floor(__time, 'PT12H') AS char) t,
          first_value(timezone) OVER (PARTITION BY client_ip
                                      ORDER BY server_ip ASC, length(server_ip) ASC, cast(length(server_ip) AS DOUBLE)+0.123 ASC, timezone, time_floor(__time, 'PT12H')) FIRST,
                                                                                                                                                                         last_value(timezone) OVER (PARTITION BY client_ip
                                                                                                                                                                                                    ORDER BY server_ip ASC, length(server_ip) ASC, cast(length(server_ip) AS DOUBLE)+0.123 ASC, timezone, time_floor(__time, 'PT12H')) LAST,
                                                                                                                                                                                                                                                                                                                                       count(timezone) OVER (PARTITION BY client_ip
                                                                                                                                                                                                                                                                                                                                                             ORDER BY server_ip ASC, length(server_ip) ASC, cast(length(server_ip) AS DOUBLE)+0.123 ASC, timezone, time_floor(__time, 'PT12H')) cnt
   FROM test_win
   WHERE client_ip IN ('107.13.54.103',
                       '99.9.55.22')
   GROUP BY server_ip,
            client_ip,
            timezone,
            time_floor(__time, 'PT12H')) t1
FULL JOIN
  (SELECT server_ip,
          client_ip,
          timezone,
          cast(time_floor(__time, 'PT12H') AS char) t,
          first_value(timezone) OVER w FIRST,
                                       last_value(timezone) OVER w LAST,
                                                                   count(timezone) OVER w cnt
   FROM test_win
   WHERE client_ip IN ('107.13.54.103',
                       '99.9.55.22')
   GROUP BY server_ip,
            client_ip,
            timezone,
            time_floor(__time, 'PT12H') WINDOW w AS (PARTITION BY client_ip
                                                     ORDER BY server_ip ASC,
                                                              length(server_ip) ASC, cast(length(server_ip) AS DOUBLE)+0.123 ASC,
                                                                                     timezone,
                                                                                     time_floor(__time, 'PT12H'))) t2 ON t1.server_ip=t2.server_ip;
+----+
| c  |
+----+
| 32 |
+----+
(1 row)

!ok

#-------------------------------------------------------------------------
# TESTCASE: test_sql_test_join TEST_ID: A5_G2_Q5
#-------------------------------------------------------------------------
SELECT count(*) c
FROM
  (SELECT server_ip,
          client_ip,
          timezone,
          cast(time_floor(__time, 'PT12H') AS char) t,
          first_value(timezone) OVER w FIRST,
                                       last_value(timezone) OVER w LAST,
                                                                   count(timezone) OVER w cnt
   FROM test_win
   WHERE client_ip IN ('107.13.54.103',
                       '99.9.55.22')
   GROUP BY server_ip,
            client_ip,
            timezone,
            time_floor(__time, 'PT12H') WINDOW w AS (PARTITION BY client_ip
                                                     ORDER BY server_ip ASC,
                                                              length(server_ip) ASC, cast(length(server_ip) AS DOUBLE)+0.123 ASC,
                                                                                     timezone,
                                                                                     time_floor(__time, 'PT12H'))) t1
FULL JOIN
  (SELECT server_ip,
          client_ip,
          timezone,
          cast(time_floor(__time, 'PT12H') AS char) t,
          first_value(timezone) OVER (PARTITION BY client_ip
                                      ORDER BY server_ip ASC, length(server_ip) ASC, cast(length(server_ip) AS DOUBLE)+0.123 ASC, timezone, time_floor(__time, 'PT12H')) FIRST,
                                                                                                                                                                         last_value(timezone) OVER (PARTITION BY client_ip
                                                                                                                                                                                                    ORDER BY server_ip ASC, length(server_ip) ASC, cast(length(server_ip) AS DOUBLE)+0.123 ASC, timezone, time_floor(__time, 'PT12H')) LAST,
                                                                                                                                                                                                                                                                                                                                       count(timezone) OVER (PARTITION BY client_ip
                                                                                                                                                                                                                                                                                                                                                             ORDER BY server_ip ASC, length(server_ip) ASC, cast(length(server_ip) AS DOUBLE)+0.123 ASC, timezone, time_floor(__time, 'PT12H')) cnt
   FROM test_win
   WHERE client_ip IN ('107.13.54.103',
                       '99.9.55.22')
   GROUP BY server_ip,
            client_ip,
            timezone,
            time_floor(__time, 'PT12H')) t2 ON t1.server_ip=t2.server_ip;
+----+
| c  |
+----+
| 32 |
+----+
(1 row)

!ok

#-------------------------------------------------------------------------
# TESTCASE: test_sql_test_join TEST_ID: A5_G2_Q6
#-------------------------------------------------------------------------
SELECT count(*) c
FROM
  (SELECT server_ip,
          client_ip,
          timezone,
          cast(time_floor(__time, 'PT12H') AS char) t,
          first_value(timezone) OVER w FIRST,
                                       last_value(timezone) OVER w LAST,
                                                                   count(timezone) OVER w cnt
   FROM test_win
   WHERE client_ip IN ('107.13.54.103',
                       '99.9.55.22')
   GROUP BY server_ip,
            client_ip,
            timezone,
            time_floor(__time, 'PT12H') WINDOW w AS (PARTITION BY client_ip
                                                     ORDER BY server_ip ASC,
                                                              length(server_ip) ASC, cast(length(server_ip) AS DOUBLE)+0.123 ASC,
                                                                                     timezone,
                                                                                     time_floor(__time, 'PT12H'))) t1
FULL JOIN
  (SELECT server_ip,
          client_ip,
          timezone,
          cast(time_floor(__time, 'PT12H') AS char) t,
          first_value(timezone) OVER w FIRST,
                                       last_value(timezone) OVER w LAST,
                                                                   count(timezone) OVER w cnt
   FROM test_win
   WHERE client_ip IN ('107.13.54.103',
                       '99.9.55.22')
   GROUP BY server_ip,
            client_ip,
            timezone,
            time_floor(__time, 'PT12H') WINDOW w AS (PARTITION BY client_ip
                                                     ORDER BY server_ip ASC,
                                                              length(server_ip) ASC, cast(length(server_ip) AS DOUBLE)+0.123 ASC,
                                                                                     timezone,
                                                                                     time_floor(__time, 'PT12H'))) t2 ON t1.server_ip=t2.server_ip;
+----+
| c  |
+----+
| 32 |
+----+
(1 row)

!ok

#-------------------------------------------------------------------------
# TESTCASE: test_sql_test_join TEST_ID: A6_G1_Q3
#-------------------------------------------------------------------------
SELECT count(*) c
FROM
  (SELECT server_ip,
          client_ip,
          timezone,
          cast(time_floor(__time, 'PT12H') AS char) t,
          first_value(timezone) OVER (PARTITION BY client_ip
                                      ORDER BY server_ip ASC, length(server_ip) ASC, cast(length(server_ip) AS DOUBLE)+0.123 ASC, timezone, time_floor(__time, 'PT12H')) FIRST,
                                                                                                                                                                         last_value(timezone) OVER (PARTITION BY client_ip
                                                                                                                                                                                                    ORDER BY server_ip ASC, length(server_ip) ASC, cast(length(server_ip) AS DOUBLE)+0.123 ASC, timezone, time_floor(__time, 'PT12H')) LAST,
                                                                                                                                                                                                                                                                                                                                       count(timezone) OVER (PARTITION BY client_ip
                                                                                                                                                                                                                                                                                                                                                             ORDER BY server_ip ASC, length(server_ip) ASC, cast(length(server_ip) AS DOUBLE)+0.123 ASC, timezone, time_floor(__time, 'PT12H')) cnt
   FROM
     (SELECT server_ip,
             client_ip,
             timezone,
             time_floor(__time, 'PT12H') __time
      FROM test_win
      GROUP BY server_ip,
               client_ip,
               timezone,
               time_floor(__time, 'PT12H'))
   WHERE client_ip IN ('107.13.54.103',
                       '99.9.55.22')) t1
CROSS JOIN
  (SELECT server_ip,
          client_ip,
          timezone,
          cast(time_floor(__time, 'PT12H') AS char) t,
          first_value(timezone) OVER (PARTITION BY client_ip
                                      ORDER BY server_ip ASC, length(server_ip) ASC, cast(length(server_ip) AS DOUBLE)+0.123 ASC, timezone, time_floor(__time, 'PT12H')) FIRST,
                                                                                                                                                                         last_value(timezone) OVER (PARTITION BY client_ip
                                                                                                                                                                                                    ORDER BY server_ip ASC, length(server_ip) ASC, cast(length(server_ip) AS DOUBLE)+0.123 ASC, timezone, time_floor(__time, 'PT12H')) LAST,
                                                                                                                                                                                                                                                                                                                                       count(timezone) OVER (PARTITION BY client_ip
                                                                                                                                                                                                                                                                                                                                                             ORDER BY server_ip ASC, length(server_ip) ASC, cast(length(server_ip) AS DOUBLE)+0.123 ASC, timezone, time_floor(__time, 'PT12H')) cnt
   FROM
     (SELECT server_ip,
             client_ip,
             timezone,
             time_floor(__time, 'PT12H') __time
      FROM test_win
      GROUP BY server_ip,
               client_ip,
               timezone,
               time_floor(__time, 'PT12H'))
   WHERE client_ip IN ('107.13.54.103',
                       '99.9.55.22')) t2;
+----+
| c  |
+----+
| 64 |
+----+
(1 row)

!ok

#-------------------------------------------------------------------------
# TESTCASE: test_sql_test_join TEST_ID: A6_G1_Q4
#-------------------------------------------------------------------------
SELECT count(*) c
FROM
  (SELECT server_ip,
          client_ip,
          timezone,
          cast(time_floor(__time, 'PT12H') AS char) t,
          first_value(timezone) OVER (PARTITION BY client_ip
                                      ORDER BY server_ip ASC, length(server_ip) ASC, cast(length(server_ip) AS DOUBLE)+0.123 ASC, timezone, time_floor(__time, 'PT12H')) FIRST,
                                                                                                                                                                         last_value(timezone) OVER (PARTITION BY client_ip
                                                                                                                                                                                                    ORDER BY server_ip ASC, length(server_ip) ASC, cast(length(server_ip) AS DOUBLE)+0.123 ASC, timezone, time_floor(__time, 'PT12H')) LAST,
                                                                                                                                                                                                                                                                                                                                       count(timezone) OVER (PARTITION BY client_ip
                                                                                                                                                                                                                                                                                                                                                             ORDER BY server_ip ASC, length(server_ip) ASC, cast(length(server_ip) AS DOUBLE)+0.123 ASC, timezone, time_floor(__time, 'PT12H')) cnt
   FROM
     (SELECT server_ip,
             client_ip,
             timezone,
             time_floor(__time, 'PT12H') __time
      FROM test_win
      GROUP BY server_ip,
               client_ip,
               timezone,
               time_floor(__time, 'PT12H'))
   WHERE client_ip IN ('107.13.54.103',
                       '99.9.55.22')) t1
CROSS JOIN
  (SELECT server_ip,
          client_ip,
          timezone,
          cast(time_floor(__time, 'PT12H') AS char) t,
          first_value(timezone) OVER w FIRST,
                                       last_value(timezone) OVER w LAST,
                                                                   count(timezone) OVER w cnt
   FROM
     (SELECT server_ip,
             client_ip,
             timezone,
             time_floor(__time, 'PT12H') __time
      FROM test_win
      GROUP BY server_ip,
               client_ip,
               timezone,
               time_floor(__time, 'PT12H'))
   WHERE client_ip IN ('107.13.54.103',
                       '99.9.55.22') WINDOW w AS (PARTITION BY client_ip
                                                  ORDER BY server_ip ASC,
                                                           length(server_ip) ASC, cast(length(server_ip) AS DOUBLE)+0.123 ASC,
                                                                                  timezone,
                                                                                  time_floor(__time, 'PT12H'))) t2;
+----+
| c  |
+----+
| 64 |
+----+
(1 row)

!ok

#-------------------------------------------------------------------------
# TESTCASE: test_sql_test_join TEST_ID: A6_G1_Q5
#-------------------------------------------------------------------------
SELECT count(*) c
FROM
  (SELECT server_ip,
          client_ip,
          timezone,
          cast(time_floor(__time, 'PT12H') AS char) t,
          first_value(timezone) OVER w FIRST,
                                       last_value(timezone) OVER w LAST,
                                                                   count(timezone) OVER w cnt
   FROM
     (SELECT server_ip,
             client_ip,
             timezone,
             time_floor(__time, 'PT12H') __time
      FROM test_win
      GROUP BY server_ip,
               client_ip,
               timezone,
               time_floor(__time, 'PT12H'))
   WHERE client_ip IN ('107.13.54.103',
                       '99.9.55.22') WINDOW w AS (PARTITION BY client_ip
                                                  ORDER BY server_ip ASC,
                                                           length(server_ip) ASC, cast(length(server_ip) AS DOUBLE)+0.123 ASC,
                                                                                  timezone,
                                                                                  time_floor(__time, 'PT12H'))) t1
CROSS JOIN
  (SELECT server_ip,
          client_ip,
          timezone,
          cast(time_floor(__time, 'PT12H') AS char) t,
          first_value(timezone) OVER (PARTITION BY client_ip
                                      ORDER BY server_ip ASC, length(server_ip) ASC, cast(length(server_ip) AS DOUBLE)+0.123 ASC, timezone, time_floor(__time, 'PT12H')) FIRST,
                                                                                                                                                                         last_value(timezone) OVER (PARTITION BY client_ip
                                                                                                                                                                                                    ORDER BY server_ip ASC, length(server_ip) ASC, cast(length(server_ip) AS DOUBLE)+0.123 ASC, timezone, time_floor(__time, 'PT12H')) LAST,
                                                                                                                                                                                                                                                                                                                                       count(timezone) OVER (PARTITION BY client_ip
                                                                                                                                                                                                                                                                                                                                                             ORDER BY server_ip ASC, length(server_ip) ASC, cast(length(server_ip) AS DOUBLE)+0.123 ASC, timezone, time_floor(__time, 'PT12H')) cnt
   FROM
     (SELECT server_ip,
             client_ip,
             timezone,
             time_floor(__time, 'PT12H') __time
      FROM test_win
      GROUP BY server_ip,
               client_ip,
               timezone,
               time_floor(__time, 'PT12H'))
   WHERE client_ip IN ('107.13.54.103',
                       '99.9.55.22')) t2;
+----+
| c  |
+----+
| 64 |
+----+
(1 row)

!ok

#-------------------------------------------------------------------------
# TESTCASE: test_sql_test_join TEST_ID: A6_G1_Q6
#-------------------------------------------------------------------------
SELECT count(*) c
FROM
  (SELECT server_ip,
          client_ip,
          timezone,
          cast(time_floor(__time, 'PT12H') AS char) t,
          first_value(timezone) OVER w FIRST,
                                       last_value(timezone) OVER w LAST,
                                                                   count(timezone) OVER w cnt
   FROM
     (SELECT server_ip,
             client_ip,
             timezone,
             time_floor(__time, 'PT12H') __time
      FROM test_win
      GROUP BY server_ip,
               client_ip,
               timezone,
               time_floor(__time, 'PT12H'))
   WHERE client_ip IN ('107.13.54.103',
                       '99.9.55.22') WINDOW w AS (PARTITION BY client_ip
                                                  ORDER BY server_ip ASC,
                                                           length(server_ip) ASC, cast(length(server_ip) AS DOUBLE)+0.123 ASC,
                                                                                  timezone,
                                                                                  time_floor(__time, 'PT12H'))) t1
CROSS JOIN
  (SELECT server_ip,
          client_ip,
          timezone,
          cast(time_floor(__time, 'PT12H') AS char) t,
          first_value(timezone) OVER w FIRST,
                                       last_value(timezone) OVER w LAST,
                                                                   count(timezone) OVER w cnt
   FROM
     (SELECT server_ip,
             client_ip,
             timezone,
             time_floor(__time, 'PT12H') __time
      FROM test_win
      GROUP BY server_ip,
               client_ip,
               timezone,
               time_floor(__time, 'PT12H'))
   WHERE client_ip IN ('107.13.54.103',
                       '99.9.55.22') WINDOW w AS (PARTITION BY client_ip
                                                  ORDER BY server_ip ASC,
                                                           length(server_ip) ASC, cast(length(server_ip) AS DOUBLE)+0.123 ASC,
                                                                                  timezone,
                                                                                  time_floor(__time, 'PT12H'))) t2;
+----+
| c  |
+----+
| 64 |
+----+
(1 row)

!ok

#-------------------------------------------------------------------------
# TESTCASE: test_sql_test_join TEST_ID: A6_G2_Q3
#-------------------------------------------------------------------------
SELECT count(*) c
FROM
  (SELECT server_ip,
          client_ip,
          timezone,
          cast(time_floor(__time, 'PT12H') AS char) t,
          first_value(timezone) OVER (PARTITION BY client_ip
                                      ORDER BY server_ip ASC, length(server_ip) ASC, cast(length(server_ip) AS DOUBLE)+0.123 ASC, timezone, time_floor(__time, 'PT12H')) FIRST,
                                                                                                                                                                         last_value(timezone) OVER (PARTITION BY client_ip
                                                                                                                                                                                                    ORDER BY server_ip ASC, length(server_ip) ASC, cast(length(server_ip) AS DOUBLE)+0.123 ASC, timezone, time_floor(__time, 'PT12H')) LAST,
                                                                                                                                                                                                                                                                                                                                       count(timezone) OVER (PARTITION BY client_ip
                                                                                                                                                                                                                                                                                                                                                             ORDER BY server_ip ASC, length(server_ip) ASC, cast(length(server_ip) AS DOUBLE)+0.123 ASC, timezone, time_floor(__time, 'PT12H')) cnt
   FROM test_win
   WHERE client_ip IN ('107.13.54.103',
                       '99.9.55.22')
   GROUP BY server_ip,
            client_ip,
            timezone,
            time_floor(__time, 'PT12H')) t1
CROSS JOIN
  (SELECT server_ip,
          client_ip,
          timezone,
          cast(time_floor(__time, 'PT12H') AS char) t,
          first_value(timezone) OVER (PARTITION BY client_ip
                                      ORDER BY server_ip ASC, length(server_ip) ASC, cast(length(server_ip) AS DOUBLE)+0.123 ASC, timezone, time_floor(__time, 'PT12H')) FIRST,
                                                                                                                                                                         last_value(timezone) OVER (PARTITION BY client_ip
                                                                                                                                                                                                    ORDER BY server_ip ASC, length(server_ip) ASC, cast(length(server_ip) AS DOUBLE)+0.123 ASC, timezone, time_floor(__time, 'PT12H')) LAST,
                                                                                                                                                                                                                                                                                                                                       count(timezone) OVER (PARTITION BY client_ip
                                                                                                                                                                                                                                                                                                                                                             ORDER BY server_ip ASC, length(server_ip) ASC, cast(length(server_ip) AS DOUBLE)+0.123 ASC, timezone, time_floor(__time, 'PT12H')) cnt
   FROM test_win
   WHERE client_ip IN ('107.13.54.103',
                       '99.9.55.22')
   GROUP BY server_ip,
            client_ip,
            timezone,
            time_floor(__time, 'PT12H')) t2;
+----+
| c  |
+----+
| 64 |
+----+
(1 row)

!ok

#-------------------------------------------------------------------------
# TESTCASE: test_sql_test_join TEST_ID: A6_G2_Q4
#-------------------------------------------------------------------------
SELECT count(*) c
FROM
  (SELECT server_ip,
          client_ip,
          timezone,
          cast(time_floor(__time, 'PT12H') AS char) t,
          first_value(timezone) OVER (PARTITION BY client_ip
                                      ORDER BY server_ip ASC, length(server_ip) ASC, cast(length(server_ip) AS DOUBLE)+0.123 ASC, timezone, time_floor(__time, 'PT12H')) FIRST,
                                                                                                                                                                         last_value(timezone) OVER (PARTITION BY client_ip
                                                                                                                                                                                                    ORDER BY server_ip ASC, length(server_ip) ASC, cast(length(server_ip) AS DOUBLE)+0.123 ASC, timezone, time_floor(__time, 'PT12H')) LAST,
                                                                                                                                                                                                                                                                                                                                       count(timezone) OVER (PARTITION BY client_ip
                                                                                                                                                                                                                                                                                                                                                             ORDER BY server_ip ASC, length(server_ip) ASC, cast(length(server_ip) AS DOUBLE)+0.123 ASC, timezone, time_floor(__time, 'PT12H')) cnt
   FROM test_win
   WHERE client_ip IN ('107.13.54.103',
                       '99.9.55.22')
   GROUP BY server_ip,
            client_ip,
            timezone,
            time_floor(__time, 'PT12H')) t1
CROSS JOIN
  (SELECT server_ip,
          client_ip,
          timezone,
          cast(time_floor(__time, 'PT12H') AS char) t,
          first_value(timezone) OVER w FIRST,
                                       last_value(timezone) OVER w LAST,
                                                                   count(timezone) OVER w cnt
   FROM test_win
   WHERE client_ip IN ('107.13.54.103',
                       '99.9.55.22')
   GROUP BY server_ip,
            client_ip,
            timezone,
            time_floor(__time, 'PT12H') WINDOW w AS (PARTITION BY client_ip
                                                     ORDER BY server_ip ASC,
                                                              length(server_ip) ASC, cast(length(server_ip) AS DOUBLE)+0.123 ASC,
                                                                                     timezone,
                                                                                     time_floor(__time, 'PT12H'))) t2;
+----+
| c  |
+----+
| 64 |
+----+
(1 row)

!ok

#-------------------------------------------------------------------------
# TESTCASE: test_sql_test_join TEST_ID: A6_G2_Q5
#-------------------------------------------------------------------------
SELECT count(*) c
FROM
  (SELECT server_ip,
          client_ip,
          timezone,
          cast(time_floor(__time, 'PT12H') AS char) t,
          first_value(timezone) OVER w FIRST,
                                       last_value(timezone) OVER w LAST,
                                                                   count(timezone) OVER w cnt
   FROM test_win
   WHERE client_ip IN ('107.13.54.103',
                       '99.9.55.22')
   GROUP BY server_ip,
            client_ip,
            timezone,
            time_floor(__time, 'PT12H') WINDOW w AS (PARTITION BY client_ip
                                                     ORDER BY server_ip ASC,
                                                              length(server_ip) ASC, cast(length(server_ip) AS DOUBLE)+0.123 ASC,
                                                                                     timezone,
                                                                                     time_floor(__time, 'PT12H'))) t1
CROSS JOIN
  (SELECT server_ip,
          client_ip,
          timezone,
          cast(time_floor(__time, 'PT12H') AS char) t,
          first_value(timezone) OVER (PARTITION BY client_ip
                                      ORDER BY server_ip ASC, length(server_ip) ASC, cast(length(server_ip) AS DOUBLE)+0.123 ASC, timezone, time_floor(__time, 'PT12H')) FIRST,
                                                                                                                                                                         last_value(timezone) OVER (PARTITION BY client_ip
                                                                                                                                                                                                    ORDER BY server_ip ASC, length(server_ip) ASC, cast(length(server_ip) AS DOUBLE)+0.123 ASC, timezone, time_floor(__time, 'PT12H')) LAST,
                                                                                                                                                                                                                                                                                                                                       count(timezone) OVER (PARTITION BY client_ip
                                                                                                                                                                                                                                                                                                                                                             ORDER BY server_ip ASC, length(server_ip) ASC, cast(length(server_ip) AS DOUBLE)+0.123 ASC, timezone, time_floor(__time, 'PT12H')) cnt
   FROM test_win
   WHERE client_ip IN ('107.13.54.103',
                       '99.9.55.22')
   GROUP BY server_ip,
            client_ip,
            timezone,
            time_floor(__time, 'PT12H')) t2;
+----+
| c  |
+----+
| 64 |
+----+
(1 row)

!ok

#-------------------------------------------------------------------------
# TESTCASE: test_sql_test_join TEST_ID: A6_G2_Q6
#-------------------------------------------------------------------------
SELECT count(*) c
FROM
  (SELECT server_ip,
          client_ip,
          timezone,
          cast(time_floor(__time, 'PT12H') AS char) t,
          first_value(timezone) OVER w FIRST,
                                       last_value(timezone) OVER w LAST,
                                                                   count(timezone) OVER w cnt
   FROM test_win
   WHERE client_ip IN ('107.13.54.103',
                       '99.9.55.22')
   GROUP BY server_ip,
            client_ip,
            timezone,
            time_floor(__time, 'PT12H') WINDOW w AS (PARTITION BY client_ip
                                                     ORDER BY server_ip ASC,
                                                              length(server_ip) ASC, cast(length(server_ip) AS DOUBLE)+0.123 ASC,
                                                                                     timezone,
                                                                                     time_floor(__time, 'PT12H'))) t1
CROSS JOIN
  (SELECT server_ip,
          client_ip,
          timezone,
          cast(time_floor(__time, 'PT12H') AS char) t,
          first_value(timezone) OVER w FIRST,
                                       last_value(timezone) OVER w LAST,
                                                                   count(timezone) OVER w cnt
   FROM test_win
   WHERE client_ip IN ('107.13.54.103',
                       '99.9.55.22')
   GROUP BY server_ip,
            client_ip,
            timezone,
            time_floor(__time, 'PT12H') WINDOW w AS (PARTITION BY client_ip
                                                     ORDER BY server_ip ASC,
                                                              length(server_ip) ASC, cast(length(server_ip) AS DOUBLE)+0.123 ASC,
                                                                                     timezone,
                                                                                     time_floor(__time, 'PT12H'))) t2;
+----+
| c  |
+----+
| 64 |
+----+
(1 row)

!ok

#-------------------------------------------------------------------------
# TESTCASE: test_sql_test_join TEST_ID: A7_G1_Q3
#-------------------------------------------------------------------------
SELECT count(*) c
FROM
  (SELECT server_ip,
          client_ip,
          timezone,
          cast(time_floor(__time, 'PT12H') AS char) t,
          first_value(timezone) OVER (PARTITION BY client_ip
                                      ORDER BY server_ip ASC, length(server_ip) ASC, cast(length(server_ip) AS DOUBLE)+0.123 ASC, timezone, time_floor(__time, 'PT12H')) FIRST,
                                                                                                                                                                         last_value(timezone) OVER (PARTITION BY client_ip
                                                                                                                                                                                                    ORDER BY server_ip ASC, length(server_ip) ASC, cast(length(server_ip) AS DOUBLE)+0.123 ASC, timezone, time_floor(__time, 'PT12H')) LAST,
                                                                                                                                                                                                                                                                                                                                       count(timezone) OVER (PARTITION BY client_ip
                                                                                                                                                                                                                                                                                                                                                             ORDER BY server_ip ASC, length(server_ip) ASC, cast(length(server_ip) AS DOUBLE)+0.123 ASC, timezone, time_floor(__time, 'PT12H')) cnt
   FROM
     (SELECT server_ip,
             client_ip,
             timezone,
             time_floor(__time, 'PT12H') __time
      FROM test_win
      GROUP BY server_ip,
               client_ip,
               timezone,
               time_floor(__time, 'PT12H'))
   WHERE client_ip IN ('107.13.54.103',
                       '99.9.55.22')) t2,

  (SELECT server_ip,
          client_ip,
          timezone,
          cast(time_floor(__time, 'PT12H') AS char) t,
          first_value(timezone) OVER (PARTITION BY client_ip
                                      ORDER BY server_ip ASC, length(server_ip) ASC, cast(length(server_ip) AS DOUBLE)+0.123 ASC, timezone, time_floor(__time, 'PT12H')) FIRST,
                                                                                                                                                                         last_value(timezone) OVER (PARTITION BY client_ip
                                                                                                                                                                                                    ORDER BY server_ip ASC, length(server_ip) ASC, cast(length(server_ip) AS DOUBLE)+0.123 ASC, timezone, time_floor(__time, 'PT12H')) LAST,
                                                                                                                                                                                                                                                                                                                                       count(timezone) OVER (PARTITION BY client_ip
                                                                                                                                                                                                                                                                                                                                                             ORDER BY server_ip ASC, length(server_ip) ASC, cast(length(server_ip) AS DOUBLE)+0.123 ASC, timezone, time_floor(__time, 'PT12H')) cnt
   FROM
     (SELECT server_ip,
             client_ip,
             timezone,
             time_floor(__time, 'PT12H') __time
      FROM test_win
      GROUP BY server_ip,
               client_ip,
               timezone,
               time_floor(__time, 'PT12H'))
   WHERE client_ip IN ('107.13.54.103',
                       '99.9.55.22')) t3
WHERE t2.server_ip=t3.server_ip;
+----+
| c  |
+----+
| 32 |
+----+
(1 row)

!ok

