!set useApproximateCountDistinct false
!use druidtest://?componentSupplier=AllDruidEnginesComponentSupplier&datasets=sql/src/test/quidem/qatests/qaWin
!set outputformat mysql
#-------------------------------------------------------------------------
# TESTCASE: test_sql_test_subquery_with_where TEST_ID: SEL_DATASOURCE
#-------------------------------------------------------------------------
SELECT count(*) cnt
FROM test_win
WHERE client_ip IN ('107.13.54.103',
                    '99.9.55.22');
+-----+
| cnt |
+-----+
| 768 |
+-----+
(1 row)

!ok

#-------------------------------------------------------------------------
# TESTCASE: test_sql_test_subquery_with_where TEST_ID: A1_G1_Q1
#-------------------------------------------------------------------------
SELECT server_ip,
       client_ip,
       timezone,
       cast(time_floor(__time, 'PT12H') AS char) t,
       first_value(timezone) OVER (PARTITION BY client_ip
                                   ORDER BY server_ip ASC, length(server_ip) ASC, cast(length(server_ip) AS DOUBLE)+0.123 ASC, timezone, time_floor(__time, 'PT12H')) FIRST,
                                                                                                                                                                      last_value(timezone) OVER (PARTITION BY client_ip
                                                                                                                                                                                                 ORDER BY server_ip ASC, length(server_ip) ASC, cast(length(server_ip) AS DOUBLE)+0.123 ASC, timezone, time_floor(__time, 'PT12H')) LAST,
                                                                                                                                                                                                                                                                                                                                    count(timezone) OVER (PARTITION BY client_ip
                                                                                                                                                                                                                                                                                                                                                          ORDER BY server_ip ASC, length(server_ip) ASC, cast(length(server_ip) AS DOUBLE)+0.123 ASC, timezone, time_floor(__time, 'PT12H')) cnt
FROM
  (SELECT server_ip,
          client_ip,
          timezone,
          time_floor(__time, 'PT12H') __time
   FROM test_win
   GROUP BY server_ip,
            client_ip,
            timezone,
            time_floor(__time, 'PT12H'))
WHERE client_ip IN ('107.13.54.103',
                    '99.9.55.22');
+--------------+---------------+----------+---------------------+-------+------+-----+
| server_ip    | client_ip     | timezone | t                   | FIRST | LAST | cnt |
+--------------+---------------+----------+---------------------+-------+------+-----+
| 172.31.11.5  | 107.13.54.103 | EDT      | 2019-08-25 00:00:00 | EDT   | EDT  |   1 |
| 172.31.11.5  | 107.13.54.103 | EDT      | 2019-08-25 12:00:00 | EDT   | EDT  |   2 |
| 172.31.11.5  | 107.13.54.103 | N/A      | 2019-08-25 12:00:00 | EDT   | N/A  |   3 |
| 172.31.11.5  | 99.9.55.22    | N/A      | 2019-08-25 12:00:00 | N/A   | N/A  |   1 |
| 172.31.57.89 | 107.13.54.103 | EDT      | 2019-08-25 00:00:00 | EDT   | EDT  |   4 |
| 172.31.57.89 | 107.13.54.103 | EDT      | 2019-08-25 12:00:00 | EDT   | EDT  |   5 |
| 172.31.57.89 | 107.13.54.103 | N/A      | 2019-08-25 12:00:00 | EDT   | N/A  |   6 |
| 172.31.57.89 | 99.9.55.22    | N/A      | 2019-08-25 12:00:00 | N/A   | N/A  |   2 |
+--------------+---------------+----------+---------------------+-------+------+-----+
(8 rows)

!ok

#-------------------------------------------------------------------------
# TESTCASE: test_sql_test_subquery_with_where TEST_ID: A1_G1_Q2
#-------------------------------------------------------------------------
SELECT server_ip,
       client_ip,
       timezone,
       cast(time_floor(__time, 'PT12H') AS char) t,
       first_value(timezone) OVER w FIRST,
                                    last_value(timezone) OVER w LAST,
                                                                count(timezone) OVER w cnt
FROM
  (SELECT server_ip,
          client_ip,
          timezone,
          time_floor(__time, 'PT12H') __time
   FROM test_win
   GROUP BY server_ip,
            client_ip,
            timezone,
            time_floor(__time, 'PT12H'))
WHERE client_ip IN ('107.13.54.103',
                    '99.9.55.22') WINDOW w AS (PARTITION BY client_ip
                                               ORDER BY server_ip ASC,
                                                        length(server_ip) ASC, cast(length(server_ip) AS DOUBLE)+0.123 ASC,
                                                                               timezone,
                                                                               time_floor(__time, 'PT12H'));
+--------------+---------------+----------+---------------------+-------+------+-----+
| server_ip    | client_ip     | timezone | t                   | FIRST | LAST | cnt |
+--------------+---------------+----------+---------------------+-------+------+-----+
| 172.31.11.5  | 107.13.54.103 | EDT      | 2019-08-25 00:00:00 | EDT   | EDT  |   1 |
| 172.31.11.5  | 107.13.54.103 | EDT      | 2019-08-25 12:00:00 | EDT   | EDT  |   2 |
| 172.31.11.5  | 107.13.54.103 | N/A      | 2019-08-25 12:00:00 | EDT   | N/A  |   3 |
| 172.31.11.5  | 99.9.55.22    | N/A      | 2019-08-25 12:00:00 | N/A   | N/A  |   1 |
| 172.31.57.89 | 107.13.54.103 | EDT      | 2019-08-25 00:00:00 | EDT   | EDT  |   4 |
| 172.31.57.89 | 107.13.54.103 | EDT      | 2019-08-25 12:00:00 | EDT   | EDT  |   5 |
| 172.31.57.89 | 107.13.54.103 | N/A      | 2019-08-25 12:00:00 | EDT   | N/A  |   6 |
| 172.31.57.89 | 99.9.55.22    | N/A      | 2019-08-25 12:00:00 | N/A   | N/A  |   2 |
+--------------+---------------+----------+---------------------+-------+------+-----+
(8 rows)

!ok

#-------------------------------------------------------------------------
# TESTCASE: test_sql_test_subquery_with_where TEST_ID: A1_G2_Q1
#-------------------------------------------------------------------------
SELECT server_ip,
       client_ip,
       timezone,
       cast(time_floor(__time, 'PT12H') AS char) t,
       first_value(timezone) OVER (PARTITION BY client_ip
                                   ORDER BY server_ip ASC, length(server_ip) ASC, cast(length(server_ip) AS DOUBLE)+0.123 ASC, timezone, time_floor(__time, 'PT12H')) FIRST,
                                                                                                                                                                      last_value(timezone) OVER (PARTITION BY client_ip
                                                                                                                                                                                                 ORDER BY server_ip ASC, length(server_ip) ASC, cast(length(server_ip) AS DOUBLE)+0.123 ASC, timezone, time_floor(__time, 'PT12H')) LAST,
                                                                                                                                                                                                                                                                                                                                    count(timezone) OVER (PARTITION BY client_ip
                                                                                                                                                                                                                                                                                                                                                          ORDER BY server_ip ASC, length(server_ip) ASC, cast(length(server_ip) AS DOUBLE)+0.123 ASC, timezone, time_floor(__time, 'PT12H')) cnt
FROM test_win
WHERE client_ip IN ('107.13.54.103',
                    '99.9.55.22')
GROUP BY server_ip,
         client_ip,
         timezone,
         time_floor(__time, 'PT12H');
+--------------+---------------+----------+---------------------+-------+------+-----+
| server_ip    | client_ip     | timezone | t                   | FIRST | LAST | cnt |
+--------------+---------------+----------+---------------------+-------+------+-----+
| 172.31.11.5  | 107.13.54.103 | EDT      | 2019-08-25 00:00:00 | EDT   | EDT  |   1 |
| 172.31.11.5  | 107.13.54.103 | EDT      | 2019-08-25 12:00:00 | EDT   | EDT  |   2 |
| 172.31.11.5  | 107.13.54.103 | N/A      | 2019-08-25 12:00:00 | EDT   | N/A  |   3 |
| 172.31.11.5  | 99.9.55.22    | N/A      | 2019-08-25 12:00:00 | N/A   | N/A  |   1 |
| 172.31.57.89 | 107.13.54.103 | EDT      | 2019-08-25 00:00:00 | EDT   | EDT  |   4 |
| 172.31.57.89 | 107.13.54.103 | EDT      | 2019-08-25 12:00:00 | EDT   | EDT  |   5 |
| 172.31.57.89 | 107.13.54.103 | N/A      | 2019-08-25 12:00:00 | EDT   | N/A  |   6 |
| 172.31.57.89 | 99.9.55.22    | N/A      | 2019-08-25 12:00:00 | N/A   | N/A  |   2 |
+--------------+---------------+----------+---------------------+-------+------+-----+
(8 rows)

!ok

#-------------------------------------------------------------------------
# TESTCASE: test_sql_test_subquery_with_where TEST_ID: A1_G2_Q2
#-------------------------------------------------------------------------
SELECT server_ip,
       client_ip,
       timezone,
       cast(time_floor(__time, 'PT12H') AS char) t,
       first_value(timezone) OVER w FIRST,
                                    last_value(timezone) OVER w LAST,
                                                                count(timezone) OVER w cnt
FROM test_win
WHERE client_ip IN ('107.13.54.103',
                    '99.9.55.22')
GROUP BY server_ip,
         client_ip,
         timezone,
         time_floor(__time, 'PT12H') WINDOW w AS (PARTITION BY client_ip
                                                  ORDER BY server_ip ASC,
                                                           length(server_ip) ASC, cast(length(server_ip) AS DOUBLE)+0.123 ASC,
                                                                                  timezone,
                                                                                  time_floor(__time, 'PT12H'));
+--------------+---------------+----------+---------------------+-------+------+-----+
| server_ip    | client_ip     | timezone | t                   | FIRST | LAST | cnt |
+--------------+---------------+----------+---------------------+-------+------+-----+
| 172.31.11.5  | 107.13.54.103 | EDT      | 2019-08-25 00:00:00 | EDT   | EDT  |   1 |
| 172.31.11.5  | 107.13.54.103 | EDT      | 2019-08-25 12:00:00 | EDT   | EDT  |   2 |
| 172.31.11.5  | 107.13.54.103 | N/A      | 2019-08-25 12:00:00 | EDT   | N/A  |   3 |
| 172.31.11.5  | 99.9.55.22    | N/A      | 2019-08-25 12:00:00 | N/A   | N/A  |   1 |
| 172.31.57.89 | 107.13.54.103 | EDT      | 2019-08-25 00:00:00 | EDT   | EDT  |   4 |
| 172.31.57.89 | 107.13.54.103 | EDT      | 2019-08-25 12:00:00 | EDT   | EDT  |   5 |
| 172.31.57.89 | 107.13.54.103 | N/A      | 2019-08-25 12:00:00 | EDT   | N/A  |   6 |
| 172.31.57.89 | 99.9.55.22    | N/A      | 2019-08-25 12:00:00 | N/A   | N/A  |   2 |
+--------------+---------------+----------+---------------------+-------+------+-----+
(8 rows)

!ok

#-------------------------------------------------------------------------
# TESTCASE: test_sql_test_subquery_with_where TEST_ID: A2_G1_Q1
#-------------------------------------------------------------------------
SELECT *
FROM
  (SELECT server_ip,
          client_ip,
          timezone,
          cast(time_floor(__time, 'PT12H') AS char) t,
          first_value(timezone) OVER (PARTITION BY client_ip
                                      ORDER BY server_ip ASC, length(server_ip) ASC, cast(length(server_ip) AS DOUBLE)+0.123 ASC, timezone, time_floor(__time, 'PT12H')) FIRST,
                                                                                                                                                                         last_value(timezone) OVER (PARTITION BY client_ip
                                                                                                                                                                                                    ORDER BY server_ip ASC, length(server_ip) ASC, cast(length(server_ip) AS DOUBLE)+0.123 ASC, timezone, time_floor(__time, 'PT12H')) LAST,
                                                                                                                                                                                                                                                                                                                                       count(timezone) OVER (PARTITION BY client_ip
                                                                                                                                                                                                                                                                                                                                                             ORDER BY server_ip ASC, length(server_ip) ASC, cast(length(server_ip) AS DOUBLE)+0.123 ASC, timezone, time_floor(__time, 'PT12H')) cnt
   FROM
     (SELECT server_ip,
             client_ip,
             timezone,
             time_floor(__time, 'PT12H') __time
      FROM test_win
      GROUP BY server_ip,
               client_ip,
               timezone,
               time_floor(__time, 'PT12H'))
   WHERE client_ip IN ('107.13.54.103',
                       '99.9.55.22'));
+--------------+---------------+----------+---------------------+-------+------+-----+
| server_ip    | client_ip     | timezone | t                   | FIRST | LAST | cnt |
+--------------+---------------+----------+---------------------+-------+------+-----+
| 172.31.11.5  | 107.13.54.103 | EDT      | 2019-08-25 00:00:00 | EDT   | EDT  |   1 |
| 172.31.11.5  | 107.13.54.103 | EDT      | 2019-08-25 12:00:00 | EDT   | EDT  |   2 |
| 172.31.11.5  | 107.13.54.103 | N/A      | 2019-08-25 12:00:00 | EDT   | N/A  |   3 |
| 172.31.11.5  | 99.9.55.22    | N/A      | 2019-08-25 12:00:00 | N/A   | N/A  |   1 |
| 172.31.57.89 | 107.13.54.103 | EDT      | 2019-08-25 00:00:00 | EDT   | EDT  |   4 |
| 172.31.57.89 | 107.13.54.103 | EDT      | 2019-08-25 12:00:00 | EDT   | EDT  |   5 |
| 172.31.57.89 | 107.13.54.103 | N/A      | 2019-08-25 12:00:00 | EDT   | N/A  |   6 |
| 172.31.57.89 | 99.9.55.22    | N/A      | 2019-08-25 12:00:00 | N/A   | N/A  |   2 |
+--------------+---------------+----------+---------------------+-------+------+-----+
(8 rows)

!ok

#-------------------------------------------------------------------------
# TESTCASE: test_sql_test_subquery_with_where TEST_ID: A2_G1_Q2
#-------------------------------------------------------------------------
SELECT *
FROM
  (SELECT server_ip,
          client_ip,
          timezone,
          cast(time_floor(__time, 'PT12H') AS char) t,
          first_value(timezone) OVER w FIRST,
                                       last_value(timezone) OVER w LAST,
                                                                   count(timezone) OVER w cnt
   FROM
     (SELECT server_ip,
             client_ip,
             timezone,
             time_floor(__time, 'PT12H') __time
      FROM test_win
      GROUP BY server_ip,
               client_ip,
               timezone,
               time_floor(__time, 'PT12H'))
   WHERE client_ip IN ('107.13.54.103',
                       '99.9.55.22') WINDOW w AS (PARTITION BY client_ip
                                                  ORDER BY server_ip ASC,
                                                           length(server_ip) ASC, cast(length(server_ip) AS DOUBLE)+0.123 ASC,
                                                                                  timezone,
                                                                                  time_floor(__time, 'PT12H')));
+--------------+---------------+----------+---------------------+-------+------+-----+
| server_ip    | client_ip     | timezone | t                   | FIRST | LAST | cnt |
+--------------+---------------+----------+---------------------+-------+------+-----+
| 172.31.11.5  | 107.13.54.103 | EDT      | 2019-08-25 00:00:00 | EDT   | EDT  |   1 |
| 172.31.11.5  | 107.13.54.103 | EDT      | 2019-08-25 12:00:00 | EDT   | EDT  |   2 |
| 172.31.11.5  | 107.13.54.103 | N/A      | 2019-08-25 12:00:00 | EDT   | N/A  |   3 |
| 172.31.11.5  | 99.9.55.22    | N/A      | 2019-08-25 12:00:00 | N/A   | N/A  |   1 |
| 172.31.57.89 | 107.13.54.103 | EDT      | 2019-08-25 00:00:00 | EDT   | EDT  |   4 |
| 172.31.57.89 | 107.13.54.103 | EDT      | 2019-08-25 12:00:00 | EDT   | EDT  |   5 |
| 172.31.57.89 | 107.13.54.103 | N/A      | 2019-08-25 12:00:00 | EDT   | N/A  |   6 |
| 172.31.57.89 | 99.9.55.22    | N/A      | 2019-08-25 12:00:00 | N/A   | N/A  |   2 |
+--------------+---------------+----------+---------------------+-------+------+-----+
(8 rows)

!ok

#-------------------------------------------------------------------------
# TESTCASE: test_sql_test_subquery_with_where TEST_ID: A2_G2_Q1
#-------------------------------------------------------------------------
SELECT *
FROM
  (SELECT server_ip,
          client_ip,
          timezone,
          cast(time_floor(__time, 'PT12H') AS char) t,
          first_value(timezone) OVER (PARTITION BY client_ip
                                      ORDER BY server_ip ASC, length(server_ip) ASC, cast(length(server_ip) AS DOUBLE)+0.123 ASC, timezone, time_floor(__time, 'PT12H')) FIRST,
                                                                                                                                                                         last_value(timezone) OVER (PARTITION BY client_ip
                                                                                                                                                                                                    ORDER BY server_ip ASC, length(server_ip) ASC, cast(length(server_ip) AS DOUBLE)+0.123 ASC, timezone, time_floor(__time, 'PT12H')) LAST,
                                                                                                                                                                                                                                                                                                                                       count(timezone) OVER (PARTITION BY client_ip
                                                                                                                                                                                                                                                                                                                                                             ORDER BY server_ip ASC, length(server_ip) ASC, cast(length(server_ip) AS DOUBLE)+0.123 ASC, timezone, time_floor(__time, 'PT12H')) cnt
   FROM test_win
   WHERE client_ip IN ('107.13.54.103',
                       '99.9.55.22')
   GROUP BY server_ip,
            client_ip,
            timezone,
            time_floor(__time, 'PT12H'));
+--------------+---------------+----------+---------------------+-------+------+-----+
| server_ip    | client_ip     | timezone | t                   | FIRST | LAST | cnt |
+--------------+---------------+----------+---------------------+-------+------+-----+
| 172.31.11.5  | 107.13.54.103 | EDT      | 2019-08-25 00:00:00 | EDT   | EDT  |   1 |
| 172.31.11.5  | 107.13.54.103 | EDT      | 2019-08-25 12:00:00 | EDT   | EDT  |   2 |
| 172.31.11.5  | 107.13.54.103 | N/A      | 2019-08-25 12:00:00 | EDT   | N/A  |   3 |
| 172.31.11.5  | 99.9.55.22    | N/A      | 2019-08-25 12:00:00 | N/A   | N/A  |   1 |
| 172.31.57.89 | 107.13.54.103 | EDT      | 2019-08-25 00:00:00 | EDT   | EDT  |   4 |
| 172.31.57.89 | 107.13.54.103 | EDT      | 2019-08-25 12:00:00 | EDT   | EDT  |   5 |
| 172.31.57.89 | 107.13.54.103 | N/A      | 2019-08-25 12:00:00 | EDT   | N/A  |   6 |
| 172.31.57.89 | 99.9.55.22    | N/A      | 2019-08-25 12:00:00 | N/A   | N/A  |   2 |
+--------------+---------------+----------+---------------------+-------+------+-----+
(8 rows)

!ok

#-------------------------------------------------------------------------
# TESTCASE: test_sql_test_subquery_with_where TEST_ID: A2_G2_Q2
#-------------------------------------------------------------------------
SELECT *
FROM
  (SELECT server_ip,
          client_ip,
          timezone,
          cast(time_floor(__time, 'PT12H') AS char) t,
          first_value(timezone) OVER w FIRST,
                                       last_value(timezone) OVER w LAST,
                                                                   count(timezone) OVER w cnt
   FROM test_win
   WHERE client_ip IN ('107.13.54.103',
                       '99.9.55.22')
   GROUP BY server_ip,
            client_ip,
            timezone,
            time_floor(__time, 'PT12H') WINDOW w AS (PARTITION BY client_ip
                                                     ORDER BY server_ip ASC,
                                                              length(server_ip) ASC, cast(length(server_ip) AS DOUBLE)+0.123 ASC,
                                                                                     timezone,
                                                                                     time_floor(__time, 'PT12H')));
+--------------+---------------+----------+---------------------+-------+------+-----+
| server_ip    | client_ip     | timezone | t                   | FIRST | LAST | cnt |
+--------------+---------------+----------+---------------------+-------+------+-----+
| 172.31.11.5  | 107.13.54.103 | EDT      | 2019-08-25 00:00:00 | EDT   | EDT  |   1 |
| 172.31.11.5  | 107.13.54.103 | EDT      | 2019-08-25 12:00:00 | EDT   | EDT  |   2 |
| 172.31.11.5  | 107.13.54.103 | N/A      | 2019-08-25 12:00:00 | EDT   | N/A  |   3 |
| 172.31.11.5  | 99.9.55.22    | N/A      | 2019-08-25 12:00:00 | N/A   | N/A  |   1 |
| 172.31.57.89 | 107.13.54.103 | EDT      | 2019-08-25 00:00:00 | EDT   | EDT  |   4 |
| 172.31.57.89 | 107.13.54.103 | EDT      | 2019-08-25 12:00:00 | EDT   | EDT  |   5 |
| 172.31.57.89 | 107.13.54.103 | N/A      | 2019-08-25 12:00:00 | EDT   | N/A  |   6 |
| 172.31.57.89 | 99.9.55.22    | N/A      | 2019-08-25 12:00:00 | N/A   | N/A  |   2 |
+--------------+---------------+----------+---------------------+-------+------+-----+
(8 rows)

!ok

#-------------------------------------------------------------------------
# TESTCASE: test_sql_test_subquery_with_where TEST_ID: A3_G1_Q1
#-------------------------------------------------------------------------
SELECT *
FROM
  (SELECT server_ip,
          client_ip,
          timezone,
          cast(time_floor(__time, 'PT12H') AS char) t,
          first_value(timezone) OVER (PARTITION BY client_ip
                                      ORDER BY server_ip ASC, length(server_ip) ASC, cast(length(server_ip) AS DOUBLE)+0.123 ASC, timezone, time_floor(__time, 'PT12H')) FIRST,
                                                                                                                                                                         last_value(timezone) OVER (PARTITION BY client_ip
                                                                                                                                                                                                    ORDER BY server_ip ASC, length(server_ip) ASC, cast(length(server_ip) AS DOUBLE)+0.123 ASC, timezone, time_floor(__time, 'PT12H')) LAST,
                                                                                                                                                                                                                                                                                                                                       count(timezone) OVER (PARTITION BY client_ip
                                                                                                                                                                                                                                                                                                                                                             ORDER BY server_ip ASC, length(server_ip) ASC, cast(length(server_ip) AS DOUBLE)+0.123 ASC, timezone, time_floor(__time, 'PT12H')) cnt
   FROM
     (SELECT server_ip,
             client_ip,
             timezone,
             time_floor(__time, 'PT12H') __time
      FROM test_win
      GROUP BY server_ip,
               client_ip,
               timezone,
               time_floor(__time, 'PT12H'))
   WHERE client_ip IN ('107.13.54.103',
                       '99.9.55.22'))
WHERE client_ip IN ('107.13.54.103',
                    '99.9.55.22');
+--------------+---------------+----------+---------------------+-------+------+-----+
| server_ip    | client_ip     | timezone | t                   | FIRST | LAST | cnt |
+--------------+---------------+----------+---------------------+-------+------+-----+
| 172.31.11.5  | 107.13.54.103 | EDT      | 2019-08-25 00:00:00 | EDT   | EDT  |   1 |
| 172.31.11.5  | 107.13.54.103 | EDT      | 2019-08-25 12:00:00 | EDT   | EDT  |   2 |
| 172.31.11.5  | 107.13.54.103 | N/A      | 2019-08-25 12:00:00 | EDT   | N/A  |   3 |
| 172.31.11.5  | 99.9.55.22    | N/A      | 2019-08-25 12:00:00 | N/A   | N/A  |   1 |
| 172.31.57.89 | 107.13.54.103 | EDT      | 2019-08-25 00:00:00 | EDT   | EDT  |   4 |
| 172.31.57.89 | 107.13.54.103 | EDT      | 2019-08-25 12:00:00 | EDT   | EDT  |   5 |
| 172.31.57.89 | 107.13.54.103 | N/A      | 2019-08-25 12:00:00 | EDT   | N/A  |   6 |
| 172.31.57.89 | 99.9.55.22    | N/A      | 2019-08-25 12:00:00 | N/A   | N/A  |   2 |
+--------------+---------------+----------+---------------------+-------+------+-----+
(8 rows)

!ok

#-------------------------------------------------------------------------
# TESTCASE: test_sql_test_subquery_with_where TEST_ID: A3_G1_Q2
#-------------------------------------------------------------------------
SELECT *
FROM
  (SELECT server_ip,
          client_ip,
          timezone,
          cast(time_floor(__time, 'PT12H') AS char) t,
          first_value(timezone) OVER w FIRST,
                                       last_value(timezone) OVER w LAST,
                                                                   count(timezone) OVER w cnt
   FROM
     (SELECT server_ip,
             client_ip,
             timezone,
             time_floor(__time, 'PT12H') __time
      FROM test_win
      GROUP BY server_ip,
               client_ip,
               timezone,
               time_floor(__time, 'PT12H'))
   WHERE client_ip IN ('107.13.54.103',
                       '99.9.55.22') WINDOW w AS (PARTITION BY client_ip
                                                  ORDER BY server_ip ASC,
                                                           length(server_ip) ASC, cast(length(server_ip) AS DOUBLE)+0.123 ASC,
                                                                                  timezone,
                                                                                  time_floor(__time, 'PT12H')))
WHERE client_ip IN ('107.13.54.103',
                    '99.9.55.22');
+--------------+---------------+----------+---------------------+-------+------+-----+
| server_ip    | client_ip     | timezone | t                   | FIRST | LAST | cnt |
+--------------+---------------+----------+---------------------+-------+------+-----+
| 172.31.11.5  | 107.13.54.103 | EDT      | 2019-08-25 00:00:00 | EDT   | EDT  |   1 |
| 172.31.11.5  | 107.13.54.103 | EDT      | 2019-08-25 12:00:00 | EDT   | EDT  |   2 |
| 172.31.11.5  | 107.13.54.103 | N/A      | 2019-08-25 12:00:00 | EDT   | N/A  |   3 |
| 172.31.11.5  | 99.9.55.22    | N/A      | 2019-08-25 12:00:00 | N/A   | N/A  |   1 |
| 172.31.57.89 | 107.13.54.103 | EDT      | 2019-08-25 00:00:00 | EDT   | EDT  |   4 |
| 172.31.57.89 | 107.13.54.103 | EDT      | 2019-08-25 12:00:00 | EDT   | EDT  |   5 |
| 172.31.57.89 | 107.13.54.103 | N/A      | 2019-08-25 12:00:00 | EDT   | N/A  |   6 |
| 172.31.57.89 | 99.9.55.22    | N/A      | 2019-08-25 12:00:00 | N/A   | N/A  |   2 |
+--------------+---------------+----------+---------------------+-------+------+-----+
(8 rows)

!ok

#-------------------------------------------------------------------------
# TESTCASE: test_sql_test_subquery_with_where TEST_ID: A3_G2_Q1
#-------------------------------------------------------------------------
SELECT *
FROM
  (SELECT server_ip,
          client_ip,
          timezone,
          cast(time_floor(__time, 'PT12H') AS char) t,
          first_value(timezone) OVER (PARTITION BY client_ip
                                      ORDER BY server_ip ASC, length(server_ip) ASC, cast(length(server_ip) AS DOUBLE)+0.123 ASC, timezone, time_floor(__time, 'PT12H')) FIRST,
                                                                                                                                                                         last_value(timezone) OVER (PARTITION BY client_ip
                                                                                                                                                                                                    ORDER BY server_ip ASC, length(server_ip) ASC, cast(length(server_ip) AS DOUBLE)+0.123 ASC, timezone, time_floor(__time, 'PT12H')) LAST,
                                                                                                                                                                                                                                                                                                                                       count(timezone) OVER (PARTITION BY client_ip
                                                                                                                                                                                                                                                                                                                                                             ORDER BY server_ip ASC, length(server_ip) ASC, cast(length(server_ip) AS DOUBLE)+0.123 ASC, timezone, time_floor(__time, 'PT12H')) cnt
   FROM test_win
   WHERE client_ip IN ('107.13.54.103',
                       '99.9.55.22')
   GROUP BY server_ip,
            client_ip,
            timezone,
            time_floor(__time, 'PT12H'))
WHERE client_ip IN ('107.13.54.103',
                    '99.9.55.22');
+--------------+---------------+----------+---------------------+-------+------+-----+
| server_ip    | client_ip     | timezone | t                   | FIRST | LAST | cnt |
+--------------+---------------+----------+---------------------+-------+------+-----+
| 172.31.11.5  | 107.13.54.103 | EDT      | 2019-08-25 00:00:00 | EDT   | EDT  |   1 |
| 172.31.11.5  | 107.13.54.103 | EDT      | 2019-08-25 12:00:00 | EDT   | EDT  |   2 |
| 172.31.11.5  | 107.13.54.103 | N/A      | 2019-08-25 12:00:00 | EDT   | N/A  |   3 |
| 172.31.11.5  | 99.9.55.22    | N/A      | 2019-08-25 12:00:00 | N/A   | N/A  |   1 |
| 172.31.57.89 | 107.13.54.103 | EDT      | 2019-08-25 00:00:00 | EDT   | EDT  |   4 |
| 172.31.57.89 | 107.13.54.103 | EDT      | 2019-08-25 12:00:00 | EDT   | EDT  |   5 |
| 172.31.57.89 | 107.13.54.103 | N/A      | 2019-08-25 12:00:00 | EDT   | N/A  |   6 |
| 172.31.57.89 | 99.9.55.22    | N/A      | 2019-08-25 12:00:00 | N/A   | N/A  |   2 |
+--------------+---------------+----------+---------------------+-------+------+-----+
(8 rows)

!ok

#-------------------------------------------------------------------------
# TESTCASE: test_sql_test_subquery_with_where TEST_ID: A3_G2_Q2
#-------------------------------------------------------------------------
SELECT *
FROM
  (SELECT server_ip,
          client_ip,
          timezone,
          cast(time_floor(__time, 'PT12H') AS char) t,
          first_value(timezone) OVER w FIRST,
                                       last_value(timezone) OVER w LAST,
                                                                   count(timezone) OVER w cnt
   FROM test_win
   WHERE client_ip IN ('107.13.54.103',
                       '99.9.55.22')
   GROUP BY server_ip,
            client_ip,
            timezone,
            time_floor(__time, 'PT12H') WINDOW w AS (PARTITION BY client_ip
                                                     ORDER BY server_ip ASC,
                                                              length(server_ip) ASC, cast(length(server_ip) AS DOUBLE)+0.123 ASC,
                                                                                     timezone,
                                                                                     time_floor(__time, 'PT12H')))
WHERE client_ip IN ('107.13.54.103',
                    '99.9.55.22');
+--------------+---------------+----------+---------------------+-------+------+-----+
| server_ip    | client_ip     | timezone | t                   | FIRST | LAST | cnt |
+--------------+---------------+----------+---------------------+-------+------+-----+
| 172.31.11.5  | 107.13.54.103 | EDT      | 2019-08-25 00:00:00 | EDT   | EDT  |   1 |
| 172.31.11.5  | 107.13.54.103 | EDT      | 2019-08-25 12:00:00 | EDT   | EDT  |   2 |
| 172.31.11.5  | 107.13.54.103 | N/A      | 2019-08-25 12:00:00 | EDT   | N/A  |   3 |
| 172.31.11.5  | 99.9.55.22    | N/A      | 2019-08-25 12:00:00 | N/A   | N/A  |   1 |
| 172.31.57.89 | 107.13.54.103 | EDT      | 2019-08-25 00:00:00 | EDT   | EDT  |   4 |
| 172.31.57.89 | 107.13.54.103 | EDT      | 2019-08-25 12:00:00 | EDT   | EDT  |   5 |
| 172.31.57.89 | 107.13.54.103 | N/A      | 2019-08-25 12:00:00 | EDT   | N/A  |   6 |
| 172.31.57.89 | 99.9.55.22    | N/A      | 2019-08-25 12:00:00 | N/A   | N/A  |   2 |
+--------------+---------------+----------+---------------------+-------+------+-----+
(8 rows)

!ok

#-------------------------------------------------------------------------
# TESTCASE: test_sql_test_subquery_with_where TEST_ID: A4_G1_Q1
#-------------------------------------------------------------------------
WITH t1 AS
  (SELECT server_ip,
          client_ip,
          timezone,
          cast(time_floor(__time, 'PT12H') AS char) t,
          first_value(timezone) OVER (PARTITION BY client_ip
                                      ORDER BY server_ip ASC, length(server_ip) ASC, cast(length(server_ip) AS DOUBLE)+0.123 ASC, timezone, time_floor(__time, 'PT12H')) FIRST,
                                                                                                                                                                         last_value(timezone) OVER (PARTITION BY client_ip
                                                                                                                                                                                                    ORDER BY server_ip ASC, length(server_ip) ASC, cast(length(server_ip) AS DOUBLE)+0.123 ASC, timezone, time_floor(__time, 'PT12H')) LAST,
                                                                                                                                                                                                                                                                                                                                       count(timezone) OVER (PARTITION BY client_ip
                                                                                                                                                                                                                                                                                                                                                             ORDER BY server_ip ASC, length(server_ip) ASC, cast(length(server_ip) AS DOUBLE)+0.123 ASC, timezone, time_floor(__time, 'PT12H')) cnt
   FROM
     (SELECT server_ip,
             client_ip,
             timezone,
             time_floor(__time, 'PT12H') __time
      FROM test_win
      GROUP BY server_ip,
               client_ip,
               timezone,
               time_floor(__time, 'PT12H'))
   WHERE client_ip IN ('107.13.54.103',
                       '99.9.55.22'))
SELECT *
FROM t1;
+--------------+---------------+----------+---------------------+-------+------+-----+
| server_ip    | client_ip     | timezone | t                   | FIRST | LAST | cnt |
+--------------+---------------+----------+---------------------+-------+------+-----+
| 172.31.11.5  | 107.13.54.103 | EDT      | 2019-08-25 00:00:00 | EDT   | EDT  |   1 |
| 172.31.11.5  | 107.13.54.103 | EDT      | 2019-08-25 12:00:00 | EDT   | EDT  |   2 |
| 172.31.11.5  | 107.13.54.103 | N/A      | 2019-08-25 12:00:00 | EDT   | N/A  |   3 |
| 172.31.11.5  | 99.9.55.22    | N/A      | 2019-08-25 12:00:00 | N/A   | N/A  |   1 |
| 172.31.57.89 | 107.13.54.103 | EDT      | 2019-08-25 00:00:00 | EDT   | EDT  |   4 |
| 172.31.57.89 | 107.13.54.103 | EDT      | 2019-08-25 12:00:00 | EDT   | EDT  |   5 |
| 172.31.57.89 | 107.13.54.103 | N/A      | 2019-08-25 12:00:00 | EDT   | N/A  |   6 |
| 172.31.57.89 | 99.9.55.22    | N/A      | 2019-08-25 12:00:00 | N/A   | N/A  |   2 |
+--------------+---------------+----------+---------------------+-------+------+-----+
(8 rows)

!ok

#-------------------------------------------------------------------------
# TESTCASE: test_sql_test_subquery_with_where TEST_ID: A4_G1_Q2
#-------------------------------------------------------------------------
WITH t1 AS
  (SELECT server_ip,
          client_ip,
          timezone,
          cast(time_floor(__time, 'PT12H') AS char) t,
          first_value(timezone) OVER w FIRST,
                                       last_value(timezone) OVER w LAST,
                                                                   count(timezone) OVER w cnt
   FROM
     (SELECT server_ip,
             client_ip,
             timezone,
             time_floor(__time, 'PT12H') __time
      FROM test_win
      GROUP BY server_ip,
               client_ip,
               timezone,
               time_floor(__time, 'PT12H'))
   WHERE client_ip IN ('107.13.54.103',
                       '99.9.55.22') WINDOW w AS (PARTITION BY client_ip
                                                  ORDER BY server_ip ASC,
                                                           length(server_ip) ASC, cast(length(server_ip) AS DOUBLE)+0.123 ASC,
                                                                                  timezone,
                                                                                  time_floor(__time, 'PT12H')))
SELECT *
FROM t1;
+--------------+---------------+----------+---------------------+-------+------+-----+
| server_ip    | client_ip     | timezone | t                   | FIRST | LAST | cnt |
+--------------+---------------+----------+---------------------+-------+------+-----+
| 172.31.11.5  | 107.13.54.103 | EDT      | 2019-08-25 00:00:00 | EDT   | EDT  |   1 |
| 172.31.11.5  | 107.13.54.103 | EDT      | 2019-08-25 12:00:00 | EDT   | EDT  |   2 |
| 172.31.11.5  | 107.13.54.103 | N/A      | 2019-08-25 12:00:00 | EDT   | N/A  |   3 |
| 172.31.11.5  | 99.9.55.22    | N/A      | 2019-08-25 12:00:00 | N/A   | N/A  |   1 |
| 172.31.57.89 | 107.13.54.103 | EDT      | 2019-08-25 00:00:00 | EDT   | EDT  |   4 |
| 172.31.57.89 | 107.13.54.103 | EDT      | 2019-08-25 12:00:00 | EDT   | EDT  |   5 |
| 172.31.57.89 | 107.13.54.103 | N/A      | 2019-08-25 12:00:00 | EDT   | N/A  |   6 |
| 172.31.57.89 | 99.9.55.22    | N/A      | 2019-08-25 12:00:00 | N/A   | N/A  |   2 |
+--------------+---------------+----------+---------------------+-------+------+-----+
(8 rows)

!ok

#-------------------------------------------------------------------------
# TESTCASE: test_sql_test_subquery_with_where TEST_ID: A4_G2_Q1
#-------------------------------------------------------------------------
WITH t1 AS
  (SELECT server_ip,
          client_ip,
          timezone,
          cast(time_floor(__time, 'PT12H') AS char) t,
          first_value(timezone) OVER (PARTITION BY client_ip
                                      ORDER BY server_ip ASC, length(server_ip) ASC, cast(length(server_ip) AS DOUBLE)+0.123 ASC, timezone, time_floor(__time, 'PT12H')) FIRST,
                                                                                                                                                                         last_value(timezone) OVER (PARTITION BY client_ip
                                                                                                                                                                                                    ORDER BY server_ip ASC, length(server_ip) ASC, cast(length(server_ip) AS DOUBLE)+0.123 ASC, timezone, time_floor(__time, 'PT12H')) LAST,
                                                                                                                                                                                                                                                                                                                                       count(timezone) OVER (PARTITION BY client_ip
                                                                                                                                                                                                                                                                                                                                                             ORDER BY server_ip ASC, length(server_ip) ASC, cast(length(server_ip) AS DOUBLE)+0.123 ASC, timezone, time_floor(__time, 'PT12H')) cnt
   FROM test_win
   WHERE client_ip IN ('107.13.54.103',
                       '99.9.55.22')
   GROUP BY server_ip,
            client_ip,
            timezone,
            time_floor(__time, 'PT12H'))
SELECT *
FROM t1;
+--------------+---------------+----------+---------------------+-------+------+-----+
| server_ip    | client_ip     | timezone | t                   | FIRST | LAST | cnt |
+--------------+---------------+----------+---------------------+-------+------+-----+
| 172.31.11.5  | 107.13.54.103 | EDT      | 2019-08-25 00:00:00 | EDT   | EDT  |   1 |
| 172.31.11.5  | 107.13.54.103 | EDT      | 2019-08-25 12:00:00 | EDT   | EDT  |   2 |
| 172.31.11.5  | 107.13.54.103 | N/A      | 2019-08-25 12:00:00 | EDT   | N/A  |   3 |
| 172.31.11.5  | 99.9.55.22    | N/A      | 2019-08-25 12:00:00 | N/A   | N/A  |   1 |
| 172.31.57.89 | 107.13.54.103 | EDT      | 2019-08-25 00:00:00 | EDT   | EDT  |   4 |
| 172.31.57.89 | 107.13.54.103 | EDT      | 2019-08-25 12:00:00 | EDT   | EDT  |   5 |
| 172.31.57.89 | 107.13.54.103 | N/A      | 2019-08-25 12:00:00 | EDT   | N/A  |   6 |
| 172.31.57.89 | 99.9.55.22    | N/A      | 2019-08-25 12:00:00 | N/A   | N/A  |   2 |
+--------------+---------------+----------+---------------------+-------+------+-----+
(8 rows)

!ok

#-------------------------------------------------------------------------
# TESTCASE: test_sql_test_subquery_with_where TEST_ID: A4_G2_Q2
#-------------------------------------------------------------------------
WITH t1 AS
  (SELECT server_ip,
          client_ip,
          timezone,
          cast(time_floor(__time, 'PT12H') AS char) t,
          first_value(timezone) OVER w FIRST,
                                       last_value(timezone) OVER w LAST,
                                                                   count(timezone) OVER w cnt
   FROM test_win
   WHERE client_ip IN ('107.13.54.103',
                       '99.9.55.22')
   GROUP BY server_ip,
            client_ip,
            timezone,
            time_floor(__time, 'PT12H') WINDOW w AS (PARTITION BY client_ip
                                                     ORDER BY server_ip ASC,
                                                              length(server_ip) ASC, cast(length(server_ip) AS DOUBLE)+0.123 ASC,
                                                                                     timezone,
                                                                                     time_floor(__time, 'PT12H')))
SELECT *
FROM t1;
+--------------+---------------+----------+---------------------+-------+------+-----+
| server_ip    | client_ip     | timezone | t                   | FIRST | LAST | cnt |
+--------------+---------------+----------+---------------------+-------+------+-----+
| 172.31.11.5  | 107.13.54.103 | EDT      | 2019-08-25 00:00:00 | EDT   | EDT  |   1 |
| 172.31.11.5  | 107.13.54.103 | EDT      | 2019-08-25 12:00:00 | EDT   | EDT  |   2 |
| 172.31.11.5  | 107.13.54.103 | N/A      | 2019-08-25 12:00:00 | EDT   | N/A  |   3 |
| 172.31.11.5  | 99.9.55.22    | N/A      | 2019-08-25 12:00:00 | N/A   | N/A  |   1 |
| 172.31.57.89 | 107.13.54.103 | EDT      | 2019-08-25 00:00:00 | EDT   | EDT  |   4 |
| 172.31.57.89 | 107.13.54.103 | EDT      | 2019-08-25 12:00:00 | EDT   | EDT  |   5 |
| 172.31.57.89 | 107.13.54.103 | N/A      | 2019-08-25 12:00:00 | EDT   | N/A  |   6 |
| 172.31.57.89 | 99.9.55.22    | N/A      | 2019-08-25 12:00:00 | N/A   | N/A  |   2 |
+--------------+---------------+----------+---------------------+-------+------+-----+
(8 rows)

!ok

#-------------------------------------------------------------------------
# TESTCASE: test_sql_test_subquery_with_where TEST_ID: A5_G1_Q1
#-------------------------------------------------------------------------
WITH t1 AS
  (SELECT server_ip,
          client_ip,
          timezone,
          cast(time_floor(__time, 'PT12H') AS char) t,
          first_value(timezone) OVER (PARTITION BY client_ip
                                      ORDER BY server_ip ASC, length(server_ip) ASC, cast(length(server_ip) AS DOUBLE)+0.123 ASC, timezone, time_floor(__time, 'PT12H')) FIRST,
                                                                                                                                                                         last_value(timezone) OVER (PARTITION BY client_ip
                                                                                                                                                                                                    ORDER BY server_ip ASC, length(server_ip) ASC, cast(length(server_ip) AS DOUBLE)+0.123 ASC, timezone, time_floor(__time, 'PT12H')) LAST,
                                                                                                                                                                                                                                                                                                                                       count(timezone) OVER (PARTITION BY client_ip
                                                                                                                                                                                                                                                                                                                                                             ORDER BY server_ip ASC, length(server_ip) ASC, cast(length(server_ip) AS DOUBLE)+0.123 ASC, timezone, time_floor(__time, 'PT12H')) cnt
   FROM
     (SELECT server_ip,
             client_ip,
             timezone,
             time_floor(__time, 'PT12H') __time
      FROM test_win
      GROUP BY server_ip,
               client_ip,
               timezone,
               time_floor(__time, 'PT12H'))
   WHERE client_ip IN ('107.13.54.103',
                       '99.9.55.22'))
SELECT *
FROM t1
WHERE client_ip IN ('107.13.54.103',
                    '99.9.55.22');
+--------------+---------------+----------+---------------------+-------+------+-----+
| server_ip    | client_ip     | timezone | t                   | FIRST | LAST | cnt |
+--------------+---------------+----------+---------------------+-------+------+-----+
| 172.31.11.5  | 107.13.54.103 | EDT      | 2019-08-25 00:00:00 | EDT   | EDT  |   1 |
| 172.31.11.5  | 107.13.54.103 | EDT      | 2019-08-25 12:00:00 | EDT   | EDT  |   2 |
| 172.31.11.5  | 107.13.54.103 | N/A      | 2019-08-25 12:00:00 | EDT   | N/A  |   3 |
| 172.31.11.5  | 99.9.55.22    | N/A      | 2019-08-25 12:00:00 | N/A   | N/A  |   1 |
| 172.31.57.89 | 107.13.54.103 | EDT      | 2019-08-25 00:00:00 | EDT   | EDT  |   4 |
| 172.31.57.89 | 107.13.54.103 | EDT      | 2019-08-25 12:00:00 | EDT   | EDT  |   5 |
| 172.31.57.89 | 107.13.54.103 | N/A      | 2019-08-25 12:00:00 | EDT   | N/A  |   6 |
| 172.31.57.89 | 99.9.55.22    | N/A      | 2019-08-25 12:00:00 | N/A   | N/A  |   2 |
+--------------+---------------+----------+---------------------+-------+------+-----+
(8 rows)

!ok

#-------------------------------------------------------------------------
# TESTCASE: test_sql_test_subquery_with_where TEST_ID: A5_G1_Q2
#-------------------------------------------------------------------------
WITH t1 AS
  (SELECT server_ip,
          client_ip,
          timezone,
          cast(time_floor(__time, 'PT12H') AS char) t,
          first_value(timezone) OVER w FIRST,
                                       last_value(timezone) OVER w LAST,
                                                                   count(timezone) OVER w cnt
   FROM
     (SELECT server_ip,
             client_ip,
             timezone,
             time_floor(__time, 'PT12H') __time
      FROM test_win
      GROUP BY server_ip,
               client_ip,
               timezone,
               time_floor(__time, 'PT12H'))
   WHERE client_ip IN ('107.13.54.103',
                       '99.9.55.22') WINDOW w AS (PARTITION BY client_ip
                                                  ORDER BY server_ip ASC,
                                                           length(server_ip) ASC, cast(length(server_ip) AS DOUBLE)+0.123 ASC,
                                                                                  timezone,
                                                                                  time_floor(__time, 'PT12H')))
SELECT *
FROM t1
WHERE client_ip IN ('107.13.54.103',
                    '99.9.55.22');
+--------------+---------------+----------+---------------------+-------+------+-----+
| server_ip    | client_ip     | timezone | t                   | FIRST | LAST | cnt |
+--------------+---------------+----------+---------------------+-------+------+-----+
| 172.31.11.5  | 107.13.54.103 | EDT      | 2019-08-25 00:00:00 | EDT   | EDT  |   1 |
| 172.31.11.5  | 107.13.54.103 | EDT      | 2019-08-25 12:00:00 | EDT   | EDT  |   2 |
| 172.31.11.5  | 107.13.54.103 | N/A      | 2019-08-25 12:00:00 | EDT   | N/A  |   3 |
| 172.31.11.5  | 99.9.55.22    | N/A      | 2019-08-25 12:00:00 | N/A   | N/A  |   1 |
| 172.31.57.89 | 107.13.54.103 | EDT      | 2019-08-25 00:00:00 | EDT   | EDT  |   4 |
| 172.31.57.89 | 107.13.54.103 | EDT      | 2019-08-25 12:00:00 | EDT   | EDT  |   5 |
| 172.31.57.89 | 107.13.54.103 | N/A      | 2019-08-25 12:00:00 | EDT   | N/A  |   6 |
| 172.31.57.89 | 99.9.55.22    | N/A      | 2019-08-25 12:00:00 | N/A   | N/A  |   2 |
+--------------+---------------+----------+---------------------+-------+------+-----+
(8 rows)

!ok

#-------------------------------------------------------------------------
# TESTCASE: test_sql_test_subquery_with_where TEST_ID: A5_G2_Q1
#-------------------------------------------------------------------------
WITH t1 AS
  (SELECT server_ip,
          client_ip,
          timezone,
          cast(time_floor(__time, 'PT12H') AS char) t,
          first_value(timezone) OVER (PARTITION BY client_ip
                                      ORDER BY server_ip ASC, length(server_ip) ASC, cast(length(server_ip) AS DOUBLE)+0.123 ASC, timezone, time_floor(__time, 'PT12H')) FIRST,
                                                                                                                                                                         last_value(timezone) OVER (PARTITION BY client_ip
                                                                                                                                                                                                    ORDER BY server_ip ASC, length(server_ip) ASC, cast(length(server_ip) AS DOUBLE)+0.123 ASC, timezone, time_floor(__time, 'PT12H')) LAST,
                                                                                                                                                                                                                                                                                                                                       count(timezone) OVER (PARTITION BY client_ip
                                                                                                                                                                                                                                                                                                                                                             ORDER BY server_ip ASC, length(server_ip) ASC, cast(length(server_ip) AS DOUBLE)+0.123 ASC, timezone, time_floor(__time, 'PT12H')) cnt
   FROM test_win
   WHERE client_ip IN ('107.13.54.103',
                       '99.9.55.22')
   GROUP BY server_ip,
            client_ip,
            timezone,
            time_floor(__time, 'PT12H'))
SELECT *
FROM t1
WHERE client_ip IN ('107.13.54.103',
                    '99.9.55.22');
+--------------+---------------+----------+---------------------+-------+------+-----+
| server_ip    | client_ip     | timezone | t                   | FIRST | LAST | cnt |
+--------------+---------------+----------+---------------------+-------+------+-----+
| 172.31.11.5  | 107.13.54.103 | EDT      | 2019-08-25 00:00:00 | EDT   | EDT  |   1 |
| 172.31.11.5  | 107.13.54.103 | EDT      | 2019-08-25 12:00:00 | EDT   | EDT  |   2 |
| 172.31.11.5  | 107.13.54.103 | N/A      | 2019-08-25 12:00:00 | EDT   | N/A  |   3 |
| 172.31.11.5  | 99.9.55.22    | N/A      | 2019-08-25 12:00:00 | N/A   | N/A  |   1 |
| 172.31.57.89 | 107.13.54.103 | EDT      | 2019-08-25 00:00:00 | EDT   | EDT  |   4 |
| 172.31.57.89 | 107.13.54.103 | EDT      | 2019-08-25 12:00:00 | EDT   | EDT  |   5 |
| 172.31.57.89 | 107.13.54.103 | N/A      | 2019-08-25 12:00:00 | EDT   | N/A  |   6 |
| 172.31.57.89 | 99.9.55.22    | N/A      | 2019-08-25 12:00:00 | N/A   | N/A  |   2 |
+--------------+---------------+----------+---------------------+-------+------+-----+
(8 rows)

!ok

#-------------------------------------------------------------------------
# TESTCASE: test_sql_test_subquery_with_where TEST_ID: A5_G2_Q2
#-------------------------------------------------------------------------
WITH t1 AS
  (SELECT server_ip,
          client_ip,
          timezone,
          cast(time_floor(__time, 'PT12H') AS char) t,
          first_value(timezone) OVER w FIRST,
                                       last_value(timezone) OVER w LAST,
                                                                   count(timezone) OVER w cnt
   FROM test_win
   WHERE client_ip IN ('107.13.54.103',
                       '99.9.55.22')
   GROUP BY server_ip,
            client_ip,
            timezone,
            time_floor(__time, 'PT12H') WINDOW w AS (PARTITION BY client_ip
                                                     ORDER BY server_ip ASC,
                                                              length(server_ip) ASC, cast(length(server_ip) AS DOUBLE)+0.123 ASC,
                                                                                     timezone,
                                                                                     time_floor(__time, 'PT12H')))
SELECT *
FROM t1
WHERE client_ip IN ('107.13.54.103',
                    '99.9.55.22');
+--------------+---------------+----------+---------------------+-------+------+-----+
| server_ip    | client_ip     | timezone | t                   | FIRST | LAST | cnt |
+--------------+---------------+----------+---------------------+-------+------+-----+
| 172.31.11.5  | 107.13.54.103 | EDT      | 2019-08-25 00:00:00 | EDT   | EDT  |   1 |
| 172.31.11.5  | 107.13.54.103 | EDT      | 2019-08-25 12:00:00 | EDT   | EDT  |   2 |
| 172.31.11.5  | 107.13.54.103 | N/A      | 2019-08-25 12:00:00 | EDT   | N/A  |   3 |
| 172.31.11.5  | 99.9.55.22    | N/A      | 2019-08-25 12:00:00 | N/A   | N/A  |   1 |
| 172.31.57.89 | 107.13.54.103 | EDT      | 2019-08-25 00:00:00 | EDT   | EDT  |   4 |
| 172.31.57.89 | 107.13.54.103 | EDT      | 2019-08-25 12:00:00 | EDT   | EDT  |   5 |
| 172.31.57.89 | 107.13.54.103 | N/A      | 2019-08-25 12:00:00 | EDT   | N/A  |   6 |
| 172.31.57.89 | 99.9.55.22    | N/A      | 2019-08-25 12:00:00 | N/A   | N/A  |   2 |
+--------------+---------------+----------+---------------------+-------+------+-----+
(8 rows)

!ok

