!set dartQueryId 00000000-0000-0000-0000-000000000000
!set useApproximateCountDistinct false
!use druidtest://?componentSupplier=StandardAndMSQComponentSupplier&datasets=sql/src/test/quidem/qatests/qaWin
!set outputformat mysql
#-------------------------------------------------------------------------
# TESTCASE: test_sql_test_limit_offset TEST_ID: SEL_DATASOURCE
#-------------------------------------------------------------------------
SELECT count(*) cnt
FROM test_win
WHERE client_ip IN ('107.13.54.103',
                    '99.9.55.22');
+-----+
| cnt |
+-----+
| 768 |
+-----+
(1 row)

!ok

#-------------------------------------------------------------------------
# TESTCASE: test_sql_test_limit_offset TEST_ID: A1_G1_Q1
#-------------------------------------------------------------------------
SELECT count(*) cnt
FROM
  (SELECT server_ip,
          client_ip,
          timezone,
          cast(time_floor(__time, 'PT12H') AS char) t,
          first_value(timezone) OVER (PARTITION BY client_ip
                                      ORDER BY server_ip ASC, length(server_ip) ASC, cast(length(server_ip) AS DOUBLE)+0.123 ASC, timezone, time_floor(__time, 'PT12H')) FIRST,
                                                                                                                                                                         last_value(timezone) OVER (PARTITION BY client_ip
                                                                                                                                                                                                    ORDER BY server_ip ASC, length(server_ip) ASC, cast(length(server_ip) AS DOUBLE)+0.123 ASC, timezone, time_floor(__time, 'PT12H')) LAST,
                                                                                                                                                                                                                                                                                                                                       count(timezone) OVER (PARTITION BY client_ip
                                                                                                                                                                                                                                                                                                                                                             ORDER BY server_ip ASC, length(server_ip) ASC, cast(length(server_ip) AS DOUBLE)+0.123 ASC, timezone, time_floor(__time, 'PT12H')) cnt
   FROM
     (SELECT server_ip,
             client_ip,
             timezone,
             time_floor(__time, 'PT12H') __time
      FROM test_win
      GROUP BY server_ip,
               client_ip,
               timezone,
               time_floor(__time, 'PT12H'))
   WHERE client_ip IN ('107.13.54.103',
                       '99.9.55.22')
   LIMIT 5);
+-----+
| cnt |
+-----+
|   5 |
+-----+
(1 row)

!ok

#-------------------------------------------------------------------------
# TESTCASE: test_sql_test_limit_offset TEST_ID: A1_G1_Q2
#-------------------------------------------------------------------------
SELECT count(*) cnt
FROM
  (SELECT server_ip,
          client_ip,
          timezone,
          cast(time_floor(__time, 'PT12H') AS char) t,
          first_value(timezone) OVER w FIRST,
                                       last_value(timezone) OVER w LAST,
                                                                   count(timezone) OVER w cnt
   FROM
     (SELECT server_ip,
             client_ip,
             timezone,
             time_floor(__time, 'PT12H') __time
      FROM test_win
      GROUP BY server_ip,
               client_ip,
               timezone,
               time_floor(__time, 'PT12H'))
   WHERE client_ip IN ('107.13.54.103',
                       '99.9.55.22') WINDOW w AS (PARTITION BY client_ip
                                                  ORDER BY server_ip ASC,
                                                           length(server_ip) ASC, cast(length(server_ip) AS DOUBLE)+0.123 ASC,
                                                                                  timezone,
                                                                                  time_floor(__time, 'PT12H'))
   LIMIT 5);
+-----+
| cnt |
+-----+
|   5 |
+-----+
(1 row)

!ok

#-------------------------------------------------------------------------
# TESTCASE: test_sql_test_limit_offset TEST_ID: A1_G2_Q1
#-------------------------------------------------------------------------
SELECT count(*) cnt
FROM
  (SELECT server_ip,
          client_ip,
          timezone,
          cast(time_floor(__time, 'PT12H') AS char) t,
          first_value(timezone) OVER (PARTITION BY client_ip
                                      ORDER BY server_ip ASC, length(server_ip) ASC, cast(length(server_ip) AS DOUBLE)+0.123 ASC, timezone, time_floor(__time, 'PT12H')) FIRST,
                                                                                                                                                                         last_value(timezone) OVER (PARTITION BY client_ip
                                                                                                                                                                                                    ORDER BY server_ip ASC, length(server_ip) ASC, cast(length(server_ip) AS DOUBLE)+0.123 ASC, timezone, time_floor(__time, 'PT12H')) LAST,
                                                                                                                                                                                                                                                                                                                                       count(timezone) OVER (PARTITION BY client_ip
                                                                                                                                                                                                                                                                                                                                                             ORDER BY server_ip ASC, length(server_ip) ASC, cast(length(server_ip) AS DOUBLE)+0.123 ASC, timezone, time_floor(__time, 'PT12H')) cnt
   FROM test_win
   WHERE client_ip IN ('107.13.54.103',
                       '99.9.55.22')
   GROUP BY server_ip,
            client_ip,
            timezone,
            time_floor(__time, 'PT12H')
   LIMIT 5);
+-----+
| cnt |
+-----+
|   5 |
+-----+
(1 row)

!ok

#-------------------------------------------------------------------------
# TESTCASE: test_sql_test_limit_offset TEST_ID: A1_G2_Q2
#-------------------------------------------------------------------------
SELECT count(*) cnt
FROM
  (SELECT server_ip,
          client_ip,
          timezone,
          cast(time_floor(__time, 'PT12H') AS char) t,
          first_value(timezone) OVER w FIRST,
                                       last_value(timezone) OVER w LAST,
                                                                   count(timezone) OVER w cnt
   FROM test_win
   WHERE client_ip IN ('107.13.54.103',
                       '99.9.55.22')
   GROUP BY server_ip,
            client_ip,
            timezone,
            time_floor(__time, 'PT12H') WINDOW w AS (PARTITION BY client_ip
                                                     ORDER BY server_ip ASC,
                                                              length(server_ip) ASC, cast(length(server_ip) AS DOUBLE)+0.123 ASC,
                                                                                     timezone,
                                                                                     time_floor(__time, 'PT12H'))
   LIMIT 5);
+-----+
| cnt |
+-----+
|   5 |
+-----+
(1 row)

!ok

#-------------------------------------------------------------------------
# TESTCASE: test_sql_test_limit_offset TEST_ID: A2_G1_Q1
#-------------------------------------------------------------------------
SELECT count(*) cnt
FROM
  (SELECT server_ip,
          client_ip,
          timezone,
          cast(time_floor(__time, 'PT12H') AS char) t,
          first_value(timezone) OVER (PARTITION BY client_ip
                                      ORDER BY server_ip ASC, length(server_ip) ASC, cast(length(server_ip) AS DOUBLE)+0.123 ASC, timezone, time_floor(__time, 'PT12H')) FIRST,
                                                                                                                                                                         last_value(timezone) OVER (PARTITION BY client_ip
                                                                                                                                                                                                    ORDER BY server_ip ASC, length(server_ip) ASC, cast(length(server_ip) AS DOUBLE)+0.123 ASC, timezone, time_floor(__time, 'PT12H')) LAST,
                                                                                                                                                                                                                                                                                                                                       count(timezone) OVER (PARTITION BY client_ip
                                                                                                                                                                                                                                                                                                                                                             ORDER BY server_ip ASC, length(server_ip) ASC, cast(length(server_ip) AS DOUBLE)+0.123 ASC, timezone, time_floor(__time, 'PT12H')) cnt
   FROM
     (SELECT server_ip,
             client_ip,
             timezone,
             time_floor(__time, 'PT12H') __time
      FROM test_win
      GROUP BY server_ip,
               client_ip,
               timezone,
               time_floor(__time, 'PT12H'))
   WHERE client_ip IN ('107.13.54.103',
                       '99.9.55.22')
     OFFSET 5);
+-----+
| cnt |
+-----+
|   3 |
+-----+
(1 row)

!ok

#-------------------------------------------------------------------------
# TESTCASE: test_sql_test_limit_offset TEST_ID: A2_G1_Q2
#-------------------------------------------------------------------------
SELECT count(*) cnt
FROM
  (SELECT server_ip,
          client_ip,
          timezone,
          cast(time_floor(__time, 'PT12H') AS char) t,
          first_value(timezone) OVER w FIRST,
                                       last_value(timezone) OVER w LAST,
                                                                   count(timezone) OVER w cnt
   FROM
     (SELECT server_ip,
             client_ip,
             timezone,
             time_floor(__time, 'PT12H') __time
      FROM test_win
      GROUP BY server_ip,
               client_ip,
               timezone,
               time_floor(__time, 'PT12H'))
   WHERE client_ip IN ('107.13.54.103',
                       '99.9.55.22') WINDOW w AS (PARTITION BY client_ip
                                                  ORDER BY server_ip ASC,
                                                           length(server_ip) ASC, cast(length(server_ip) AS DOUBLE)+0.123 ASC,
                                                                                  timezone,
                                                                                  time_floor(__time, 'PT12H'))
     OFFSET 5);
+-----+
| cnt |
+-----+
|   3 |
+-----+
(1 row)

!ok

#-------------------------------------------------------------------------
# TESTCASE: test_sql_test_limit_offset TEST_ID: A2_G2_Q1
#-------------------------------------------------------------------------
SELECT count(*) cnt
FROM
  (SELECT server_ip,
          client_ip,
          timezone,
          cast(time_floor(__time, 'PT12H') AS char) t,
          first_value(timezone) OVER (PARTITION BY client_ip
                                      ORDER BY server_ip ASC, length(server_ip) ASC, cast(length(server_ip) AS DOUBLE)+0.123 ASC, timezone, time_floor(__time, 'PT12H')) FIRST,
                                                                                                                                                                         last_value(timezone) OVER (PARTITION BY client_ip
                                                                                                                                                                                                    ORDER BY server_ip ASC, length(server_ip) ASC, cast(length(server_ip) AS DOUBLE)+0.123 ASC, timezone, time_floor(__time, 'PT12H')) LAST,
                                                                                                                                                                                                                                                                                                                                       count(timezone) OVER (PARTITION BY client_ip
                                                                                                                                                                                                                                                                                                                                                             ORDER BY server_ip ASC, length(server_ip) ASC, cast(length(server_ip) AS DOUBLE)+0.123 ASC, timezone, time_floor(__time, 'PT12H')) cnt
   FROM test_win
   WHERE client_ip IN ('107.13.54.103',
                       '99.9.55.22')
   GROUP BY server_ip,
            client_ip,
            timezone,
            time_floor(__time, 'PT12H')
   OFFSET 5);
+-----+
| cnt |
+-----+
|   3 |
+-----+
(1 row)

!ok

#-------------------------------------------------------------------------
# TESTCASE: test_sql_test_limit_offset TEST_ID: A2_G2_Q2
#-------------------------------------------------------------------------
SELECT count(*) cnt
FROM
  (SELECT server_ip,
          client_ip,
          timezone,
          cast(time_floor(__time, 'PT12H') AS char) t,
          first_value(timezone) OVER w FIRST,
                                       last_value(timezone) OVER w LAST,
                                                                   count(timezone) OVER w cnt
   FROM test_win
   WHERE client_ip IN ('107.13.54.103',
                       '99.9.55.22')
   GROUP BY server_ip,
            client_ip,
            timezone,
            time_floor(__time, 'PT12H') WINDOW w AS (PARTITION BY client_ip
                                                     ORDER BY server_ip ASC,
                                                              length(server_ip) ASC, cast(length(server_ip) AS DOUBLE)+0.123 ASC,
                                                                                     timezone,
                                                                                     time_floor(__time, 'PT12H'))
   OFFSET 5);
+-----+
| cnt |
+-----+
|   3 |
+-----+
(1 row)

!ok

#-------------------------------------------------------------------------
# TESTCASE: test_sql_test_limit_offset TEST_ID: A3_G1_Q1
#-------------------------------------------------------------------------
SELECT count(*) cnt
FROM
  (SELECT server_ip,
          client_ip,
          timezone,
          cast(time_floor(__time, 'PT12H') AS char) t,
          first_value(timezone) OVER (PARTITION BY client_ip
                                      ORDER BY server_ip ASC, length(server_ip) ASC, cast(length(server_ip) AS DOUBLE)+0.123 ASC, timezone, time_floor(__time, 'PT12H')) FIRST,
                                                                                                                                                                         last_value(timezone) OVER (PARTITION BY client_ip
                                                                                                                                                                                                    ORDER BY server_ip ASC, length(server_ip) ASC, cast(length(server_ip) AS DOUBLE)+0.123 ASC, timezone, time_floor(__time, 'PT12H')) LAST,
                                                                                                                                                                                                                                                                                                                                       count(timezone) OVER (PARTITION BY client_ip
                                                                                                                                                                                                                                                                                                                                                             ORDER BY server_ip ASC, length(server_ip) ASC, cast(length(server_ip) AS DOUBLE)+0.123 ASC, timezone, time_floor(__time, 'PT12H')) cnt
   FROM
     (SELECT server_ip,
             client_ip,
             timezone,
             time_floor(__time, 'PT12H') __time
      FROM test_win
      GROUP BY server_ip,
               client_ip,
               timezone,
               time_floor(__time, 'PT12H'))
   WHERE client_ip IN ('107.13.54.103',
                       '99.9.55.22')
   LIMIT 5
   OFFSET 5);
+-----+
| cnt |
+-----+
|   3 |
+-----+
(1 row)

!ok

#-------------------------------------------------------------------------
# TESTCASE: test_sql_test_limit_offset TEST_ID: A3_G1_Q2
#-------------------------------------------------------------------------
SELECT count(*) cnt
FROM
  (SELECT server_ip,
          client_ip,
          timezone,
          cast(time_floor(__time, 'PT12H') AS char) t,
          first_value(timezone) OVER w FIRST,
                                       last_value(timezone) OVER w LAST,
                                                                   count(timezone) OVER w cnt
   FROM
     (SELECT server_ip,
             client_ip,
             timezone,
             time_floor(__time, 'PT12H') __time
      FROM test_win
      GROUP BY server_ip,
               client_ip,
               timezone,
               time_floor(__time, 'PT12H'))
   WHERE client_ip IN ('107.13.54.103',
                       '99.9.55.22') WINDOW w AS (PARTITION BY client_ip
                                                  ORDER BY server_ip ASC,
                                                           length(server_ip) ASC, cast(length(server_ip) AS DOUBLE)+0.123 ASC,
                                                                                  timezone,
                                                                                  time_floor(__time, 'PT12H'))
   LIMIT 5
   OFFSET 5);
+-----+
| cnt |
+-----+
|   3 |
+-----+
(1 row)

!ok

#-------------------------------------------------------------------------
# TESTCASE: test_sql_test_limit_offset TEST_ID: A3_G2_Q1
#-------------------------------------------------------------------------
SELECT count(*) cnt
FROM
  (SELECT server_ip,
          client_ip,
          timezone,
          cast(time_floor(__time, 'PT12H') AS char) t,
          first_value(timezone) OVER (PARTITION BY client_ip
                                      ORDER BY server_ip ASC, length(server_ip) ASC, cast(length(server_ip) AS DOUBLE)+0.123 ASC, timezone, time_floor(__time, 'PT12H')) FIRST,
                                                                                                                                                                         last_value(timezone) OVER (PARTITION BY client_ip
                                                                                                                                                                                                    ORDER BY server_ip ASC, length(server_ip) ASC, cast(length(server_ip) AS DOUBLE)+0.123 ASC, timezone, time_floor(__time, 'PT12H')) LAST,
                                                                                                                                                                                                                                                                                                                                       count(timezone) OVER (PARTITION BY client_ip
                                                                                                                                                                                                                                                                                                                                                             ORDER BY server_ip ASC, length(server_ip) ASC, cast(length(server_ip) AS DOUBLE)+0.123 ASC, timezone, time_floor(__time, 'PT12H')) cnt
   FROM test_win
   WHERE client_ip IN ('107.13.54.103',
                       '99.9.55.22')
   GROUP BY server_ip,
            client_ip,
            timezone,
            time_floor(__time, 'PT12H')
   LIMIT 5
   OFFSET 5);
+-----+
| cnt |
+-----+
|   3 |
+-----+
(1 row)

!ok

#-------------------------------------------------------------------------
# TESTCASE: test_sql_test_limit_offset TEST_ID: A3_G2_Q2
#-------------------------------------------------------------------------
SELECT count(*) cnt
FROM
  (SELECT server_ip,
          client_ip,
          timezone,
          cast(time_floor(__time, 'PT12H') AS char) t,
          first_value(timezone) OVER w FIRST,
                                       last_value(timezone) OVER w LAST,
                                                                   count(timezone) OVER w cnt
   FROM test_win
   WHERE client_ip IN ('107.13.54.103',
                       '99.9.55.22')
   GROUP BY server_ip,
            client_ip,
            timezone,
            time_floor(__time, 'PT12H') WINDOW w AS (PARTITION BY client_ip
                                                     ORDER BY server_ip ASC,
                                                              length(server_ip) ASC, cast(length(server_ip) AS DOUBLE)+0.123 ASC,
                                                                                     timezone,
                                                                                     time_floor(__time, 'PT12H'))
   LIMIT 5
   OFFSET 5);
+-----+
| cnt |
+-----+
|   3 |
+-----+
(1 row)

!ok

