!set dartQueryId 00000000-0000-0000-0000-000000000000
!set useApproximateCountDistinct false
!use druidtest://?componentSupplier=StandardAndMSQComponentSupplier&datasets=sql/src/test/quidem/qatests/qaWin
!set outputformat mysql
#-------------------------------------------------------------------------
# TESTCASE: test_sql_test_order_by TEST_ID: SEL_DATASOURCE
#-------------------------------------------------------------------------
SELECT count(*) cnt
FROM test_win
WHERE client_ip IN ('107.13.54.103',
                    '99.9.55.22');
+-----+
| cnt |
+-----+
| 768 |
+-----+
(1 row)

!ok

#-------------------------------------------------------------------------
# TESTCASE: test_sql_test_order_by TEST_ID: A1_Q1
#-------------------------------------------------------------------------
SELECT server_ip,
       client_ip,
       timezone,
       cast(time_floor(__time, 'PT12H') AS char) t,
       first_value(timezone) OVER (PARTITION BY client_ip
                                   ORDER BY server_ip ASC, length(server_ip) ASC, cast(length(server_ip) AS DOUBLE)+0.123 ASC, timezone, time_floor(__time, 'PT12H')) FIRST,
                                                                                                                                                                      last_value(timezone) OVER (PARTITION BY client_ip
                                                                                                                                                                                                 ORDER BY server_ip ASC, length(server_ip) ASC, cast(length(server_ip) AS DOUBLE)+0.123 ASC, timezone, time_floor(__time, 'PT12H')) LAST,
                                                                                                                                                                                                                                                                                                                                    count(timezone) OVER (PARTITION BY client_ip
                                                                                                                                                                                                                                                                                                                                                          ORDER BY server_ip ASC, length(server_ip) ASC, cast(length(server_ip) AS DOUBLE)+0.123 ASC, timezone, time_floor(__time, 'PT12H')) cnt
FROM test_win
WHERE client_ip IN ('107.13.54.103',
                    '99.9.55.22')
GROUP BY server_ip,
         client_ip,
         timezone,
         time_floor(__time, 'PT12H')
ORDER BY server_ip ASC;
+--------------+---------------+----------+---------------------+-------+------+-----+
| server_ip    | client_ip     | timezone | t                   | FIRST | LAST | cnt |
+--------------+---------------+----------+---------------------+-------+------+-----+
| 172.31.11.5  | 107.13.54.103 | EDT      | 2019-08-25 00:00:00 | EDT   | EDT  |   1 |
| 172.31.11.5  | 107.13.54.103 | EDT      | 2019-08-25 12:00:00 | EDT   | EDT  |   2 |
| 172.31.11.5  | 107.13.54.103 | N/A      | 2019-08-25 12:00:00 | EDT   | N/A  |   3 |
| 172.31.11.5  | 99.9.55.22    | N/A      | 2019-08-25 12:00:00 | N/A   | N/A  |   1 |
| 172.31.57.89 | 107.13.54.103 | EDT      | 2019-08-25 00:00:00 | EDT   | EDT  |   4 |
| 172.31.57.89 | 107.13.54.103 | EDT      | 2019-08-25 12:00:00 | EDT   | EDT  |   5 |
| 172.31.57.89 | 107.13.54.103 | N/A      | 2019-08-25 12:00:00 | EDT   | N/A  |   6 |
| 172.31.57.89 | 99.9.55.22    | N/A      | 2019-08-25 12:00:00 | N/A   | N/A  |   2 |
+--------------+---------------+----------+---------------------+-------+------+-----+
(8 rows)

!ok

#-------------------------------------------------------------------------
# TESTCASE: test_sql_test_order_by TEST_ID: A1_Q2
#-------------------------------------------------------------------------
SELECT server_ip,
       client_ip,
       timezone,
       cast(time_floor(__time, 'PT12H') AS char) t,
       first_value(timezone) OVER w FIRST,
                                    last_value(timezone) OVER w LAST,
                                                                count(timezone) OVER w cnt
FROM test_win
WHERE client_ip IN ('107.13.54.103',
                    '99.9.55.22')
GROUP BY server_ip,
         client_ip,
         timezone,
         time_floor(__time, 'PT12H') WINDOW w AS (PARTITION BY client_ip
                                                  ORDER BY server_ip ASC,
                                                           length(server_ip) ASC, cast(length(server_ip) AS DOUBLE)+0.123 ASC,
                                                                                  timezone,
                                                                                  time_floor(__time, 'PT12H'))
ORDER BY server_ip ASC;
+--------------+---------------+----------+---------------------+-------+------+-----+
| server_ip    | client_ip     | timezone | t                   | FIRST | LAST | cnt |
+--------------+---------------+----------+---------------------+-------+------+-----+
| 172.31.11.5  | 107.13.54.103 | EDT      | 2019-08-25 00:00:00 | EDT   | EDT  |   1 |
| 172.31.11.5  | 107.13.54.103 | EDT      | 2019-08-25 12:00:00 | EDT   | EDT  |   2 |
| 172.31.11.5  | 107.13.54.103 | N/A      | 2019-08-25 12:00:00 | EDT   | N/A  |   3 |
| 172.31.11.5  | 99.9.55.22    | N/A      | 2019-08-25 12:00:00 | N/A   | N/A  |   1 |
| 172.31.57.89 | 107.13.54.103 | EDT      | 2019-08-25 00:00:00 | EDT   | EDT  |   4 |
| 172.31.57.89 | 107.13.54.103 | EDT      | 2019-08-25 12:00:00 | EDT   | EDT  |   5 |
| 172.31.57.89 | 107.13.54.103 | N/A      | 2019-08-25 12:00:00 | EDT   | N/A  |   6 |
| 172.31.57.89 | 99.9.55.22    | N/A      | 2019-08-25 12:00:00 | N/A   | N/A  |   2 |
+--------------+---------------+----------+---------------------+-------+------+-----+
(8 rows)

!ok

#-------------------------------------------------------------------------
# TESTCASE: test_sql_test_order_by TEST_ID: A2_Q1
#-------------------------------------------------------------------------
SELECT server_ip,
       client_ip,
       timezone,
       cast(time_floor(__time, 'PT12H') AS char) t,
       first_value(timezone) OVER (PARTITION BY client_ip
                                   ORDER BY server_ip ASC, length(server_ip) ASC, cast(length(server_ip) AS DOUBLE)+0.123 ASC, timezone, time_floor(__time, 'PT12H')) FIRST,
                                                                                                                                                                      last_value(timezone) OVER (PARTITION BY client_ip
                                                                                                                                                                                                 ORDER BY server_ip ASC, length(server_ip) ASC, cast(length(server_ip) AS DOUBLE)+0.123 ASC, timezone, time_floor(__time, 'PT12H')) LAST,
                                                                                                                                                                                                                                                                                                                                    count(timezone) OVER (PARTITION BY client_ip
                                                                                                                                                                                                                                                                                                                                                          ORDER BY server_ip ASC, length(server_ip) ASC, cast(length(server_ip) AS DOUBLE)+0.123 ASC, timezone, time_floor(__time, 'PT12H')) cnt
FROM test_win
WHERE client_ip IN ('107.13.54.103',
                    '99.9.55.22')
GROUP BY server_ip,
         client_ip,
         timezone,
         time_floor(__time, 'PT12H')
ORDER BY server_ip DESC;
+--------------+---------------+----------+---------------------+-------+------+-----+
| server_ip    | client_ip     | timezone | t                   | FIRST | LAST | cnt |
+--------------+---------------+----------+---------------------+-------+------+-----+
| 172.31.57.89 | 107.13.54.103 | EDT      | 2019-08-25 00:00:00 | EDT   | EDT  |   4 |
| 172.31.57.89 | 107.13.54.103 | EDT      | 2019-08-25 12:00:00 | EDT   | EDT  |   5 |
| 172.31.57.89 | 107.13.54.103 | N/A      | 2019-08-25 12:00:00 | EDT   | N/A  |   6 |
| 172.31.57.89 | 99.9.55.22    | N/A      | 2019-08-25 12:00:00 | N/A   | N/A  |   2 |
| 172.31.11.5  | 107.13.54.103 | EDT      | 2019-08-25 00:00:00 | EDT   | EDT  |   1 |
| 172.31.11.5  | 107.13.54.103 | EDT      | 2019-08-25 12:00:00 | EDT   | EDT  |   2 |
| 172.31.11.5  | 107.13.54.103 | N/A      | 2019-08-25 12:00:00 | EDT   | N/A  |   3 |
| 172.31.11.5  | 99.9.55.22    | N/A      | 2019-08-25 12:00:00 | N/A   | N/A  |   1 |
+--------------+---------------+----------+---------------------+-------+------+-----+
(8 rows)

!ok

#-------------------------------------------------------------------------
# TESTCASE: test_sql_test_order_by TEST_ID: A2_Q2
#-------------------------------------------------------------------------
SELECT server_ip,
       client_ip,
       timezone,
       cast(time_floor(__time, 'PT12H') AS char) t,
       first_value(timezone) OVER w FIRST,
                                    last_value(timezone) OVER w LAST,
                                                                count(timezone) OVER w cnt
FROM test_win
WHERE client_ip IN ('107.13.54.103',
                    '99.9.55.22')
GROUP BY server_ip,
         client_ip,
         timezone,
         time_floor(__time, 'PT12H') WINDOW w AS (PARTITION BY client_ip
                                                  ORDER BY server_ip ASC,
                                                           length(server_ip) ASC, cast(length(server_ip) AS DOUBLE)+0.123 ASC,
                                                                                  timezone,
                                                                                  time_floor(__time, 'PT12H'))
ORDER BY server_ip DESC;
+--------------+---------------+----------+---------------------+-------+------+-----+
| server_ip    | client_ip     | timezone | t                   | FIRST | LAST | cnt |
+--------------+---------------+----------+---------------------+-------+------+-----+
| 172.31.57.89 | 107.13.54.103 | EDT      | 2019-08-25 00:00:00 | EDT   | EDT  |   4 |
| 172.31.57.89 | 107.13.54.103 | EDT      | 2019-08-25 12:00:00 | EDT   | EDT  |   5 |
| 172.31.57.89 | 107.13.54.103 | N/A      | 2019-08-25 12:00:00 | EDT   | N/A  |   6 |
| 172.31.57.89 | 99.9.55.22    | N/A      | 2019-08-25 12:00:00 | N/A   | N/A  |   2 |
| 172.31.11.5  | 107.13.54.103 | EDT      | 2019-08-25 00:00:00 | EDT   | EDT  |   1 |
| 172.31.11.5  | 107.13.54.103 | EDT      | 2019-08-25 12:00:00 | EDT   | EDT  |   2 |
| 172.31.11.5  | 107.13.54.103 | N/A      | 2019-08-25 12:00:00 | EDT   | N/A  |   3 |
| 172.31.11.5  | 99.9.55.22    | N/A      | 2019-08-25 12:00:00 | N/A   | N/A  |   1 |
+--------------+---------------+----------+---------------------+-------+------+-----+
(8 rows)

!ok

#-------------------------------------------------------------------------
# TESTCASE: test_sql_test_order_by TEST_ID: A3_Q1
#-------------------------------------------------------------------------
SELECT server_ip,
       client_ip,
       timezone,
       cast(time_floor(__time, 'PT12H') AS char) t,
       first_value(timezone) OVER (PARTITION BY client_ip
                                   ORDER BY server_ip ASC, length(server_ip) ASC, cast(length(server_ip) AS DOUBLE)+0.123 ASC, timezone, time_floor(__time, 'PT12H')) FIRST,
                                                                                                                                                                      last_value(timezone) OVER (PARTITION BY client_ip
                                                                                                                                                                                                 ORDER BY server_ip ASC, length(server_ip) ASC, cast(length(server_ip) AS DOUBLE)+0.123 ASC, timezone, time_floor(__time, 'PT12H')) LAST,
                                                                                                                                                                                                                                                                                                                                    count(timezone) OVER (PARTITION BY client_ip
                                                                                                                                                                                                                                                                                                                                                          ORDER BY server_ip ASC, length(server_ip) ASC, cast(length(server_ip) AS DOUBLE)+0.123 ASC, timezone, time_floor(__time, 'PT12H')) cnt
FROM test_win
WHERE client_ip IN ('107.13.54.103',
                    '99.9.55.22')
GROUP BY server_ip,
         client_ip,
         timezone,
         time_floor(__time, 'PT12H')
ORDER BY client_ip ASC;
+--------------+---------------+----------+---------------------+-------+------+-----+
| server_ip    | client_ip     | timezone | t                   | FIRST | LAST | cnt |
+--------------+---------------+----------+---------------------+-------+------+-----+
| 172.31.11.5  | 107.13.54.103 | EDT      | 2019-08-25 00:00:00 | EDT   | EDT  |   1 |
| 172.31.11.5  | 107.13.54.103 | EDT      | 2019-08-25 12:00:00 | EDT   | EDT  |   2 |
| 172.31.11.5  | 107.13.54.103 | N/A      | 2019-08-25 12:00:00 | EDT   | N/A  |   3 |
| 172.31.57.89 | 107.13.54.103 | EDT      | 2019-08-25 00:00:00 | EDT   | EDT  |   4 |
| 172.31.57.89 | 107.13.54.103 | EDT      | 2019-08-25 12:00:00 | EDT   | EDT  |   5 |
| 172.31.57.89 | 107.13.54.103 | N/A      | 2019-08-25 12:00:00 | EDT   | N/A  |   6 |
| 172.31.11.5  | 99.9.55.22    | N/A      | 2019-08-25 12:00:00 | N/A   | N/A  |   1 |
| 172.31.57.89 | 99.9.55.22    | N/A      | 2019-08-25 12:00:00 | N/A   | N/A  |   2 |
+--------------+---------------+----------+---------------------+-------+------+-----+
(8 rows)

!ok

#-------------------------------------------------------------------------
# TESTCASE: test_sql_test_order_by TEST_ID: A3_Q2
#-------------------------------------------------------------------------
SELECT server_ip,
       client_ip,
       timezone,
       cast(time_floor(__time, 'PT12H') AS char) t,
       first_value(timezone) OVER w FIRST,
                                    last_value(timezone) OVER w LAST,
                                                                count(timezone) OVER w cnt
FROM test_win
WHERE client_ip IN ('107.13.54.103',
                    '99.9.55.22')
GROUP BY server_ip,
         client_ip,
         timezone,
         time_floor(__time, 'PT12H') WINDOW w AS (PARTITION BY client_ip
                                                  ORDER BY server_ip ASC,
                                                           length(server_ip) ASC, cast(length(server_ip) AS DOUBLE)+0.123 ASC,
                                                                                  timezone,
                                                                                  time_floor(__time, 'PT12H'))
ORDER BY client_ip ASC;
+--------------+---------------+----------+---------------------+-------+------+-----+
| server_ip    | client_ip     | timezone | t                   | FIRST | LAST | cnt |
+--------------+---------------+----------+---------------------+-------+------+-----+
| 172.31.11.5  | 107.13.54.103 | EDT      | 2019-08-25 00:00:00 | EDT   | EDT  |   1 |
| 172.31.11.5  | 107.13.54.103 | EDT      | 2019-08-25 12:00:00 | EDT   | EDT  |   2 |
| 172.31.11.5  | 107.13.54.103 | N/A      | 2019-08-25 12:00:00 | EDT   | N/A  |   3 |
| 172.31.57.89 | 107.13.54.103 | EDT      | 2019-08-25 00:00:00 | EDT   | EDT  |   4 |
| 172.31.57.89 | 107.13.54.103 | EDT      | 2019-08-25 12:00:00 | EDT   | EDT  |   5 |
| 172.31.57.89 | 107.13.54.103 | N/A      | 2019-08-25 12:00:00 | EDT   | N/A  |   6 |
| 172.31.11.5  | 99.9.55.22    | N/A      | 2019-08-25 12:00:00 | N/A   | N/A  |   1 |
| 172.31.57.89 | 99.9.55.22    | N/A      | 2019-08-25 12:00:00 | N/A   | N/A  |   2 |
+--------------+---------------+----------+---------------------+-------+------+-----+
(8 rows)

!ok

#-------------------------------------------------------------------------
# TESTCASE: test_sql_test_order_by TEST_ID: A4_Q1
#-------------------------------------------------------------------------
SELECT server_ip,
       client_ip,
       timezone,
       cast(time_floor(__time, 'PT12H') AS char) t,
       first_value(timezone) OVER (PARTITION BY client_ip
                                   ORDER BY server_ip ASC, length(server_ip) ASC, cast(length(server_ip) AS DOUBLE)+0.123 ASC, timezone, time_floor(__time, 'PT12H')) FIRST,
                                                                                                                                                                      last_value(timezone) OVER (PARTITION BY client_ip
                                                                                                                                                                                                 ORDER BY server_ip ASC, length(server_ip) ASC, cast(length(server_ip) AS DOUBLE)+0.123 ASC, timezone, time_floor(__time, 'PT12H')) LAST,
                                                                                                                                                                                                                                                                                                                                    count(timezone) OVER (PARTITION BY client_ip
                                                                                                                                                                                                                                                                                                                                                          ORDER BY server_ip ASC, length(server_ip) ASC, cast(length(server_ip) AS DOUBLE)+0.123 ASC, timezone, time_floor(__time, 'PT12H')) cnt
FROM test_win
WHERE client_ip IN ('107.13.54.103',
                    '99.9.55.22')
GROUP BY server_ip,
         client_ip,
         timezone,
         time_floor(__time, 'PT12H')
ORDER BY client_ip DESC;
+--------------+---------------+----------+---------------------+-------+------+-----+
| server_ip    | client_ip     | timezone | t                   | FIRST | LAST | cnt |
+--------------+---------------+----------+---------------------+-------+------+-----+
| 172.31.11.5  | 99.9.55.22    | N/A      | 2019-08-25 12:00:00 | N/A   | N/A  |   1 |
| 172.31.57.89 | 99.9.55.22    | N/A      | 2019-08-25 12:00:00 | N/A   | N/A  |   2 |
| 172.31.11.5  | 107.13.54.103 | EDT      | 2019-08-25 00:00:00 | EDT   | EDT  |   1 |
| 172.31.11.5  | 107.13.54.103 | EDT      | 2019-08-25 12:00:00 | EDT   | EDT  |   2 |
| 172.31.11.5  | 107.13.54.103 | N/A      | 2019-08-25 12:00:00 | EDT   | N/A  |   3 |
| 172.31.57.89 | 107.13.54.103 | EDT      | 2019-08-25 00:00:00 | EDT   | EDT  |   4 |
| 172.31.57.89 | 107.13.54.103 | EDT      | 2019-08-25 12:00:00 | EDT   | EDT  |   5 |
| 172.31.57.89 | 107.13.54.103 | N/A      | 2019-08-25 12:00:00 | EDT   | N/A  |   6 |
+--------------+---------------+----------+---------------------+-------+------+-----+
(8 rows)

!ok

#-------------------------------------------------------------------------
# TESTCASE: test_sql_test_order_by TEST_ID: A4_Q2
#-------------------------------------------------------------------------
SELECT server_ip,
       client_ip,
       timezone,
       cast(time_floor(__time, 'PT12H') AS char) t,
       first_value(timezone) OVER w FIRST,
                                    last_value(timezone) OVER w LAST,
                                                                count(timezone) OVER w cnt
FROM test_win
WHERE client_ip IN ('107.13.54.103',
                    '99.9.55.22')
GROUP BY server_ip,
         client_ip,
         timezone,
         time_floor(__time, 'PT12H') WINDOW w AS (PARTITION BY client_ip
                                                  ORDER BY server_ip ASC,
                                                           length(server_ip) ASC, cast(length(server_ip) AS DOUBLE)+0.123 ASC,
                                                                                  timezone,
                                                                                  time_floor(__time, 'PT12H'))
ORDER BY client_ip DESC;
+--------------+---------------+----------+---------------------+-------+------+-----+
| server_ip    | client_ip     | timezone | t                   | FIRST | LAST | cnt |
+--------------+---------------+----------+---------------------+-------+------+-----+
| 172.31.11.5  | 99.9.55.22    | N/A      | 2019-08-25 12:00:00 | N/A   | N/A  |   1 |
| 172.31.57.89 | 99.9.55.22    | N/A      | 2019-08-25 12:00:00 | N/A   | N/A  |   2 |
| 172.31.11.5  | 107.13.54.103 | EDT      | 2019-08-25 00:00:00 | EDT   | EDT  |   1 |
| 172.31.11.5  | 107.13.54.103 | EDT      | 2019-08-25 12:00:00 | EDT   | EDT  |   2 |
| 172.31.11.5  | 107.13.54.103 | N/A      | 2019-08-25 12:00:00 | EDT   | N/A  |   3 |
| 172.31.57.89 | 107.13.54.103 | EDT      | 2019-08-25 00:00:00 | EDT   | EDT  |   4 |
| 172.31.57.89 | 107.13.54.103 | EDT      | 2019-08-25 12:00:00 | EDT   | EDT  |   5 |
| 172.31.57.89 | 107.13.54.103 | N/A      | 2019-08-25 12:00:00 | EDT   | N/A  |   6 |
+--------------+---------------+----------+---------------------+-------+------+-----+
(8 rows)

!ok

#-------------------------------------------------------------------------
# TESTCASE: test_sql_test_order_by TEST_ID: A5_Q1
#-------------------------------------------------------------------------
SELECT server_ip,
       client_ip,
       timezone,
       cast(time_floor(__time, 'PT12H') AS char) t,
       first_value(timezone) OVER (PARTITION BY client_ip
                                   ORDER BY server_ip ASC, length(server_ip) ASC, cast(length(server_ip) AS DOUBLE)+0.123 ASC, timezone, time_floor(__time, 'PT12H')) FIRST,
                                                                                                                                                                      last_value(timezone) OVER (PARTITION BY client_ip
                                                                                                                                                                                                 ORDER BY server_ip ASC, length(server_ip) ASC, cast(length(server_ip) AS DOUBLE)+0.123 ASC, timezone, time_floor(__time, 'PT12H')) LAST,
                                                                                                                                                                                                                                                                                                                                    count(timezone) OVER (PARTITION BY client_ip
                                                                                                                                                                                                                                                                                                                                                          ORDER BY server_ip ASC, length(server_ip) ASC, cast(length(server_ip) AS DOUBLE)+0.123 ASC, timezone, time_floor(__time, 'PT12H')) cnt
FROM test_win
WHERE client_ip IN ('107.13.54.103',
                    '99.9.55.22')
GROUP BY server_ip,
         client_ip,
         timezone,
         time_floor(__time, 'PT12H')
ORDER BY timezone ASC;
+--------------+---------------+----------+---------------------+-------+------+-----+
| server_ip    | client_ip     | timezone | t                   | FIRST | LAST | cnt |
+--------------+---------------+----------+---------------------+-------+------+-----+
| 172.31.11.5  | 107.13.54.103 | EDT      | 2019-08-25 00:00:00 | EDT   | EDT  |   1 |
| 172.31.11.5  | 107.13.54.103 | EDT      | 2019-08-25 12:00:00 | EDT   | EDT  |   2 |
| 172.31.57.89 | 107.13.54.103 | EDT      | 2019-08-25 00:00:00 | EDT   | EDT  |   4 |
| 172.31.57.89 | 107.13.54.103 | EDT      | 2019-08-25 12:00:00 | EDT   | EDT  |   5 |
| 172.31.11.5  | 107.13.54.103 | N/A      | 2019-08-25 12:00:00 | EDT   | N/A  |   3 |
| 172.31.57.89 | 107.13.54.103 | N/A      | 2019-08-25 12:00:00 | EDT   | N/A  |   6 |
| 172.31.11.5  | 99.9.55.22    | N/A      | 2019-08-25 12:00:00 | N/A   | N/A  |   1 |
| 172.31.57.89 | 99.9.55.22    | N/A      | 2019-08-25 12:00:00 | N/A   | N/A  |   2 |
+--------------+---------------+----------+---------------------+-------+------+-----+
(8 rows)

!ok

#-------------------------------------------------------------------------
# TESTCASE: test_sql_test_order_by TEST_ID: A5_Q2
#-------------------------------------------------------------------------
SELECT server_ip,
       client_ip,
       timezone,
       cast(time_floor(__time, 'PT12H') AS char) t,
       first_value(timezone) OVER w FIRST,
                                    last_value(timezone) OVER w LAST,
                                                                count(timezone) OVER w cnt
FROM test_win
WHERE client_ip IN ('107.13.54.103',
                    '99.9.55.22')
GROUP BY server_ip,
         client_ip,
         timezone,
         time_floor(__time, 'PT12H') WINDOW w AS (PARTITION BY client_ip
                                                  ORDER BY server_ip ASC,
                                                           length(server_ip) ASC, cast(length(server_ip) AS DOUBLE)+0.123 ASC,
                                                                                  timezone,
                                                                                  time_floor(__time, 'PT12H'))
ORDER BY timezone ASC;
+--------------+---------------+----------+---------------------+-------+------+-----+
| server_ip    | client_ip     | timezone | t                   | FIRST | LAST | cnt |
+--------------+---------------+----------+---------------------+-------+------+-----+
| 172.31.11.5  | 107.13.54.103 | EDT      | 2019-08-25 00:00:00 | EDT   | EDT  |   1 |
| 172.31.11.5  | 107.13.54.103 | EDT      | 2019-08-25 12:00:00 | EDT   | EDT  |   2 |
| 172.31.57.89 | 107.13.54.103 | EDT      | 2019-08-25 00:00:00 | EDT   | EDT  |   4 |
| 172.31.57.89 | 107.13.54.103 | EDT      | 2019-08-25 12:00:00 | EDT   | EDT  |   5 |
| 172.31.11.5  | 107.13.54.103 | N/A      | 2019-08-25 12:00:00 | EDT   | N/A  |   3 |
| 172.31.57.89 | 107.13.54.103 | N/A      | 2019-08-25 12:00:00 | EDT   | N/A  |   6 |
| 172.31.11.5  | 99.9.55.22    | N/A      | 2019-08-25 12:00:00 | N/A   | N/A  |   1 |
| 172.31.57.89 | 99.9.55.22    | N/A      | 2019-08-25 12:00:00 | N/A   | N/A  |   2 |
+--------------+---------------+----------+---------------------+-------+------+-----+
(8 rows)

!ok

#-------------------------------------------------------------------------
# TESTCASE: test_sql_test_order_by TEST_ID: A6_Q1
#-------------------------------------------------------------------------
SELECT server_ip,
       client_ip,
       timezone,
       cast(time_floor(__time, 'PT12H') AS char) t,
       first_value(timezone) OVER (PARTITION BY client_ip
                                   ORDER BY server_ip ASC, length(server_ip) ASC, cast(length(server_ip) AS DOUBLE)+0.123 ASC, timezone, time_floor(__time, 'PT12H')) FIRST,
                                                                                                                                                                      last_value(timezone) OVER (PARTITION BY client_ip
                                                                                                                                                                                                 ORDER BY server_ip ASC, length(server_ip) ASC, cast(length(server_ip) AS DOUBLE)+0.123 ASC, timezone, time_floor(__time, 'PT12H')) LAST,
                                                                                                                                                                                                                                                                                                                                    count(timezone) OVER (PARTITION BY client_ip
                                                                                                                                                                                                                                                                                                                                                          ORDER BY server_ip ASC, length(server_ip) ASC, cast(length(server_ip) AS DOUBLE)+0.123 ASC, timezone, time_floor(__time, 'PT12H')) cnt
FROM test_win
WHERE client_ip IN ('107.13.54.103',
                    '99.9.55.22')
GROUP BY server_ip,
         client_ip,
         timezone,
         time_floor(__time, 'PT12H')
ORDER BY timezone DESC;
+--------------+---------------+----------+---------------------+-------+------+-----+
| server_ip    | client_ip     | timezone | t                   | FIRST | LAST | cnt |
+--------------+---------------+----------+---------------------+-------+------+-----+
| 172.31.11.5  | 107.13.54.103 | N/A      | 2019-08-25 12:00:00 | EDT   | N/A  |   3 |
| 172.31.57.89 | 107.13.54.103 | N/A      | 2019-08-25 12:00:00 | EDT   | N/A  |   6 |
| 172.31.11.5  | 99.9.55.22    | N/A      | 2019-08-25 12:00:00 | N/A   | N/A  |   1 |
| 172.31.57.89 | 99.9.55.22    | N/A      | 2019-08-25 12:00:00 | N/A   | N/A  |   2 |
| 172.31.11.5  | 107.13.54.103 | EDT      | 2019-08-25 00:00:00 | EDT   | EDT  |   1 |
| 172.31.11.5  | 107.13.54.103 | EDT      | 2019-08-25 12:00:00 | EDT   | EDT  |   2 |
| 172.31.57.89 | 107.13.54.103 | EDT      | 2019-08-25 00:00:00 | EDT   | EDT  |   4 |
| 172.31.57.89 | 107.13.54.103 | EDT      | 2019-08-25 12:00:00 | EDT   | EDT  |   5 |
+--------------+---------------+----------+---------------------+-------+------+-----+
(8 rows)

!ok

#-------------------------------------------------------------------------
# TESTCASE: test_sql_test_order_by TEST_ID: A6_Q2
#-------------------------------------------------------------------------
SELECT server_ip,
       client_ip,
       timezone,
       cast(time_floor(__time, 'PT12H') AS char) t,
       first_value(timezone) OVER w FIRST,
                                    last_value(timezone) OVER w LAST,
                                                                count(timezone) OVER w cnt
FROM test_win
WHERE client_ip IN ('107.13.54.103',
                    '99.9.55.22')
GROUP BY server_ip,
         client_ip,
         timezone,
         time_floor(__time, 'PT12H') WINDOW w AS (PARTITION BY client_ip
                                                  ORDER BY server_ip ASC,
                                                           length(server_ip) ASC, cast(length(server_ip) AS DOUBLE)+0.123 ASC,
                                                                                  timezone,
                                                                                  time_floor(__time, 'PT12H'))
ORDER BY timezone DESC;
+--------------+---------------+----------+---------------------+-------+------+-----+
| server_ip    | client_ip     | timezone | t                   | FIRST | LAST | cnt |
+--------------+---------------+----------+---------------------+-------+------+-----+
| 172.31.11.5  | 107.13.54.103 | N/A      | 2019-08-25 12:00:00 | EDT   | N/A  |   3 |
| 172.31.57.89 | 107.13.54.103 | N/A      | 2019-08-25 12:00:00 | EDT   | N/A  |   6 |
| 172.31.11.5  | 99.9.55.22    | N/A      | 2019-08-25 12:00:00 | N/A   | N/A  |   1 |
| 172.31.57.89 | 99.9.55.22    | N/A      | 2019-08-25 12:00:00 | N/A   | N/A  |   2 |
| 172.31.11.5  | 107.13.54.103 | EDT      | 2019-08-25 00:00:00 | EDT   | EDT  |   1 |
| 172.31.11.5  | 107.13.54.103 | EDT      | 2019-08-25 12:00:00 | EDT   | EDT  |   2 |
| 172.31.57.89 | 107.13.54.103 | EDT      | 2019-08-25 00:00:00 | EDT   | EDT  |   4 |
| 172.31.57.89 | 107.13.54.103 | EDT      | 2019-08-25 12:00:00 | EDT   | EDT  |   5 |
+--------------+---------------+----------+---------------------+-------+------+-----+
(8 rows)

!ok

#-------------------------------------------------------------------------
# TESTCASE: test_sql_test_order_by TEST_ID: A7_Q1
#-------------------------------------------------------------------------
SELECT server_ip,
       client_ip,
       timezone,
       cast(time_floor(__time, 'PT12H') AS char) t,
       first_value(timezone) OVER (PARTITION BY client_ip
                                   ORDER BY server_ip ASC, length(server_ip) ASC, cast(length(server_ip) AS DOUBLE)+0.123 ASC, timezone, time_floor(__time, 'PT12H')) FIRST,
                                                                                                                                                                      last_value(timezone) OVER (PARTITION BY client_ip
                                                                                                                                                                                                 ORDER BY server_ip ASC, length(server_ip) ASC, cast(length(server_ip) AS DOUBLE)+0.123 ASC, timezone, time_floor(__time, 'PT12H')) LAST,
                                                                                                                                                                                                                                                                                                                                    count(timezone) OVER (PARTITION BY client_ip
                                                                                                                                                                                                                                                                                                                                                          ORDER BY server_ip ASC, length(server_ip) ASC, cast(length(server_ip) AS DOUBLE)+0.123 ASC, timezone, time_floor(__time, 'PT12H')) cnt
FROM test_win
WHERE client_ip IN ('107.13.54.103',
                    '99.9.55.22')
GROUP BY server_ip,
         client_ip,
         timezone,
         time_floor(__time, 'PT12H')
ORDER BY t ASC;
+--------------+---------------+----------+---------------------+-------+------+-----+
| server_ip    | client_ip     | timezone | t                   | FIRST | LAST | cnt |
+--------------+---------------+----------+---------------------+-------+------+-----+
| 172.31.11.5  | 107.13.54.103 | EDT      | 2019-08-25 00:00:00 | EDT   | EDT  |   1 |
| 172.31.57.89 | 107.13.54.103 | EDT      | 2019-08-25 00:00:00 | EDT   | EDT  |   4 |
| 172.31.11.5  | 107.13.54.103 | EDT      | 2019-08-25 12:00:00 | EDT   | EDT  |   2 |
| 172.31.11.5  | 107.13.54.103 | N/A      | 2019-08-25 12:00:00 | EDT   | N/A  |   3 |
| 172.31.57.89 | 107.13.54.103 | EDT      | 2019-08-25 12:00:00 | EDT   | EDT  |   5 |
| 172.31.57.89 | 107.13.54.103 | N/A      | 2019-08-25 12:00:00 | EDT   | N/A  |   6 |
| 172.31.11.5  | 99.9.55.22    | N/A      | 2019-08-25 12:00:00 | N/A   | N/A  |   1 |
| 172.31.57.89 | 99.9.55.22    | N/A      | 2019-08-25 12:00:00 | N/A   | N/A  |   2 |
+--------------+---------------+----------+---------------------+-------+------+-----+
(8 rows)

!ok

#-------------------------------------------------------------------------
# TESTCASE: test_sql_test_order_by TEST_ID: A7_Q2
#-------------------------------------------------------------------------
SELECT server_ip,
       client_ip,
       timezone,
       cast(time_floor(__time, 'PT12H') AS char) t,
       first_value(timezone) OVER w FIRST,
                                    last_value(timezone) OVER w LAST,
                                                                count(timezone) OVER w cnt
FROM test_win
WHERE client_ip IN ('107.13.54.103',
                    '99.9.55.22')
GROUP BY server_ip,
         client_ip,
         timezone,
         time_floor(__time, 'PT12H') WINDOW w AS (PARTITION BY client_ip
                                                  ORDER BY server_ip ASC,
                                                           length(server_ip) ASC, cast(length(server_ip) AS DOUBLE)+0.123 ASC,
                                                                                  timezone,
                                                                                  time_floor(__time, 'PT12H'))
ORDER BY t ASC;
+--------------+---------------+----------+---------------------+-------+------+-----+
| server_ip    | client_ip     | timezone | t                   | FIRST | LAST | cnt |
+--------------+---------------+----------+---------------------+-------+------+-----+
| 172.31.11.5  | 107.13.54.103 | EDT      | 2019-08-25 00:00:00 | EDT   | EDT  |   1 |
| 172.31.57.89 | 107.13.54.103 | EDT      | 2019-08-25 00:00:00 | EDT   | EDT  |   4 |
| 172.31.11.5  | 107.13.54.103 | EDT      | 2019-08-25 12:00:00 | EDT   | EDT  |   2 |
| 172.31.11.5  | 107.13.54.103 | N/A      | 2019-08-25 12:00:00 | EDT   | N/A  |   3 |
| 172.31.57.89 | 107.13.54.103 | EDT      | 2019-08-25 12:00:00 | EDT   | EDT  |   5 |
| 172.31.57.89 | 107.13.54.103 | N/A      | 2019-08-25 12:00:00 | EDT   | N/A  |   6 |
| 172.31.11.5  | 99.9.55.22    | N/A      | 2019-08-25 12:00:00 | N/A   | N/A  |   1 |
| 172.31.57.89 | 99.9.55.22    | N/A      | 2019-08-25 12:00:00 | N/A   | N/A  |   2 |
+--------------+---------------+----------+---------------------+-------+------+-----+
(8 rows)

!ok

#-------------------------------------------------------------------------
# TESTCASE: test_sql_test_order_by TEST_ID: A8_Q1
#-------------------------------------------------------------------------
SELECT server_ip,
       client_ip,
       timezone,
       cast(time_floor(__time, 'PT12H') AS char) t,
       first_value(timezone) OVER (PARTITION BY client_ip
                                   ORDER BY server_ip ASC, length(server_ip) ASC, cast(length(server_ip) AS DOUBLE)+0.123 ASC, timezone, time_floor(__time, 'PT12H')) FIRST,
                                                                                                                                                                      last_value(timezone) OVER (PARTITION BY client_ip
                                                                                                                                                                                                 ORDER BY server_ip ASC, length(server_ip) ASC, cast(length(server_ip) AS DOUBLE)+0.123 ASC, timezone, time_floor(__time, 'PT12H')) LAST,
                                                                                                                                                                                                                                                                                                                                    count(timezone) OVER (PARTITION BY client_ip
                                                                                                                                                                                                                                                                                                                                                          ORDER BY server_ip ASC, length(server_ip) ASC, cast(length(server_ip) AS DOUBLE)+0.123 ASC, timezone, time_floor(__time, 'PT12H')) cnt
FROM test_win
WHERE client_ip IN ('107.13.54.103',
                    '99.9.55.22')
GROUP BY server_ip,
         client_ip,
         timezone,
         time_floor(__time, 'PT12H')
ORDER BY t DESC;
+--------------+---------------+----------+---------------------+-------+------+-----+
| server_ip    | client_ip     | timezone | t                   | FIRST | LAST | cnt |
+--------------+---------------+----------+---------------------+-------+------+-----+
| 172.31.11.5  | 107.13.54.103 | EDT      | 2019-08-25 12:00:00 | EDT   | EDT  |   2 |
| 172.31.11.5  | 107.13.54.103 | N/A      | 2019-08-25 12:00:00 | EDT   | N/A  |   3 |
| 172.31.57.89 | 107.13.54.103 | EDT      | 2019-08-25 12:00:00 | EDT   | EDT  |   5 |
| 172.31.57.89 | 107.13.54.103 | N/A      | 2019-08-25 12:00:00 | EDT   | N/A  |   6 |
| 172.31.11.5  | 99.9.55.22    | N/A      | 2019-08-25 12:00:00 | N/A   | N/A  |   1 |
| 172.31.57.89 | 99.9.55.22    | N/A      | 2019-08-25 12:00:00 | N/A   | N/A  |   2 |
| 172.31.11.5  | 107.13.54.103 | EDT      | 2019-08-25 00:00:00 | EDT   | EDT  |   1 |
| 172.31.57.89 | 107.13.54.103 | EDT      | 2019-08-25 00:00:00 | EDT   | EDT  |   4 |
+--------------+---------------+----------+---------------------+-------+------+-----+
(8 rows)

!ok

#-------------------------------------------------------------------------
# TESTCASE: test_sql_test_order_by TEST_ID: A8_Q2
#-------------------------------------------------------------------------
SELECT server_ip,
       client_ip,
       timezone,
       cast(time_floor(__time, 'PT12H') AS char) t,
       first_value(timezone) OVER w FIRST,
                                    last_value(timezone) OVER w LAST,
                                                                count(timezone) OVER w cnt
FROM test_win
WHERE client_ip IN ('107.13.54.103',
                    '99.9.55.22')
GROUP BY server_ip,
         client_ip,
         timezone,
         time_floor(__time, 'PT12H') WINDOW w AS (PARTITION BY client_ip
                                                  ORDER BY server_ip ASC,
                                                           length(server_ip) ASC, cast(length(server_ip) AS DOUBLE)+0.123 ASC,
                                                                                  timezone,
                                                                                  time_floor(__time, 'PT12H'))
ORDER BY t DESC;
+--------------+---------------+----------+---------------------+-------+------+-----+
| server_ip    | client_ip     | timezone | t                   | FIRST | LAST | cnt |
+--------------+---------------+----------+---------------------+-------+------+-----+
| 172.31.11.5  | 107.13.54.103 | EDT      | 2019-08-25 12:00:00 | EDT   | EDT  |   2 |
| 172.31.11.5  | 107.13.54.103 | N/A      | 2019-08-25 12:00:00 | EDT   | N/A  |   3 |
| 172.31.57.89 | 107.13.54.103 | EDT      | 2019-08-25 12:00:00 | EDT   | EDT  |   5 |
| 172.31.57.89 | 107.13.54.103 | N/A      | 2019-08-25 12:00:00 | EDT   | N/A  |   6 |
| 172.31.11.5  | 99.9.55.22    | N/A      | 2019-08-25 12:00:00 | N/A   | N/A  |   1 |
| 172.31.57.89 | 99.9.55.22    | N/A      | 2019-08-25 12:00:00 | N/A   | N/A  |   2 |
| 172.31.11.5  | 107.13.54.103 | EDT      | 2019-08-25 00:00:00 | EDT   | EDT  |   1 |
| 172.31.57.89 | 107.13.54.103 | EDT      | 2019-08-25 00:00:00 | EDT   | EDT  |   4 |
+--------------+---------------+----------+---------------------+-------+------+-----+
(8 rows)

!ok

#-------------------------------------------------------------------------
# TESTCASE: test_sql_test_order_by TEST_ID: A9_Q1
#-------------------------------------------------------------------------
SELECT server_ip,
       client_ip,
       timezone,
       cast(time_floor(__time, 'PT12H') AS char) t,
       first_value(timezone) OVER (PARTITION BY client_ip
                                   ORDER BY server_ip ASC, length(server_ip) ASC, cast(length(server_ip) AS DOUBLE)+0.123 ASC, timezone, time_floor(__time, 'PT12H')) FIRST,
                                                                                                                                                                      last_value(timezone) OVER (PARTITION BY client_ip
                                                                                                                                                                                                 ORDER BY server_ip ASC, length(server_ip) ASC, cast(length(server_ip) AS DOUBLE)+0.123 ASC, timezone, time_floor(__time, 'PT12H')) LAST,
                                                                                                                                                                                                                                                                                                                                    count(timezone) OVER (PARTITION BY client_ip
                                                                                                                                                                                                                                                                                                                                                          ORDER BY server_ip ASC, length(server_ip) ASC, cast(length(server_ip) AS DOUBLE)+0.123 ASC, timezone, time_floor(__time, 'PT12H')) cnt
FROM test_win
WHERE client_ip IN ('107.13.54.103',
                    '99.9.55.22')
GROUP BY server_ip,
         client_ip,
         timezone,
         time_floor(__time, 'PT12H')
ORDER BY FIRST ASC;
+--------------+---------------+----------+---------------------+-------+------+-----+
| server_ip    | client_ip     | timezone | t                   | FIRST | LAST | cnt |
+--------------+---------------+----------+---------------------+-------+------+-----+
| 172.31.11.5  | 107.13.54.103 | EDT      | 2019-08-25 00:00:00 | EDT   | EDT  |   1 |
| 172.31.11.5  | 107.13.54.103 | EDT      | 2019-08-25 12:00:00 | EDT   | EDT  |   2 |
| 172.31.11.5  | 107.13.54.103 | N/A      | 2019-08-25 12:00:00 | EDT   | N/A  |   3 |
| 172.31.57.89 | 107.13.54.103 | EDT      | 2019-08-25 00:00:00 | EDT   | EDT  |   4 |
| 172.31.57.89 | 107.13.54.103 | EDT      | 2019-08-25 12:00:00 | EDT   | EDT  |   5 |
| 172.31.57.89 | 107.13.54.103 | N/A      | 2019-08-25 12:00:00 | EDT   | N/A  |   6 |
| 172.31.11.5  | 99.9.55.22    | N/A      | 2019-08-25 12:00:00 | N/A   | N/A  |   1 |
| 172.31.57.89 | 99.9.55.22    | N/A      | 2019-08-25 12:00:00 | N/A   | N/A  |   2 |
+--------------+---------------+----------+---------------------+-------+------+-----+
(8 rows)

!ok

#-------------------------------------------------------------------------
# TESTCASE: test_sql_test_order_by TEST_ID: A9_Q2
#-------------------------------------------------------------------------
SELECT server_ip,
       client_ip,
       timezone,
       cast(time_floor(__time, 'PT12H') AS char) t,
       first_value(timezone) OVER w FIRST,
                                    last_value(timezone) OVER w LAST,
                                                                count(timezone) OVER w cnt
FROM test_win
WHERE client_ip IN ('107.13.54.103',
                    '99.9.55.22')
GROUP BY server_ip,
         client_ip,
         timezone,
         time_floor(__time, 'PT12H') WINDOW w AS (PARTITION BY client_ip
                                                  ORDER BY server_ip ASC,
                                                           length(server_ip) ASC, cast(length(server_ip) AS DOUBLE)+0.123 ASC,
                                                                                  timezone,
                                                                                  time_floor(__time, 'PT12H'))
ORDER BY FIRST ASC;
+--------------+---------------+----------+---------------------+-------+------+-----+
| server_ip    | client_ip     | timezone | t                   | FIRST | LAST | cnt |
+--------------+---------------+----------+---------------------+-------+------+-----+
| 172.31.11.5  | 107.13.54.103 | EDT      | 2019-08-25 00:00:00 | EDT   | EDT  |   1 |
| 172.31.11.5  | 107.13.54.103 | EDT      | 2019-08-25 12:00:00 | EDT   | EDT  |   2 |
| 172.31.11.5  | 107.13.54.103 | N/A      | 2019-08-25 12:00:00 | EDT   | N/A  |   3 |
| 172.31.57.89 | 107.13.54.103 | EDT      | 2019-08-25 00:00:00 | EDT   | EDT  |   4 |
| 172.31.57.89 | 107.13.54.103 | EDT      | 2019-08-25 12:00:00 | EDT   | EDT  |   5 |
| 172.31.57.89 | 107.13.54.103 | N/A      | 2019-08-25 12:00:00 | EDT   | N/A  |   6 |
| 172.31.11.5  | 99.9.55.22    | N/A      | 2019-08-25 12:00:00 | N/A   | N/A  |   1 |
| 172.31.57.89 | 99.9.55.22    | N/A      | 2019-08-25 12:00:00 | N/A   | N/A  |   2 |
+--------------+---------------+----------+---------------------+-------+------+-----+
(8 rows)

!ok

#-------------------------------------------------------------------------
# TESTCASE: test_sql_test_order_by TEST_ID: A10_Q1
#-------------------------------------------------------------------------
SELECT server_ip,
       client_ip,
       timezone,
       cast(time_floor(__time, 'PT12H') AS char) t,
       first_value(timezone) OVER (PARTITION BY client_ip
                                   ORDER BY server_ip ASC, length(server_ip) ASC, cast(length(server_ip) AS DOUBLE)+0.123 ASC, timezone, time_floor(__time, 'PT12H')) FIRST,
                                                                                                                                                                      last_value(timezone) OVER (PARTITION BY client_ip
                                                                                                                                                                                                 ORDER BY server_ip ASC, length(server_ip) ASC, cast(length(server_ip) AS DOUBLE)+0.123 ASC, timezone, time_floor(__time, 'PT12H')) LAST,
                                                                                                                                                                                                                                                                                                                                    count(timezone) OVER (PARTITION BY client_ip
                                                                                                                                                                                                                                                                                                                                                          ORDER BY server_ip ASC, length(server_ip) ASC, cast(length(server_ip) AS DOUBLE)+0.123 ASC, timezone, time_floor(__time, 'PT12H')) cnt
FROM test_win
WHERE client_ip IN ('107.13.54.103',
                    '99.9.55.22')
GROUP BY server_ip,
         client_ip,
         timezone,
         time_floor(__time, 'PT12H')
ORDER BY FIRST DESC;
+--------------+---------------+----------+---------------------+-------+------+-----+
| server_ip    | client_ip     | timezone | t                   | FIRST | LAST | cnt |
+--------------+---------------+----------+---------------------+-------+------+-----+
| 172.31.11.5  | 99.9.55.22    | N/A      | 2019-08-25 12:00:00 | N/A   | N/A  |   1 |
| 172.31.57.89 | 99.9.55.22    | N/A      | 2019-08-25 12:00:00 | N/A   | N/A  |   2 |
| 172.31.11.5  | 107.13.54.103 | EDT      | 2019-08-25 00:00:00 | EDT   | EDT  |   1 |
| 172.31.11.5  | 107.13.54.103 | EDT      | 2019-08-25 12:00:00 | EDT   | EDT  |   2 |
| 172.31.11.5  | 107.13.54.103 | N/A      | 2019-08-25 12:00:00 | EDT   | N/A  |   3 |
| 172.31.57.89 | 107.13.54.103 | EDT      | 2019-08-25 00:00:00 | EDT   | EDT  |   4 |
| 172.31.57.89 | 107.13.54.103 | EDT      | 2019-08-25 12:00:00 | EDT   | EDT  |   5 |
| 172.31.57.89 | 107.13.54.103 | N/A      | 2019-08-25 12:00:00 | EDT   | N/A  |   6 |
+--------------+---------------+----------+---------------------+-------+------+-----+
(8 rows)

!ok

#-------------------------------------------------------------------------
# TESTCASE: test_sql_test_order_by TEST_ID: A10_Q2
#-------------------------------------------------------------------------
SELECT server_ip,
       client_ip,
       timezone,
       cast(time_floor(__time, 'PT12H') AS char) t,
       first_value(timezone) OVER w FIRST,
                                    last_value(timezone) OVER w LAST,
                                                                count(timezone) OVER w cnt
FROM test_win
WHERE client_ip IN ('107.13.54.103',
                    '99.9.55.22')
GROUP BY server_ip,
         client_ip,
         timezone,
         time_floor(__time, 'PT12H') WINDOW w AS (PARTITION BY client_ip
                                                  ORDER BY server_ip ASC,
                                                           length(server_ip) ASC, cast(length(server_ip) AS DOUBLE)+0.123 ASC,
                                                                                  timezone,
                                                                                  time_floor(__time, 'PT12H'))
ORDER BY FIRST DESC;
+--------------+---------------+----------+---------------------+-------+------+-----+
| server_ip    | client_ip     | timezone | t                   | FIRST | LAST | cnt |
+--------------+---------------+----------+---------------------+-------+------+-----+
| 172.31.11.5  | 99.9.55.22    | N/A      | 2019-08-25 12:00:00 | N/A   | N/A  |   1 |
| 172.31.57.89 | 99.9.55.22    | N/A      | 2019-08-25 12:00:00 | N/A   | N/A  |   2 |
| 172.31.11.5  | 107.13.54.103 | EDT      | 2019-08-25 00:00:00 | EDT   | EDT  |   1 |
| 172.31.11.5  | 107.13.54.103 | EDT      | 2019-08-25 12:00:00 | EDT   | EDT  |   2 |
| 172.31.11.5  | 107.13.54.103 | N/A      | 2019-08-25 12:00:00 | EDT   | N/A  |   3 |
| 172.31.57.89 | 107.13.54.103 | EDT      | 2019-08-25 00:00:00 | EDT   | EDT  |   4 |
| 172.31.57.89 | 107.13.54.103 | EDT      | 2019-08-25 12:00:00 | EDT   | EDT  |   5 |
| 172.31.57.89 | 107.13.54.103 | N/A      | 2019-08-25 12:00:00 | EDT   | N/A  |   6 |
+--------------+---------------+----------+---------------------+-------+------+-----+
(8 rows)

!ok

#-------------------------------------------------------------------------
# TESTCASE: test_sql_test_order_by TEST_ID: A11_Q1
#-------------------------------------------------------------------------
SELECT server_ip,
       client_ip,
       timezone,
       cast(time_floor(__time, 'PT12H') AS char) t,
       first_value(timezone) OVER (PARTITION BY client_ip
                                   ORDER BY server_ip ASC, length(server_ip) ASC, cast(length(server_ip) AS DOUBLE)+0.123 ASC, timezone, time_floor(__time, 'PT12H')) FIRST,
                                                                                                                                                                      last_value(timezone) OVER (PARTITION BY client_ip
                                                                                                                                                                                                 ORDER BY server_ip ASC, length(server_ip) ASC, cast(length(server_ip) AS DOUBLE)+0.123 ASC, timezone, time_floor(__time, 'PT12H')) LAST,
                                                                                                                                                                                                                                                                                                                                    count(timezone) OVER (PARTITION BY client_ip
                                                                                                                                                                                                                                                                                                                                                          ORDER BY server_ip ASC, length(server_ip) ASC, cast(length(server_ip) AS DOUBLE)+0.123 ASC, timezone, time_floor(__time, 'PT12H')) cnt
FROM test_win
WHERE client_ip IN ('107.13.54.103',
                    '99.9.55.22')
GROUP BY server_ip,
         client_ip,
         timezone,
         time_floor(__time, 'PT12H')
ORDER BY LAST ASC;
+--------------+---------------+----------+---------------------+-------+------+-----+
| server_ip    | client_ip     | timezone | t                   | FIRST | LAST | cnt |
+--------------+---------------+----------+---------------------+-------+------+-----+
| 172.31.11.5  | 107.13.54.103 | EDT      | 2019-08-25 00:00:00 | EDT   | EDT  |   1 |
| 172.31.11.5  | 107.13.54.103 | EDT      | 2019-08-25 12:00:00 | EDT   | EDT  |   2 |
| 172.31.57.89 | 107.13.54.103 | EDT      | 2019-08-25 00:00:00 | EDT   | EDT  |   4 |
| 172.31.57.89 | 107.13.54.103 | EDT      | 2019-08-25 12:00:00 | EDT   | EDT  |   5 |
| 172.31.11.5  | 107.13.54.103 | N/A      | 2019-08-25 12:00:00 | EDT   | N/A  |   3 |
| 172.31.57.89 | 107.13.54.103 | N/A      | 2019-08-25 12:00:00 | EDT   | N/A  |   6 |
| 172.31.11.5  | 99.9.55.22    | N/A      | 2019-08-25 12:00:00 | N/A   | N/A  |   1 |
| 172.31.57.89 | 99.9.55.22    | N/A      | 2019-08-25 12:00:00 | N/A   | N/A  |   2 |
+--------------+---------------+----------+---------------------+-------+------+-----+
(8 rows)

!ok

#-------------------------------------------------------------------------
# TESTCASE: test_sql_test_order_by TEST_ID: A11_Q2
#-------------------------------------------------------------------------
SELECT server_ip,
       client_ip,
       timezone,
       cast(time_floor(__time, 'PT12H') AS char) t,
       first_value(timezone) OVER w FIRST,
                                    last_value(timezone) OVER w LAST,
                                                                count(timezone) OVER w cnt
FROM test_win
WHERE client_ip IN ('107.13.54.103',
                    '99.9.55.22')
GROUP BY server_ip,
         client_ip,
         timezone,
         time_floor(__time, 'PT12H') WINDOW w AS (PARTITION BY client_ip
                                                  ORDER BY server_ip ASC,
                                                           length(server_ip) ASC, cast(length(server_ip) AS DOUBLE)+0.123 ASC,
                                                                                  timezone,
                                                                                  time_floor(__time, 'PT12H'))
ORDER BY LAST ASC;
+--------------+---------------+----------+---------------------+-------+------+-----+
| server_ip    | client_ip     | timezone | t                   | FIRST | LAST | cnt |
+--------------+---------------+----------+---------------------+-------+------+-----+
| 172.31.11.5  | 107.13.54.103 | EDT      | 2019-08-25 00:00:00 | EDT   | EDT  |   1 |
| 172.31.11.5  | 107.13.54.103 | EDT      | 2019-08-25 12:00:00 | EDT   | EDT  |   2 |
| 172.31.57.89 | 107.13.54.103 | EDT      | 2019-08-25 00:00:00 | EDT   | EDT  |   4 |
| 172.31.57.89 | 107.13.54.103 | EDT      | 2019-08-25 12:00:00 | EDT   | EDT  |   5 |
| 172.31.11.5  | 107.13.54.103 | N/A      | 2019-08-25 12:00:00 | EDT   | N/A  |   3 |
| 172.31.57.89 | 107.13.54.103 | N/A      | 2019-08-25 12:00:00 | EDT   | N/A  |   6 |
| 172.31.11.5  | 99.9.55.22    | N/A      | 2019-08-25 12:00:00 | N/A   | N/A  |   1 |
| 172.31.57.89 | 99.9.55.22    | N/A      | 2019-08-25 12:00:00 | N/A   | N/A  |   2 |
+--------------+---------------+----------+---------------------+-------+------+-----+
(8 rows)

!ok

#-------------------------------------------------------------------------
# TESTCASE: test_sql_test_order_by TEST_ID: A12_Q1
#-------------------------------------------------------------------------
SELECT server_ip,
       client_ip,
       timezone,
       cast(time_floor(__time, 'PT12H') AS char) t,
       first_value(timezone) OVER (PARTITION BY client_ip
                                   ORDER BY server_ip ASC, length(server_ip) ASC, cast(length(server_ip) AS DOUBLE)+0.123 ASC, timezone, time_floor(__time, 'PT12H')) FIRST,
                                                                                                                                                                      last_value(timezone) OVER (PARTITION BY client_ip
                                                                                                                                                                                                 ORDER BY server_ip ASC, length(server_ip) ASC, cast(length(server_ip) AS DOUBLE)+0.123 ASC, timezone, time_floor(__time, 'PT12H')) LAST,
                                                                                                                                                                                                                                                                                                                                    count(timezone) OVER (PARTITION BY client_ip
                                                                                                                                                                                                                                                                                                                                                          ORDER BY server_ip ASC, length(server_ip) ASC, cast(length(server_ip) AS DOUBLE)+0.123 ASC, timezone, time_floor(__time, 'PT12H')) cnt
FROM test_win
WHERE client_ip IN ('107.13.54.103',
                    '99.9.55.22')
GROUP BY server_ip,
         client_ip,
         timezone,
         time_floor(__time, 'PT12H')
ORDER BY LAST DESC;
+--------------+---------------+----------+---------------------+-------+------+-----+
| server_ip    | client_ip     | timezone | t                   | FIRST | LAST | cnt |
+--------------+---------------+----------+---------------------+-------+------+-----+
| 172.31.11.5  | 107.13.54.103 | N/A      | 2019-08-25 12:00:00 | EDT   | N/A  |   3 |
| 172.31.57.89 | 107.13.54.103 | N/A      | 2019-08-25 12:00:00 | EDT   | N/A  |   6 |
| 172.31.11.5  | 99.9.55.22    | N/A      | 2019-08-25 12:00:00 | N/A   | N/A  |   1 |
| 172.31.57.89 | 99.9.55.22    | N/A      | 2019-08-25 12:00:00 | N/A   | N/A  |   2 |
| 172.31.11.5  | 107.13.54.103 | EDT      | 2019-08-25 00:00:00 | EDT   | EDT  |   1 |
| 172.31.11.5  | 107.13.54.103 | EDT      | 2019-08-25 12:00:00 | EDT   | EDT  |   2 |
| 172.31.57.89 | 107.13.54.103 | EDT      | 2019-08-25 00:00:00 | EDT   | EDT  |   4 |
| 172.31.57.89 | 107.13.54.103 | EDT      | 2019-08-25 12:00:00 | EDT   | EDT  |   5 |
+--------------+---------------+----------+---------------------+-------+------+-----+
(8 rows)

!ok

#-------------------------------------------------------------------------
# TESTCASE: test_sql_test_order_by TEST_ID: A12_Q2
#-------------------------------------------------------------------------
SELECT server_ip,
       client_ip,
       timezone,
       cast(time_floor(__time, 'PT12H') AS char) t,
       first_value(timezone) OVER w FIRST,
                                    last_value(timezone) OVER w LAST,
                                                                count(timezone) OVER w cnt
FROM test_win
WHERE client_ip IN ('107.13.54.103',
                    '99.9.55.22')
GROUP BY server_ip,
         client_ip,
         timezone,
         time_floor(__time, 'PT12H') WINDOW w AS (PARTITION BY client_ip
                                                  ORDER BY server_ip ASC,
                                                           length(server_ip) ASC, cast(length(server_ip) AS DOUBLE)+0.123 ASC,
                                                                                  timezone,
                                                                                  time_floor(__time, 'PT12H'))
ORDER BY LAST DESC;
+--------------+---------------+----------+---------------------+-------+------+-----+
| server_ip    | client_ip     | timezone | t                   | FIRST | LAST | cnt |
+--------------+---------------+----------+---------------------+-------+------+-----+
| 172.31.11.5  | 107.13.54.103 | N/A      | 2019-08-25 12:00:00 | EDT   | N/A  |   3 |
| 172.31.57.89 | 107.13.54.103 | N/A      | 2019-08-25 12:00:00 | EDT   | N/A  |   6 |
| 172.31.11.5  | 99.9.55.22    | N/A      | 2019-08-25 12:00:00 | N/A   | N/A  |   1 |
| 172.31.57.89 | 99.9.55.22    | N/A      | 2019-08-25 12:00:00 | N/A   | N/A  |   2 |
| 172.31.11.5  | 107.13.54.103 | EDT      | 2019-08-25 00:00:00 | EDT   | EDT  |   1 |
| 172.31.11.5  | 107.13.54.103 | EDT      | 2019-08-25 12:00:00 | EDT   | EDT  |   2 |
| 172.31.57.89 | 107.13.54.103 | EDT      | 2019-08-25 00:00:00 | EDT   | EDT  |   4 |
| 172.31.57.89 | 107.13.54.103 | EDT      | 2019-08-25 12:00:00 | EDT   | EDT  |   5 |
+--------------+---------------+----------+---------------------+-------+------+-----+
(8 rows)

!ok

#-------------------------------------------------------------------------
# TESTCASE: test_sql_test_order_by TEST_ID: A13_Q1
#-------------------------------------------------------------------------
SELECT server_ip,
       client_ip,
       timezone,
       cast(time_floor(__time, 'PT12H') AS char) t,
       first_value(timezone) OVER (PARTITION BY client_ip
                                   ORDER BY server_ip ASC, length(server_ip) ASC, cast(length(server_ip) AS DOUBLE)+0.123 ASC, timezone, time_floor(__time, 'PT12H')) FIRST,
                                                                                                                                                                      last_value(timezone) OVER (PARTITION BY client_ip
                                                                                                                                                                                                 ORDER BY server_ip ASC, length(server_ip) ASC, cast(length(server_ip) AS DOUBLE)+0.123 ASC, timezone, time_floor(__time, 'PT12H')) LAST,
                                                                                                                                                                                                                                                                                                                                    count(timezone) OVER (PARTITION BY client_ip
                                                                                                                                                                                                                                                                                                                                                          ORDER BY server_ip ASC, length(server_ip) ASC, cast(length(server_ip) AS DOUBLE)+0.123 ASC, timezone, time_floor(__time, 'PT12H')) cnt
FROM test_win
WHERE client_ip IN ('107.13.54.103',
                    '99.9.55.22')
GROUP BY server_ip,
         client_ip,
         timezone,
         time_floor(__time, 'PT12H')
ORDER BY cnt ASC;
+--------------+---------------+----------+---------------------+-------+------+-----+
| server_ip    | client_ip     | timezone | t                   | FIRST | LAST | cnt |
+--------------+---------------+----------+---------------------+-------+------+-----+
| 172.31.11.5  | 107.13.54.103 | EDT      | 2019-08-25 00:00:00 | EDT   | EDT  |   1 |
| 172.31.11.5  | 99.9.55.22    | N/A      | 2019-08-25 12:00:00 | N/A   | N/A  |   1 |
| 172.31.11.5  | 107.13.54.103 | EDT      | 2019-08-25 12:00:00 | EDT   | EDT  |   2 |
| 172.31.57.89 | 99.9.55.22    | N/A      | 2019-08-25 12:00:00 | N/A   | N/A  |   2 |
| 172.31.11.5  | 107.13.54.103 | N/A      | 2019-08-25 12:00:00 | EDT   | N/A  |   3 |
| 172.31.57.89 | 107.13.54.103 | EDT      | 2019-08-25 00:00:00 | EDT   | EDT  |   4 |
| 172.31.57.89 | 107.13.54.103 | EDT      | 2019-08-25 12:00:00 | EDT   | EDT  |   5 |
| 172.31.57.89 | 107.13.54.103 | N/A      | 2019-08-25 12:00:00 | EDT   | N/A  |   6 |
+--------------+---------------+----------+---------------------+-------+------+-----+
(8 rows)

!ok

#-------------------------------------------------------------------------
# TESTCASE: test_sql_test_order_by TEST_ID: A13_Q2
#-------------------------------------------------------------------------
SELECT server_ip,
       client_ip,
       timezone,
       cast(time_floor(__time, 'PT12H') AS char) t,
       first_value(timezone) OVER w FIRST,
                                    last_value(timezone) OVER w LAST,
                                                                count(timezone) OVER w cnt
FROM test_win
WHERE client_ip IN ('107.13.54.103',
                    '99.9.55.22')
GROUP BY server_ip,
         client_ip,
         timezone,
         time_floor(__time, 'PT12H') WINDOW w AS (PARTITION BY client_ip
                                                  ORDER BY server_ip ASC,
                                                           length(server_ip) ASC, cast(length(server_ip) AS DOUBLE)+0.123 ASC,
                                                                                  timezone,
                                                                                  time_floor(__time, 'PT12H'))
ORDER BY cnt ASC;
+--------------+---------------+----------+---------------------+-------+------+-----+
| server_ip    | client_ip     | timezone | t                   | FIRST | LAST | cnt |
+--------------+---------------+----------+---------------------+-------+------+-----+
| 172.31.11.5  | 107.13.54.103 | EDT      | 2019-08-25 00:00:00 | EDT   | EDT  |   1 |
| 172.31.11.5  | 99.9.55.22    | N/A      | 2019-08-25 12:00:00 | N/A   | N/A  |   1 |
| 172.31.11.5  | 107.13.54.103 | EDT      | 2019-08-25 12:00:00 | EDT   | EDT  |   2 |
| 172.31.57.89 | 99.9.55.22    | N/A      | 2019-08-25 12:00:00 | N/A   | N/A  |   2 |
| 172.31.11.5  | 107.13.54.103 | N/A      | 2019-08-25 12:00:00 | EDT   | N/A  |   3 |
| 172.31.57.89 | 107.13.54.103 | EDT      | 2019-08-25 00:00:00 | EDT   | EDT  |   4 |
| 172.31.57.89 | 107.13.54.103 | EDT      | 2019-08-25 12:00:00 | EDT   | EDT  |   5 |
| 172.31.57.89 | 107.13.54.103 | N/A      | 2019-08-25 12:00:00 | EDT   | N/A  |   6 |
+--------------+---------------+----------+---------------------+-------+------+-----+
(8 rows)

!ok

#-------------------------------------------------------------------------
# TESTCASE: test_sql_test_order_by TEST_ID: A14_Q1
#-------------------------------------------------------------------------
SELECT server_ip,
       client_ip,
       timezone,
       cast(time_floor(__time, 'PT12H') AS char) t,
       first_value(timezone) OVER (PARTITION BY client_ip
                                   ORDER BY server_ip ASC, length(server_ip) ASC, cast(length(server_ip) AS DOUBLE)+0.123 ASC, timezone, time_floor(__time, 'PT12H')) FIRST,
                                                                                                                                                                      last_value(timezone) OVER (PARTITION BY client_ip
                                                                                                                                                                                                 ORDER BY server_ip ASC, length(server_ip) ASC, cast(length(server_ip) AS DOUBLE)+0.123 ASC, timezone, time_floor(__time, 'PT12H')) LAST,
                                                                                                                                                                                                                                                                                                                                    count(timezone) OVER (PARTITION BY client_ip
                                                                                                                                                                                                                                                                                                                                                          ORDER BY server_ip ASC, length(server_ip) ASC, cast(length(server_ip) AS DOUBLE)+0.123 ASC, timezone, time_floor(__time, 'PT12H')) cnt
FROM test_win
WHERE client_ip IN ('107.13.54.103',
                    '99.9.55.22')
GROUP BY server_ip,
         client_ip,
         timezone,
         time_floor(__time, 'PT12H')
ORDER BY cnt DESC;
+--------------+---------------+----------+---------------------+-------+------+-----+
| server_ip    | client_ip     | timezone | t                   | FIRST | LAST | cnt |
+--------------+---------------+----------+---------------------+-------+------+-----+
| 172.31.57.89 | 107.13.54.103 | N/A      | 2019-08-25 12:00:00 | EDT   | N/A  |   6 |
| 172.31.57.89 | 107.13.54.103 | EDT      | 2019-08-25 12:00:00 | EDT   | EDT  |   5 |
| 172.31.57.89 | 107.13.54.103 | EDT      | 2019-08-25 00:00:00 | EDT   | EDT  |   4 |
| 172.31.11.5  | 107.13.54.103 | N/A      | 2019-08-25 12:00:00 | EDT   | N/A  |   3 |
| 172.31.11.5  | 107.13.54.103 | EDT      | 2019-08-25 12:00:00 | EDT   | EDT  |   2 |
| 172.31.57.89 | 99.9.55.22    | N/A      | 2019-08-25 12:00:00 | N/A   | N/A  |   2 |
| 172.31.11.5  | 107.13.54.103 | EDT      | 2019-08-25 00:00:00 | EDT   | EDT  |   1 |
| 172.31.11.5  | 99.9.55.22    | N/A      | 2019-08-25 12:00:00 | N/A   | N/A  |   1 |
+--------------+---------------+----------+---------------------+-------+------+-----+
(8 rows)

!ok

#-------------------------------------------------------------------------
# TESTCASE: test_sql_test_order_by TEST_ID: A14_Q2
#-------------------------------------------------------------------------
SELECT server_ip,
       client_ip,
       timezone,
       cast(time_floor(__time, 'PT12H') AS char) t,
       first_value(timezone) OVER w FIRST,
                                    last_value(timezone) OVER w LAST,
                                                                count(timezone) OVER w cnt
FROM test_win
WHERE client_ip IN ('107.13.54.103',
                    '99.9.55.22')
GROUP BY server_ip,
         client_ip,
         timezone,
         time_floor(__time, 'PT12H') WINDOW w AS (PARTITION BY client_ip
                                                  ORDER BY server_ip ASC,
                                                           length(server_ip) ASC, cast(length(server_ip) AS DOUBLE)+0.123 ASC,
                                                                                  timezone,
                                                                                  time_floor(__time, 'PT12H'))
ORDER BY cnt DESC;
+--------------+---------------+----------+---------------------+-------+------+-----+
| server_ip    | client_ip     | timezone | t                   | FIRST | LAST | cnt |
+--------------+---------------+----------+---------------------+-------+------+-----+
| 172.31.57.89 | 107.13.54.103 | N/A      | 2019-08-25 12:00:00 | EDT   | N/A  |   6 |
| 172.31.57.89 | 107.13.54.103 | EDT      | 2019-08-25 12:00:00 | EDT   | EDT  |   5 |
| 172.31.57.89 | 107.13.54.103 | EDT      | 2019-08-25 00:00:00 | EDT   | EDT  |   4 |
| 172.31.11.5  | 107.13.54.103 | N/A      | 2019-08-25 12:00:00 | EDT   | N/A  |   3 |
| 172.31.11.5  | 107.13.54.103 | EDT      | 2019-08-25 12:00:00 | EDT   | EDT  |   2 |
| 172.31.57.89 | 99.9.55.22    | N/A      | 2019-08-25 12:00:00 | N/A   | N/A  |   2 |
| 172.31.11.5  | 107.13.54.103 | EDT      | 2019-08-25 00:00:00 | EDT   | EDT  |   1 |
| 172.31.11.5  | 99.9.55.22    | N/A      | 2019-08-25 12:00:00 | N/A   | N/A  |   1 |
+--------------+---------------+----------+---------------------+-------+------+-----+
(8 rows)

!ok

#-------------------------------------------------------------------------
# TESTCASE: test_sql_test_order_by TEST_ID: A15_Q1
#-------------------------------------------------------------------------
SELECT server_ip,
       client_ip,
       timezone,
       cast(time_floor(__time, 'PT12H') AS char) t,
       first_value(timezone) OVER (PARTITION BY client_ip
                                   ORDER BY server_ip ASC, length(server_ip) ASC, cast(length(server_ip) AS DOUBLE)+0.123 ASC, timezone, time_floor(__time, 'PT12H')) FIRST,
                                                                                                                                                                      last_value(timezone) OVER (PARTITION BY client_ip
                                                                                                                                                                                                 ORDER BY server_ip ASC, length(server_ip) ASC, cast(length(server_ip) AS DOUBLE)+0.123 ASC, timezone, time_floor(__time, 'PT12H')) LAST,
                                                                                                                                                                                                                                                                                                                                    count(timezone) OVER (PARTITION BY client_ip
                                                                                                                                                                                                                                                                                                                                                          ORDER BY server_ip ASC, length(server_ip) ASC, cast(length(server_ip) AS DOUBLE)+0.123 ASC, timezone, time_floor(__time, 'PT12H')) cnt
FROM test_win
WHERE client_ip IN ('107.13.54.103',
                    '99.9.55.22')
GROUP BY server_ip,
         client_ip,
         timezone,
         time_floor(__time, 'PT12H')
ORDER BY server_ip ASC,
         client_ip ASC,
         timezone ASC,
         t ASC,
         FIRST ASC, LAST ASC, cnt ASC;
+--------------+---------------+----------+---------------------+-------+------+-----+
| server_ip    | client_ip     | timezone | t                   | FIRST | LAST | cnt |
+--------------+---------------+----------+---------------------+-------+------+-----+
| 172.31.11.5  | 107.13.54.103 | EDT      | 2019-08-25 00:00:00 | EDT   | EDT  |   1 |
| 172.31.11.5  | 107.13.54.103 | EDT      | 2019-08-25 12:00:00 | EDT   | EDT  |   2 |
| 172.31.11.5  | 107.13.54.103 | N/A      | 2019-08-25 12:00:00 | EDT   | N/A  |   3 |
| 172.31.11.5  | 99.9.55.22    | N/A      | 2019-08-25 12:00:00 | N/A   | N/A  |   1 |
| 172.31.57.89 | 107.13.54.103 | EDT      | 2019-08-25 00:00:00 | EDT   | EDT  |   4 |
| 172.31.57.89 | 107.13.54.103 | EDT      | 2019-08-25 12:00:00 | EDT   | EDT  |   5 |
| 172.31.57.89 | 107.13.54.103 | N/A      | 2019-08-25 12:00:00 | EDT   | N/A  |   6 |
| 172.31.57.89 | 99.9.55.22    | N/A      | 2019-08-25 12:00:00 | N/A   | N/A  |   2 |
+--------------+---------------+----------+---------------------+-------+------+-----+
(8 rows)

!ok

#-------------------------------------------------------------------------
# TESTCASE: test_sql_test_order_by TEST_ID: A15_Q2
#-------------------------------------------------------------------------
SELECT server_ip,
       client_ip,
       timezone,
       cast(time_floor(__time, 'PT12H') AS char) t,
       first_value(timezone) OVER w FIRST,
                                    last_value(timezone) OVER w LAST,
                                                                count(timezone) OVER w cnt
FROM test_win
WHERE client_ip IN ('107.13.54.103',
                    '99.9.55.22')
GROUP BY server_ip,
         client_ip,
         timezone,
         time_floor(__time, 'PT12H') WINDOW w AS (PARTITION BY client_ip
                                                  ORDER BY server_ip ASC,
                                                           length(server_ip) ASC, cast(length(server_ip) AS DOUBLE)+0.123 ASC,
                                                                                  timezone,
                                                                                  time_floor(__time, 'PT12H'))
ORDER BY server_ip ASC,
         client_ip ASC,
         timezone ASC,
         t ASC,
         FIRST ASC, LAST ASC, cnt ASC;
+--------------+---------------+----------+---------------------+-------+------+-----+
| server_ip    | client_ip     | timezone | t                   | FIRST | LAST | cnt |
+--------------+---------------+----------+---------------------+-------+------+-----+
| 172.31.11.5  | 107.13.54.103 | EDT      | 2019-08-25 00:00:00 | EDT   | EDT  |   1 |
| 172.31.11.5  | 107.13.54.103 | EDT      | 2019-08-25 12:00:00 | EDT   | EDT  |   2 |
| 172.31.11.5  | 107.13.54.103 | N/A      | 2019-08-25 12:00:00 | EDT   | N/A  |   3 |
| 172.31.11.5  | 99.9.55.22    | N/A      | 2019-08-25 12:00:00 | N/A   | N/A  |   1 |
| 172.31.57.89 | 107.13.54.103 | EDT      | 2019-08-25 00:00:00 | EDT   | EDT  |   4 |
| 172.31.57.89 | 107.13.54.103 | EDT      | 2019-08-25 12:00:00 | EDT   | EDT  |   5 |
| 172.31.57.89 | 107.13.54.103 | N/A      | 2019-08-25 12:00:00 | EDT   | N/A  |   6 |
| 172.31.57.89 | 99.9.55.22    | N/A      | 2019-08-25 12:00:00 | N/A   | N/A  |   2 |
+--------------+---------------+----------+---------------------+-------+------+-----+
(8 rows)

!ok

#-------------------------------------------------------------------------
# TESTCASE: test_sql_test_order_by TEST_ID: A16_Q1
#-------------------------------------------------------------------------
SELECT server_ip,
       client_ip,
       timezone,
       cast(time_floor(__time, 'PT12H') AS char) t,
       first_value(timezone) OVER (PARTITION BY client_ip
                                   ORDER BY server_ip ASC, length(server_ip) ASC, cast(length(server_ip) AS DOUBLE)+0.123 ASC, timezone, time_floor(__time, 'PT12H')) FIRST,
                                                                                                                                                                      last_value(timezone) OVER (PARTITION BY client_ip
                                                                                                                                                                                                 ORDER BY server_ip ASC, length(server_ip) ASC, cast(length(server_ip) AS DOUBLE)+0.123 ASC, timezone, time_floor(__time, 'PT12H')) LAST,
                                                                                                                                                                                                                                                                                                                                    count(timezone) OVER (PARTITION BY client_ip
                                                                                                                                                                                                                                                                                                                                                          ORDER BY server_ip ASC, length(server_ip) ASC, cast(length(server_ip) AS DOUBLE)+0.123 ASC, timezone, time_floor(__time, 'PT12H')) cnt
FROM test_win
WHERE client_ip IN ('107.13.54.103',
                    '99.9.55.22')
GROUP BY server_ip,
         client_ip,
         timezone,
         time_floor(__time, 'PT12H')
ORDER BY server_ip DESC,
         client_ip DESC,
         timezone DESC,
         t DESC,
         FIRST DESC, LAST DESC, cnt DESC;
+--------------+---------------+----------+---------------------+-------+------+-----+
| server_ip    | client_ip     | timezone | t                   | FIRST | LAST | cnt |
+--------------+---------------+----------+---------------------+-------+------+-----+
| 172.31.57.89 | 99.9.55.22    | N/A      | 2019-08-25 12:00:00 | N/A   | N/A  |   2 |
| 172.31.57.89 | 107.13.54.103 | N/A      | 2019-08-25 12:00:00 | EDT   | N/A  |   6 |
| 172.31.57.89 | 107.13.54.103 | EDT      | 2019-08-25 12:00:00 | EDT   | EDT  |   5 |
| 172.31.57.89 | 107.13.54.103 | EDT      | 2019-08-25 00:00:00 | EDT   | EDT  |   4 |
| 172.31.11.5  | 99.9.55.22    | N/A      | 2019-08-25 12:00:00 | N/A   | N/A  |   1 |
| 172.31.11.5  | 107.13.54.103 | N/A      | 2019-08-25 12:00:00 | EDT   | N/A  |   3 |
| 172.31.11.5  | 107.13.54.103 | EDT      | 2019-08-25 12:00:00 | EDT   | EDT  |   2 |
| 172.31.11.5  | 107.13.54.103 | EDT      | 2019-08-25 00:00:00 | EDT   | EDT  |   1 |
+--------------+---------------+----------+---------------------+-------+------+-----+
(8 rows)

!ok

#-------------------------------------------------------------------------
# TESTCASE: test_sql_test_order_by TEST_ID: A16_Q2
#-------------------------------------------------------------------------
SELECT server_ip,
       client_ip,
       timezone,
       cast(time_floor(__time, 'PT12H') AS char) t,
       first_value(timezone) OVER w FIRST,
                                    last_value(timezone) OVER w LAST,
                                                                count(timezone) OVER w cnt
FROM test_win
WHERE client_ip IN ('107.13.54.103',
                    '99.9.55.22')
GROUP BY server_ip,
         client_ip,
         timezone,
         time_floor(__time, 'PT12H') WINDOW w AS (PARTITION BY client_ip
                                                  ORDER BY server_ip ASC,
                                                           length(server_ip) ASC, cast(length(server_ip) AS DOUBLE)+0.123 ASC,
                                                                                  timezone,
                                                                                  time_floor(__time, 'PT12H'))
ORDER BY server_ip DESC,
         client_ip DESC,
         timezone DESC,
         t DESC,
         FIRST DESC, LAST DESC, cnt DESC;
+--------------+---------------+----------+---------------------+-------+------+-----+
| server_ip    | client_ip     | timezone | t                   | FIRST | LAST | cnt |
+--------------+---------------+----------+---------------------+-------+------+-----+
| 172.31.57.89 | 99.9.55.22    | N/A      | 2019-08-25 12:00:00 | N/A   | N/A  |   2 |
| 172.31.57.89 | 107.13.54.103 | N/A      | 2019-08-25 12:00:00 | EDT   | N/A  |   6 |
| 172.31.57.89 | 107.13.54.103 | EDT      | 2019-08-25 12:00:00 | EDT   | EDT  |   5 |
| 172.31.57.89 | 107.13.54.103 | EDT      | 2019-08-25 00:00:00 | EDT   | EDT  |   4 |
| 172.31.11.5  | 99.9.55.22    | N/A      | 2019-08-25 12:00:00 | N/A   | N/A  |   1 |
| 172.31.11.5  | 107.13.54.103 | N/A      | 2019-08-25 12:00:00 | EDT   | N/A  |   3 |
| 172.31.11.5  | 107.13.54.103 | EDT      | 2019-08-25 12:00:00 | EDT   | EDT  |   2 |
| 172.31.11.5  | 107.13.54.103 | EDT      | 2019-08-25 00:00:00 | EDT   | EDT  |   1 |
+--------------+---------------+----------+---------------------+-------+------+-----+
(8 rows)

!ok

#-------------------------------------------------------------------------
# TESTCASE: test_sql_test_order_by TEST_ID: A17_Q1
#-------------------------------------------------------------------------
SELECT server_ip,
       client_ip,
       timezone,
       cast(time_floor(__time, 'PT12H') AS char) t,
       first_value(timezone) OVER (PARTITION BY client_ip
                                   ORDER BY server_ip ASC, length(server_ip) ASC, cast(length(server_ip) AS DOUBLE)+0.123 ASC, timezone, time_floor(__time, 'PT12H')) FIRST,
                                                                                                                                                                      last_value(timezone) OVER (PARTITION BY client_ip
                                                                                                                                                                                                 ORDER BY server_ip ASC, length(server_ip) ASC, cast(length(server_ip) AS DOUBLE)+0.123 ASC, timezone, time_floor(__time, 'PT12H')) LAST,
                                                                                                                                                                                                                                                                                                                                    count(timezone) OVER (PARTITION BY client_ip
                                                                                                                                                                                                                                                                                                                                                          ORDER BY server_ip ASC, length(server_ip) ASC, cast(length(server_ip) AS DOUBLE)+0.123 ASC, timezone, time_floor(__time, 'PT12H')) cnt
FROM test_win
WHERE client_ip IN ('107.13.54.103',
                    '99.9.55.22')
GROUP BY server_ip,
         client_ip,
         timezone,
         time_floor(__time, 'PT12H')
ORDER BY server_ip ASC,
         client_ip DESC,
         timezone ASC,
         t DESC,
         FIRST ASC, LAST DESC, cnt ASC;
+--------------+---------------+----------+---------------------+-------+------+-----+
| server_ip    | client_ip     | timezone | t                   | FIRST | LAST | cnt |
+--------------+---------------+----------+---------------------+-------+------+-----+
| 172.31.11.5  | 99.9.55.22    | N/A      | 2019-08-25 12:00:00 | N/A   | N/A  |   1 |
| 172.31.11.5  | 107.13.54.103 | EDT      | 2019-08-25 12:00:00 | EDT   | EDT  |   2 |
| 172.31.11.5  | 107.13.54.103 | EDT      | 2019-08-25 00:00:00 | EDT   | EDT  |   1 |
| 172.31.11.5  | 107.13.54.103 | N/A      | 2019-08-25 12:00:00 | EDT   | N/A  |   3 |
| 172.31.57.89 | 99.9.55.22    | N/A      | 2019-08-25 12:00:00 | N/A   | N/A  |   2 |
| 172.31.57.89 | 107.13.54.103 | EDT      | 2019-08-25 12:00:00 | EDT   | EDT  |   5 |
| 172.31.57.89 | 107.13.54.103 | EDT      | 2019-08-25 00:00:00 | EDT   | EDT  |   4 |
| 172.31.57.89 | 107.13.54.103 | N/A      | 2019-08-25 12:00:00 | EDT   | N/A  |   6 |
+--------------+---------------+----------+---------------------+-------+------+-----+
(8 rows)

!ok

#-------------------------------------------------------------------------
# TESTCASE: test_sql_test_order_by TEST_ID: A17_Q2
#-------------------------------------------------------------------------
SELECT server_ip,
       client_ip,
       timezone,
       cast(time_floor(__time, 'PT12H') AS char) t,
       first_value(timezone) OVER w FIRST,
                                    last_value(timezone) OVER w LAST,
                                                                count(timezone) OVER w cnt
FROM test_win
WHERE client_ip IN ('107.13.54.103',
                    '99.9.55.22')
GROUP BY server_ip,
         client_ip,
         timezone,
         time_floor(__time, 'PT12H') WINDOW w AS (PARTITION BY client_ip
                                                  ORDER BY server_ip ASC,
                                                           length(server_ip) ASC, cast(length(server_ip) AS DOUBLE)+0.123 ASC,
                                                                                  timezone,
                                                                                  time_floor(__time, 'PT12H'))
ORDER BY server_ip ASC,
         client_ip DESC,
         timezone ASC,
         t DESC,
         FIRST ASC, LAST DESC, cnt ASC;
+--------------+---------------+----------+---------------------+-------+------+-----+
| server_ip    | client_ip     | timezone | t                   | FIRST | LAST | cnt |
+--------------+---------------+----------+---------------------+-------+------+-----+
| 172.31.11.5  | 99.9.55.22    | N/A      | 2019-08-25 12:00:00 | N/A   | N/A  |   1 |
| 172.31.11.5  | 107.13.54.103 | EDT      | 2019-08-25 12:00:00 | EDT   | EDT  |   2 |
| 172.31.11.5  | 107.13.54.103 | EDT      | 2019-08-25 00:00:00 | EDT   | EDT  |   1 |
| 172.31.11.5  | 107.13.54.103 | N/A      | 2019-08-25 12:00:00 | EDT   | N/A  |   3 |
| 172.31.57.89 | 99.9.55.22    | N/A      | 2019-08-25 12:00:00 | N/A   | N/A  |   2 |
| 172.31.57.89 | 107.13.54.103 | EDT      | 2019-08-25 12:00:00 | EDT   | EDT  |   5 |
| 172.31.57.89 | 107.13.54.103 | EDT      | 2019-08-25 00:00:00 | EDT   | EDT  |   4 |
| 172.31.57.89 | 107.13.54.103 | N/A      | 2019-08-25 12:00:00 | EDT   | N/A  |   6 |
+--------------+---------------+----------+---------------------+-------+------+-----+
(8 rows)

!ok

