!set useApproximateCountDistinct false
!use druidtest://?componentSupplier=StandardMSQComponentSupplier&datasets=sql/src/test/quidem/qatests/qaJsonCols/funcs_and_sql
!set outputformat mysql
#-------------------------------------------------------------------------
# TESTCASE: test_func_json_keys TEST_ID: SEL_DATASOURCE
#-------------------------------------------------------------------------
SELECT count(*) cnt
FROM test_json_cols;
+-----+
| cnt |
+-----+
|   4 |
+-----+
(1 row)

!ok

#-------------------------------------------------------------------------
# TESTCASE: test_func_json_keys TEST_ID: A001
#-------------------------------------------------------------------------
SELECT json_keys(__time, '$') c
FROM test_json_cols;
+---+
| c |
+---+
|   |
|   |
|   |
|   |
+---+
(4 rows)

!ok

#-------------------------------------------------------------------------
# TESTCASE: test_func_json_keys TEST_ID: A002
#-------------------------------------------------------------------------
SELECT count(*) c
FROM test_json_cols
WHERE json_keys(__time, '$') IS NOT NULL;
+---+
| c |
+---+
| 0 |
+---+
(1 row)

!ok

#-------------------------------------------------------------------------
# TESTCASE: test_func_json_keys TEST_ID: A003
#-------------------------------------------------------------------------
SELECT count(*) c
FROM test_json_cols
WHERE json_keys(__time, '$') IS NULL;
+---+
| c |
+---+
| 4 |
+---+
(1 row)

!ok

#-------------------------------------------------------------------------
# TESTCASE: test_func_json_keys TEST_ID: A004
#-------------------------------------------------------------------------
SELECT json_keys('ABCD', '$') c
FROM test_json_cols;
+---+
| c |
+---+
|   |
|   |
|   |
|   |
+---+
(4 rows)

!ok

#-------------------------------------------------------------------------
# TESTCASE: test_func_json_keys TEST_ID: A005
#-------------------------------------------------------------------------
SELECT count(*) c
FROM test_json_cols
WHERE json_keys('ABCD', '$') IS NOT NULL;
+---+
| c |
+---+
| 0 |
+---+
(1 row)

!ok

#-------------------------------------------------------------------------
# TESTCASE: test_func_json_keys TEST_ID: A006
#-------------------------------------------------------------------------
SELECT count(*) c
FROM test_json_cols
WHERE json_keys('ABCD', '$') IS NULL;
+---+
| c |
+---+
| 4 |
+---+
(1 row)

!ok

#-------------------------------------------------------------------------
# TESTCASE: test_func_json_keys TEST_ID: A007
#-------------------------------------------------------------------------
SELECT json_keys(s_str, '$') c
FROM test_json_cols;
+---+
| c |
+---+
|   |
|   |
|   |
|   |
+---+
(4 rows)

!ok

#-------------------------------------------------------------------------
# TESTCASE: test_func_json_keys TEST_ID: A008
#-------------------------------------------------------------------------
SELECT count(*) c
FROM test_json_cols
WHERE json_keys(s_str, '$') IS NOT NULL;
+---+
| c |
+---+
| 0 |
+---+
(1 row)

!ok

#-------------------------------------------------------------------------
# TESTCASE: test_func_json_keys TEST_ID: A009
#-------------------------------------------------------------------------
SELECT count(*) c
FROM test_json_cols
WHERE json_keys(s_str, '$') IS NULL;
+---+
| c |
+---+
| 4 |
+---+
(1 row)

!ok

#-------------------------------------------------------------------------
# TESTCASE: test_func_json_keys TEST_ID: A010
#-------------------------------------------------------------------------
SELECT json_keys(1234, '$') c
FROM test_json_cols;
+---+
| c |
+---+
|   |
|   |
|   |
|   |
+---+
(4 rows)

!ok

#-------------------------------------------------------------------------
# TESTCASE: test_func_json_keys TEST_ID: A011
#-------------------------------------------------------------------------
SELECT count(*) c
FROM test_json_cols
WHERE json_keys(1234, '$') IS NOT NULL;
+---+
| c |
+---+
| 0 |
+---+
(1 row)

!ok

#-------------------------------------------------------------------------
# TESTCASE: test_func_json_keys TEST_ID: A012
#-------------------------------------------------------------------------
SELECT count(*) c
FROM test_json_cols
WHERE json_keys(1234, '$') IS NULL;
+---+
| c |
+---+
| 4 |
+---+
(1 row)

!ok

#-------------------------------------------------------------------------
# TESTCASE: test_func_json_keys TEST_ID: A013
#-------------------------------------------------------------------------
SELECT json_keys(s_num_int, '$') c
FROM test_json_cols;
+---+
| c |
+---+
|   |
|   |
|   |
|   |
+---+
(4 rows)

!ok

#-------------------------------------------------------------------------
# TESTCASE: test_func_json_keys TEST_ID: A014
#-------------------------------------------------------------------------
SELECT count(*) c
FROM test_json_cols
WHERE json_keys(s_num_int, '$') IS NOT NULL;
+---+
| c |
+---+
| 0 |
+---+
(1 row)

!ok

#-------------------------------------------------------------------------
# TESTCASE: test_func_json_keys TEST_ID: A015
#-------------------------------------------------------------------------
SELECT count(*) c
FROM test_json_cols
WHERE json_keys(s_num_int, '$') IS NULL;
+---+
| c |
+---+
| 4 |
+---+
(1 row)

!ok

#-------------------------------------------------------------------------
# TESTCASE: test_func_json_keys TEST_ID: A016
#-------------------------------------------------------------------------
SELECT json_keys(1234.5678, '$') c
FROM test_json_cols;
+---+
| c |
+---+
|   |
|   |
|   |
|   |
+---+
(4 rows)

!ok

#-------------------------------------------------------------------------
# TESTCASE: test_func_json_keys TEST_ID: A017
#-------------------------------------------------------------------------
SELECT count(*) c
FROM test_json_cols
WHERE json_keys(1234.5678, '$') IS NOT NULL;
+---+
| c |
+---+
| 0 |
+---+
(1 row)

!ok

#-------------------------------------------------------------------------
# TESTCASE: test_func_json_keys TEST_ID: A018
#-------------------------------------------------------------------------
SELECT count(*) c
FROM test_json_cols
WHERE json_keys(1234.5678, '$') IS NULL;
+---+
| c |
+---+
| 4 |
+---+
(1 row)

!ok

#-------------------------------------------------------------------------
# TESTCASE: test_func_json_keys TEST_ID: A019
#-------------------------------------------------------------------------
SELECT json_keys(s_num_float, '$') c
FROM test_json_cols;
+---+
| c |
+---+
|   |
|   |
|   |
|   |
+---+
(4 rows)

!ok

#-------------------------------------------------------------------------
# TESTCASE: test_func_json_keys TEST_ID: A020
#-------------------------------------------------------------------------
SELECT count(*) c
FROM test_json_cols
WHERE json_keys(s_num_float, '$') IS NOT NULL;
+---+
| c |
+---+
| 0 |
+---+
(1 row)

!ok

#-------------------------------------------------------------------------
# TESTCASE: test_func_json_keys TEST_ID: A021
#-------------------------------------------------------------------------
SELECT count(*) c
FROM test_json_cols
WHERE json_keys(s_num_float, '$') IS NULL;
+---+
| c |
+---+
| 4 |
+---+
(1 row)

!ok

#-------------------------------------------------------------------------
# TESTCASE: test_func_json_keys TEST_ID: A022
#-------------------------------------------------------------------------
SELECT json_keys(NULL, '$') c
FROM test_json_cols;
+---+
| c |
+---+
|   |
|   |
|   |
|   |
+---+
(4 rows)

!ok

#-------------------------------------------------------------------------
# TESTCASE: test_func_json_keys TEST_ID: A023
#-------------------------------------------------------------------------
SELECT count(*) c
FROM test_json_cols
WHERE json_keys(NULL, '$') IS NULL;
+---+
| c |
+---+
| 4 |
+---+
(1 row)

!ok

#-------------------------------------------------------------------------
# TESTCASE: test_func_json_keys TEST_ID: A024
#-------------------------------------------------------------------------
SELECT count(*) c
FROM test_json_cols
WHERE json_keys(NULL, '$') IS NOT NULL;
+---+
| c |
+---+
| 0 |
+---+
(1 row)

!ok

#-------------------------------------------------------------------------
# TESTCASE: test_func_json_keys TEST_ID: A025
#-------------------------------------------------------------------------
SELECT json_keys(s_null, '$') c
FROM test_json_cols;
+---+
| c |
+---+
|   |
|   |
|   |
|   |
+---+
(4 rows)

!ok

#-------------------------------------------------------------------------
# TESTCASE: test_func_json_keys TEST_ID: A026
#-------------------------------------------------------------------------
SELECT count(*) c
FROM test_json_cols
WHERE json_keys(s_null, '$') IS NULL;
+---+
| c |
+---+
| 4 |
+---+
(1 row)

!ok

#-------------------------------------------------------------------------
# TESTCASE: test_func_json_keys TEST_ID: A027
#-------------------------------------------------------------------------
SELECT count(*) c
FROM test_json_cols
WHERE json_keys(s_null, '$') IS NOT NULL;
+---+
| c |
+---+
| 0 |
+---+
(1 row)

!ok

#-------------------------------------------------------------------------
# TESTCASE: test_func_json_keys TEST_ID: A028
#-------------------------------------------------------------------------
SELECT json_keys(c1, '$.does.not.exist') c
FROM test_json_cols;
+---+
| c |
+---+
|   |
|   |
|   |
|   |
+---+
(4 rows)

!ok

#-------------------------------------------------------------------------
# TESTCASE: test_func_json_keys TEST_ID: A029
#-------------------------------------------------------------------------
SELECT count(*) c
FROM test_json_cols
WHERE json_keys(c1, '$.does.not.exist') IS NULL;
+---+
| c |
+---+
| 4 |
+---+
(1 row)

!ok

#-------------------------------------------------------------------------
# TESTCASE: test_func_json_keys TEST_ID: A030
#-------------------------------------------------------------------------
SELECT json_keys(c1, '$.a_array[0,1]') c
FROM test_json_cols;
QueryInterruptedException
!error

#-------------------------------------------------------------------------
# TESTCASE: test_func_json_keys TEST_ID: A031
#-------------------------------------------------------------------------
SELECT json_keys(c1, '$.a_array[0:2]') c
FROM test_json_cols;
QueryInterruptedException
!error

#-------------------------------------------------------------------------
# TESTCASE: test_func_json_keys TEST_ID: A032
#-------------------------------------------------------------------------
SELECT json_keys(c1, '$.a_array[:2]') c
FROM test_json_cols;
QueryInterruptedException
!error

#-------------------------------------------------------------------------
# TESTCASE: test_func_json_keys TEST_ID: A033
#-------------------------------------------------------------------------
SELECT json_keys(c1, '$.a_array[0:]') c
FROM test_json_cols;
QueryInterruptedException
!error

#-------------------------------------------------------------------------
# TESTCASE: test_func_json_keys TEST_ID: A034
#-------------------------------------------------------------------------
SELECT json_keys(c1, '$.a_array[-1].a_str') c
FROM test_json_cols;
+---+
| c |
+---+
|   |
|   |
|   |
|   |
+---+
(4 rows)

!ok

#-------------------------------------------------------------------------
# TESTCASE: test_func_json_keys TEST_ID: A035
#-------------------------------------------------------------------------
SELECT json_keys(c1, '$.a_array[-2].a_str') c
FROM test_json_cols;
+---+
| c |
+---+
|   |
|   |
|   |
|   |
+---+
(4 rows)

!ok

#-------------------------------------------------------------------------
# TESTCASE: test_func_json_keys TEST_ID: A036
#-------------------------------------------------------------------------
SELECT json_keys(c1, '$.a_array[-1234567890].a_str') c
FROM test_json_cols;
+---+
| c |
+---+
|   |
|   |
|   |
|   |
+---+
(4 rows)

!ok

#-------------------------------------------------------------------------
# TESTCASE: test_func_json_keys TEST_ID: A037
#-------------------------------------------------------------------------
SELECT json_keys(c1, '$.a_array[0].a_str.length()') c
FROM test_json_cols;
+---+
| c |
+---+
|   |
|   |
|   |
|   |
+---+
(4 rows)

!ok

#-------------------------------------------------------------------------
# TESTCASE: test_func_json_keys TEST_ID: A038
#-------------------------------------------------------------------------
SELECT json_keys(s_str, '$') c
FROM test_json_cols;
+---+
| c |
+---+
|   |
|   |
|   |
|   |
+---+
(4 rows)

!ok

#-------------------------------------------------------------------------
# TESTCASE: test_func_json_keys TEST_ID: A039
#-------------------------------------------------------------------------
SELECT json_keys(s_num_int, '$') c
FROM test_json_cols;
+---+
| c |
+---+
|   |
|   |
|   |
|   |
+---+
(4 rows)

!ok

#-------------------------------------------------------------------------
# TESTCASE: test_func_json_keys TEST_ID: A040
#-------------------------------------------------------------------------
SELECT json_keys(s_num_float, '$') c
FROM test_json_cols;
+---+
| c |
+---+
|   |
|   |
|   |
|   |
+---+
(4 rows)

!ok

#-------------------------------------------------------------------------
# TESTCASE: test_func_json_keys TEST_ID: A041
#-------------------------------------------------------------------------
SELECT json_keys(s_null, '$') c
FROM test_json_cols;
+---+
| c |
+---+
|   |
|   |
|   |
|   |
+---+
(4 rows)

!ok

#-------------------------------------------------------------------------
# TESTCASE: test_func_json_keys TEST_ID: A042
#-------------------------------------------------------------------------
SELECT json_keys(c_empty_obj, '$') c
FROM test_json_cols;
+----+
| c  |
+----+
| [] |
| [] |
|    |
|    |
+----+
(4 rows)

!ok

#-------------------------------------------------------------------------
# TESTCASE: test_func_json_keys TEST_ID: A043
#-------------------------------------------------------------------------
SELECT json_keys(c_empty_array, '$') c
FROM test_json_cols;
+----+
| c  |
+----+
| [] |
| [] |
|    |
|    |
+----+
(4 rows)

!ok

#-------------------------------------------------------------------------
# TESTCASE: test_func_json_keys TEST_ID: A044
#-------------------------------------------------------------------------
SELECT json_keys(c_empty_obj_nested, '$') c
FROM test_json_cols;
+--------------+
| c            |
+--------------+
| [o1, o2, o3] |
| [o1, o2, o3] |
|              |
|              |
+--------------+
(4 rows)

!ok

#-------------------------------------------------------------------------
# TESTCASE: test_func_json_keys TEST_ID: A045
#-------------------------------------------------------------------------
SELECT json_keys(c_empty_array_nested, '$') c
FROM test_json_cols;
+-----------+
| c         |
+-----------+
| [0, 1, 2] |
| [0, 1, 2] |
|           |
|           |
+-----------+
(4 rows)

!ok

#-------------------------------------------------------------------------
# TESTCASE: test_func_json_keys TEST_ID: A046
#-------------------------------------------------------------------------
SELECT json_keys(c1, '$') c
FROM test_json_cols;
+---------------------------------------------------------------------------------------------------------------------------------------+
| c                                                                                                                                     |
+---------------------------------------------------------------------------------------------------------------------------------------+
| [a_str, a_num_int, a_num_float, a_bool, a_null, a_empty_obj, a_empty_array, a_empty_obj_nested, a_empty_array_nested, a_obj, a_array] |
| [a_str, a_num_int, a_num_float, a_bool, a_null, a_empty_obj, a_empty_array, a_empty_obj_nested, a_empty_array_nested, a_obj, a_array] |
| [b_str, b_num_int, b_num_float, b_bool, b_null, b_empty_obj, b_empty_array, b_empty_obj_nested, b_empty_array_nested, b_obj, b_array] |
| [b_str, b_num_int, b_num_float, b_bool, b_null, b_empty_obj, b_empty_array, b_empty_obj_nested, b_empty_array_nested, b_obj, b_array] |
+---------------------------------------------------------------------------------------------------------------------------------------+
(4 rows)

!ok

#-------------------------------------------------------------------------
# TESTCASE: test_func_json_keys TEST_ID: A047
#-------------------------------------------------------------------------
SELECT json_keys(c1, '$.a_obj') c
FROM test_json_cols;
+---------------------------------------------------------------------------------------------------------------------------------------+
| c                                                                                                                                     |
+---------------------------------------------------------------------------------------------------------------------------------------+
| [a_str, a_num_int, a_num_float, a_bool, a_null, a_empty_obj, a_empty_array, a_empty_obj_nested, a_empty_array_nested, a_obj, a_array] |
| [a_str, a_num_int, a_num_float, a_bool, a_null, a_empty_obj, a_empty_array, a_empty_obj_nested, a_empty_array_nested, a_obj, a_array] |
|                                                                                                                                       |
|                                                                                                                                       |
+---------------------------------------------------------------------------------------------------------------------------------------+
(4 rows)

!ok

#-------------------------------------------------------------------------
# TESTCASE: test_func_json_keys TEST_ID: A048
#-------------------------------------------------------------------------
SELECT json_keys(c1, '$.a_obj.a_str') c
FROM test_json_cols;
+---+
| c |
+---+
|   |
|   |
|   |
|   |
+---+
(4 rows)

!ok

#-------------------------------------------------------------------------
# TESTCASE: test_func_json_keys TEST_ID: A049
#-------------------------------------------------------------------------
SELECT json_keys(c1, '$.a_obj.a_num_int') c
FROM test_json_cols;
+---+
| c |
+---+
|   |
|   |
|   |
|   |
+---+
(4 rows)

!ok

