!set useApproximateCountDistinct false
!use druidtest://?componentSupplier=AllDruidEnginesComponentSupplier&datasets=sql/src/test/quidem/qatests/qaJsonCols/funcs_and_sql
!set outputformat mysql
#-------------------------------------------------------------------------
# TESTCASE: test_func_json_query TEST_ID: A050
#-------------------------------------------------------------------------
SELECT json_query(s_num_int, '$') c
FROM test_json_cols;
+---+
| c |
+---+
| 1 |
| 1 |
|   |
|   |
+---+
(4 rows)

!ok

#-------------------------------------------------------------------------
# TESTCASE: test_func_json_query TEST_ID: A051
#-------------------------------------------------------------------------
SELECT json_query(c1, '$.a_num_int') c
FROM test_json_cols;
+---+
| c |
+---+
| 1 |
| 1 |
|   |
|   |
+---+
(4 rows)

!ok

#-------------------------------------------------------------------------
# TESTCASE: test_func_json_query TEST_ID: A052
#-------------------------------------------------------------------------
SELECT json_query(c1, '$.a_obj.a_num_int') c
FROM test_json_cols;
+---+
| c |
+---+
| 1 |
| 1 |
|   |
|   |
+---+
(4 rows)

!ok

#-------------------------------------------------------------------------
# TESTCASE: test_func_json_query TEST_ID: A053
#-------------------------------------------------------------------------
SELECT json_query(c1, '$.a_array[0].a_num_int') c
FROM test_json_cols;
+---+
| c |
+---+
| 1 |
| 1 |
|   |
|   |
+---+
(4 rows)

!ok

#-------------------------------------------------------------------------
# TESTCASE: test_func_json_query TEST_ID: A054
#-------------------------------------------------------------------------
SELECT count(*) c
FROM test_json_cols
WHERE json_query(c1, '$.a_num_int') IS NULL;
+---+
| c |
+---+
| 2 |
+---+
(1 row)

!ok

#-------------------------------------------------------------------------
# TESTCASE: test_func_json_query TEST_ID: A055
#-------------------------------------------------------------------------
SELECT count(*) c
FROM test_json_cols
WHERE json_query(c1, '$.a_num_int') IS NOT NULL;
+---+
| c |
+---+
| 2 |
+---+
(1 row)

!ok

#-------------------------------------------------------------------------
# TESTCASE: test_func_json_query TEST_ID: A056
#-------------------------------------------------------------------------
SELECT json_query(s_num_float, '$') c
FROM test_json_cols;
+-----+
| c   |
+-----+
| 0.1 |
| 0.1 |
|     |
|     |
+-----+
(4 rows)

!ok

#-------------------------------------------------------------------------
# TESTCASE: test_func_json_query TEST_ID: A057
#-------------------------------------------------------------------------
SELECT json_query(c1, '$.a_num_float') c
FROM test_json_cols;
+-----+
| c   |
+-----+
| 0.1 |
| 0.1 |
|     |
|     |
+-----+
(4 rows)

!ok

#-------------------------------------------------------------------------
# TESTCASE: test_func_json_query TEST_ID: A058
#-------------------------------------------------------------------------
SELECT json_query(c1, '$.a_obj.a_num_float') c
FROM test_json_cols;
+-----+
| c   |
+-----+
| 0.1 |
| 0.1 |
|     |
|     |
+-----+
(4 rows)

!ok

#-------------------------------------------------------------------------
# TESTCASE: test_func_json_query TEST_ID: A059
#-------------------------------------------------------------------------
SELECT json_query(c1, '$.a_array[0].a_num_float') c
FROM test_json_cols;
+-----+
| c   |
+-----+
| 0.1 |
| 0.1 |
|     |
|     |
+-----+
(4 rows)

!ok

#-------------------------------------------------------------------------
# TESTCASE: test_func_json_query TEST_ID: A060
#-------------------------------------------------------------------------
SELECT count(*) c
FROM test_json_cols
WHERE json_query(c1, '$.a_num_float') IS NULL;
+---+
| c |
+---+
| 2 |
+---+
(1 row)

!ok

#-------------------------------------------------------------------------
# TESTCASE: test_func_json_query TEST_ID: A061
#-------------------------------------------------------------------------
SELECT count(*) c
FROM test_json_cols
WHERE json_query(c1, '$.a_num_float') IS NOT NULL;
+---+
| c |
+---+
| 2 |
+---+
(1 row)

!ok

#-------------------------------------------------------------------------
# TESTCASE: test_func_json_query TEST_ID: A062
#-------------------------------------------------------------------------
SELECT json_query(s_bool, '$') c
FROM test_json_cols;
+---+
| c |
+---+
| 1 |
| 1 |
|   |
|   |
+---+
(4 rows)

!ok

#-------------------------------------------------------------------------
# TESTCASE: test_func_json_query TEST_ID: A063
#-------------------------------------------------------------------------
SELECT json_query(c1, '$.a_bool') c
FROM test_json_cols;
+------+
| c    |
+------+
| true |
| true |
|      |
|      |
+------+
(4 rows)

!ok

#-------------------------------------------------------------------------
# TESTCASE: test_func_json_query TEST_ID: A064
#-------------------------------------------------------------------------
SELECT json_query(c1, '$.a_obj.a_bool') c
FROM test_json_cols;
+------+
| c    |
+------+
| true |
| true |
|      |
|      |
+------+
(4 rows)

!ok

#-------------------------------------------------------------------------
# TESTCASE: test_func_json_query TEST_ID: A065
#-------------------------------------------------------------------------
SELECT json_query(c1, '$.a_array[0].a_bool') c
FROM test_json_cols;
+------+
| c    |
+------+
| true |
| true |
|      |
|      |
+------+
(4 rows)

!ok

#-------------------------------------------------------------------------
# TESTCASE: test_func_json_query TEST_ID: A066
#-------------------------------------------------------------------------
SELECT count(*) c
FROM test_json_cols
WHERE json_query(c1, '$.a_bool') IS NULL;
+---+
| c |
+---+
| 2 |
+---+
(1 row)

!ok

#-------------------------------------------------------------------------
# TESTCASE: test_func_json_query TEST_ID: A067
#-------------------------------------------------------------------------
SELECT count(*) c
FROM test_json_cols
WHERE json_query(c1, '$.a_bool') IS NOT NULL;
+---+
| c |
+---+
| 2 |
+---+
(1 row)

!ok

#-------------------------------------------------------------------------
# TESTCASE: test_func_json_query TEST_ID: A068
#-------------------------------------------------------------------------
SELECT json_query(s_null, '$') c
FROM test_json_cols;
+---+
| c |
+---+
|   |
|   |
|   |
|   |
+---+
(4 rows)

!ok

#-------------------------------------------------------------------------
# TESTCASE: test_func_json_query TEST_ID: A069
#-------------------------------------------------------------------------
SELECT json_query(c1, '$.a_null') c
FROM test_json_cols;
+---+
| c |
+---+
|   |
|   |
|   |
|   |
+---+
(4 rows)

!ok

#-------------------------------------------------------------------------
# TESTCASE: test_func_json_query TEST_ID: A070
#-------------------------------------------------------------------------
SELECT json_query(c1, '$.a_obj.a_null') c
FROM test_json_cols;
+---+
| c |
+---+
|   |
|   |
|   |
|   |
+---+
(4 rows)

!ok

#-------------------------------------------------------------------------
# TESTCASE: test_func_json_query TEST_ID: A071
#-------------------------------------------------------------------------
SELECT json_query(c1, '$.a_array[0].a_null') c
FROM test_json_cols;
+---+
| c |
+---+
|   |
|   |
|   |
|   |
+---+
(4 rows)

!ok

#-------------------------------------------------------------------------
# TESTCASE: test_func_json_query TEST_ID: A072
#-------------------------------------------------------------------------
SELECT count(*) c
FROM test_json_cols
WHERE json_query(c1, '$.a_null') IS NULL;
+---+
| c |
+---+
| 4 |
+---+
(1 row)

!ok

#-------------------------------------------------------------------------
# TESTCASE: test_func_json_query TEST_ID: A073
#-------------------------------------------------------------------------
SELECT count(*) c
FROM test_json_cols
WHERE json_query(c1, '$.a_null') IS NOT NULL;
+---+
| c |
+---+
| 0 |
+---+
(1 row)

!ok

#-------------------------------------------------------------------------
# TESTCASE: test_func_json_query TEST_ID: A074
#-------------------------------------------------------------------------
SELECT json_query(c_empty_obj, '$') c
FROM test_json_cols;
+----+
| c  |
+----+
| {} |
| {} |
|    |
|    |
+----+
(4 rows)

!ok

#-------------------------------------------------------------------------
# TESTCASE: test_func_json_query TEST_ID: A075
#-------------------------------------------------------------------------
SELECT count(*) c
FROM test_json_cols
WHERE json_query(c_empty_obj, '$') IS NULL;
+---+
| c |
+---+
| 2 |
+---+
(1 row)

!ok

#-------------------------------------------------------------------------
# TESTCASE: test_func_json_query TEST_ID: A076
#-------------------------------------------------------------------------
SELECT count(*) c
FROM test_json_cols
WHERE json_query(c_empty_obj, '$') IS NOT NULL;
+---+
| c |
+---+
| 2 |
+---+
(1 row)

!ok

#-------------------------------------------------------------------------
# TESTCASE: test_func_json_query TEST_ID: A077
#-------------------------------------------------------------------------
SELECT json_query(c_empty_array, '$') c
FROM test_json_cols;
+----+
| c  |
+----+
| [] |
| [] |
|    |
|    |
+----+
(4 rows)

!ok

#-------------------------------------------------------------------------
# TESTCASE: test_func_json_query TEST_ID: A078
#-------------------------------------------------------------------------
SELECT count(*) c
FROM test_json_cols
WHERE json_query(c_empty_array, '$') IS NULL;
+---+
| c |
+---+
| 2 |
+---+
(1 row)

!ok

#-------------------------------------------------------------------------
# TESTCASE: test_func_json_query TEST_ID: A079
#-------------------------------------------------------------------------
SELECT count(*) c
FROM test_json_cols
WHERE json_query(c_empty_array, '$') IS NOT NULL;
+---+
| c |
+---+
| 2 |
+---+
(1 row)

!ok

#-------------------------------------------------------------------------
# TESTCASE: test_func_json_query TEST_ID: A080
#-------------------------------------------------------------------------
SELECT json_query(c_empty_obj_nested, '$.o1') c
FROM test_json_cols;
+----+
| c  |
+----+
| {} |
| {} |
|    |
|    |
+----+
(4 rows)

!ok

#-------------------------------------------------------------------------
# TESTCASE: test_func_json_query TEST_ID: A081
#-------------------------------------------------------------------------
SELECT count(*) c
FROM test_json_cols
WHERE json_query(c_empty_obj_nested, '$.o1') IS NULL;
+---+
| c |
+---+
| 2 |
+---+
(1 row)

!ok

#-------------------------------------------------------------------------
# TESTCASE: test_func_json_query TEST_ID: A082
#-------------------------------------------------------------------------
SELECT count(*) c
FROM test_json_cols
WHERE json_query(c_empty_obj_nested, '$.o1') IS NOT NULL;
+---+
| c |
+---+
| 2 |
+---+
(1 row)

!ok

#-------------------------------------------------------------------------
# TESTCASE: test_func_json_query TEST_ID: A083
#-------------------------------------------------------------------------
SELECT json_query(c_empty_obj_nested, '$.o2') c
FROM test_json_cols;
+----+
| c  |
+----+
| [] |
| [] |
|    |
|    |
+----+
(4 rows)

!ok

#-------------------------------------------------------------------------
# TESTCASE: test_func_json_query TEST_ID: A084
#-------------------------------------------------------------------------
SELECT count(*) c
FROM test_json_cols
WHERE json_query(c_empty_obj_nested, '$.o2') IS NULL;
+---+
| c |
+---+
| 2 |
+---+
(1 row)

!ok

#-------------------------------------------------------------------------
# TESTCASE: test_func_json_query TEST_ID: A085
#-------------------------------------------------------------------------
SELECT count(*) c
FROM test_json_cols
WHERE json_query(c_empty_obj_nested, '$.o2') IS NOT NULL;
+---+
| c |
+---+
| 2 |
+---+
(1 row)

!ok

#-------------------------------------------------------------------------
# TESTCASE: test_func_json_query TEST_ID: A086
#-------------------------------------------------------------------------
SELECT json_query(c_empty_obj_nested, '$.o3') c
FROM test_json_cols;
+---+
| c |
+---+
|   |
|   |
|   |
|   |
+---+
(4 rows)

!ok

#-------------------------------------------------------------------------
# TESTCASE: test_func_json_query TEST_ID: A087
#-------------------------------------------------------------------------
SELECT count(*) c
FROM test_json_cols
WHERE json_query(c_empty_obj_nested, '$.o3') IS NULL;
+---+
| c |
+---+
| 4 |
+---+
(1 row)

!ok

#-------------------------------------------------------------------------
# TESTCASE: test_func_json_query TEST_ID: A088
#-------------------------------------------------------------------------
SELECT count(*) c
FROM test_json_cols
WHERE json_query(c_empty_obj_nested, '$.o3') IS NOT NULL;
+---+
| c |
+---+
| 0 |
+---+
(1 row)

!ok

#-------------------------------------------------------------------------
# TESTCASE: test_func_json_query TEST_ID: A089
#-------------------------------------------------------------------------
SELECT json_query(c_empty_array_nested, '$[0]') c
FROM test_json_cols;
+----+
| c  |
+----+
| {} |
| {} |
|    |
|    |
+----+
(4 rows)

!ok

#-------------------------------------------------------------------------
# TESTCASE: test_func_json_query TEST_ID: A090
#-------------------------------------------------------------------------
SELECT count(*) c
FROM test_json_cols
WHERE json_query(c_empty_array_nested, '$[0]') IS NULL;
+---+
| c |
+---+
| 2 |
+---+
(1 row)

!ok

#-------------------------------------------------------------------------
# TESTCASE: test_func_json_query TEST_ID: A091
#-------------------------------------------------------------------------
SELECT count(*) c
FROM test_json_cols
WHERE json_query(c_empty_array_nested, '$[0]') IS NOT NULL;
+---+
| c |
+---+
| 2 |
+---+
(1 row)

!ok

#-------------------------------------------------------------------------
# TESTCASE: test_func_json_query TEST_ID: A092
#-------------------------------------------------------------------------
SELECT json_query(c_empty_array_nested, '$[1]') c
FROM test_json_cols;
+----+
| c  |
+----+
| [] |
| [] |
|    |
|    |
+----+
(4 rows)

!ok

#-------------------------------------------------------------------------
# TESTCASE: test_func_json_query TEST_ID: A093
#-------------------------------------------------------------------------
SELECT count(*) c
FROM test_json_cols
WHERE json_query(c_empty_array_nested, '$[1]') IS NULL;
+---+
| c |
+---+
| 2 |
+---+
(1 row)

!ok

#-------------------------------------------------------------------------
# TESTCASE: test_func_json_query TEST_ID: A094
#-------------------------------------------------------------------------
SELECT count(*) c
FROM test_json_cols
WHERE json_query(c_empty_array_nested, '$[1]') IS NOT NULL;
+---+
| c |
+---+
| 2 |
+---+
(1 row)

!ok

#-------------------------------------------------------------------------
# TESTCASE: test_func_json_query TEST_ID: A095
#-------------------------------------------------------------------------
SELECT json_query(c_empty_array_nested, '$[2]') c
FROM test_json_cols;
+---+
| c |
+---+
|   |
|   |
|   |
|   |
+---+
(4 rows)

!ok

#-------------------------------------------------------------------------
# TESTCASE: test_func_json_query TEST_ID: A096
#-------------------------------------------------------------------------
SELECT count(*) c
FROM test_json_cols
WHERE json_query(c_empty_array_nested, '$[2]') IS NULL;
+---+
| c |
+---+
| 4 |
+---+
(1 row)

!ok

#-------------------------------------------------------------------------
# TESTCASE: test_func_json_query TEST_ID: A097
#-------------------------------------------------------------------------
SELECT count(*) c
FROM test_json_cols
WHERE json_query(c_empty_array_nested, '$[2]') IS NOT NULL;
+---+
| c |
+---+
| 0 |
+---+
(1 row)

!ok

#-------------------------------------------------------------------------
# TESTCASE: test_func_json_query TEST_ID: A098
#-------------------------------------------------------------------------
SELECT json_query(c_empty_obj_nested, '$.') c
FROM test_json_cols;
+-----------------------------+
| c                           |
+-----------------------------+
| {"o1":{},"o2":[],"o3":null} |
| {"o1":{},"o2":[],"o3":null} |
|                             |
|                             |
+-----------------------------+
(4 rows)

!ok

#-------------------------------------------------------------------------
# TESTCASE: test_func_json_query TEST_ID: A099
#-------------------------------------------------------------------------
SELECT count(*) c
FROM test_json_cols
WHERE json_query(c_empty_obj_nested, '$.') IS NULL;
+---+
| c |
+---+
| 2 |
+---+
(1 row)

!ok

