!set useApproximateCountDistinct false
!use druidtest://?componentSupplier=StandardMSQComponentSupplier&datasets=sql/src/test/quidem/qatests/qaJsonCols/funcs_and_sql
!set outputformat mysql
#-------------------------------------------------------------------------
# TESTCASE: test_func_json_keys TEST_ID: A050
#-------------------------------------------------------------------------
SELECT json_keys(c1, '$.a_obj.a_num_float') c
FROM test_json_cols;
+---+
| c |
+---+
|   |
|   |
|   |
|   |
+---+
(4 rows)

!ok

#-------------------------------------------------------------------------
# TESTCASE: test_func_json_keys TEST_ID: A051
#-------------------------------------------------------------------------
SELECT json_keys(c1, '$.a_obj.a_null') c
FROM test_json_cols;
+---+
| c |
+---+
|   |
|   |
|   |
|   |
+---+
(4 rows)

!ok

#-------------------------------------------------------------------------
# TESTCASE: test_func_json_keys TEST_ID: A052
#-------------------------------------------------------------------------
SELECT json_keys(c1, '$.a_obj.a_empty_obj') c
FROM test_json_cols;
+----+
| c  |
+----+
| [] |
| [] |
|    |
|    |
+----+
(4 rows)

!ok

#-------------------------------------------------------------------------
# TESTCASE: test_func_json_keys TEST_ID: A053
#-------------------------------------------------------------------------
SELECT json_keys(c1, '$.a_obj.a_empty_array') c
FROM test_json_cols;
+----+
| c  |
+----+
| [] |
| [] |
|    |
|    |
+----+
(4 rows)

!ok

#-------------------------------------------------------------------------
# TESTCASE: test_func_json_keys TEST_ID: A054
#-------------------------------------------------------------------------
SELECT json_keys(c1, '$.a_obj.a_empty_obj_nested') c
FROM test_json_cols;
+--------------+
| c            |
+--------------+
| [o1, o2, o3] |
| [o1, o2, o3] |
|              |
|              |
+--------------+
(4 rows)

!ok

#-------------------------------------------------------------------------
# TESTCASE: test_func_json_keys TEST_ID: A055
#-------------------------------------------------------------------------
SELECT json_keys(c1, '$.a_obj.a_empty_array_nested') c
FROM test_json_cols;
+-----------+
| c         |
+-----------+
| [0, 1, 2] |
| [0, 1, 2] |
|           |
|           |
+-----------+
(4 rows)

!ok

#-------------------------------------------------------------------------
# TESTCASE: test_func_json_keys TEST_ID: A056
#-------------------------------------------------------------------------
SELECT json_keys(c1, '$.a_obj.a_obj') c
FROM test_json_cols;
+-----------------------------------------------------------------------------------------------------------------------+
| c                                                                                                                     |
+-----------------------------------------------------------------------------------------------------------------------+
| [a_str, a_num_int, a_num_float, a_bool, a_null, a_empty_obj, a_empty_array, a_empty_obj_nested, a_empty_array_nested] |
| [a_str, a_num_int, a_num_float, a_bool, a_null, a_empty_obj, a_empty_array, a_empty_obj_nested, a_empty_array_nested] |
|                                                                                                                       |
|                                                                                                                       |
+-----------------------------------------------------------------------------------------------------------------------+
(4 rows)

!ok

#-------------------------------------------------------------------------
# TESTCASE: test_func_json_keys TEST_ID: A057
#-------------------------------------------------------------------------
SELECT json_keys(c1, '$.a_obj.a_array') c
FROM test_json_cols;
+--------+
| c      |
+--------+
| [0, 1] |
| [0, 1] |
|        |
|        |
+--------+
(4 rows)

!ok

#-------------------------------------------------------------------------
# TESTCASE: test_func_json_keys TEST_ID: A058
#-------------------------------------------------------------------------
SELECT json_keys(c1, '$.a_obj.a_array[0]') c
FROM test_json_cols;
+-----------------------------------------------------------------------------------------------------------------------+
| c                                                                                                                     |
+-----------------------------------------------------------------------------------------------------------------------+
| [a_str, a_num_int, a_num_float, a_bool, a_null, a_empty_obj, a_empty_array, a_empty_obj_nested, a_empty_array_nested] |
| [a_str, a_num_int, a_num_float, a_bool, a_null, a_empty_obj, a_empty_array, a_empty_obj_nested, a_empty_array_nested] |
|                                                                                                                       |
|                                                                                                                       |
+-----------------------------------------------------------------------------------------------------------------------+
(4 rows)

!ok

#-------------------------------------------------------------------------
# TESTCASE: test_func_json_keys TEST_ID: A059
#-------------------------------------------------------------------------
SELECT json_keys(c1, '$.a_obj.a_array[0].a_str') c
FROM test_json_cols;
+---+
| c |
+---+
|   |
|   |
|   |
|   |
+---+
(4 rows)

!ok

#-------------------------------------------------------------------------
# TESTCASE: test_func_json_keys TEST_ID: A060
#-------------------------------------------------------------------------
SELECT json_keys(c1, '$.a_obj.a_array[0].a_num_int') c
FROM test_json_cols;
+---+
| c |
+---+
|   |
|   |
|   |
|   |
+---+
(4 rows)

!ok

#-------------------------------------------------------------------------
# TESTCASE: test_func_json_keys TEST_ID: A061
#-------------------------------------------------------------------------
SELECT json_keys(c1, '$.a_obj.a_array[0].a_num_float') c
FROM test_json_cols;
+---+
| c |
+---+
|   |
|   |
|   |
|   |
+---+
(4 rows)

!ok

#-------------------------------------------------------------------------
# TESTCASE: test_func_json_keys TEST_ID: A062
#-------------------------------------------------------------------------
SELECT json_keys(c1, '$.a_obj.a_array[0].a_null') c
FROM test_json_cols;
+---+
| c |
+---+
|   |
|   |
|   |
|   |
+---+
(4 rows)

!ok

#-------------------------------------------------------------------------
# TESTCASE: test_func_json_keys TEST_ID: A063
#-------------------------------------------------------------------------
SELECT json_keys(c1, '$.a_obj.a_array[0].a_empty_obj') c
FROM test_json_cols;
+----+
| c  |
+----+
| [] |
| [] |
|    |
|    |
+----+
(4 rows)

!ok

#-------------------------------------------------------------------------
# TESTCASE: test_func_json_keys TEST_ID: A064
#-------------------------------------------------------------------------
SELECT json_keys(c1, '$.a_obj.a_array[0].a_empty_array') c
FROM test_json_cols;
+----+
| c  |
+----+
| [] |
| [] |
|    |
|    |
+----+
(4 rows)

!ok

#-------------------------------------------------------------------------
# TESTCASE: test_func_json_keys TEST_ID: A065
#-------------------------------------------------------------------------
SELECT json_keys(c1, '$.a_obj.a_array[0].a_empty_obj_nested') c
FROM test_json_cols;
+--------------+
| c            |
+--------------+
| [o1, o2, o3] |
| [o1, o2, o3] |
|              |
|              |
+--------------+
(4 rows)

!ok

#-------------------------------------------------------------------------
# TESTCASE: test_func_json_keys TEST_ID: A066
#-------------------------------------------------------------------------
SELECT json_keys(c1, '$.a_obj.a_array[0].a_empty_array_nested') c
FROM test_json_cols;
+-----------+
| c         |
+-----------+
| [0, 1, 2] |
| [0, 1, 2] |
|           |
|           |
+-----------+
(4 rows)

!ok

#-------------------------------------------------------------------------
# TESTCASE: test_func_json_keys TEST_ID: A067
#-------------------------------------------------------------------------
SELECT json_keys(c1, '$.a_array') c
FROM test_json_cols;
+--------+
| c      |
+--------+
| [0, 1] |
| [0, 1] |
|        |
|        |
+--------+
(4 rows)

!ok

#-------------------------------------------------------------------------
# TESTCASE: test_func_json_keys TEST_ID: A068
#-------------------------------------------------------------------------
SELECT json_keys(c1, '$.a_array[0]') c
FROM test_json_cols;
+---------------------------------------------------------------------------------------------------------------------------------------+
| c                                                                                                                                     |
+---------------------------------------------------------------------------------------------------------------------------------------+
| [a_str, a_num_int, a_num_float, a_bool, a_null, a_empty_obj, a_empty_array, a_empty_obj_nested, a_empty_array_nested, a_obj, a_array] |
| [a_str, a_num_int, a_num_float, a_bool, a_null, a_empty_obj, a_empty_array, a_empty_obj_nested, a_empty_array_nested, a_obj, a_array] |
|                                                                                                                                       |
|                                                                                                                                       |
+---------------------------------------------------------------------------------------------------------------------------------------+
(4 rows)

!ok

#-------------------------------------------------------------------------
# TESTCASE: test_func_json_keys TEST_ID: A069
#-------------------------------------------------------------------------
SELECT json_keys(c1, '$.a_array[0].a_str') c
FROM test_json_cols;
+---+
| c |
+---+
|   |
|   |
|   |
|   |
+---+
(4 rows)

!ok

#-------------------------------------------------------------------------
# TESTCASE: test_func_json_keys TEST_ID: A070
#-------------------------------------------------------------------------
SELECT json_keys(c1, '$.a_array[0].a_num_int') c
FROM test_json_cols;
+---+
| c |
+---+
|   |
|   |
|   |
|   |
+---+
(4 rows)

!ok

#-------------------------------------------------------------------------
# TESTCASE: test_func_json_keys TEST_ID: A071
#-------------------------------------------------------------------------
SELECT json_keys(c1, '$.a_array[0].a_num_float') c
FROM test_json_cols;
+---+
| c |
+---+
|   |
|   |
|   |
|   |
+---+
(4 rows)

!ok

#-------------------------------------------------------------------------
# TESTCASE: test_func_json_keys TEST_ID: A072
#-------------------------------------------------------------------------
SELECT json_keys(c1, '$.a_array[0].a_null') c
FROM test_json_cols;
+---+
| c |
+---+
|   |
|   |
|   |
|   |
+---+
(4 rows)

!ok

#-------------------------------------------------------------------------
# TESTCASE: test_func_json_keys TEST_ID: A073
#-------------------------------------------------------------------------
SELECT json_keys(c1, '$.a_array[0].a_empty_obj') c
FROM test_json_cols;
+----+
| c  |
+----+
| [] |
| [] |
|    |
|    |
+----+
(4 rows)

!ok

#-------------------------------------------------------------------------
# TESTCASE: test_func_json_keys TEST_ID: A074
#-------------------------------------------------------------------------
SELECT json_keys(c1, '$.a_array[0].a_empty_array') c
FROM test_json_cols;
+----+
| c  |
+----+
| [] |
| [] |
|    |
|    |
+----+
(4 rows)

!ok

#-------------------------------------------------------------------------
# TESTCASE: test_func_json_keys TEST_ID: A075
#-------------------------------------------------------------------------
SELECT json_keys(c1, '$.a_array[0].a_empty_obj_nested') c
FROM test_json_cols;
+--------------+
| c            |
+--------------+
| [o1, o2, o3] |
| [o1, o2, o3] |
|              |
|              |
+--------------+
(4 rows)

!ok

#-------------------------------------------------------------------------
# TESTCASE: test_func_json_keys TEST_ID: A076
#-------------------------------------------------------------------------
SELECT json_keys(c1, '$.a_array[0].a_empty_array_nested') c
FROM test_json_cols;
+-----------+
| c         |
+-----------+
| [0, 1, 2] |
| [0, 1, 2] |
|           |
|           |
+-----------+
(4 rows)

!ok

#-------------------------------------------------------------------------
# TESTCASE: test_func_json_keys TEST_ID: A077
#-------------------------------------------------------------------------
SELECT json_keys(c1, '$.a_array[0].a_obj') c
FROM test_json_cols;
+-----------------------------------------------------------------------------------------------------------------------+
| c                                                                                                                     |
+-----------------------------------------------------------------------------------------------------------------------+
| [a_str, a_num_int, a_num_float, a_bool, a_null, a_empty_obj, a_empty_array, a_empty_obj_nested, a_empty_array_nested] |
| [a_str, a_num_int, a_num_float, a_bool, a_null, a_empty_obj, a_empty_array, a_empty_obj_nested, a_empty_array_nested] |
|                                                                                                                       |
|                                                                                                                       |
+-----------------------------------------------------------------------------------------------------------------------+
(4 rows)

!ok

#-------------------------------------------------------------------------
# TESTCASE: test_func_json_keys TEST_ID: A078
#-------------------------------------------------------------------------
SELECT json_keys(c1, '$.a_array[0].a_obj.a_str') c
FROM test_json_cols;
+---+
| c |
+---+
|   |
|   |
|   |
|   |
+---+
(4 rows)

!ok

#-------------------------------------------------------------------------
# TESTCASE: test_func_json_keys TEST_ID: A079
#-------------------------------------------------------------------------
SELECT json_keys(c1, '$.a_array[0].a_obj.a_num_int') c
FROM test_json_cols;
+---+
| c |
+---+
|   |
|   |
|   |
|   |
+---+
(4 rows)

!ok

#-------------------------------------------------------------------------
# TESTCASE: test_func_json_keys TEST_ID: A080
#-------------------------------------------------------------------------
SELECT json_keys(c1, '$.a_array[0].a_obj.a_num_float') c
FROM test_json_cols;
+---+
| c |
+---+
|   |
|   |
|   |
|   |
+---+
(4 rows)

!ok

#-------------------------------------------------------------------------
# TESTCASE: test_func_json_keys TEST_ID: A081
#-------------------------------------------------------------------------
SELECT json_keys(c1, '$.a_array[0].a_obj.a_null') c
FROM test_json_cols;
+---+
| c |
+---+
|   |
|   |
|   |
|   |
+---+
(4 rows)

!ok

#-------------------------------------------------------------------------
# TESTCASE: test_func_json_keys TEST_ID: A082
#-------------------------------------------------------------------------
SELECT json_keys(c1, '$.a_array[0].a_obj.a_empty_obj') c
FROM test_json_cols;
+----+
| c  |
+----+
| [] |
| [] |
|    |
|    |
+----+
(4 rows)

!ok

#-------------------------------------------------------------------------
# TESTCASE: test_func_json_keys TEST_ID: A083
#-------------------------------------------------------------------------
SELECT json_keys(c1, '$.a_array[0].a_obj.a_empty_array') c
FROM test_json_cols;
+----+
| c  |
+----+
| [] |
| [] |
|    |
|    |
+----+
(4 rows)

!ok

#-------------------------------------------------------------------------
# TESTCASE: test_func_json_keys TEST_ID: A084
#-------------------------------------------------------------------------
SELECT json_keys(c1, '$.a_array[0].a_obj.a_empty_obj_nested') c
FROM test_json_cols;
+--------------+
| c            |
+--------------+
| [o1, o2, o3] |
| [o1, o2, o3] |
|              |
|              |
+--------------+
(4 rows)

!ok

#-------------------------------------------------------------------------
# TESTCASE: test_func_json_keys TEST_ID: A085
#-------------------------------------------------------------------------
SELECT json_keys(c1, '$.a_array[0].a_obj.a_empty_array_nested') c
FROM test_json_cols;
+-----------+
| c         |
+-----------+
| [0, 1, 2] |
| [0, 1, 2] |
|           |
|           |
+-----------+
(4 rows)

!ok

#-------------------------------------------------------------------------
# TESTCASE: test_func_json_keys TEST_ID: A086
#-------------------------------------------------------------------------
SELECT json_keys(c1, '$.a_array[1].a_array') c
FROM test_json_cols;
+--------+
| c      |
+--------+
| [0, 1] |
| [0, 1] |
|        |
|        |
+--------+
(4 rows)

!ok

#-------------------------------------------------------------------------
# TESTCASE: test_func_json_keys TEST_ID: A087
#-------------------------------------------------------------------------
SELECT json_keys(c1, '$.a_array[1].a_array[1]') c
FROM test_json_cols;
+-----------------------------------------------------------------------------------------------------------------------+
| c                                                                                                                     |
+-----------------------------------------------------------------------------------------------------------------------+
| [a_str, a_num_int, a_num_float, a_bool, a_null, a_empty_obj, a_empty_array, a_empty_obj_nested, a_empty_array_nested] |
| [a_str, a_num_int, a_num_float, a_bool, a_null, a_empty_obj, a_empty_array, a_empty_obj_nested, a_empty_array_nested] |
|                                                                                                                       |
|                                                                                                                       |
+-----------------------------------------------------------------------------------------------------------------------+
(4 rows)

!ok

#-------------------------------------------------------------------------
# TESTCASE: test_func_json_keys TEST_ID: A088
#-------------------------------------------------------------------------
SELECT json_keys(c1, '$.a_array[1].a_array[1].a_str') c
FROM test_json_cols;
+---+
| c |
+---+
|   |
|   |
|   |
|   |
+---+
(4 rows)

!ok

#-------------------------------------------------------------------------
# TESTCASE: test_func_json_keys TEST_ID: A089
#-------------------------------------------------------------------------
SELECT json_keys(c1, '$.a_array[1].a_array[1].a_num_int') c
FROM test_json_cols;
+---+
| c |
+---+
|   |
|   |
|   |
|   |
+---+
(4 rows)

!ok

#-------------------------------------------------------------------------
# TESTCASE: test_func_json_keys TEST_ID: A090
#-------------------------------------------------------------------------
SELECT json_keys(c1, '$.a_array[1].a_array[1].a_num_float') c
FROM test_json_cols;
+---+
| c |
+---+
|   |
|   |
|   |
|   |
+---+
(4 rows)

!ok

#-------------------------------------------------------------------------
# TESTCASE: test_func_json_keys TEST_ID: A091
#-------------------------------------------------------------------------
SELECT json_keys(c1, '$.a_array[1].a_array[1].a_null') c
FROM test_json_cols;
+---+
| c |
+---+
|   |
|   |
|   |
|   |
+---+
(4 rows)

!ok

#-------------------------------------------------------------------------
# TESTCASE: test_func_json_keys TEST_ID: A092
#-------------------------------------------------------------------------
SELECT json_keys(c1, '$.a_array[1].a_array[1].a_empty_obj') c
FROM test_json_cols;
+----+
| c  |
+----+
| [] |
| [] |
|    |
|    |
+----+
(4 rows)

!ok

#-------------------------------------------------------------------------
# TESTCASE: test_func_json_keys TEST_ID: A093
#-------------------------------------------------------------------------
SELECT json_keys(c1, '$.a_array[1].a_array[1].a_empty_array') c
FROM test_json_cols;
+----+
| c  |
+----+
| [] |
| [] |
|    |
|    |
+----+
(4 rows)

!ok

#-------------------------------------------------------------------------
# TESTCASE: test_func_json_keys TEST_ID: A094
#-------------------------------------------------------------------------
SELECT json_keys(c1, '$.a_array[1].a_array[1].a_empty_obj_nested') c
FROM test_json_cols;
+--------------+
| c            |
+--------------+
| [o1, o2, o3] |
| [o1, o2, o3] |
|              |
|              |
+--------------+
(4 rows)

!ok

#-------------------------------------------------------------------------
# TESTCASE: test_func_json_keys TEST_ID: A095
#-------------------------------------------------------------------------
SELECT json_keys(c1, '$.a_array[1].a_array[1].a_empty_array_nested') c
FROM test_json_cols;
+-----------+
| c         |
+-----------+
| [0, 1, 2] |
| [0, 1, 2] |
|           |
|           |
+-----------+
(4 rows)

!ok

#-------------------------------------------------------------------------
# TESTCASE: test_func_json_keys TEST_ID: A096
#-------------------------------------------------------------------------
SELECT count(*) c
FROM test_json_cols
WHERE json_keys(c1, '$.a_obj') IS NULL;
+---+
| c |
+---+
| 2 |
+---+
(1 row)

!ok

#-------------------------------------------------------------------------
# TESTCASE: test_func_json_keys TEST_ID: A097
#-------------------------------------------------------------------------
SELECT count(*) c
FROM test_json_cols
WHERE json_keys(c1, '$.a_obj.a_str') IS NULL;
+---+
| c |
+---+
| 4 |
+---+
(1 row)

!ok

#-------------------------------------------------------------------------
# TESTCASE: test_func_json_keys TEST_ID: A098
#-------------------------------------------------------------------------
SELECT count(*) c
FROM
  (SELECT json_keys(c1, '$.a_obj')
   FROM test_json_cols);
+---+
| c |
+---+
| 4 |
+---+
(1 row)

!ok

#-------------------------------------------------------------------------
# TESTCASE: test_func_json_keys TEST_ID: A099
#-------------------------------------------------------------------------
SELECT count(*) c
FROM
  (SELECT ALL json_keys(c1, '$.a_array')
   FROM test_json_cols);
+---+
| c |
+---+
| 4 |
+---+
(1 row)

!ok

