!set useApproximateCountDistinct false
!use druidtest://?componentSupplier=DartComponentSupplier&datasets=sql/src/test/quidem/qatests/qaJsonCols/funcs_and_sql
!set outputformat mysql
#-------------------------------------------------------------------------
# TESTCASE: test_func_json_value TEST_ID: A100
#-------------------------------------------------------------------------
SELECT json_value(c1, '$.a_obj.a_str' RETURNING bigint) c
FROM test_json_cols;
+---+
| c |
+---+
|   |
|   |
|   |
|   |
+---+
(4 rows)

!ok

#-------------------------------------------------------------------------
# TESTCASE: test_func_json_value TEST_ID: A101
#-------------------------------------------------------------------------
SELECT json_value(c1, '$.a_array[0].a_str' RETURNING bigint) c
FROM test_json_cols;
+---+
| c |
+---+
|   |
|   |
|   |
|   |
+---+
(4 rows)

!ok

#-------------------------------------------------------------------------
# TESTCASE: test_func_json_value TEST_ID: A102
#-------------------------------------------------------------------------
SELECT json_value(s_num_int, '$') c
FROM test_json_cols;
+---+
| c |
+---+
| 1 |
| 1 |
|   |
|   |
+---+
(4 rows)

!ok

#-------------------------------------------------------------------------
# TESTCASE: test_func_json_value TEST_ID: A103
#-------------------------------------------------------------------------
SELECT json_value(c1, '$.a_num_int') c
FROM test_json_cols;
+---+
| c |
+---+
| 1 |
| 1 |
|   |
|   |
+---+
(4 rows)

!ok

#-------------------------------------------------------------------------
# TESTCASE: test_func_json_value TEST_ID: A104
#-------------------------------------------------------------------------
SELECT json_value(c1, '$.a_obj.a_num_int') c
FROM test_json_cols;
+---+
| c |
+---+
| 1 |
| 1 |
|   |
|   |
+---+
(4 rows)

!ok

#-------------------------------------------------------------------------
# TESTCASE: test_func_json_value TEST_ID: A105
#-------------------------------------------------------------------------
SELECT json_value(c1, '$.a_array[0].a_num_int') c
FROM test_json_cols;
+---+
| c |
+---+
| 1 |
| 1 |
|   |
|   |
+---+
(4 rows)

!ok

#-------------------------------------------------------------------------
# TESTCASE: test_func_json_value TEST_ID: A106
#-------------------------------------------------------------------------
SELECT json_value(s_num_int, '$' RETURNING bigint) c
FROM test_json_cols;
+---+
| c |
+---+
| 1 |
| 1 |
|   |
|   |
+---+
(4 rows)

!ok

#-------------------------------------------------------------------------
# TESTCASE: test_func_json_value TEST_ID: A107
#-------------------------------------------------------------------------
SELECT json_value(c1, '$.a_num_int' RETURNING bigint) c
FROM test_json_cols;
+---+
| c |
+---+
| 1 |
| 1 |
|   |
|   |
+---+
(4 rows)

!ok

#-------------------------------------------------------------------------
# TESTCASE: test_func_json_value TEST_ID: A108
#-------------------------------------------------------------------------
SELECT json_value(c1, '$.a_obj.a_num_int' RETURNING bigint) c
FROM test_json_cols;
+---+
| c |
+---+
| 1 |
| 1 |
|   |
|   |
+---+
(4 rows)

!ok

#-------------------------------------------------------------------------
# TESTCASE: test_func_json_value TEST_ID: A109
#-------------------------------------------------------------------------
SELECT json_value(c1, '$.a_array[0].a_num_int' RETURNING bigint) c
FROM test_json_cols;
+---+
| c |
+---+
| 1 |
| 1 |
|   |
|   |
+---+
(4 rows)

!ok

#-------------------------------------------------------------------------
# TESTCASE: test_func_json_value TEST_ID: A110
#-------------------------------------------------------------------------
SELECT cast(json_value(s_num_int, '$') AS bigint) c
FROM test_json_cols;
+---+
| c |
+---+
| 1 |
| 1 |
|   |
|   |
+---+
(4 rows)

!ok

#-------------------------------------------------------------------------
# TESTCASE: test_func_json_value TEST_ID: A111
#-------------------------------------------------------------------------
SELECT cast(json_value(c1, '$.a_num_int') AS bigint) c
FROM test_json_cols;
+---+
| c |
+---+
| 1 |
| 1 |
|   |
|   |
+---+
(4 rows)

!ok

#-------------------------------------------------------------------------
# TESTCASE: test_func_json_value TEST_ID: A112
#-------------------------------------------------------------------------
SELECT cast(json_value(c1, '$.a_obj.a_num_int') AS bigint) c
FROM test_json_cols;
+---+
| c |
+---+
| 1 |
| 1 |
|   |
|   |
+---+
(4 rows)

!ok

#-------------------------------------------------------------------------
# TESTCASE: test_func_json_value TEST_ID: A113
#-------------------------------------------------------------------------
SELECT cast(json_value(c1, '$.a_array[0].a_num_int') AS bigint) c
FROM test_json_cols;
+---+
| c |
+---+
| 1 |
| 1 |
|   |
|   |
+---+
(4 rows)

!ok

#-------------------------------------------------------------------------
# TESTCASE: test_func_json_value TEST_ID: A114
#-------------------------------------------------------------------------
SELECT json_value(s_num_float, '$') c
FROM test_json_cols;
+-----+
| c   |
+-----+
| 0.1 |
| 0.1 |
|     |
|     |
+-----+
(4 rows)

!ok

#-------------------------------------------------------------------------
# TESTCASE: test_func_json_value TEST_ID: A115
#-------------------------------------------------------------------------
SELECT json_value(c1, '$.a_num_float') c
FROM test_json_cols;
+-----+
| c   |
+-----+
| 0.1 |
| 0.1 |
|     |
|     |
+-----+
(4 rows)

!ok

#-------------------------------------------------------------------------
# TESTCASE: test_func_json_value TEST_ID: A116
#-------------------------------------------------------------------------
SELECT json_value(c1, '$.a_obj.a_num_float') c
FROM test_json_cols;
+-----+
| c   |
+-----+
| 0.1 |
| 0.1 |
|     |
|     |
+-----+
(4 rows)

!ok

#-------------------------------------------------------------------------
# TESTCASE: test_func_json_value TEST_ID: A117
#-------------------------------------------------------------------------
SELECT json_value(c1, '$.a_array[0].a_num_float') c
FROM test_json_cols;
+-----+
| c   |
+-----+
| 0.1 |
| 0.1 |
|     |
|     |
+-----+
(4 rows)

!ok

#-------------------------------------------------------------------------
# TESTCASE: test_func_json_value TEST_ID: A118
#-------------------------------------------------------------------------
SELECT json_value(s_num_float, '$' RETURNING DOUBLE) c
FROM test_json_cols;
+-----+
| c   |
+-----+
| 0.1 |
| 0.1 |
|     |
|     |
+-----+
(4 rows)

!ok

#-------------------------------------------------------------------------
# TESTCASE: test_func_json_value TEST_ID: A119
#-------------------------------------------------------------------------
SELECT json_value(c1, '$.a_num_float' RETURNING DOUBLE) c
FROM test_json_cols;
+-----+
| c   |
+-----+
| 0.1 |
| 0.1 |
|     |
|     |
+-----+
(4 rows)

!ok

#-------------------------------------------------------------------------
# TESTCASE: test_func_json_value TEST_ID: A120
#-------------------------------------------------------------------------
SELECT json_value(c1, '$.a_obj.a_num_float' RETURNING DOUBLE) c
FROM test_json_cols;
+-----+
| c   |
+-----+
| 0.1 |
| 0.1 |
|     |
|     |
+-----+
(4 rows)

!ok

#-------------------------------------------------------------------------
# TESTCASE: test_func_json_value TEST_ID: A121
#-------------------------------------------------------------------------
SELECT json_value(c1, '$.a_array[0].a_num_float' RETURNING DOUBLE) c
FROM test_json_cols;
+-----+
| c   |
+-----+
| 0.1 |
| 0.1 |
|     |
|     |
+-----+
(4 rows)

!ok

#-------------------------------------------------------------------------
# TESTCASE: test_func_json_value TEST_ID: A122
#-------------------------------------------------------------------------
SELECT cast(json_value(s_num_float, '$') AS DOUBLE) c
FROM test_json_cols;
+-----+
| c   |
+-----+
| 0.1 |
| 0.1 |
|     |
|     |
+-----+
(4 rows)

!ok

#-------------------------------------------------------------------------
# TESTCASE: test_func_json_value TEST_ID: A123
#-------------------------------------------------------------------------
SELECT cast(json_value(c1, '$.a_num_float') AS DOUBLE) c
FROM test_json_cols;
+-----+
| c   |
+-----+
| 0.1 |
| 0.1 |
|     |
|     |
+-----+
(4 rows)

!ok

#-------------------------------------------------------------------------
# TESTCASE: test_func_json_value TEST_ID: A124
#-------------------------------------------------------------------------
SELECT cast(json_value(c1, '$.a_obj.a_num_float') AS DOUBLE) c
FROM test_json_cols;
+-----+
| c   |
+-----+
| 0.1 |
| 0.1 |
|     |
|     |
+-----+
(4 rows)

!ok

#-------------------------------------------------------------------------
# TESTCASE: test_func_json_value TEST_ID: A125
#-------------------------------------------------------------------------
SELECT cast(json_value(c1, '$.a_array[0].a_num_float') AS DOUBLE) c
FROM test_json_cols;
+-----+
| c   |
+-----+
| 0.1 |
| 0.1 |
|     |
|     |
+-----+
(4 rows)

!ok

#-------------------------------------------------------------------------
# TESTCASE: test_func_json_value TEST_ID: A126
#-------------------------------------------------------------------------
SELECT json_value(s_bool, '$') c
FROM test_json_cols;
+---+
| c |
+---+
| 1 |
| 1 |
|   |
|   |
+---+
(4 rows)

!ok

#-------------------------------------------------------------------------
# TESTCASE: test_func_json_value TEST_ID: A127
#-------------------------------------------------------------------------
SELECT json_value(c1, '$.a_bool') c
FROM test_json_cols;
+---+
| c |
+---+
| 1 |
| 1 |
|   |
|   |
+---+
(4 rows)

!ok

#-------------------------------------------------------------------------
# TESTCASE: test_func_json_value TEST_ID: A128
#-------------------------------------------------------------------------
SELECT json_value(c1, '$.a_obj.a_bool') c
FROM test_json_cols;
+---+
| c |
+---+
| 1 |
| 1 |
|   |
|   |
+---+
(4 rows)

!ok

#-------------------------------------------------------------------------
# TESTCASE: test_func_json_value TEST_ID: A129
#-------------------------------------------------------------------------
SELECT json_value(c1, '$.a_array[0].a_bool') c
FROM test_json_cols;
+---+
| c |
+---+
| 1 |
| 1 |
|   |
|   |
+---+
(4 rows)

!ok

#-------------------------------------------------------------------------
# TESTCASE: test_func_json_value TEST_ID: A130
#-------------------------------------------------------------------------
SELECT json_value(s_bool, '$' RETURNING boolean) c
FROM test_json_cols;
+------+
| c    |
+------+
| true |
| true |
|      |
|      |
+------+
(4 rows)

!ok

#-------------------------------------------------------------------------
# TESTCASE: test_func_json_value TEST_ID: A131
#-------------------------------------------------------------------------
SELECT json_value(c1, '$.a_bool' RETURNING boolean) c
FROM test_json_cols;
+-------+
| c     |
+-------+
| false |
| false |
|       |
|       |
+-------+
(4 rows)

!ok

#-------------------------------------------------------------------------
# TESTCASE: test_func_json_value TEST_ID: A132
#-------------------------------------------------------------------------
SELECT json_value(c1, '$.a_obj.a_bool' RETURNING boolean) c
FROM test_json_cols;
+-------+
| c     |
+-------+
| false |
| false |
|       |
|       |
+-------+
(4 rows)

!ok

#-------------------------------------------------------------------------
# TESTCASE: test_func_json_value TEST_ID: A133
#-------------------------------------------------------------------------
SELECT json_value(c1, '$.a_array[0].a_bool' RETURNING boolean) c
FROM test_json_cols;
+-------+
| c     |
+-------+
| false |
| false |
|       |
|       |
+-------+
(4 rows)

!ok

#-------------------------------------------------------------------------
# TESTCASE: test_func_json_value TEST_ID: A134
#-------------------------------------------------------------------------
SELECT cast(json_value(s_bool, '$') AS boolean) c
FROM test_json_cols;
+------+
| c    |
+------+
| true |
| true |
|      |
|      |
+------+
(4 rows)

!ok

#-------------------------------------------------------------------------
# TESTCASE: test_func_json_value TEST_ID: A135
#-------------------------------------------------------------------------
SELECT cast(json_value(c1, '$.a_bool') AS boolean) c
FROM test_json_cols;
+------+
| c    |
+------+
| true |
| true |
|      |
|      |
+------+
(4 rows)

!ok

#-------------------------------------------------------------------------
# TESTCASE: test_func_json_value TEST_ID: A136
#-------------------------------------------------------------------------
SELECT cast(json_value(c1, '$.a_obj.a_bool') AS boolean) c
FROM test_json_cols;
+------+
| c    |
+------+
| true |
| true |
|      |
|      |
+------+
(4 rows)

!ok

#-------------------------------------------------------------------------
# TESTCASE: test_func_json_value TEST_ID: A137
#-------------------------------------------------------------------------
SELECT cast(json_value(c1, '$.a_array[0].a_bool') AS boolean) c
FROM test_json_cols;
+------+
| c    |
+------+
| true |
| true |
|      |
|      |
+------+
(4 rows)

!ok

#-------------------------------------------------------------------------
# TESTCASE: test_func_json_value TEST_ID: A138
#-------------------------------------------------------------------------
SELECT json_value(s_null, '$') c
FROM test_json_cols;
+---+
| c |
+---+
|   |
|   |
|   |
|   |
+---+
(4 rows)

!ok

#-------------------------------------------------------------------------
# TESTCASE: test_func_json_value TEST_ID: A139
#-------------------------------------------------------------------------
SELECT json_value(c1, '$.a_null') c
FROM test_json_cols;
+---+
| c |
+---+
|   |
|   |
|   |
|   |
+---+
(4 rows)

!ok

#-------------------------------------------------------------------------
# TESTCASE: test_func_json_value TEST_ID: A140
#-------------------------------------------------------------------------
SELECT json_value(c1, '$.a_obj.a_null') c
FROM test_json_cols;
+---+
| c |
+---+
|   |
|   |
|   |
|   |
+---+
(4 rows)

!ok

#-------------------------------------------------------------------------
# TESTCASE: test_func_json_value TEST_ID: A141
#-------------------------------------------------------------------------
SELECT json_value(c1, '$.a_array[0].a_null') c
FROM test_json_cols;
+---+
| c |
+---+
|   |
|   |
|   |
|   |
+---+
(4 rows)

!ok

#-------------------------------------------------------------------------
# TESTCASE: test_func_json_value TEST_ID: A142
#-------------------------------------------------------------------------
SELECT json_value(s_null, '$' RETURNING CHAR) c
FROM test_json_cols;
+---+
| c |
+---+
|   |
|   |
|   |
|   |
+---+
(4 rows)

!ok

#-------------------------------------------------------------------------
# TESTCASE: test_func_json_value TEST_ID: A143
#-------------------------------------------------------------------------
SELECT json_value(c1, '$.a_null' RETURNING BIGINT) c
FROM test_json_cols;
+---+
| c |
+---+
|   |
|   |
|   |
|   |
+---+
(4 rows)

!ok

#-------------------------------------------------------------------------
# TESTCASE: test_func_json_value TEST_ID: A144
#-------------------------------------------------------------------------
SELECT json_value(c1, '$.a_obj.a_null' RETURNING DOUBLE) c
FROM test_json_cols;
+---+
| c |
+---+
|   |
|   |
|   |
|   |
+---+
(4 rows)

!ok

#-------------------------------------------------------------------------
# TESTCASE: test_func_json_value TEST_ID: A145
#-------------------------------------------------------------------------
SELECT json_value(c1, '$.a_array[0].a_null' RETURNING BOOLEAN) c
FROM test_json_cols;
+---+
| c |
+---+
|   |
|   |
|   |
|   |
+---+
(4 rows)

!ok

#-------------------------------------------------------------------------
# TESTCASE: test_func_json_value TEST_ID: A146
#-------------------------------------------------------------------------
SELECT count(*) c
FROM test_json_cols
WHERE json_value(c1, '$.a_obj.a_str') IS NULL;
+---+
| c |
+---+
| 2 |
+---+
(1 row)

!ok

#-------------------------------------------------------------------------
# TESTCASE: test_func_json_value TEST_ID: A147
#-------------------------------------------------------------------------
SELECT count(*) c
FROM test_json_cols
WHERE json_value(c1, '$.a_obj.a_num_int') IS NULL;
+---+
| c |
+---+
| 2 |
+---+
(1 row)

!ok

#-------------------------------------------------------------------------
# TESTCASE: test_func_json_value TEST_ID: A148
#-------------------------------------------------------------------------
SELECT count(*) c
FROM test_json_cols
WHERE json_value(c1, '$.a_obj.a_num_float') IS NULL;
+---+
| c |
+---+
| 2 |
+---+
(1 row)

!ok

#-------------------------------------------------------------------------
# TESTCASE: test_func_json_value TEST_ID: A149
#-------------------------------------------------------------------------
SELECT count(*) c
FROM test_json_cols
WHERE json_value(c1, '$.a_obj.a_null') IS NULL;
+---+
| c |
+---+
| 4 |
+---+
(1 row)

!ok

