!set useApproximateCountDistinct false
!use druidtest://?componentSupplier=AllDruidEnginesComponentSupplier&datasets=sql/src/test/quidem/qatests/qaUnnest/array
!set outputformat mysql
#-------------------------------------------------------------------------
# TESTCASE: test_subquery_with_where TEST_ID: A2_B12_C9
#-------------------------------------------------------------------------
SELECT c
FROM
  (SELECT *
   FROM test_unnest), unnest(a_int) AS u(c)
WHERE c IN (2,
            998) IS FALSE
  AND c IN (1,
            999) IS NOT FALSE;
+---+
| c |
+---+
| 1 |
| 1 |
| 1 |
+---+
(3 rows)

!ok

#-------------------------------------------------------------------------
# TESTCASE: test_subquery_with_where TEST_ID: A2_B13_C1
#-------------------------------------------------------------------------
SELECT c
FROM test_unnest,
     unnest(a_int) AS u(c)
WHERE (c BETWEEN 2 AND 3)
  AND (c NOT BETWEEN 4 AND 5);
+---+
| c |
+---+
| 2 |
| 2 |
| 2 |
+---+
(3 rows)

!ok

#-------------------------------------------------------------------------
# TESTCASE: test_subquery_with_where TEST_ID: A2_B13_C3
#-------------------------------------------------------------------------
SELECT c
FROM
  (SELECT *
   FROM test_unnest,
        unnest(a_int) AS u(c)
   WHERE (c BETWEEN 2 AND 3)
     AND (c NOT BETWEEN 4 AND 5));
+---+
| c |
+---+
| 2 |
| 2 |
| 2 |
+---+
(3 rows)

!ok

#-------------------------------------------------------------------------
# TESTCASE: test_subquery_with_where TEST_ID: A2_B13_C5
#-------------------------------------------------------------------------
SELECT c
FROM
  (SELECT *
   FROM test_unnest
   WHERE (c BETWEEN 2 AND 3)
     AND (c NOT BETWEEN 4 AND 5)), unnest(a_int) AS u(c);
QueryInterruptedException
!error

#-------------------------------------------------------------------------
# TESTCASE: test_subquery_with_where TEST_ID: A2_B13_C7
#-------------------------------------------------------------------------
SELECT c
FROM
  (SELECT *
   FROM test_unnest,
        unnest(a_int) AS u(c))
WHERE (c BETWEEN 2 AND 3)
  AND (c NOT BETWEEN 4 AND 5);
+---+
| c |
+---+
| 2 |
| 2 |
| 2 |
+---+
(3 rows)

!ok

#-------------------------------------------------------------------------
# TESTCASE: test_subquery_with_where TEST_ID: A2_B13_C9
#-------------------------------------------------------------------------
SELECT c
FROM
  (SELECT *
   FROM test_unnest), unnest(a_int) AS u(c)
WHERE (c BETWEEN 2 AND 3)
  AND (c NOT BETWEEN 4 AND 5);
+---+
| c |
+---+
| 2 |
| 2 |
| 2 |
+---+
(3 rows)

!ok

#-------------------------------------------------------------------------
# TESTCASE: test_subquery_with_where TEST_ID: A2_B14_C1
#-------------------------------------------------------------------------
SELECT c
FROM test_unnest,
     unnest(a_int) AS u(c)
WHERE (cast(c AS varchar) like '%2%')
  AND (cast(c AS varchar) not like '%3%');
+---+
| c |
+---+
| 2 |
| 2 |
| 2 |
+---+
(3 rows)

!ok

#-------------------------------------------------------------------------
# TESTCASE: test_subquery_with_where TEST_ID: A2_B14_C3
#-------------------------------------------------------------------------
SELECT c
FROM
  (SELECT *
   FROM test_unnest,
        unnest(a_int) AS u(c)
   WHERE (cast(c AS varchar) like '%2%')
     AND (cast(c AS varchar) not like '%3%'));
+---+
| c |
+---+
| 2 |
| 2 |
| 2 |
+---+
(3 rows)

!ok

#-------------------------------------------------------------------------
# TESTCASE: test_subquery_with_where TEST_ID: A2_B14_C5
#-------------------------------------------------------------------------
SELECT c
FROM
  (SELECT *
   FROM test_unnest
   WHERE (cast(c AS varchar) like '%2%')
     AND (cast(c AS varchar) not like '%3%')), unnest(a_int) AS u(c);
QueryInterruptedException
!error

#-------------------------------------------------------------------------
# TESTCASE: test_subquery_with_where TEST_ID: A2_B14_C7
#-------------------------------------------------------------------------
SELECT c
FROM
  (SELECT *
   FROM test_unnest,
        unnest(a_int) AS u(c))
WHERE (cast(c AS varchar) like '%2%')
  AND (cast(c AS varchar) not like '%3%');
+---+
| c |
+---+
| 2 |
| 2 |
| 2 |
+---+
(3 rows)

!ok

#-------------------------------------------------------------------------
# TESTCASE: test_subquery_with_where TEST_ID: A2_B14_C9
#-------------------------------------------------------------------------
SELECT c
FROM
  (SELECT *
   FROM test_unnest), unnest(a_int) AS u(c)
WHERE (cast(c AS varchar) like '%2%')
  AND (cast(c AS varchar) not like '%3%');
+---+
| c |
+---+
| 2 |
| 2 |
| 2 |
+---+
(3 rows)

!ok

#-------------------------------------------------------------------------
# TESTCASE: test_subquery_with_where TEST_ID: A2_B15_C1
#-------------------------------------------------------------------------
SELECT c
FROM test_unnest,
     unnest(a_int) AS u(c)
WHERE c IN (2,
            998)
  AND c NOT IN (1,
                999);
+---+
| c |
+---+
| 2 |
| 2 |
| 2 |
+---+
(3 rows)

!ok

#-------------------------------------------------------------------------
# TESTCASE: test_subquery_with_where TEST_ID: A2_B15_C3
#-------------------------------------------------------------------------
SELECT c
FROM
  (SELECT *
   FROM test_unnest,
        unnest(a_int) AS u(c)
   WHERE c IN (2,
               998)
     AND c NOT IN (1,
                   999));
+---+
| c |
+---+
| 2 |
| 2 |
| 2 |
+---+
(3 rows)

!ok

#-------------------------------------------------------------------------
# TESTCASE: test_subquery_with_where TEST_ID: A2_B15_C5
#-------------------------------------------------------------------------
SELECT c
FROM
  (SELECT *
   FROM test_unnest
   WHERE c IN (2,
               998)
     AND c NOT IN (1,
                   999)), unnest(a_int) AS u(c);
QueryInterruptedException
!error

#-------------------------------------------------------------------------
# TESTCASE: test_subquery_with_where TEST_ID: A2_B15_C7
#-------------------------------------------------------------------------
SELECT c
FROM
  (SELECT *
   FROM test_unnest,
        unnest(a_int) AS u(c))
WHERE c IN (2,
            998)
  AND c NOT IN (1,
                999);
+---+
| c |
+---+
| 2 |
| 2 |
| 2 |
+---+
(3 rows)

!ok

#-------------------------------------------------------------------------
# TESTCASE: test_subquery_with_where TEST_ID: A2_B15_C9
#-------------------------------------------------------------------------
SELECT c
FROM
  (SELECT *
   FROM test_unnest), unnest(a_int) AS u(c)
WHERE c IN (2,
            998)
  AND c NOT IN (1,
                999);
+---+
| c |
+---+
| 2 |
| 2 |
| 2 |
+---+
(3 rows)

!ok

#-------------------------------------------------------------------------
# TESTCASE: test_subquery_with_where TEST_ID: A2_B16_C1
#-------------------------------------------------------------------------
SELECT c
FROM test_unnest,
     unnest(a_int) AS u(c)
WHERE c IN
    (SELECT col
     FROM (
           VALUES(2),(998)) AS t(col))
  AND c NOT IN
    (SELECT col
     FROM (
           VALUES(1),(999)) AS t(col));
Unhandled Query Planning Failure
!error

#-------------------------------------------------------------------------
# TESTCASE: test_subquery_with_where TEST_ID: A2_B16_C3
#-------------------------------------------------------------------------
SELECT c
FROM
  (SELECT *
   FROM test_unnest,
        unnest(a_int) AS u(c)
   WHERE c IN
       (SELECT col
        FROM (
              VALUES(2),(998)) AS t(col))
     AND c NOT IN
       (SELECT col
        FROM (
              VALUES(1),(999)) AS t(col)));
Unhandled Query Planning Failure
!error

#-------------------------------------------------------------------------
# TESTCASE: test_subquery_with_where TEST_ID: A2_B16_C5
#-------------------------------------------------------------------------
SELECT c
FROM
  (SELECT *
   FROM test_unnest
   WHERE c IN
       (SELECT col
        FROM (
              VALUES(2),(998)) AS t(col))
     AND c NOT IN
       (SELECT col
        FROM (
              VALUES(1),(999)) AS t(col))), unnest(a_int) AS u(c);
QueryInterruptedException
!error

#-------------------------------------------------------------------------
# TESTCASE: test_subquery_with_where TEST_ID: A2_B16_C7
#-------------------------------------------------------------------------
SELECT c
FROM
  (SELECT *
   FROM test_unnest,
        unnest(a_int) AS u(c))
WHERE c IN
    (SELECT col
     FROM (
           VALUES(2),(998)) AS t(col))
  AND c NOT IN
    (SELECT col
     FROM (
           VALUES(1),(999)) AS t(col));
Unhandled Query Planning Failure
!error

#-------------------------------------------------------------------------
# TESTCASE: test_subquery_with_where TEST_ID: A2_B16_C9
#-------------------------------------------------------------------------
SELECT c
FROM
  (SELECT *
   FROM test_unnest), unnest(a_int) AS u(c)
WHERE c IN
    (SELECT col
     FROM (
           VALUES(2),(998)) AS t(col))
  AND c NOT IN
    (SELECT col
     FROM (
           VALUES(1),(999)) AS t(col));
Unhandled Query Planning Failure
!error

#-------------------------------------------------------------------------
# TESTCASE: test_subquery_with_where TEST_ID: A2_B17_C1
#-------------------------------------------------------------------------
SELECT c
FROM test_unnest,
     unnest(a_int) AS u(c)
WHERE s_int=1
  AND c=2;
+---+
| c |
+---+
| 2 |
+---+
(1 row)

!ok

#-------------------------------------------------------------------------
# TESTCASE: test_subquery_with_where TEST_ID: A2_B17_C3
#-------------------------------------------------------------------------
SELECT c
FROM
  (SELECT *
   FROM test_unnest,
        unnest(a_int) AS u(c)
   WHERE s_int=1
     AND c=2);
+---+
| c |
+---+
| 2 |
+---+
(1 row)

!ok

#-------------------------------------------------------------------------
# TESTCASE: test_subquery_with_where TEST_ID: A2_B17_C5
#-------------------------------------------------------------------------
SELECT c
FROM
  (SELECT *
   FROM test_unnest
   WHERE s_int=1
     AND c=2), unnest(a_int) AS u(c);
QueryInterruptedException
!error

#-------------------------------------------------------------------------
# TESTCASE: test_subquery_with_where TEST_ID: A2_B17_C7
#-------------------------------------------------------------------------
SELECT c
FROM
  (SELECT *
   FROM test_unnest,
        unnest(a_int) AS u(c))
WHERE s_int=1
  AND c=2;
+---+
| c |
+---+
| 2 |
+---+
(1 row)

!ok

#-------------------------------------------------------------------------
# TESTCASE: test_subquery_with_where TEST_ID: A2_B17_C9
#-------------------------------------------------------------------------
SELECT c
FROM
  (SELECT *
   FROM test_unnest), unnest(a_int) AS u(c)
WHERE s_int=1
  AND c=2;
+---+
| c |
+---+
| 2 |
+---+
(1 row)

!ok

#-------------------------------------------------------------------------
# TESTCASE: test_subquery_with_where TEST_ID: A2_B18_C1
#-------------------------------------------------------------------------
SELECT c
FROM test_unnest,
     unnest(a_int) AS u(c)
WHERE s_int<>1
  AND c<>2;
+---+
| c |
+---+
| 1 |
+---+
(1 row)

!ok

#-------------------------------------------------------------------------
# TESTCASE: test_subquery_with_where TEST_ID: A2_B18_C3
#-------------------------------------------------------------------------
SELECT c
FROM
  (SELECT *
   FROM test_unnest,
        unnest(a_int) AS u(c)
   WHERE s_int<>1
     AND c<>2);
+---+
| c |
+---+
| 1 |
+---+
(1 row)

!ok

#-------------------------------------------------------------------------
# TESTCASE: test_subquery_with_where TEST_ID: A2_B18_C5
#-------------------------------------------------------------------------
SELECT c
FROM
  (SELECT *
   FROM test_unnest
   WHERE s_int<>1
     AND c<>2), unnest(a_int) AS u(c);
QueryInterruptedException
!error

#-------------------------------------------------------------------------
# TESTCASE: test_subquery_with_where TEST_ID: A2_B18_C7
#-------------------------------------------------------------------------
SELECT c
FROM
  (SELECT *
   FROM test_unnest,
        unnest(a_int) AS u(c))
WHERE s_int<>1
  AND c<>2;
+---+
| c |
+---+
| 1 |
+---+
(1 row)

!ok

#-------------------------------------------------------------------------
# TESTCASE: test_subquery_with_where TEST_ID: A2_B18_C9
#-------------------------------------------------------------------------
SELECT c
FROM
  (SELECT *
   FROM test_unnest), unnest(a_int) AS u(c)
WHERE s_int<>1
  AND c<>2;
+---+
| c |
+---+
| 1 |
+---+
(1 row)

!ok

#-------------------------------------------------------------------------
# TESTCASE: test_subquery_with_where TEST_ID: A2_B19_C1
#-------------------------------------------------------------------------
SELECT c
FROM test_unnest,
     unnest(a_int) AS u(c)
WHERE s_int>1
  AND c>2;
+---+
| c |
+---+
+---+
(0 rows)

!ok

#-------------------------------------------------------------------------
# TESTCASE: test_subquery_with_where TEST_ID: A2_B19_C3
#-------------------------------------------------------------------------
SELECT c
FROM
  (SELECT *
   FROM test_unnest,
        unnest(a_int) AS u(c)
   WHERE s_int>1
     AND c>2);
+---+
| c |
+---+
+---+
(0 rows)

!ok

#-------------------------------------------------------------------------
# TESTCASE: test_subquery_with_where TEST_ID: A2_B19_C5
#-------------------------------------------------------------------------
SELECT c
FROM
  (SELECT *
   FROM test_unnest
   WHERE s_int>1
     AND c>2), unnest(a_int) AS u(c);
QueryInterruptedException
!error

#-------------------------------------------------------------------------
# TESTCASE: test_subquery_with_where TEST_ID: A2_B19_C7
#-------------------------------------------------------------------------
SELECT c
FROM
  (SELECT *
   FROM test_unnest,
        unnest(a_int) AS u(c))
WHERE s_int>1
  AND c>2;
+---+
| c |
+---+
+---+
(0 rows)

!ok

#-------------------------------------------------------------------------
# TESTCASE: test_subquery_with_where TEST_ID: A2_B19_C9
#-------------------------------------------------------------------------
SELECT c
FROM
  (SELECT *
   FROM test_unnest), unnest(a_int) AS u(c)
WHERE s_int>1
  AND c>2;
+---+
| c |
+---+
+---+
(0 rows)

!ok

#-------------------------------------------------------------------------
# TESTCASE: test_subquery_with_where TEST_ID: A2_B20_C1
#-------------------------------------------------------------------------
SELECT c
FROM test_unnest,
     unnest(a_int) AS u(c)
WHERE s_int>=1
  AND c>=2;
+---+
| c |
+---+
| 2 |
| 2 |
+---+
(2 rows)

!ok

#-------------------------------------------------------------------------
# TESTCASE: test_subquery_with_where TEST_ID: A2_B20_C3
#-------------------------------------------------------------------------
SELECT c
FROM
  (SELECT *
   FROM test_unnest,
        unnest(a_int) AS u(c)
   WHERE s_int>=1
     AND c>=2);
+---+
| c |
+---+
| 2 |
| 2 |
+---+
(2 rows)

!ok

#-------------------------------------------------------------------------
# TESTCASE: test_subquery_with_where TEST_ID: A2_B20_C5
#-------------------------------------------------------------------------
SELECT c
FROM
  (SELECT *
   FROM test_unnest
   WHERE s_int>=1
     AND c>=2), unnest(a_int) AS u(c);
QueryInterruptedException
!error

#-------------------------------------------------------------------------
# TESTCASE: test_subquery_with_where TEST_ID: A2_B20_C7
#-------------------------------------------------------------------------
SELECT c
FROM
  (SELECT *
   FROM test_unnest,
        unnest(a_int) AS u(c))
WHERE s_int>=1
  AND c>=2;
+---+
| c |
+---+
| 2 |
| 2 |
+---+
(2 rows)

!ok

#-------------------------------------------------------------------------
# TESTCASE: test_subquery_with_where TEST_ID: A2_B20_C9
#-------------------------------------------------------------------------
SELECT c
FROM
  (SELECT *
   FROM test_unnest), unnest(a_int) AS u(c)
WHERE s_int>=1
  AND c>=2;
+---+
| c |
+---+
| 2 |
| 2 |
+---+
(2 rows)

!ok

#-------------------------------------------------------------------------
# TESTCASE: test_subquery_with_where TEST_ID: A2_B21_C1
#-------------------------------------------------------------------------
SELECT c
FROM test_unnest,
     unnest(a_int) AS u(c)
WHERE s_int<1
  AND c<2;
+---+
| c |
+---+
+---+
(0 rows)

!ok

#-------------------------------------------------------------------------
# TESTCASE: test_subquery_with_where TEST_ID: A2_B21_C3
#-------------------------------------------------------------------------
SELECT c
FROM
  (SELECT *
   FROM test_unnest,
        unnest(a_int) AS u(c)
   WHERE s_int<1
     AND c<2);
+---+
| c |
+---+
+---+
(0 rows)

!ok

#-------------------------------------------------------------------------
# TESTCASE: test_subquery_with_where TEST_ID: A2_B21_C5
#-------------------------------------------------------------------------
SELECT c
FROM
  (SELECT *
   FROM test_unnest
   WHERE s_int<1
     AND c<2), unnest(a_int) AS u(c);
QueryInterruptedException
!error

#-------------------------------------------------------------------------
# TESTCASE: test_subquery_with_where TEST_ID: A2_B21_C7
#-------------------------------------------------------------------------
SELECT c
FROM
  (SELECT *
   FROM test_unnest,
        unnest(a_int) AS u(c))
WHERE s_int<1
  AND c<2;
+---+
| c |
+---+
+---+
(0 rows)

!ok

#-------------------------------------------------------------------------
# TESTCASE: test_subquery_with_where TEST_ID: A2_B21_C9
#-------------------------------------------------------------------------
SELECT c
FROM
  (SELECT *
   FROM test_unnest), unnest(a_int) AS u(c)
WHERE s_int<1
  AND c<2;
+---+
| c |
+---+
+---+
(0 rows)

!ok

#-------------------------------------------------------------------------
# TESTCASE: test_subquery_with_where TEST_ID: A2_B22_C1
#-------------------------------------------------------------------------
SELECT c
FROM test_unnest,
     unnest(a_int) AS u(c)
WHERE s_int<=1
  AND c<=2;
+---+
| c |
+---+
| 1 |
| 2 |
+---+
(2 rows)

!ok

#-------------------------------------------------------------------------
# TESTCASE: test_subquery_with_where TEST_ID: A2_B22_C3
#-------------------------------------------------------------------------
SELECT c
FROM
  (SELECT *
   FROM test_unnest,
        unnest(a_int) AS u(c)
   WHERE s_int<=1
     AND c<=2);
+---+
| c |
+---+
| 1 |
| 2 |
+---+
(2 rows)

!ok

#-------------------------------------------------------------------------
# TESTCASE: test_subquery_with_where TEST_ID: A2_B22_C5
#-------------------------------------------------------------------------
SELECT c
FROM
  (SELECT *
   FROM test_unnest
   WHERE s_int<=1
     AND c<=2), unnest(a_int) AS u(c);
QueryInterruptedException
!error

#-------------------------------------------------------------------------
# TESTCASE: test_subquery_with_where TEST_ID: A2_B22_C7
#-------------------------------------------------------------------------
SELECT c
FROM
  (SELECT *
   FROM test_unnest,
        unnest(a_int) AS u(c))
WHERE s_int<=1
  AND c<=2;
+---+
| c |
+---+
| 1 |
| 2 |
+---+
(2 rows)

!ok

