!set useApproximateCountDistinct false
!use druidtest://?componentSupplier=AllDruidEnginesComponentSupplier&datasets=sql/src/test/quidem/qatests/qaUnnest/array
!set outputformat mysql
#-------------------------------------------------------------------------
# TESTCASE: test_subquery_with_where TEST_ID: A4_B46_C9
#-------------------------------------------------------------------------
SELECT c
FROM
  (SELECT *
   FROM test_unnest), unnest(a_str) AS u(c)
WHERE (cast(s_int AS varchar) like '%1%')
  AND (cast(s_int AS varchar) not like '%3%');
+----+
| c  |
+----+
| S1 |
| S2 |
|    |
+----+
(3 rows)

!ok

#-------------------------------------------------------------------------
# TESTCASE: test_subquery_with_where TEST_ID: A4_B47_C1
#-------------------------------------------------------------------------
SELECT c
FROM test_unnest,
     unnest(a_str) AS u(c)
WHERE s_int IN (1,
                996)
  AND s_int NOT IN (0,
                    997);
+----+
| c  |
+----+
| S1 |
| S2 |
|    |
+----+
(3 rows)

!ok

#-------------------------------------------------------------------------
# TESTCASE: test_subquery_with_where TEST_ID: A4_B47_C3
#-------------------------------------------------------------------------
SELECT c
FROM
  (SELECT *
   FROM test_unnest,
        unnest(a_str) AS u(c)
   WHERE s_int IN (1,
                   996)
     AND s_int NOT IN (0,
                       997));
+----+
| c  |
+----+
| S1 |
| S2 |
|    |
+----+
(3 rows)

!ok

#-------------------------------------------------------------------------
# TESTCASE: test_subquery_with_where TEST_ID: A4_B47_C5
#-------------------------------------------------------------------------
SELECT c
FROM
  (SELECT *
   FROM test_unnest
   WHERE s_int IN (1,
                   996)
     AND s_int NOT IN (0,
                       997)), unnest(a_str) AS u(c);
+----+
| c  |
+----+
| S1 |
| S2 |
|    |
+----+
(3 rows)

!ok

#-------------------------------------------------------------------------
# TESTCASE: test_subquery_with_where TEST_ID: A4_B47_C7
#-------------------------------------------------------------------------
SELECT c
FROM
  (SELECT *
   FROM test_unnest,
        unnest(a_str) AS u(c))
WHERE s_int IN (1,
                996)
  AND s_int NOT IN (0,
                    997);
+----+
| c  |
+----+
| S1 |
| S2 |
|    |
+----+
(3 rows)

!ok

#-------------------------------------------------------------------------
# TESTCASE: test_subquery_with_where TEST_ID: A4_B47_C9
#-------------------------------------------------------------------------
SELECT c
FROM
  (SELECT *
   FROM test_unnest), unnest(a_str) AS u(c)
WHERE s_int IN (1,
                996)
  AND s_int NOT IN (0,
                    997);
+----+
| c  |
+----+
| S1 |
| S2 |
|    |
+----+
(3 rows)

!ok

#-------------------------------------------------------------------------
# TESTCASE: test_subquery_with_where TEST_ID: A4_B48_C1
#-------------------------------------------------------------------------
SELECT c
FROM test_unnest,
     unnest(a_str) AS u(c)
WHERE s_int IN
    (SELECT col
     FROM (
           VALUES(1),(996)) AS t(col))
  AND s_int NOT IN
    (SELECT col
     FROM (
           VALUES(0),(997)) AS t(col));
+----+
| c  |
+----+
| S1 |
| S2 |
|    |
+----+
(3 rows)

!ok

#-------------------------------------------------------------------------
# TESTCASE: test_subquery_with_where TEST_ID: A4_B48_C3
#-------------------------------------------------------------------------
SELECT c
FROM
  (SELECT *
   FROM test_unnest,
        unnest(a_str) AS u(c)
   WHERE s_int IN
       (SELECT col
        FROM (
              VALUES(1),(996)) AS t(col))
     AND s_int NOT IN
       (SELECT col
        FROM (
              VALUES(0),(997)) AS t(col)));
+----+
| c  |
+----+
| S1 |
| S2 |
|    |
+----+
(3 rows)

!ok

#-------------------------------------------------------------------------
# TESTCASE: test_subquery_with_where TEST_ID: A4_B48_C5
#-------------------------------------------------------------------------
SELECT c
FROM
  (SELECT *
   FROM test_unnest
   WHERE s_int IN
       (SELECT col
        FROM (
              VALUES(1),(996)) AS t(col))
     AND s_int NOT IN
       (SELECT col
        FROM (
              VALUES(0),(997)) AS t(col))), unnest(a_str) AS u(c);
+----+
| c  |
+----+
| S1 |
| S2 |
|    |
+----+
(3 rows)

!ok

#-------------------------------------------------------------------------
# TESTCASE: test_subquery_with_where TEST_ID: A4_B48_C7
#-------------------------------------------------------------------------
SELECT c
FROM
  (SELECT *
   FROM test_unnest,
        unnest(a_str) AS u(c))
WHERE s_int IN
    (SELECT col
     FROM (
           VALUES(1),(996)) AS t(col))
  AND s_int NOT IN
    (SELECT col
     FROM (
           VALUES(0),(997)) AS t(col));
+----+
| c  |
+----+
| S1 |
| S2 |
|    |
+----+
(3 rows)

!ok

#-------------------------------------------------------------------------
# TESTCASE: test_subquery_with_where TEST_ID: A4_B48_C9
#-------------------------------------------------------------------------
SELECT c
FROM
  (SELECT *
   FROM test_unnest), unnest(a_str) AS u(c)
WHERE s_int IN
    (SELECT col
     FROM (
           VALUES(1),(996)) AS t(col))
  AND s_int NOT IN
    (SELECT col
     FROM (
           VALUES(0),(997)) AS t(col));
+----+
| c  |
+----+
| S1 |
| S2 |
|    |
+----+
(3 rows)

!ok

#-------------------------------------------------------------------------
# TESTCASE: test_subquery_with_where TEST_ID: A5_B1_C1
#-------------------------------------------------------------------------
SELECT c
FROM test_unnest,
     unnest(a_mixed) AS u(c)
WHERE c='S1';
+----+
| c  |
+----+
| S1 |
| S1 |
| S1 |
+----+
(3 rows)

!ok

#-------------------------------------------------------------------------
# TESTCASE: test_subquery_with_where TEST_ID: A5_B1_C3
#-------------------------------------------------------------------------
SELECT c
FROM
  (SELECT *
   FROM test_unnest,
        unnest(a_mixed) AS u(c)
   WHERE c='S1');
+----+
| c  |
+----+
| S1 |
| S1 |
| S1 |
+----+
(3 rows)

!ok

#-------------------------------------------------------------------------
# TESTCASE: test_subquery_with_where TEST_ID: A5_B1_C5
#-------------------------------------------------------------------------
SELECT c
FROM
  (SELECT *
   FROM test_unnest
   WHERE c='S1'), unnest(a_mixed) AS u(c);
QueryInterruptedException
!error

#-------------------------------------------------------------------------
# TESTCASE: test_subquery_with_where TEST_ID: A5_B1_C7
#-------------------------------------------------------------------------
SELECT c
FROM
  (SELECT *
   FROM test_unnest,
        unnest(a_mixed) AS u(c))
WHERE c='S1';
+----+
| c  |
+----+
| S1 |
| S1 |
| S1 |
+----+
(3 rows)

!ok

#-------------------------------------------------------------------------
# TESTCASE: test_subquery_with_where TEST_ID: A5_B1_C9
#-------------------------------------------------------------------------
SELECT c
FROM
  (SELECT *
   FROM test_unnest), unnest(a_mixed) AS u(c)
WHERE c='S1';
+----+
| c  |
+----+
| S1 |
| S1 |
| S1 |
+----+
(3 rows)

!ok

#-------------------------------------------------------------------------
# TESTCASE: test_subquery_with_where TEST_ID: A5_B2_C1
#-------------------------------------------------------------------------
SELECT c
FROM test_unnest,
     unnest(a_mixed) AS u(c)
WHERE c<>'S1';
+------+
| c    |
+------+
| 0.1  |
| 0.1  |
| 0.1  |
| 1    |
| 1    |
| 1    |
| true |
| true |
| true |
+------+
(9 rows)

!ok

#-------------------------------------------------------------------------
# TESTCASE: test_subquery_with_where TEST_ID: A5_B2_C3
#-------------------------------------------------------------------------
SELECT c
FROM
  (SELECT *
   FROM test_unnest,
        unnest(a_mixed) AS u(c)
   WHERE c<>'S1');
+------+
| c    |
+------+
| 0.1  |
| 0.1  |
| 0.1  |
| 1    |
| 1    |
| 1    |
| true |
| true |
| true |
+------+
(9 rows)

!ok

#-------------------------------------------------------------------------
# TESTCASE: test_subquery_with_where TEST_ID: A5_B2_C5
#-------------------------------------------------------------------------
SELECT c
FROM
  (SELECT *
   FROM test_unnest
   WHERE c<>'S1'), unnest(a_mixed) AS u(c);
QueryInterruptedException
!error

#-------------------------------------------------------------------------
# TESTCASE: test_subquery_with_where TEST_ID: A5_B2_C7
#-------------------------------------------------------------------------
SELECT c
FROM
  (SELECT *
   FROM test_unnest,
        unnest(a_mixed) AS u(c))
WHERE c<>'S1';
+------+
| c    |
+------+
| 0.1  |
| 0.1  |
| 0.1  |
| 1    |
| 1    |
| 1    |
| true |
| true |
| true |
+------+
(9 rows)

!ok

#-------------------------------------------------------------------------
# TESTCASE: test_subquery_with_where TEST_ID: A5_B2_C9
#-------------------------------------------------------------------------
SELECT c
FROM
  (SELECT *
   FROM test_unnest), unnest(a_mixed) AS u(c)
WHERE c<>'S1';
+------+
| c    |
+------+
| 0.1  |
| 0.1  |
| 0.1  |
| 1    |
| 1    |
| 1    |
| true |
| true |
| true |
+------+
(9 rows)

!ok

#-------------------------------------------------------------------------
# TESTCASE: test_subquery_with_where TEST_ID: A5_B3_C1
#-------------------------------------------------------------------------
SELECT c
FROM test_unnest,
     unnest(a_mixed) AS u(c)
WHERE c>'S1';
+------+
| c    |
+------+
| true |
| true |
| true |
+------+
(3 rows)

!ok

#-------------------------------------------------------------------------
# TESTCASE: test_subquery_with_where TEST_ID: A5_B3_C3
#-------------------------------------------------------------------------
SELECT c
FROM
  (SELECT *
   FROM test_unnest,
        unnest(a_mixed) AS u(c)
   WHERE c>'S1');
+------+
| c    |
+------+
| true |
| true |
| true |
+------+
(3 rows)

!ok

#-------------------------------------------------------------------------
# TESTCASE: test_subquery_with_where TEST_ID: A5_B3_C5
#-------------------------------------------------------------------------
SELECT c
FROM
  (SELECT *
   FROM test_unnest
   WHERE c>'S1'), unnest(a_mixed) AS u(c);
QueryInterruptedException
!error

#-------------------------------------------------------------------------
# TESTCASE: test_subquery_with_where TEST_ID: A5_B3_C7
#-------------------------------------------------------------------------
SELECT c
FROM
  (SELECT *
   FROM test_unnest,
        unnest(a_mixed) AS u(c))
WHERE c>'S1';
+------+
| c    |
+------+
| true |
| true |
| true |
+------+
(3 rows)

!ok

#-------------------------------------------------------------------------
# TESTCASE: test_subquery_with_where TEST_ID: A5_B3_C9
#-------------------------------------------------------------------------
SELECT c
FROM
  (SELECT *
   FROM test_unnest), unnest(a_mixed) AS u(c)
WHERE c>'S1';
+------+
| c    |
+------+
| true |
| true |
| true |
+------+
(3 rows)

!ok

#-------------------------------------------------------------------------
# TESTCASE: test_subquery_with_where TEST_ID: A5_B4_C1
#-------------------------------------------------------------------------
SELECT c
FROM test_unnest,
     unnest(a_mixed) AS u(c)
WHERE c>='S1';
+------+
| c    |
+------+
| S1   |
| S1   |
| S1   |
| true |
| true |
| true |
+------+
(6 rows)

!ok

#-------------------------------------------------------------------------
# TESTCASE: test_subquery_with_where TEST_ID: A5_B4_C3
#-------------------------------------------------------------------------
SELECT c
FROM
  (SELECT *
   FROM test_unnest,
        unnest(a_mixed) AS u(c)
   WHERE c>='S1');
+------+
| c    |
+------+
| S1   |
| S1   |
| S1   |
| true |
| true |
| true |
+------+
(6 rows)

!ok

#-------------------------------------------------------------------------
# TESTCASE: test_subquery_with_where TEST_ID: A5_B4_C5
#-------------------------------------------------------------------------
SELECT c
FROM
  (SELECT *
   FROM test_unnest
   WHERE c>='S1'), unnest(a_mixed) AS u(c);
QueryInterruptedException
!error

#-------------------------------------------------------------------------
# TESTCASE: test_subquery_with_where TEST_ID: A5_B4_C7
#-------------------------------------------------------------------------
SELECT c
FROM
  (SELECT *
   FROM test_unnest,
        unnest(a_mixed) AS u(c))
WHERE c>='S1';
+------+
| c    |
+------+
| S1   |
| S1   |
| S1   |
| true |
| true |
| true |
+------+
(6 rows)

!ok

#-------------------------------------------------------------------------
# TESTCASE: test_subquery_with_where TEST_ID: A5_B4_C9
#-------------------------------------------------------------------------
SELECT c
FROM
  (SELECT *
   FROM test_unnest), unnest(a_mixed) AS u(c)
WHERE c>='S1';
+------+
| c    |
+------+
| S1   |
| S1   |
| S1   |
| true |
| true |
| true |
+------+
(6 rows)

!ok

#-------------------------------------------------------------------------
# TESTCASE: test_subquery_with_where TEST_ID: A5_B5_C1
#-------------------------------------------------------------------------
SELECT c
FROM test_unnest,
     unnest(a_mixed) AS u(c)
WHERE c<'S1';
+-----+
| c   |
+-----+
| 0.1 |
| 0.1 |
| 0.1 |
| 1   |
| 1   |
| 1   |
+-----+
(6 rows)

!ok

#-------------------------------------------------------------------------
# TESTCASE: test_subquery_with_where TEST_ID: A5_B5_C3
#-------------------------------------------------------------------------
SELECT c
FROM
  (SELECT *
   FROM test_unnest,
        unnest(a_mixed) AS u(c)
   WHERE c<'S1');
+-----+
| c   |
+-----+
| 0.1 |
| 0.1 |
| 0.1 |
| 1   |
| 1   |
| 1   |
+-----+
(6 rows)

!ok

#-------------------------------------------------------------------------
# TESTCASE: test_subquery_with_where TEST_ID: A5_B5_C5
#-------------------------------------------------------------------------
SELECT c
FROM
  (SELECT *
   FROM test_unnest
   WHERE c<'S1'), unnest(a_mixed) AS u(c);
QueryInterruptedException
!error

#-------------------------------------------------------------------------
# TESTCASE: test_subquery_with_where TEST_ID: A5_B5_C7
#-------------------------------------------------------------------------
SELECT c
FROM
  (SELECT *
   FROM test_unnest,
        unnest(a_mixed) AS u(c))
WHERE c<'S1';
+-----+
| c   |
+-----+
| 0.1 |
| 0.1 |
| 0.1 |
| 1   |
| 1   |
| 1   |
+-----+
(6 rows)

!ok

#-------------------------------------------------------------------------
# TESTCASE: test_subquery_with_where TEST_ID: A5_B5_C9
#-------------------------------------------------------------------------
SELECT c
FROM
  (SELECT *
   FROM test_unnest), unnest(a_mixed) AS u(c)
WHERE c<'S1';
+-----+
| c   |
+-----+
| 0.1 |
| 0.1 |
| 0.1 |
| 1   |
| 1   |
| 1   |
+-----+
(6 rows)

!ok

#-------------------------------------------------------------------------
# TESTCASE: test_subquery_with_where TEST_ID: A5_B6_C1
#-------------------------------------------------------------------------
SELECT c
FROM test_unnest,
     unnest(a_mixed) AS u(c)
WHERE c<='S1';
+-----+
| c   |
+-----+
| 0.1 |
| 0.1 |
| 0.1 |
| 1   |
| 1   |
| 1   |
| S1  |
| S1  |
| S1  |
+-----+
(9 rows)

!ok

#-------------------------------------------------------------------------
# TESTCASE: test_subquery_with_where TEST_ID: A5_B6_C3
#-------------------------------------------------------------------------
SELECT c
FROM
  (SELECT *
   FROM test_unnest,
        unnest(a_mixed) AS u(c)
   WHERE c<='S1');
+-----+
| c   |
+-----+
| 0.1 |
| 0.1 |
| 0.1 |
| 1   |
| 1   |
| 1   |
| S1  |
| S1  |
| S1  |
+-----+
(9 rows)

!ok

#-------------------------------------------------------------------------
# TESTCASE: test_subquery_with_where TEST_ID: A5_B6_C5
#-------------------------------------------------------------------------
SELECT c
FROM
  (SELECT *
   FROM test_unnest
   WHERE c<='S1'), unnest(a_mixed) AS u(c);
QueryInterruptedException
!error

#-------------------------------------------------------------------------
# TESTCASE: test_subquery_with_where TEST_ID: A5_B6_C7
#-------------------------------------------------------------------------
SELECT c
FROM
  (SELECT *
   FROM test_unnest,
        unnest(a_mixed) AS u(c))
WHERE c<='S1';
+-----+
| c   |
+-----+
| 0.1 |
| 0.1 |
| 0.1 |
| 1   |
| 1   |
| 1   |
| S1  |
| S1  |
| S1  |
+-----+
(9 rows)

!ok

#-------------------------------------------------------------------------
# TESTCASE: test_subquery_with_where TEST_ID: A5_B6_C9
#-------------------------------------------------------------------------
SELECT c
FROM
  (SELECT *
   FROM test_unnest), unnest(a_mixed) AS u(c)
WHERE c<='S1';
+-----+
| c   |
+-----+
| 0.1 |
| 0.1 |
| 0.1 |
| 1   |
| 1   |
| 1   |
| S1  |
| S1  |
| S1  |
+-----+
(9 rows)

!ok

#-------------------------------------------------------------------------
# TESTCASE: test_subquery_with_where TEST_ID: A5_B7_C1
#-------------------------------------------------------------------------
SELECT c
FROM test_unnest,
     unnest(a_mixed) AS u(c)
WHERE (NOT c<>'S1'
       OR NOT c<>'998')
  AND (NOT c='S2'
       OR NOT c='999');
+----+
| c  |
+----+
| S1 |
| S1 |
| S1 |
+----+
(3 rows)

!ok

#-------------------------------------------------------------------------
# TESTCASE: test_subquery_with_where TEST_ID: A5_B7_C3
#-------------------------------------------------------------------------
SELECT c
FROM
  (SELECT *
   FROM test_unnest,
        unnest(a_mixed) AS u(c)
   WHERE (NOT c<>'S1'
          OR NOT c<>'998')
     AND (NOT c='S2'
          OR NOT c='999'));
+----+
| c  |
+----+
| S1 |
| S1 |
| S1 |
+----+
(3 rows)

!ok

#-------------------------------------------------------------------------
# TESTCASE: test_subquery_with_where TEST_ID: A5_B7_C5
#-------------------------------------------------------------------------
SELECT c
FROM
  (SELECT *
   FROM test_unnest
   WHERE (NOT c<>'S1'
          OR NOT c<>'998')
     AND (NOT c='S2'
          OR NOT c='999')), unnest(a_mixed) AS u(c);
QueryInterruptedException
!error

#-------------------------------------------------------------------------
# TESTCASE: test_subquery_with_where TEST_ID: A5_B7_C7
#-------------------------------------------------------------------------
SELECT c
FROM
  (SELECT *
   FROM test_unnest,
        unnest(a_mixed) AS u(c))
WHERE (NOT c<>'S1'
       OR NOT c<>'998')
  AND (NOT c='S2'
       OR NOT c='999');
+----+
| c  |
+----+
| S1 |
| S1 |
| S1 |
+----+
(3 rows)

!ok

#-------------------------------------------------------------------------
# TESTCASE: test_subquery_with_where TEST_ID: A5_B7_C9
#-------------------------------------------------------------------------
SELECT c
FROM
  (SELECT *
   FROM test_unnest), unnest(a_mixed) AS u(c)
WHERE (NOT c<>'S1'
       OR NOT c<>'998')
  AND (NOT c='S2'
       OR NOT c='999');
+----+
| c  |
+----+
| S1 |
| S1 |
| S1 |
+----+
(3 rows)

!ok

#-------------------------------------------------------------------------
# TESTCASE: test_subquery_with_where TEST_ID: A5_B8_C1
#-------------------------------------------------------------------------
SELECT c
FROM test_unnest,
     unnest(a_mixed) AS u(c)
WHERE (c='S1'
       OR c='998')
  AND NOT c='S2'
  AND NOT c='999';
+----+
| c  |
+----+
| S1 |
| S1 |
| S1 |
+----+
(3 rows)

!ok

#-------------------------------------------------------------------------
# TESTCASE: test_subquery_with_where TEST_ID: A5_B8_C3
#-------------------------------------------------------------------------
SELECT c
FROM
  (SELECT *
   FROM test_unnest,
        unnest(a_mixed) AS u(c)
   WHERE (c='S1'
          OR c='998')
     AND NOT c='S2'
     AND NOT c='999');
+----+
| c  |
+----+
| S1 |
| S1 |
| S1 |
+----+
(3 rows)

!ok

#-------------------------------------------------------------------------
# TESTCASE: test_subquery_with_where TEST_ID: A5_B8_C5
#-------------------------------------------------------------------------
SELECT c
FROM
  (SELECT *
   FROM test_unnest
   WHERE (c='S1'
          OR c='998')
     AND NOT c='S2'
     AND NOT c='999'), unnest(a_mixed) AS u(c);
QueryInterruptedException
!error

#-------------------------------------------------------------------------
# TESTCASE: test_subquery_with_where TEST_ID: A5_B8_C7
#-------------------------------------------------------------------------
SELECT c
FROM
  (SELECT *
   FROM test_unnest,
        unnest(a_mixed) AS u(c))
WHERE (c='S1'
       OR c='998')
  AND NOT c='S2'
  AND NOT c='999';
+----+
| c  |
+----+
| S1 |
| S1 |
| S1 |
+----+
(3 rows)

!ok

