!set useApproximateCountDistinct false
!use druidtest://?componentSupplier=AllDruidEnginesComponentSupplier&datasets=sql/src/test/quidem/qatests/qaUnnest/array
!set outputformat mysql
#-------------------------------------------------------------------------
# TESTCASE: test_subquery_with_where TEST_ID: A3_B14_C9
#-------------------------------------------------------------------------
SELECT c
FROM
  (SELECT *
   FROM test_unnest), unnest(a_float) AS u(c)
WHERE (cast(c AS varchar) like '%2%')
  AND (cast(c AS varchar) not like '%3%');
+-----+
| c   |
+-----+
| 0.2 |
| 0.2 |
| 0.2 |
+-----+
(3 rows)

!ok

#-------------------------------------------------------------------------
# TESTCASE: test_subquery_with_where TEST_ID: A3_B15_C1
#-------------------------------------------------------------------------
SELECT c
FROM test_unnest,
     unnest(a_float) AS u(c)
WHERE c IN (0.2,
            998)
  AND c NOT IN (0.1,
                999);
+-----+
| c   |
+-----+
| 0.2 |
| 0.2 |
| 0.2 |
+-----+
(3 rows)

!ok

#-------------------------------------------------------------------------
# TESTCASE: test_subquery_with_where TEST_ID: A3_B15_C3
#-------------------------------------------------------------------------
SELECT c
FROM
  (SELECT *
   FROM test_unnest,
        unnest(a_float) AS u(c)
   WHERE c IN (0.2,
               998)
     AND c NOT IN (0.1,
                   999));
+-----+
| c   |
+-----+
| 0.2 |
| 0.2 |
| 0.2 |
+-----+
(3 rows)

!ok

#-------------------------------------------------------------------------
# TESTCASE: test_subquery_with_where TEST_ID: A3_B15_C5
#-------------------------------------------------------------------------
SELECT c
FROM
  (SELECT *
   FROM test_unnest
   WHERE c IN (0.2,
               998)
     AND c NOT IN (0.1,
                   999)), unnest(a_float) AS u(c);
QueryInterruptedException
!error

#-------------------------------------------------------------------------
# TESTCASE: test_subquery_with_where TEST_ID: A3_B15_C7
#-------------------------------------------------------------------------
SELECT c
FROM
  (SELECT *
   FROM test_unnest,
        unnest(a_float) AS u(c))
WHERE c IN (0.2,
            998)
  AND c NOT IN (0.1,
                999);
+-----+
| c   |
+-----+
| 0.2 |
| 0.2 |
| 0.2 |
+-----+
(3 rows)

!ok

#-------------------------------------------------------------------------
# TESTCASE: test_subquery_with_where TEST_ID: A3_B15_C9
#-------------------------------------------------------------------------
SELECT c
FROM
  (SELECT *
   FROM test_unnest), unnest(a_float) AS u(c)
WHERE c IN (0.2,
            998)
  AND c NOT IN (0.1,
                999);
+-----+
| c   |
+-----+
| 0.2 |
| 0.2 |
| 0.2 |
+-----+
(3 rows)

!ok

#-------------------------------------------------------------------------
# TESTCASE: test_subquery_with_where TEST_ID: A3_B16_C1
#-------------------------------------------------------------------------
SELECT c
FROM test_unnest,
     unnest(a_float) AS u(c)
WHERE c IN
    (SELECT col
     FROM (
           VALUES(0.2),(998)) AS t(col))
  AND c NOT IN
    (SELECT col
     FROM (
           VALUES(0.1),(999)) AS t(col));
Unhandled Query Planning Failure
!error

#-------------------------------------------------------------------------
# TESTCASE: test_subquery_with_where TEST_ID: A3_B16_C3
#-------------------------------------------------------------------------
SELECT c
FROM
  (SELECT *
   FROM test_unnest,
        unnest(a_float) AS u(c)
   WHERE c IN
       (SELECT col
        FROM (
              VALUES(0.2),(998)) AS t(col))
     AND c NOT IN
       (SELECT col
        FROM (
              VALUES(0.1),(999)) AS t(col)));
Unhandled Query Planning Failure
!error

#-------------------------------------------------------------------------
# TESTCASE: test_subquery_with_where TEST_ID: A3_B16_C5
#-------------------------------------------------------------------------
SELECT c
FROM
  (SELECT *
   FROM test_unnest
   WHERE c IN
       (SELECT col
        FROM (
              VALUES(0.2),(998)) AS t(col))
     AND c NOT IN
       (SELECT col
        FROM (
              VALUES(0.1),(999)) AS t(col))), unnest(a_float) AS u(c);
QueryInterruptedException
!error

#-------------------------------------------------------------------------
# TESTCASE: test_subquery_with_where TEST_ID: A3_B16_C7
#-------------------------------------------------------------------------
SELECT c
FROM
  (SELECT *
   FROM test_unnest,
        unnest(a_float) AS u(c))
WHERE c IN
    (SELECT col
     FROM (
           VALUES(0.2),(998)) AS t(col))
  AND c NOT IN
    (SELECT col
     FROM (
           VALUES(0.1),(999)) AS t(col));
Unhandled Query Planning Failure
!error

#-------------------------------------------------------------------------
# TESTCASE: test_subquery_with_where TEST_ID: A3_B16_C9
#-------------------------------------------------------------------------
SELECT c
FROM
  (SELECT *
   FROM test_unnest), unnest(a_float) AS u(c)
WHERE c IN
    (SELECT col
     FROM (
           VALUES(0.2),(998)) AS t(col))
  AND c NOT IN
    (SELECT col
     FROM (
           VALUES(0.1),(999)) AS t(col));
Unhandled Query Planning Failure
!error

#-------------------------------------------------------------------------
# TESTCASE: test_subquery_with_where TEST_ID: A3_B17_C1
#-------------------------------------------------------------------------
SELECT c
FROM test_unnest,
     unnest(a_float) AS u(c)
WHERE s_int=1
  AND c=0.2;
+-----+
| c   |
+-----+
| 0.2 |
+-----+
(1 row)

!ok

#-------------------------------------------------------------------------
# TESTCASE: test_subquery_with_where TEST_ID: A3_B17_C3
#-------------------------------------------------------------------------
SELECT c
FROM
  (SELECT *
   FROM test_unnest,
        unnest(a_float) AS u(c)
   WHERE s_int=1
     AND c=0.2);
+-----+
| c   |
+-----+
| 0.2 |
+-----+
(1 row)

!ok

#-------------------------------------------------------------------------
# TESTCASE: test_subquery_with_where TEST_ID: A3_B17_C5
#-------------------------------------------------------------------------
SELECT c
FROM
  (SELECT *
   FROM test_unnest
   WHERE s_int=1
     AND c=0.2), unnest(a_float) AS u(c);
QueryInterruptedException
!error

#-------------------------------------------------------------------------
# TESTCASE: test_subquery_with_where TEST_ID: A3_B17_C7
#-------------------------------------------------------------------------
SELECT c
FROM
  (SELECT *
   FROM test_unnest,
        unnest(a_float) AS u(c))
WHERE s_int=1
  AND c=0.2;
+-----+
| c   |
+-----+
| 0.2 |
+-----+
(1 row)

!ok

#-------------------------------------------------------------------------
# TESTCASE: test_subquery_with_where TEST_ID: A3_B17_C9
#-------------------------------------------------------------------------
SELECT c
FROM
  (SELECT *
   FROM test_unnest), unnest(a_float) AS u(c)
WHERE s_int=1
  AND c=0.2;
+-----+
| c   |
+-----+
| 0.2 |
+-----+
(1 row)

!ok

#-------------------------------------------------------------------------
# TESTCASE: test_subquery_with_where TEST_ID: A3_B18_C1
#-------------------------------------------------------------------------
SELECT c
FROM test_unnest,
     unnest(a_float) AS u(c)
WHERE s_int<>1
  AND c<>0.2;
+-----+
| c   |
+-----+
| 0.1 |
+-----+
(1 row)

!ok

#-------------------------------------------------------------------------
# TESTCASE: test_subquery_with_where TEST_ID: A3_B18_C3
#-------------------------------------------------------------------------
SELECT c
FROM
  (SELECT *
   FROM test_unnest,
        unnest(a_float) AS u(c)
   WHERE s_int<>1
     AND c<>0.2);
+-----+
| c   |
+-----+
| 0.1 |
+-----+
(1 row)

!ok

#-------------------------------------------------------------------------
# TESTCASE: test_subquery_with_where TEST_ID: A3_B18_C5
#-------------------------------------------------------------------------
SELECT c
FROM
  (SELECT *
   FROM test_unnest
   WHERE s_int<>1
     AND c<>0.2), unnest(a_float) AS u(c);
QueryInterruptedException
!error

#-------------------------------------------------------------------------
# TESTCASE: test_subquery_with_where TEST_ID: A3_B18_C7
#-------------------------------------------------------------------------
SELECT c
FROM
  (SELECT *
   FROM test_unnest,
        unnest(a_float) AS u(c))
WHERE s_int<>1
  AND c<>0.2;
+-----+
| c   |
+-----+
| 0.1 |
+-----+
(1 row)

!ok

#-------------------------------------------------------------------------
# TESTCASE: test_subquery_with_where TEST_ID: A3_B18_C9
#-------------------------------------------------------------------------
SELECT c
FROM
  (SELECT *
   FROM test_unnest), unnest(a_float) AS u(c)
WHERE s_int<>1
  AND c<>0.2;
+-----+
| c   |
+-----+
| 0.1 |
+-----+
(1 row)

!ok

#-------------------------------------------------------------------------
# TESTCASE: test_subquery_with_where TEST_ID: A3_B19_C1
#-------------------------------------------------------------------------
SELECT c
FROM test_unnest,
     unnest(a_float) AS u(c)
WHERE s_int>1
  AND c>0.2;
+---+
| c |
+---+
+---+
(0 rows)

!ok

#-------------------------------------------------------------------------
# TESTCASE: test_subquery_with_where TEST_ID: A3_B19_C3
#-------------------------------------------------------------------------
SELECT c
FROM
  (SELECT *
   FROM test_unnest,
        unnest(a_float) AS u(c)
   WHERE s_int>1
     AND c>0.2);
+---+
| c |
+---+
+---+
(0 rows)

!ok

#-------------------------------------------------------------------------
# TESTCASE: test_subquery_with_where TEST_ID: A3_B19_C5
#-------------------------------------------------------------------------
SELECT c
FROM
  (SELECT *
   FROM test_unnest
   WHERE s_int>1
     AND c>0.2), unnest(a_float) AS u(c);
QueryInterruptedException
!error

#-------------------------------------------------------------------------
# TESTCASE: test_subquery_with_where TEST_ID: A3_B19_C7
#-------------------------------------------------------------------------
SELECT c
FROM
  (SELECT *
   FROM test_unnest,
        unnest(a_float) AS u(c))
WHERE s_int>1
  AND c>0.2;
+---+
| c |
+---+
+---+
(0 rows)

!ok

#-------------------------------------------------------------------------
# TESTCASE: test_subquery_with_where TEST_ID: A3_B19_C9
#-------------------------------------------------------------------------
SELECT c
FROM
  (SELECT *
   FROM test_unnest), unnest(a_float) AS u(c)
WHERE s_int>1
  AND c>0.2;
+---+
| c |
+---+
+---+
(0 rows)

!ok

#-------------------------------------------------------------------------
# TESTCASE: test_subquery_with_where TEST_ID: A3_B20_C1
#-------------------------------------------------------------------------
SELECT c
FROM test_unnest,
     unnest(a_float) AS u(c)
WHERE s_int>=1
  AND c>=0.2;
+-----+
| c   |
+-----+
| 0.2 |
| 0.2 |
+-----+
(2 rows)

!ok

#-------------------------------------------------------------------------
# TESTCASE: test_subquery_with_where TEST_ID: A3_B20_C3
#-------------------------------------------------------------------------
SELECT c
FROM
  (SELECT *
   FROM test_unnest,
        unnest(a_float) AS u(c)
   WHERE s_int>=1
     AND c>=0.2);
+-----+
| c   |
+-----+
| 0.2 |
| 0.2 |
+-----+
(2 rows)

!ok

#-------------------------------------------------------------------------
# TESTCASE: test_subquery_with_where TEST_ID: A3_B20_C5
#-------------------------------------------------------------------------
SELECT c
FROM
  (SELECT *
   FROM test_unnest
   WHERE s_int>=1
     AND c>=0.2), unnest(a_float) AS u(c);
QueryInterruptedException
!error

#-------------------------------------------------------------------------
# TESTCASE: test_subquery_with_where TEST_ID: A3_B20_C7
#-------------------------------------------------------------------------
SELECT c
FROM
  (SELECT *
   FROM test_unnest,
        unnest(a_float) AS u(c))
WHERE s_int>=1
  AND c>=0.2;
+-----+
| c   |
+-----+
| 0.2 |
| 0.2 |
+-----+
(2 rows)

!ok

#-------------------------------------------------------------------------
# TESTCASE: test_subquery_with_where TEST_ID: A3_B20_C9
#-------------------------------------------------------------------------
SELECT c
FROM
  (SELECT *
   FROM test_unnest), unnest(a_float) AS u(c)
WHERE s_int>=1
  AND c>=0.2;
+-----+
| c   |
+-----+
| 0.2 |
| 0.2 |
+-----+
(2 rows)

!ok

#-------------------------------------------------------------------------
# TESTCASE: test_subquery_with_where TEST_ID: A3_B21_C1
#-------------------------------------------------------------------------
SELECT c
FROM test_unnest,
     unnest(a_float) AS u(c)
WHERE s_int<1
  AND c<0.2;
+---+
| c |
+---+
+---+
(0 rows)

!ok

#-------------------------------------------------------------------------
# TESTCASE: test_subquery_with_where TEST_ID: A3_B21_C3
#-------------------------------------------------------------------------
SELECT c
FROM
  (SELECT *
   FROM test_unnest,
        unnest(a_float) AS u(c)
   WHERE s_int<1
     AND c<0.2);
+---+
| c |
+---+
+---+
(0 rows)

!ok

#-------------------------------------------------------------------------
# TESTCASE: test_subquery_with_where TEST_ID: A3_B21_C5
#-------------------------------------------------------------------------
SELECT c
FROM
  (SELECT *
   FROM test_unnest
   WHERE s_int<1
     AND c<0.2), unnest(a_float) AS u(c);
QueryInterruptedException
!error

#-------------------------------------------------------------------------
# TESTCASE: test_subquery_with_where TEST_ID: A3_B21_C7
#-------------------------------------------------------------------------
SELECT c
FROM
  (SELECT *
   FROM test_unnest,
        unnest(a_float) AS u(c))
WHERE s_int<1
  AND c<0.2;
+---+
| c |
+---+
+---+
(0 rows)

!ok

#-------------------------------------------------------------------------
# TESTCASE: test_subquery_with_where TEST_ID: A3_B21_C9
#-------------------------------------------------------------------------
SELECT c
FROM
  (SELECT *
   FROM test_unnest), unnest(a_float) AS u(c)
WHERE s_int<1
  AND c<0.2;
+---+
| c |
+---+
+---+
(0 rows)

!ok

#-------------------------------------------------------------------------
# TESTCASE: test_subquery_with_where TEST_ID: A3_B22_C1
#-------------------------------------------------------------------------
SELECT c
FROM test_unnest,
     unnest(a_float) AS u(c)
WHERE s_int<=1
  AND c<=0.2;
+-----+
| c   |
+-----+
| 0.1 |
| 0.2 |
+-----+
(2 rows)

!ok

#-------------------------------------------------------------------------
# TESTCASE: test_subquery_with_where TEST_ID: A3_B22_C3
#-------------------------------------------------------------------------
SELECT c
FROM
  (SELECT *
   FROM test_unnest,
        unnest(a_float) AS u(c)
   WHERE s_int<=1
     AND c<=0.2);
+-----+
| c   |
+-----+
| 0.1 |
| 0.2 |
+-----+
(2 rows)

!ok

#-------------------------------------------------------------------------
# TESTCASE: test_subquery_with_where TEST_ID: A3_B22_C5
#-------------------------------------------------------------------------
SELECT c
FROM
  (SELECT *
   FROM test_unnest
   WHERE s_int<=1
     AND c<=0.2), unnest(a_float) AS u(c);
QueryInterruptedException
!error

#-------------------------------------------------------------------------
# TESTCASE: test_subquery_with_where TEST_ID: A3_B22_C7
#-------------------------------------------------------------------------
SELECT c
FROM
  (SELECT *
   FROM test_unnest,
        unnest(a_float) AS u(c))
WHERE s_int<=1
  AND c<=0.2;
+-----+
| c   |
+-----+
| 0.1 |
| 0.2 |
+-----+
(2 rows)

!ok

#-------------------------------------------------------------------------
# TESTCASE: test_subquery_with_where TEST_ID: A3_B22_C9
#-------------------------------------------------------------------------
SELECT c
FROM
  (SELECT *
   FROM test_unnest), unnest(a_float) AS u(c)
WHERE s_int<=1
  AND c<=0.2;
+-----+
| c   |
+-----+
| 0.1 |
| 0.2 |
+-----+
(2 rows)

!ok

#-------------------------------------------------------------------------
# TESTCASE: test_subquery_with_where TEST_ID: A3_B23_C1
#-------------------------------------------------------------------------
SELECT c
FROM test_unnest,
     unnest(a_float) AS u(c)
WHERE (NOT s_int<>1
       OR NOT s_int<>997)
  AND (NOT s_int=0
       OR NOT s_int=999)
  AND (NOT c<>0.2
       OR NOT c<>998)
  AND (NOT c=0.1
       OR NOT c=999);
+-----+
| c   |
+-----+
| 0.2 |
+-----+
(1 row)

!ok

#-------------------------------------------------------------------------
# TESTCASE: test_subquery_with_where TEST_ID: A3_B23_C3
#-------------------------------------------------------------------------
SELECT c
FROM
  (SELECT *
   FROM test_unnest,
        unnest(a_float) AS u(c)
   WHERE (NOT s_int<>1
          OR NOT s_int<>997)
     AND (NOT s_int=0
          OR NOT s_int=999)
     AND (NOT c<>0.2
          OR NOT c<>998)
     AND (NOT c=0.1
          OR NOT c=999));
+-----+
| c   |
+-----+
| 0.2 |
+-----+
(1 row)

!ok

#-------------------------------------------------------------------------
# TESTCASE: test_subquery_with_where TEST_ID: A3_B23_C5
#-------------------------------------------------------------------------
SELECT c
FROM
  (SELECT *
   FROM test_unnest
   WHERE (NOT s_int<>1
          OR NOT s_int<>997)
     AND (NOT s_int=0
          OR NOT s_int=999)
     AND (NOT c<>0.2
          OR NOT c<>998)
     AND (NOT c=0.1
          OR NOT c=999)), unnest(a_float) AS u(c);
QueryInterruptedException
!error

#-------------------------------------------------------------------------
# TESTCASE: test_subquery_with_where TEST_ID: A3_B23_C7
#-------------------------------------------------------------------------
SELECT c
FROM
  (SELECT *
   FROM test_unnest,
        unnest(a_float) AS u(c))
WHERE (NOT s_int<>1
       OR NOT s_int<>997)
  AND (NOT s_int=0
       OR NOT s_int=999)
  AND (NOT c<>0.2
       OR NOT c<>998)
  AND (NOT c=0.1
       OR NOT c=999);
+-----+
| c   |
+-----+
| 0.2 |
+-----+
(1 row)

!ok

#-------------------------------------------------------------------------
# TESTCASE: test_subquery_with_where TEST_ID: A3_B23_C9
#-------------------------------------------------------------------------
SELECT c
FROM
  (SELECT *
   FROM test_unnest), unnest(a_float) AS u(c)
WHERE (NOT s_int<>1
       OR NOT s_int<>997)
  AND (NOT s_int=0
       OR NOT s_int=999)
  AND (NOT c<>0.2
       OR NOT c<>998)
  AND (NOT c=0.1
       OR NOT c=999);
+-----+
| c   |
+-----+
| 0.2 |
+-----+
(1 row)

!ok

#-------------------------------------------------------------------------
# TESTCASE: test_subquery_with_where TEST_ID: A3_B24_C1
#-------------------------------------------------------------------------
SELECT c
FROM test_unnest,
     unnest(a_float) AS u(c)
WHERE (s_int=1
       OR s_int=997)
  AND NOT s_int=0
  AND NOT s_int=999
  AND (c=0.2
       OR c=998)
  AND NOT c=0.1
  AND NOT c=999;
+-----+
| c   |
+-----+
| 0.2 |
+-----+
(1 row)

!ok

#-------------------------------------------------------------------------
# TESTCASE: test_subquery_with_where TEST_ID: A3_B24_C3
#-------------------------------------------------------------------------
SELECT c
FROM
  (SELECT *
   FROM test_unnest,
        unnest(a_float) AS u(c)
   WHERE (s_int=1
          OR s_int=997)
     AND NOT s_int=0
     AND NOT s_int=999
     AND (c=0.2
          OR c=998)
     AND NOT c=0.1
     AND NOT c=999);
+-----+
| c   |
+-----+
| 0.2 |
+-----+
(1 row)

!ok

#-------------------------------------------------------------------------
# TESTCASE: test_subquery_with_where TEST_ID: A3_B24_C5
#-------------------------------------------------------------------------
SELECT c
FROM
  (SELECT *
   FROM test_unnest
   WHERE (s_int=1
          OR s_int=997)
     AND NOT s_int=0
     AND NOT s_int=999
     AND (c=0.2
          OR c=998)
     AND NOT c=0.1
     AND NOT c=999), unnest(a_float) AS u(c);
QueryInterruptedException
!error

#-------------------------------------------------------------------------
# TESTCASE: test_subquery_with_where TEST_ID: A3_B24_C7
#-------------------------------------------------------------------------
SELECT c
FROM
  (SELECT *
   FROM test_unnest,
        unnest(a_float) AS u(c))
WHERE (s_int=1
       OR s_int=997)
  AND NOT s_int=0
  AND NOT s_int=999
  AND (c=0.2
       OR c=998)
  AND NOT c=0.1
  AND NOT c=999;
+-----+
| c   |
+-----+
| 0.2 |
+-----+
(1 row)

!ok

