!set useApproximateCountDistinct false
!use druidtest://?componentSupplier=AllDruidEnginesComponentSupplier&datasets=sql/src/test/quidem/qatests/qaUnnest/array
!set outputformat mysql
#-------------------------------------------------------------------------
# TESTCASE: test_subquery_with_where TEST_ID: A1_B30_C9
#-------------------------------------------------------------------------
SELECT c
FROM
  (SELECT *
   FROM test_unnest), unnest(a_bool) AS u(c)
WHERE (cast(s_int AS varchar) like '%1%')
  AND (cast(s_int AS varchar) not like '%3%')
  AND (cast(c AS varchar) like '%1%')
  AND (cast(c AS varchar) not like '%3%');
+---+
| c |
+---+
| 1 |
+---+
(1 row)

!ok

#-------------------------------------------------------------------------
# TESTCASE: test_subquery_with_where TEST_ID: A1_B31_C1
#-------------------------------------------------------------------------
SELECT c
FROM test_unnest,
     unnest(a_bool) AS u(c)
WHERE s_int IN (1,
                996)
  AND s_int NOT IN (0,
                    997)
  AND c IN (1,
            998)
  AND c NOT IN (0,
                999);
+---+
| c |
+---+
| 1 |
+---+
(1 row)

!ok

#-------------------------------------------------------------------------
# TESTCASE: test_subquery_with_where TEST_ID: A1_B31_C3
#-------------------------------------------------------------------------
SELECT c
FROM
  (SELECT *
   FROM test_unnest,
        unnest(a_bool) AS u(c)
   WHERE s_int IN (1,
                   996)
     AND s_int NOT IN (0,
                       997)
     AND c IN (1,
               998)
     AND c NOT IN (0,
                   999));
+---+
| c |
+---+
| 1 |
+---+
(1 row)

!ok

#-------------------------------------------------------------------------
# TESTCASE: test_subquery_with_where TEST_ID: A1_B31_C5
#-------------------------------------------------------------------------
SELECT c
FROM
  (SELECT *
   FROM test_unnest
   WHERE s_int IN (1,
                   996)
     AND s_int NOT IN (0,
                       997)
     AND c IN (1,
               998)
     AND c NOT IN (0,
                   999)), unnest(a_bool) AS u(c);
QueryInterruptedException
!error

#-------------------------------------------------------------------------
# TESTCASE: test_subquery_with_where TEST_ID: A1_B31_C7
#-------------------------------------------------------------------------
SELECT c
FROM
  (SELECT *
   FROM test_unnest,
        unnest(a_bool) AS u(c))
WHERE s_int IN (1,
                996)
  AND s_int NOT IN (0,
                    997)
  AND c IN (1,
            998)
  AND c NOT IN (0,
                999);
+---+
| c |
+---+
| 1 |
+---+
(1 row)

!ok

#-------------------------------------------------------------------------
# TESTCASE: test_subquery_with_where TEST_ID: A1_B31_C9
#-------------------------------------------------------------------------
SELECT c
FROM
  (SELECT *
   FROM test_unnest), unnest(a_bool) AS u(c)
WHERE s_int IN (1,
                996)
  AND s_int NOT IN (0,
                    997)
  AND c IN (1,
            998)
  AND c NOT IN (0,
                999);
+---+
| c |
+---+
| 1 |
+---+
(1 row)

!ok

#-------------------------------------------------------------------------
# TESTCASE: test_subquery_with_where TEST_ID: A1_B32_C1
#-------------------------------------------------------------------------
SELECT c
FROM test_unnest,
     unnest(a_bool) AS u(c)
WHERE s_int IN
    (SELECT col
     FROM (
           VALUES(1),(996)) AS t(col))
  AND s_int NOT IN
    (SELECT col
     FROM (
           VALUES(0),(997)) AS t(col))
  AND c IN
    (SELECT col
     FROM (
           VALUES(1),(998)) AS t(col))
  AND c NOT IN
    (SELECT col
     FROM (
           VALUES(0),(999)) AS t(col));
Unhandled Query Planning Failure
!error

#-------------------------------------------------------------------------
# TESTCASE: test_subquery_with_where TEST_ID: A1_B32_C3
#-------------------------------------------------------------------------
SELECT c
FROM
  (SELECT *
   FROM test_unnest,
        unnest(a_bool) AS u(c)
   WHERE s_int IN
       (SELECT col
        FROM (
              VALUES(1),(996)) AS t(col))
     AND s_int NOT IN
       (SELECT col
        FROM (
              VALUES(0),(997)) AS t(col))
     AND c IN
       (SELECT col
        FROM (
              VALUES(1),(998)) AS t(col))
     AND c NOT IN
       (SELECT col
        FROM (
              VALUES(0),(999)) AS t(col)));
Unhandled Query Planning Failure
!error

#-------------------------------------------------------------------------
# TESTCASE: test_subquery_with_where TEST_ID: A1_B32_C5
#-------------------------------------------------------------------------
SELECT c
FROM
  (SELECT *
   FROM test_unnest
   WHERE s_int IN
       (SELECT col
        FROM (
              VALUES(1),(996)) AS t(col))
     AND s_int NOT IN
       (SELECT col
        FROM (
              VALUES(0),(997)) AS t(col))
     AND c IN
       (SELECT col
        FROM (
              VALUES(1),(998)) AS t(col))
     AND c NOT IN
       (SELECT col
        FROM (
              VALUES(0),(999)) AS t(col))), unnest(a_bool) AS u(c);
QueryInterruptedException
!error

#-------------------------------------------------------------------------
# TESTCASE: test_subquery_with_where TEST_ID: A1_B32_C7
#-------------------------------------------------------------------------
SELECT c
FROM
  (SELECT *
   FROM test_unnest,
        unnest(a_bool) AS u(c))
WHERE s_int IN
    (SELECT col
     FROM (
           VALUES(1),(996)) AS t(col))
  AND s_int NOT IN
    (SELECT col
     FROM (
           VALUES(0),(997)) AS t(col))
  AND c IN
    (SELECT col
     FROM (
           VALUES(1),(998)) AS t(col))
  AND c NOT IN
    (SELECT col
     FROM (
           VALUES(0),(999)) AS t(col));
Unhandled Query Planning Failure
!error

#-------------------------------------------------------------------------
# TESTCASE: test_subquery_with_where TEST_ID: A1_B32_C9
#-------------------------------------------------------------------------
SELECT c
FROM
  (SELECT *
   FROM test_unnest), unnest(a_bool) AS u(c)
WHERE s_int IN
    (SELECT col
     FROM (
           VALUES(1),(996)) AS t(col))
  AND s_int NOT IN
    (SELECT col
     FROM (
           VALUES(0),(997)) AS t(col))
  AND c IN
    (SELECT col
     FROM (
           VALUES(1),(998)) AS t(col))
  AND c NOT IN
    (SELECT col
     FROM (
           VALUES(0),(999)) AS t(col));
Unhandled Query Planning Failure
!error

#-------------------------------------------------------------------------
# TESTCASE: test_subquery_with_where TEST_ID: A1_B33_C1
#-------------------------------------------------------------------------
SELECT c
FROM test_unnest,
     unnest(a_bool) AS u(c)
WHERE s_int=1;
+---+
| c |
+---+
| 0 |
| 1 |
|   |
+---+
(3 rows)

!ok

#-------------------------------------------------------------------------
# TESTCASE: test_subquery_with_where TEST_ID: A1_B33_C3
#-------------------------------------------------------------------------
SELECT c
FROM
  (SELECT *
   FROM test_unnest,
        unnest(a_bool) AS u(c)
   WHERE s_int=1);
+---+
| c |
+---+
| 0 |
| 1 |
|   |
+---+
(3 rows)

!ok

#-------------------------------------------------------------------------
# TESTCASE: test_subquery_with_where TEST_ID: A1_B33_C5
#-------------------------------------------------------------------------
SELECT c
FROM
  (SELECT *
   FROM test_unnest
   WHERE s_int=1), unnest(a_bool) AS u(c);
+---+
| c |
+---+
| 0 |
| 1 |
|   |
+---+
(3 rows)

!ok

#-------------------------------------------------------------------------
# TESTCASE: test_subquery_with_where TEST_ID: A1_B33_C7
#-------------------------------------------------------------------------
SELECT c
FROM
  (SELECT *
   FROM test_unnest,
        unnest(a_bool) AS u(c))
WHERE s_int=1;
+---+
| c |
+---+
| 0 |
| 1 |
|   |
+---+
(3 rows)

!ok

#-------------------------------------------------------------------------
# TESTCASE: test_subquery_with_where TEST_ID: A1_B33_C9
#-------------------------------------------------------------------------
SELECT c
FROM
  (SELECT *
   FROM test_unnest), unnest(a_bool) AS u(c)
WHERE s_int=1;
+---+
| c |
+---+
| 0 |
| 1 |
|   |
+---+
(3 rows)

!ok

#-------------------------------------------------------------------------
# TESTCASE: test_subquery_with_where TEST_ID: A1_B34_C1
#-------------------------------------------------------------------------
SELECT c
FROM test_unnest,
     unnest(a_bool) AS u(c)
WHERE s_int<>1;
+---+
| c |
+---+
| 0 |
| 1 |
|   |
+---+
(3 rows)

!ok

#-------------------------------------------------------------------------
# TESTCASE: test_subquery_with_where TEST_ID: A1_B34_C3
#-------------------------------------------------------------------------
SELECT c
FROM
  (SELECT *
   FROM test_unnest,
        unnest(a_bool) AS u(c)
   WHERE s_int<>1);
+---+
| c |
+---+
| 0 |
| 1 |
|   |
+---+
(3 rows)

!ok

#-------------------------------------------------------------------------
# TESTCASE: test_subquery_with_where TEST_ID: A1_B34_C5
#-------------------------------------------------------------------------
SELECT c
FROM
  (SELECT *
   FROM test_unnest
   WHERE s_int<>1), unnest(a_bool) AS u(c);
+---+
| c |
+---+
| 0 |
| 1 |
|   |
+---+
(3 rows)

!ok

#-------------------------------------------------------------------------
# TESTCASE: test_subquery_with_where TEST_ID: A1_B34_C7
#-------------------------------------------------------------------------
SELECT c
FROM
  (SELECT *
   FROM test_unnest,
        unnest(a_bool) AS u(c))
WHERE s_int<>1;
+---+
| c |
+---+
| 0 |
| 1 |
|   |
+---+
(3 rows)

!ok

#-------------------------------------------------------------------------
# TESTCASE: test_subquery_with_where TEST_ID: A1_B34_C9
#-------------------------------------------------------------------------
SELECT c
FROM
  (SELECT *
   FROM test_unnest), unnest(a_bool) AS u(c)
WHERE s_int<>1;
+---+
| c |
+---+
| 0 |
| 1 |
|   |
+---+
(3 rows)

!ok

#-------------------------------------------------------------------------
# TESTCASE: test_subquery_with_where TEST_ID: A1_B35_C1
#-------------------------------------------------------------------------
SELECT c
FROM test_unnest,
     unnest(a_bool) AS u(c)
WHERE s_int>1;
+---+
| c |
+---+
| 0 |
| 1 |
|   |
+---+
(3 rows)

!ok

#-------------------------------------------------------------------------
# TESTCASE: test_subquery_with_where TEST_ID: A1_B35_C3
#-------------------------------------------------------------------------
SELECT c
FROM
  (SELECT *
   FROM test_unnest,
        unnest(a_bool) AS u(c)
   WHERE s_int>1);
+---+
| c |
+---+
| 0 |
| 1 |
|   |
+---+
(3 rows)

!ok

#-------------------------------------------------------------------------
# TESTCASE: test_subquery_with_where TEST_ID: A1_B35_C5
#-------------------------------------------------------------------------
SELECT c
FROM
  (SELECT *
   FROM test_unnest
   WHERE s_int>1), unnest(a_bool) AS u(c);
+---+
| c |
+---+
| 0 |
| 1 |
|   |
+---+
(3 rows)

!ok

#-------------------------------------------------------------------------
# TESTCASE: test_subquery_with_where TEST_ID: A1_B35_C7
#-------------------------------------------------------------------------
SELECT c
FROM
  (SELECT *
   FROM test_unnest,
        unnest(a_bool) AS u(c))
WHERE s_int>1;
+---+
| c |
+---+
| 0 |
| 1 |
|   |
+---+
(3 rows)

!ok

#-------------------------------------------------------------------------
# TESTCASE: test_subquery_with_where TEST_ID: A1_B35_C9
#-------------------------------------------------------------------------
SELECT c
FROM
  (SELECT *
   FROM test_unnest), unnest(a_bool) AS u(c)
WHERE s_int>1;
+---+
| c |
+---+
| 0 |
| 1 |
|   |
+---+
(3 rows)

!ok

#-------------------------------------------------------------------------
# TESTCASE: test_subquery_with_where TEST_ID: A1_B36_C1
#-------------------------------------------------------------------------
SELECT c
FROM test_unnest,
     unnest(a_bool) AS u(c)
WHERE s_int>=1;
+---+
| c |
+---+
| 0 |
| 0 |
| 1 |
| 1 |
|   |
|   |
+---+
(6 rows)

!ok

#-------------------------------------------------------------------------
# TESTCASE: test_subquery_with_where TEST_ID: A1_B36_C3
#-------------------------------------------------------------------------
SELECT c
FROM
  (SELECT *
   FROM test_unnest,
        unnest(a_bool) AS u(c)
   WHERE s_int>=1);
+---+
| c |
+---+
| 0 |
| 0 |
| 1 |
| 1 |
|   |
|   |
+---+
(6 rows)

!ok

#-------------------------------------------------------------------------
# TESTCASE: test_subquery_with_where TEST_ID: A1_B36_C5
#-------------------------------------------------------------------------
SELECT c
FROM
  (SELECT *
   FROM test_unnest
   WHERE s_int>=1), unnest(a_bool) AS u(c);
+---+
| c |
+---+
| 0 |
| 0 |
| 1 |
| 1 |
|   |
|   |
+---+
(6 rows)

!ok

#-------------------------------------------------------------------------
# TESTCASE: test_subquery_with_where TEST_ID: A1_B36_C7
#-------------------------------------------------------------------------
SELECT c
FROM
  (SELECT *
   FROM test_unnest,
        unnest(a_bool) AS u(c))
WHERE s_int>=1;
+---+
| c |
+---+
| 0 |
| 0 |
| 1 |
| 1 |
|   |
|   |
+---+
(6 rows)

!ok

#-------------------------------------------------------------------------
# TESTCASE: test_subquery_with_where TEST_ID: A1_B36_C9
#-------------------------------------------------------------------------
SELECT c
FROM
  (SELECT *
   FROM test_unnest), unnest(a_bool) AS u(c)
WHERE s_int>=1;
+---+
| c |
+---+
| 0 |
| 0 |
| 1 |
| 1 |
|   |
|   |
+---+
(6 rows)

!ok

#-------------------------------------------------------------------------
# TESTCASE: test_subquery_with_where TEST_ID: A1_B37_C1
#-------------------------------------------------------------------------
SELECT c
FROM test_unnest,
     unnest(a_bool) AS u(c)
WHERE s_int<1;
+---+
| c |
+---+
+---+
(0 rows)

!ok

#-------------------------------------------------------------------------
# TESTCASE: test_subquery_with_where TEST_ID: A1_B37_C3
#-------------------------------------------------------------------------
SELECT c
FROM
  (SELECT *
   FROM test_unnest,
        unnest(a_bool) AS u(c)
   WHERE s_int<1);
+---+
| c |
+---+
+---+
(0 rows)

!ok

#-------------------------------------------------------------------------
# TESTCASE: test_subquery_with_where TEST_ID: A1_B37_C5
#-------------------------------------------------------------------------
SELECT c
FROM
  (SELECT *
   FROM test_unnest
   WHERE s_int<1), unnest(a_bool) AS u(c);
+---+
| c |
+---+
+---+
(0 rows)

!ok

#-------------------------------------------------------------------------
# TESTCASE: test_subquery_with_where TEST_ID: A1_B37_C7
#-------------------------------------------------------------------------
SELECT c
FROM
  (SELECT *
   FROM test_unnest,
        unnest(a_bool) AS u(c))
WHERE s_int<1;
+---+
| c |
+---+
+---+
(0 rows)

!ok

#-------------------------------------------------------------------------
# TESTCASE: test_subquery_with_where TEST_ID: A1_B37_C9
#-------------------------------------------------------------------------
SELECT c
FROM
  (SELECT *
   FROM test_unnest), unnest(a_bool) AS u(c)
WHERE s_int<1;
+---+
| c |
+---+
+---+
(0 rows)

!ok

#-------------------------------------------------------------------------
# TESTCASE: test_subquery_with_where TEST_ID: A1_B38_C1
#-------------------------------------------------------------------------
SELECT c
FROM test_unnest,
     unnest(a_bool) AS u(c)
WHERE s_int<=1;
+---+
| c |
+---+
| 0 |
| 1 |
|   |
+---+
(3 rows)

!ok

#-------------------------------------------------------------------------
# TESTCASE: test_subquery_with_where TEST_ID: A1_B38_C3
#-------------------------------------------------------------------------
SELECT c
FROM
  (SELECT *
   FROM test_unnest,
        unnest(a_bool) AS u(c)
   WHERE s_int<=1);
+---+
| c |
+---+
| 0 |
| 1 |
|   |
+---+
(3 rows)

!ok

#-------------------------------------------------------------------------
# TESTCASE: test_subquery_with_where TEST_ID: A1_B38_C5
#-------------------------------------------------------------------------
SELECT c
FROM
  (SELECT *
   FROM test_unnest
   WHERE s_int<=1), unnest(a_bool) AS u(c);
+---+
| c |
+---+
| 0 |
| 1 |
|   |
+---+
(3 rows)

!ok

#-------------------------------------------------------------------------
# TESTCASE: test_subquery_with_where TEST_ID: A1_B38_C7
#-------------------------------------------------------------------------
SELECT c
FROM
  (SELECT *
   FROM test_unnest,
        unnest(a_bool) AS u(c))
WHERE s_int<=1;
+---+
| c |
+---+
| 0 |
| 1 |
|   |
+---+
(3 rows)

!ok

#-------------------------------------------------------------------------
# TESTCASE: test_subquery_with_where TEST_ID: A1_B38_C9
#-------------------------------------------------------------------------
SELECT c
FROM
  (SELECT *
   FROM test_unnest), unnest(a_bool) AS u(c)
WHERE s_int<=1;
+---+
| c |
+---+
| 0 |
| 1 |
|   |
+---+
(3 rows)

!ok

#-------------------------------------------------------------------------
# TESTCASE: test_subquery_with_where TEST_ID: A1_B39_C1
#-------------------------------------------------------------------------
SELECT c
FROM test_unnest,
     unnest(a_bool) AS u(c)
WHERE (NOT s_int<>1
       OR NOT s_int<>997)
  AND (NOT s_int=0
       OR NOT s_int=999);
+---+
| c |
+---+
| 0 |
| 1 |
|   |
+---+
(3 rows)

!ok

#-------------------------------------------------------------------------
# TESTCASE: test_subquery_with_where TEST_ID: A1_B39_C3
#-------------------------------------------------------------------------
SELECT c
FROM
  (SELECT *
   FROM test_unnest,
        unnest(a_bool) AS u(c)
   WHERE (NOT s_int<>1
          OR NOT s_int<>997)
     AND (NOT s_int=0
          OR NOT s_int=999));
+---+
| c |
+---+
| 0 |
| 1 |
|   |
+---+
(3 rows)

!ok

#-------------------------------------------------------------------------
# TESTCASE: test_subquery_with_where TEST_ID: A1_B39_C5
#-------------------------------------------------------------------------
SELECT c
FROM
  (SELECT *
   FROM test_unnest
   WHERE (NOT s_int<>1
          OR NOT s_int<>997)
     AND (NOT s_int=0
          OR NOT s_int=999)), unnest(a_bool) AS u(c);
+---+
| c |
+---+
| 0 |
| 1 |
|   |
+---+
(3 rows)

!ok

#-------------------------------------------------------------------------
# TESTCASE: test_subquery_with_where TEST_ID: A1_B39_C7
#-------------------------------------------------------------------------
SELECT c
FROM
  (SELECT *
   FROM test_unnest,
        unnest(a_bool) AS u(c))
WHERE (NOT s_int<>1
       OR NOT s_int<>997)
  AND (NOT s_int=0
       OR NOT s_int=999);
+---+
| c |
+---+
| 0 |
| 1 |
|   |
+---+
(3 rows)

!ok

#-------------------------------------------------------------------------
# TESTCASE: test_subquery_with_where TEST_ID: A1_B39_C9
#-------------------------------------------------------------------------
SELECT c
FROM
  (SELECT *
   FROM test_unnest), unnest(a_bool) AS u(c)
WHERE (NOT s_int<>1
       OR NOT s_int<>997)
  AND (NOT s_int=0
       OR NOT s_int=999);
+---+
| c |
+---+
| 0 |
| 1 |
|   |
+---+
(3 rows)

!ok

#-------------------------------------------------------------------------
# TESTCASE: test_subquery_with_where TEST_ID: A1_B40_C1
#-------------------------------------------------------------------------
SELECT c
FROM test_unnest,
     unnest(a_bool) AS u(c)
WHERE (s_int=1
       OR s_int=997)
  AND NOT s_int=0
  AND NOT s_int=999;
+---+
| c |
+---+
| 0 |
| 1 |
|   |
+---+
(3 rows)

!ok

#-------------------------------------------------------------------------
# TESTCASE: test_subquery_with_where TEST_ID: A1_B40_C3
#-------------------------------------------------------------------------
SELECT c
FROM
  (SELECT *
   FROM test_unnest,
        unnest(a_bool) AS u(c)
   WHERE (s_int=1
          OR s_int=997)
     AND NOT s_int=0
     AND NOT s_int=999);
+---+
| c |
+---+
| 0 |
| 1 |
|   |
+---+
(3 rows)

!ok

#-------------------------------------------------------------------------
# TESTCASE: test_subquery_with_where TEST_ID: A1_B40_C5
#-------------------------------------------------------------------------
SELECT c
FROM
  (SELECT *
   FROM test_unnest
   WHERE (s_int=1
          OR s_int=997)
     AND NOT s_int=0
     AND NOT s_int=999), unnest(a_bool) AS u(c);
+---+
| c |
+---+
| 0 |
| 1 |
|   |
+---+
(3 rows)

!ok

#-------------------------------------------------------------------------
# TESTCASE: test_subquery_with_where TEST_ID: A1_B40_C7
#-------------------------------------------------------------------------
SELECT c
FROM
  (SELECT *
   FROM test_unnest,
        unnest(a_bool) AS u(c))
WHERE (s_int=1
       OR s_int=997)
  AND NOT s_int=0
  AND NOT s_int=999;
+---+
| c |
+---+
| 0 |
| 1 |
|   |
+---+
(3 rows)

!ok

