!set useApproximateCountDistinct false
!use druidtest://?componentSupplier=AllDruidEnginesComponentSupplier&datasets=sql/src/test/quidem/qatests/qaUnnest/array
!set outputformat mysql
#-------------------------------------------------------------------------
# TESTCASE: test_subquery_with_where TEST_ID: A3_B4_C9
#-------------------------------------------------------------------------
SELECT c
FROM
  (SELECT *
   FROM test_unnest), unnest(a_float) AS u(c)
WHERE c>=0.2;
+-----+
| c   |
+-----+
| 0.2 |
| 0.2 |
| 0.2 |
+-----+
(3 rows)

!ok

#-------------------------------------------------------------------------
# TESTCASE: test_subquery_with_where TEST_ID: A3_B5_C1
#-------------------------------------------------------------------------
SELECT c
FROM test_unnest,
     unnest(a_float) AS u(c)
WHERE c<0.2;
+-----+
| c   |
+-----+
| 0.1 |
| 0.1 |
| 0.1 |
+-----+
(3 rows)

!ok

#-------------------------------------------------------------------------
# TESTCASE: test_subquery_with_where TEST_ID: A3_B5_C3
#-------------------------------------------------------------------------
SELECT c
FROM
  (SELECT *
   FROM test_unnest,
        unnest(a_float) AS u(c)
   WHERE c<0.2);
+-----+
| c   |
+-----+
| 0.1 |
| 0.1 |
| 0.1 |
+-----+
(3 rows)

!ok

#-------------------------------------------------------------------------
# TESTCASE: test_subquery_with_where TEST_ID: A3_B5_C5
#-------------------------------------------------------------------------
SELECT c
FROM
  (SELECT *
   FROM test_unnest
   WHERE c<0.2), unnest(a_float) AS u(c);
QueryInterruptedException
!error

#-------------------------------------------------------------------------
# TESTCASE: test_subquery_with_where TEST_ID: A3_B5_C7
#-------------------------------------------------------------------------
SELECT c
FROM
  (SELECT *
   FROM test_unnest,
        unnest(a_float) AS u(c))
WHERE c<0.2;
+-----+
| c   |
+-----+
| 0.1 |
| 0.1 |
| 0.1 |
+-----+
(3 rows)

!ok

#-------------------------------------------------------------------------
# TESTCASE: test_subquery_with_where TEST_ID: A3_B5_C9
#-------------------------------------------------------------------------
SELECT c
FROM
  (SELECT *
   FROM test_unnest), unnest(a_float) AS u(c)
WHERE c<0.2;
+-----+
| c   |
+-----+
| 0.1 |
| 0.1 |
| 0.1 |
+-----+
(3 rows)

!ok

#-------------------------------------------------------------------------
# TESTCASE: test_subquery_with_where TEST_ID: A3_B6_C1
#-------------------------------------------------------------------------
SELECT c
FROM test_unnest,
     unnest(a_float) AS u(c)
WHERE c<=0.2;
+-----+
| c   |
+-----+
| 0.1 |
| 0.1 |
| 0.1 |
| 0.2 |
| 0.2 |
| 0.2 |
+-----+
(6 rows)

!ok

#-------------------------------------------------------------------------
# TESTCASE: test_subquery_with_where TEST_ID: A3_B6_C3
#-------------------------------------------------------------------------
SELECT c
FROM
  (SELECT *
   FROM test_unnest,
        unnest(a_float) AS u(c)
   WHERE c<=0.2);
+-----+
| c   |
+-----+
| 0.1 |
| 0.1 |
| 0.1 |
| 0.2 |
| 0.2 |
| 0.2 |
+-----+
(6 rows)

!ok

#-------------------------------------------------------------------------
# TESTCASE: test_subquery_with_where TEST_ID: A3_B6_C5
#-------------------------------------------------------------------------
SELECT c
FROM
  (SELECT *
   FROM test_unnest
   WHERE c<=0.2), unnest(a_float) AS u(c);
QueryInterruptedException
!error

#-------------------------------------------------------------------------
# TESTCASE: test_subquery_with_where TEST_ID: A3_B6_C7
#-------------------------------------------------------------------------
SELECT c
FROM
  (SELECT *
   FROM test_unnest,
        unnest(a_float) AS u(c))
WHERE c<=0.2;
+-----+
| c   |
+-----+
| 0.1 |
| 0.1 |
| 0.1 |
| 0.2 |
| 0.2 |
| 0.2 |
+-----+
(6 rows)

!ok

#-------------------------------------------------------------------------
# TESTCASE: test_subquery_with_where TEST_ID: A3_B6_C9
#-------------------------------------------------------------------------
SELECT c
FROM
  (SELECT *
   FROM test_unnest), unnest(a_float) AS u(c)
WHERE c<=0.2;
+-----+
| c   |
+-----+
| 0.1 |
| 0.1 |
| 0.1 |
| 0.2 |
| 0.2 |
| 0.2 |
+-----+
(6 rows)

!ok

#-------------------------------------------------------------------------
# TESTCASE: test_subquery_with_where TEST_ID: A3_B7_C1
#-------------------------------------------------------------------------
SELECT c
FROM test_unnest,
     unnest(a_float) AS u(c)
WHERE (NOT c<>0.2
       OR NOT c<>998)
  AND (NOT c=0.1
       OR NOT c=999);
+-----+
| c   |
+-----+
| 0.2 |
| 0.2 |
| 0.2 |
+-----+
(3 rows)

!ok

#-------------------------------------------------------------------------
# TESTCASE: test_subquery_with_where TEST_ID: A3_B7_C3
#-------------------------------------------------------------------------
SELECT c
FROM
  (SELECT *
   FROM test_unnest,
        unnest(a_float) AS u(c)
   WHERE (NOT c<>0.2
          OR NOT c<>998)
     AND (NOT c=0.1
          OR NOT c=999));
+-----+
| c   |
+-----+
| 0.2 |
| 0.2 |
| 0.2 |
+-----+
(3 rows)

!ok

#-------------------------------------------------------------------------
# TESTCASE: test_subquery_with_where TEST_ID: A3_B7_C5
#-------------------------------------------------------------------------
SELECT c
FROM
  (SELECT *
   FROM test_unnest
   WHERE (NOT c<>0.2
          OR NOT c<>998)
     AND (NOT c=0.1
          OR NOT c=999)), unnest(a_float) AS u(c);
QueryInterruptedException
!error

#-------------------------------------------------------------------------
# TESTCASE: test_subquery_with_where TEST_ID: A3_B7_C7
#-------------------------------------------------------------------------
SELECT c
FROM
  (SELECT *
   FROM test_unnest,
        unnest(a_float) AS u(c))
WHERE (NOT c<>0.2
       OR NOT c<>998)
  AND (NOT c=0.1
       OR NOT c=999);
+-----+
| c   |
+-----+
| 0.2 |
| 0.2 |
| 0.2 |
+-----+
(3 rows)

!ok

#-------------------------------------------------------------------------
# TESTCASE: test_subquery_with_where TEST_ID: A3_B7_C9
#-------------------------------------------------------------------------
SELECT c
FROM
  (SELECT *
   FROM test_unnest), unnest(a_float) AS u(c)
WHERE (NOT c<>0.2
       OR NOT c<>998)
  AND (NOT c=0.1
       OR NOT c=999);
+-----+
| c   |
+-----+
| 0.2 |
| 0.2 |
| 0.2 |
+-----+
(3 rows)

!ok

#-------------------------------------------------------------------------
# TESTCASE: test_subquery_with_where TEST_ID: A3_B8_C1
#-------------------------------------------------------------------------
SELECT c
FROM test_unnest,
     unnest(a_float) AS u(c)
WHERE (c=0.2
       OR c=998)
  AND NOT c=0.1
  AND NOT c=999;
+-----+
| c   |
+-----+
| 0.2 |
| 0.2 |
| 0.2 |
+-----+
(3 rows)

!ok

#-------------------------------------------------------------------------
# TESTCASE: test_subquery_with_where TEST_ID: A3_B8_C3
#-------------------------------------------------------------------------
SELECT c
FROM
  (SELECT *
   FROM test_unnest,
        unnest(a_float) AS u(c)
   WHERE (c=0.2
          OR c=998)
     AND NOT c=0.1
     AND NOT c=999);
+-----+
| c   |
+-----+
| 0.2 |
| 0.2 |
| 0.2 |
+-----+
(3 rows)

!ok

#-------------------------------------------------------------------------
# TESTCASE: test_subquery_with_where TEST_ID: A3_B8_C5
#-------------------------------------------------------------------------
SELECT c
FROM
  (SELECT *
   FROM test_unnest
   WHERE (c=0.2
          OR c=998)
     AND NOT c=0.1
     AND NOT c=999), unnest(a_float) AS u(c);
QueryInterruptedException
!error

#-------------------------------------------------------------------------
# TESTCASE: test_subquery_with_where TEST_ID: A3_B8_C7
#-------------------------------------------------------------------------
SELECT c
FROM
  (SELECT *
   FROM test_unnest,
        unnest(a_float) AS u(c))
WHERE (c=0.2
       OR c=998)
  AND NOT c=0.1
  AND NOT c=999;
+-----+
| c   |
+-----+
| 0.2 |
| 0.2 |
| 0.2 |
+-----+
(3 rows)

!ok

#-------------------------------------------------------------------------
# TESTCASE: test_subquery_with_where TEST_ID: A3_B8_C9
#-------------------------------------------------------------------------
SELECT c
FROM
  (SELECT *
   FROM test_unnest), unnest(a_float) AS u(c)
WHERE (c=0.2
       OR c=998)
  AND NOT c=0.1
  AND NOT c=999;
+-----+
| c   |
+-----+
| 0.2 |
| 0.2 |
| 0.2 |
+-----+
(3 rows)

!ok

#-------------------------------------------------------------------------
# TESTCASE: test_subquery_with_where TEST_ID: A3_B9_C1
#-------------------------------------------------------------------------
SELECT c
FROM test_unnest,
     unnest(a_float) AS u(c)
WHERE c IS NULL;
+---+
| c |
+---+
|   |
|   |
|   |
+---+
(3 rows)

!ok

#-------------------------------------------------------------------------
# TESTCASE: test_subquery_with_where TEST_ID: A3_B9_C3
#-------------------------------------------------------------------------
SELECT c
FROM
  (SELECT *
   FROM test_unnest,
        unnest(a_float) AS u(c)
   WHERE c IS NULL);
+---+
| c |
+---+
|   |
|   |
|   |
+---+
(3 rows)

!ok

#-------------------------------------------------------------------------
# TESTCASE: test_subquery_with_where TEST_ID: A3_B9_C5
#-------------------------------------------------------------------------
SELECT c
FROM
  (SELECT *
   FROM test_unnest
   WHERE c IS NULL), unnest(a_float) AS u(c);
QueryInterruptedException
!error

#-------------------------------------------------------------------------
# TESTCASE: test_subquery_with_where TEST_ID: A3_B9_C7
#-------------------------------------------------------------------------
SELECT c
FROM
  (SELECT *
   FROM test_unnest,
        unnest(a_float) AS u(c))
WHERE c IS NULL;
+---+
| c |
+---+
|   |
|   |
|   |
+---+
(3 rows)

!ok

#-------------------------------------------------------------------------
# TESTCASE: test_subquery_with_where TEST_ID: A3_B9_C9
#-------------------------------------------------------------------------
SELECT c
FROM
  (SELECT *
   FROM test_unnest), unnest(a_float) AS u(c)
WHERE c IS NULL;
+---+
| c |
+---+
|   |
|   |
|   |
+---+
(3 rows)

!ok

#-------------------------------------------------------------------------
# TESTCASE: test_subquery_with_where TEST_ID: A3_B10_C1
#-------------------------------------------------------------------------
SELECT c
FROM test_unnest,
     unnest(a_float) AS u(c)
WHERE c IS NOT NULL;
+-----+
| c   |
+-----+
| 0.1 |
| 0.1 |
| 0.1 |
| 0.2 |
| 0.2 |
| 0.2 |
+-----+
(6 rows)

!ok

#-------------------------------------------------------------------------
# TESTCASE: test_subquery_with_where TEST_ID: A3_B10_C3
#-------------------------------------------------------------------------
SELECT c
FROM
  (SELECT *
   FROM test_unnest,
        unnest(a_float) AS u(c)
   WHERE c IS NOT NULL);
+-----+
| c   |
+-----+
| 0.1 |
| 0.1 |
| 0.1 |
| 0.2 |
| 0.2 |
| 0.2 |
+-----+
(6 rows)

!ok

#-------------------------------------------------------------------------
# TESTCASE: test_subquery_with_where TEST_ID: A3_B10_C5
#-------------------------------------------------------------------------
SELECT c
FROM
  (SELECT *
   FROM test_unnest
   WHERE c IS NOT NULL), unnest(a_float) AS u(c);
QueryInterruptedException
!error

#-------------------------------------------------------------------------
# TESTCASE: test_subquery_with_where TEST_ID: A3_B10_C7
#-------------------------------------------------------------------------
SELECT c
FROM
  (SELECT *
   FROM test_unnest,
        unnest(a_float) AS u(c))
WHERE c IS NOT NULL;
+-----+
| c   |
+-----+
| 0.1 |
| 0.1 |
| 0.1 |
| 0.2 |
| 0.2 |
| 0.2 |
+-----+
(6 rows)

!ok

#-------------------------------------------------------------------------
# TESTCASE: test_subquery_with_where TEST_ID: A3_B10_C9
#-------------------------------------------------------------------------
SELECT c
FROM
  (SELECT *
   FROM test_unnest), unnest(a_float) AS u(c)
WHERE c IS NOT NULL;
+-----+
| c   |
+-----+
| 0.1 |
| 0.1 |
| 0.1 |
| 0.2 |
| 0.2 |
| 0.2 |
+-----+
(6 rows)

!ok

#-------------------------------------------------------------------------
# TESTCASE: test_subquery_with_where TEST_ID: A3_B11_C1
#-------------------------------------------------------------------------
SELECT c
FROM test_unnest,
     unnest(a_float) AS u(c)
WHERE c IN (0.2,
            998) IS TRUE
  AND c IN (0.1,
            999) IS NOT TRUE;
+-----+
| c   |
+-----+
| 0.2 |
| 0.2 |
| 0.2 |
+-----+
(3 rows)

!ok

#-------------------------------------------------------------------------
# TESTCASE: test_subquery_with_where TEST_ID: A3_B11_C3
#-------------------------------------------------------------------------
SELECT c
FROM
  (SELECT *
   FROM test_unnest,
        unnest(a_float) AS u(c)
   WHERE c IN (0.2,
               998) IS TRUE
     AND c IN (0.1,
               999) IS NOT TRUE);
+-----+
| c   |
+-----+
| 0.2 |
| 0.2 |
| 0.2 |
+-----+
(3 rows)

!ok

#-------------------------------------------------------------------------
# TESTCASE: test_subquery_with_where TEST_ID: A3_B11_C5
#-------------------------------------------------------------------------
SELECT c
FROM
  (SELECT *
   FROM test_unnest
   WHERE c IN (0.2,
               998) IS TRUE
     AND c IN (0.1,
               999) IS NOT TRUE), unnest(a_float) AS u(c);
QueryInterruptedException
!error

#-------------------------------------------------------------------------
# TESTCASE: test_subquery_with_where TEST_ID: A3_B11_C7
#-------------------------------------------------------------------------
SELECT c
FROM
  (SELECT *
   FROM test_unnest,
        unnest(a_float) AS u(c))
WHERE c IN (0.2,
            998) IS TRUE
  AND c IN (0.1,
            999) IS NOT TRUE;
+-----+
| c   |
+-----+
| 0.2 |
| 0.2 |
| 0.2 |
+-----+
(3 rows)

!ok

#-------------------------------------------------------------------------
# TESTCASE: test_subquery_with_where TEST_ID: A3_B11_C9
#-------------------------------------------------------------------------
SELECT c
FROM
  (SELECT *
   FROM test_unnest), unnest(a_float) AS u(c)
WHERE c IN (0.2,
            998) IS TRUE
  AND c IN (0.1,
            999) IS NOT TRUE;
+-----+
| c   |
+-----+
| 0.2 |
| 0.2 |
| 0.2 |
+-----+
(3 rows)

!ok

#-------------------------------------------------------------------------
# TESTCASE: test_subquery_with_where TEST_ID: A3_B12_C1
#-------------------------------------------------------------------------
SELECT c
FROM test_unnest,
     unnest(a_float) AS u(c)
WHERE c IN (0.2,
            998) IS FALSE
  AND c IN (0.1,
            999) IS NOT FALSE;
+-----+
| c   |
+-----+
| 0.1 |
| 0.1 |
| 0.1 |
+-----+
(3 rows)

!ok

#-------------------------------------------------------------------------
# TESTCASE: test_subquery_with_where TEST_ID: A3_B12_C3
#-------------------------------------------------------------------------
SELECT c
FROM
  (SELECT *
   FROM test_unnest,
        unnest(a_float) AS u(c)
   WHERE c IN (0.2,
               998) IS FALSE
     AND c IN (0.1,
               999) IS NOT FALSE);
+-----+
| c   |
+-----+
| 0.1 |
| 0.1 |
| 0.1 |
+-----+
(3 rows)

!ok

#-------------------------------------------------------------------------
# TESTCASE: test_subquery_with_where TEST_ID: A3_B12_C5
#-------------------------------------------------------------------------
SELECT c
FROM
  (SELECT *
   FROM test_unnest
   WHERE c IN (0.2,
               998) IS FALSE
     AND c IN (0.1,
               999) IS NOT FALSE), unnest(a_float) AS u(c);
QueryInterruptedException
!error

#-------------------------------------------------------------------------
# TESTCASE: test_subquery_with_where TEST_ID: A3_B12_C7
#-------------------------------------------------------------------------
SELECT c
FROM
  (SELECT *
   FROM test_unnest,
        unnest(a_float) AS u(c))
WHERE c IN (0.2,
            998) IS FALSE
  AND c IN (0.1,
            999) IS NOT FALSE;
+-----+
| c   |
+-----+
| 0.1 |
| 0.1 |
| 0.1 |
+-----+
(3 rows)

!ok

#-------------------------------------------------------------------------
# TESTCASE: test_subquery_with_where TEST_ID: A3_B12_C9
#-------------------------------------------------------------------------
SELECT c
FROM
  (SELECT *
   FROM test_unnest), unnest(a_float) AS u(c)
WHERE c IN (0.2,
            998) IS FALSE
  AND c IN (0.1,
            999) IS NOT FALSE;
+-----+
| c   |
+-----+
| 0.1 |
| 0.1 |
| 0.1 |
+-----+
(3 rows)

!ok

#-------------------------------------------------------------------------
# TESTCASE: test_subquery_with_where TEST_ID: A3_B13_C1
#-------------------------------------------------------------------------
SELECT c
FROM test_unnest,
     unnest(a_float) AS u(c)
WHERE (c BETWEEN 0.2 AND 0.3)
  AND (c NOT BETWEEN 0.4 AND 0.5);
+-----+
| c   |
+-----+
| 0.2 |
| 0.2 |
| 0.2 |
+-----+
(3 rows)

!ok

#-------------------------------------------------------------------------
# TESTCASE: test_subquery_with_where TEST_ID: A3_B13_C3
#-------------------------------------------------------------------------
SELECT c
FROM
  (SELECT *
   FROM test_unnest,
        unnest(a_float) AS u(c)
   WHERE (c BETWEEN 0.2 AND 0.3)
     AND (c NOT BETWEEN 0.4 AND 0.5));
+-----+
| c   |
+-----+
| 0.2 |
| 0.2 |
| 0.2 |
+-----+
(3 rows)

!ok

#-------------------------------------------------------------------------
# TESTCASE: test_subquery_with_where TEST_ID: A3_B13_C5
#-------------------------------------------------------------------------
SELECT c
FROM
  (SELECT *
   FROM test_unnest
   WHERE (c BETWEEN 0.2 AND 0.3)
     AND (c NOT BETWEEN 0.4 AND 0.5)), unnest(a_float) AS u(c);
QueryInterruptedException
!error

#-------------------------------------------------------------------------
# TESTCASE: test_subquery_with_where TEST_ID: A3_B13_C7
#-------------------------------------------------------------------------
SELECT c
FROM
  (SELECT *
   FROM test_unnest,
        unnest(a_float) AS u(c))
WHERE (c BETWEEN 0.2 AND 0.3)
  AND (c NOT BETWEEN 0.4 AND 0.5);
+-----+
| c   |
+-----+
| 0.2 |
| 0.2 |
| 0.2 |
+-----+
(3 rows)

!ok

#-------------------------------------------------------------------------
# TESTCASE: test_subquery_with_where TEST_ID: A3_B13_C9
#-------------------------------------------------------------------------
SELECT c
FROM
  (SELECT *
   FROM test_unnest), unnest(a_float) AS u(c)
WHERE (c BETWEEN 0.2 AND 0.3)
  AND (c NOT BETWEEN 0.4 AND 0.5);
+-----+
| c   |
+-----+
| 0.2 |
| 0.2 |
| 0.2 |
+-----+
(3 rows)

!ok

#-------------------------------------------------------------------------
# TESTCASE: test_subquery_with_where TEST_ID: A3_B14_C1
#-------------------------------------------------------------------------
SELECT c
FROM test_unnest,
     unnest(a_float) AS u(c)
WHERE (cast(c AS varchar) like '%2%')
  AND (cast(c AS varchar) not like '%3%');
+-----+
| c   |
+-----+
| 0.2 |
| 0.2 |
| 0.2 |
+-----+
(3 rows)

!ok

#-------------------------------------------------------------------------
# TESTCASE: test_subquery_with_where TEST_ID: A3_B14_C3
#-------------------------------------------------------------------------
SELECT c
FROM
  (SELECT *
   FROM test_unnest,
        unnest(a_float) AS u(c)
   WHERE (cast(c AS varchar) like '%2%')
     AND (cast(c AS varchar) not like '%3%'));
+-----+
| c   |
+-----+
| 0.2 |
| 0.2 |
| 0.2 |
+-----+
(3 rows)

!ok

#-------------------------------------------------------------------------
# TESTCASE: test_subquery_with_where TEST_ID: A3_B14_C5
#-------------------------------------------------------------------------
SELECT c
FROM
  (SELECT *
   FROM test_unnest
   WHERE (cast(c AS varchar) like '%2%')
     AND (cast(c AS varchar) not like '%3%')), unnest(a_float) AS u(c);
QueryInterruptedException
!error

#-------------------------------------------------------------------------
# TESTCASE: test_subquery_with_where TEST_ID: A3_B14_C7
#-------------------------------------------------------------------------
SELECT c
FROM
  (SELECT *
   FROM test_unnest,
        unnest(a_float) AS u(c))
WHERE (cast(c AS varchar) like '%2%')
  AND (cast(c AS varchar) not like '%3%');
+-----+
| c   |
+-----+
| 0.2 |
| 0.2 |
| 0.2 |
+-----+
(3 rows)

!ok

