!set useApproximateCountDistinct false
!use druidtest://?componentSupplier=AllDruidEnginesComponentSupplier&datasets=sql/src/test/quidem/qatests/qaUnnest/array
!set outputformat mysql
#-------------------------------------------------------------------------
# TESTCASE: test_subquery_with_where TEST_ID: A3_B44_C9
#-------------------------------------------------------------------------
SELECT c
FROM
  (SELECT *
   FROM test_unnest), unnest(a_float) AS u(c)
WHERE s_int IN (1,
                996) IS FALSE
  AND s_int IN (0,
                997) IS NOT FALSE;
+---+
| c |
+---+
+---+
(0 rows)

!ok

#-------------------------------------------------------------------------
# TESTCASE: test_subquery_with_where TEST_ID: A3_B45_C1
#-------------------------------------------------------------------------
SELECT c
FROM test_unnest,
     unnest(a_float) AS u(c)
WHERE (s_int BETWEEN 1 AND 2)
  AND (s_int NOT BETWEEN 3 AND 4);
+-----+
| c   |
+-----+
| 0.1 |
| 0.1 |
| 0.2 |
| 0.2 |
|     |
|     |
+-----+
(6 rows)

!ok

#-------------------------------------------------------------------------
# TESTCASE: test_subquery_with_where TEST_ID: A3_B45_C3
#-------------------------------------------------------------------------
SELECT c
FROM
  (SELECT *
   FROM test_unnest,
        unnest(a_float) AS u(c)
   WHERE (s_int BETWEEN 1 AND 2)
     AND (s_int NOT BETWEEN 3 AND 4));
+-----+
| c   |
+-----+
| 0.1 |
| 0.1 |
| 0.2 |
| 0.2 |
|     |
|     |
+-----+
(6 rows)

!ok

#-------------------------------------------------------------------------
# TESTCASE: test_subquery_with_where TEST_ID: A3_B45_C5
#-------------------------------------------------------------------------
SELECT c
FROM
  (SELECT *
   FROM test_unnest
   WHERE (s_int BETWEEN 1 AND 2)
     AND (s_int NOT BETWEEN 3 AND 4)), unnest(a_float) AS u(c);
+-----+
| c   |
+-----+
| 0.1 |
| 0.1 |
| 0.2 |
| 0.2 |
|     |
|     |
+-----+
(6 rows)

!ok

#-------------------------------------------------------------------------
# TESTCASE: test_subquery_with_where TEST_ID: A3_B45_C7
#-------------------------------------------------------------------------
SELECT c
FROM
  (SELECT *
   FROM test_unnest,
        unnest(a_float) AS u(c))
WHERE (s_int BETWEEN 1 AND 2)
  AND (s_int NOT BETWEEN 3 AND 4);
+-----+
| c   |
+-----+
| 0.1 |
| 0.1 |
| 0.2 |
| 0.2 |
|     |
|     |
+-----+
(6 rows)

!ok

#-------------------------------------------------------------------------
# TESTCASE: test_subquery_with_where TEST_ID: A3_B45_C9
#-------------------------------------------------------------------------
SELECT c
FROM
  (SELECT *
   FROM test_unnest), unnest(a_float) AS u(c)
WHERE (s_int BETWEEN 1 AND 2)
  AND (s_int NOT BETWEEN 3 AND 4);
+-----+
| c   |
+-----+
| 0.1 |
| 0.1 |
| 0.2 |
| 0.2 |
|     |
|     |
+-----+
(6 rows)

!ok

#-------------------------------------------------------------------------
# TESTCASE: test_subquery_with_where TEST_ID: A3_B46_C1
#-------------------------------------------------------------------------
SELECT c
FROM test_unnest,
     unnest(a_float) AS u(c)
WHERE (cast(s_int AS varchar) like '%1%')
  AND (cast(s_int AS varchar) not like '%3%');
+-----+
| c   |
+-----+
| 0.1 |
| 0.2 |
|     |
+-----+
(3 rows)

!ok

#-------------------------------------------------------------------------
# TESTCASE: test_subquery_with_where TEST_ID: A3_B46_C3
#-------------------------------------------------------------------------
SELECT c
FROM
  (SELECT *
   FROM test_unnest,
        unnest(a_float) AS u(c)
   WHERE (cast(s_int AS varchar) like '%1%')
     AND (cast(s_int AS varchar) not like '%3%'));
+-----+
| c   |
+-----+
| 0.1 |
| 0.2 |
|     |
+-----+
(3 rows)

!ok

#-------------------------------------------------------------------------
# TESTCASE: test_subquery_with_where TEST_ID: A3_B46_C5
#-------------------------------------------------------------------------
SELECT c
FROM
  (SELECT *
   FROM test_unnest
   WHERE (cast(s_int AS varchar) like '%1%')
     AND (cast(s_int AS varchar) not like '%3%')), unnest(a_float) AS u(c);
+-----+
| c   |
+-----+
| 0.1 |
| 0.2 |
|     |
+-----+
(3 rows)

!ok

#-------------------------------------------------------------------------
# TESTCASE: test_subquery_with_where TEST_ID: A3_B46_C7
#-------------------------------------------------------------------------
SELECT c
FROM
  (SELECT *
   FROM test_unnest,
        unnest(a_float) AS u(c))
WHERE (cast(s_int AS varchar) like '%1%')
  AND (cast(s_int AS varchar) not like '%3%');
+-----+
| c   |
+-----+
| 0.1 |
| 0.2 |
|     |
+-----+
(3 rows)

!ok

#-------------------------------------------------------------------------
# TESTCASE: test_subquery_with_where TEST_ID: A3_B46_C9
#-------------------------------------------------------------------------
SELECT c
FROM
  (SELECT *
   FROM test_unnest), unnest(a_float) AS u(c)
WHERE (cast(s_int AS varchar) like '%1%')
  AND (cast(s_int AS varchar) not like '%3%');
+-----+
| c   |
+-----+
| 0.1 |
| 0.2 |
|     |
+-----+
(3 rows)

!ok

#-------------------------------------------------------------------------
# TESTCASE: test_subquery_with_where TEST_ID: A3_B47_C1
#-------------------------------------------------------------------------
SELECT c
FROM test_unnest,
     unnest(a_float) AS u(c)
WHERE s_int IN (1,
                996)
  AND s_int NOT IN (0,
                    997);
+-----+
| c   |
+-----+
| 0.1 |
| 0.2 |
|     |
+-----+
(3 rows)

!ok

#-------------------------------------------------------------------------
# TESTCASE: test_subquery_with_where TEST_ID: A3_B47_C3
#-------------------------------------------------------------------------
SELECT c
FROM
  (SELECT *
   FROM test_unnest,
        unnest(a_float) AS u(c)
   WHERE s_int IN (1,
                   996)
     AND s_int NOT IN (0,
                       997));
+-----+
| c   |
+-----+
| 0.1 |
| 0.2 |
|     |
+-----+
(3 rows)

!ok

#-------------------------------------------------------------------------
# TESTCASE: test_subquery_with_where TEST_ID: A3_B47_C5
#-------------------------------------------------------------------------
SELECT c
FROM
  (SELECT *
   FROM test_unnest
   WHERE s_int IN (1,
                   996)
     AND s_int NOT IN (0,
                       997)), unnest(a_float) AS u(c);
+-----+
| c   |
+-----+
| 0.1 |
| 0.2 |
|     |
+-----+
(3 rows)

!ok

#-------------------------------------------------------------------------
# TESTCASE: test_subquery_with_where TEST_ID: A3_B47_C7
#-------------------------------------------------------------------------
SELECT c
FROM
  (SELECT *
   FROM test_unnest,
        unnest(a_float) AS u(c))
WHERE s_int IN (1,
                996)
  AND s_int NOT IN (0,
                    997);
+-----+
| c   |
+-----+
| 0.1 |
| 0.2 |
|     |
+-----+
(3 rows)

!ok

#-------------------------------------------------------------------------
# TESTCASE: test_subquery_with_where TEST_ID: A3_B47_C9
#-------------------------------------------------------------------------
SELECT c
FROM
  (SELECT *
   FROM test_unnest), unnest(a_float) AS u(c)
WHERE s_int IN (1,
                996)
  AND s_int NOT IN (0,
                    997);
+-----+
| c   |
+-----+
| 0.1 |
| 0.2 |
|     |
+-----+
(3 rows)

!ok

#-------------------------------------------------------------------------
# TESTCASE: test_subquery_with_where TEST_ID: A3_B48_C1
#-------------------------------------------------------------------------
SELECT c
FROM test_unnest,
     unnest(a_float) AS u(c)
WHERE s_int IN
    (SELECT col
     FROM (
           VALUES(1),(996)) AS t(col))
  AND s_int NOT IN
    (SELECT col
     FROM (
           VALUES(0),(997)) AS t(col));
+-----+
| c   |
+-----+
| 0.1 |
| 0.2 |
|     |
+-----+
(3 rows)

!ok

#-------------------------------------------------------------------------
# TESTCASE: test_subquery_with_where TEST_ID: A3_B48_C3
#-------------------------------------------------------------------------
SELECT c
FROM
  (SELECT *
   FROM test_unnest,
        unnest(a_float) AS u(c)
   WHERE s_int IN
       (SELECT col
        FROM (
              VALUES(1),(996)) AS t(col))
     AND s_int NOT IN
       (SELECT col
        FROM (
              VALUES(0),(997)) AS t(col)));
+-----+
| c   |
+-----+
| 0.1 |
| 0.2 |
|     |
+-----+
(3 rows)

!ok

#-------------------------------------------------------------------------
# TESTCASE: test_subquery_with_where TEST_ID: A3_B48_C5
#-------------------------------------------------------------------------
SELECT c
FROM
  (SELECT *
   FROM test_unnest
   WHERE s_int IN
       (SELECT col
        FROM (
              VALUES(1),(996)) AS t(col))
     AND s_int NOT IN
       (SELECT col
        FROM (
              VALUES(0),(997)) AS t(col))), unnest(a_float) AS u(c);
+-----+
| c   |
+-----+
| 0.1 |
| 0.2 |
|     |
+-----+
(3 rows)

!ok

#-------------------------------------------------------------------------
# TESTCASE: test_subquery_with_where TEST_ID: A3_B48_C7
#-------------------------------------------------------------------------
SELECT c
FROM
  (SELECT *
   FROM test_unnest,
        unnest(a_float) AS u(c))
WHERE s_int IN
    (SELECT col
     FROM (
           VALUES(1),(996)) AS t(col))
  AND s_int NOT IN
    (SELECT col
     FROM (
           VALUES(0),(997)) AS t(col));
+-----+
| c   |
+-----+
| 0.1 |
| 0.2 |
|     |
+-----+
(3 rows)

!ok

#-------------------------------------------------------------------------
# TESTCASE: test_subquery_with_where TEST_ID: A3_B48_C9
#-------------------------------------------------------------------------
SELECT c
FROM
  (SELECT *
   FROM test_unnest), unnest(a_float) AS u(c)
WHERE s_int IN
    (SELECT col
     FROM (
           VALUES(1),(996)) AS t(col))
  AND s_int NOT IN
    (SELECT col
     FROM (
           VALUES(0),(997)) AS t(col));
+-----+
| c   |
+-----+
| 0.1 |
| 0.2 |
|     |
+-----+
(3 rows)

!ok

#-------------------------------------------------------------------------
# TESTCASE: test_subquery_with_where TEST_ID: A4_B1_C1
#-------------------------------------------------------------------------
SELECT c
FROM test_unnest,
     unnest(a_str) AS u(c)
WHERE c='S2';
+----+
| c  |
+----+
| S2 |
| S2 |
| S2 |
+----+
(3 rows)

!ok

#-------------------------------------------------------------------------
# TESTCASE: test_subquery_with_where TEST_ID: A4_B1_C3
#-------------------------------------------------------------------------
SELECT c
FROM
  (SELECT *
   FROM test_unnest,
        unnest(a_str) AS u(c)
   WHERE c='S2');
+----+
| c  |
+----+
| S2 |
| S2 |
| S2 |
+----+
(3 rows)

!ok

#-------------------------------------------------------------------------
# TESTCASE: test_subquery_with_where TEST_ID: A4_B1_C5
#-------------------------------------------------------------------------
SELECT c
FROM
  (SELECT *
   FROM test_unnest
   WHERE c='S2'), unnest(a_str) AS u(c);
QueryInterruptedException
!error

#-------------------------------------------------------------------------
# TESTCASE: test_subquery_with_where TEST_ID: A4_B1_C7
#-------------------------------------------------------------------------
SELECT c
FROM
  (SELECT *
   FROM test_unnest,
        unnest(a_str) AS u(c))
WHERE c='S2';
+----+
| c  |
+----+
| S2 |
| S2 |
| S2 |
+----+
(3 rows)

!ok

#-------------------------------------------------------------------------
# TESTCASE: test_subquery_with_where TEST_ID: A4_B1_C9
#-------------------------------------------------------------------------
SELECT c
FROM
  (SELECT *
   FROM test_unnest), unnest(a_str) AS u(c)
WHERE c='S2';
+----+
| c  |
+----+
| S2 |
| S2 |
| S2 |
+----+
(3 rows)

!ok

#-------------------------------------------------------------------------
# TESTCASE: test_subquery_with_where TEST_ID: A4_B2_C1
#-------------------------------------------------------------------------
SELECT c
FROM test_unnest,
     unnest(a_str) AS u(c)
WHERE c<>'S2';
+----+
| c  |
+----+
| S1 |
| S1 |
| S1 |
+----+
(3 rows)

!ok

#-------------------------------------------------------------------------
# TESTCASE: test_subquery_with_where TEST_ID: A4_B2_C3
#-------------------------------------------------------------------------
SELECT c
FROM
  (SELECT *
   FROM test_unnest,
        unnest(a_str) AS u(c)
   WHERE c<>'S2');
+----+
| c  |
+----+
| S1 |
| S1 |
| S1 |
+----+
(3 rows)

!ok

#-------------------------------------------------------------------------
# TESTCASE: test_subquery_with_where TEST_ID: A4_B2_C5
#-------------------------------------------------------------------------
SELECT c
FROM
  (SELECT *
   FROM test_unnest
   WHERE c<>'S2'), unnest(a_str) AS u(c);
QueryInterruptedException
!error

#-------------------------------------------------------------------------
# TESTCASE: test_subquery_with_where TEST_ID: A4_B2_C7
#-------------------------------------------------------------------------
SELECT c
FROM
  (SELECT *
   FROM test_unnest,
        unnest(a_str) AS u(c))
WHERE c<>'S2';
+----+
| c  |
+----+
| S1 |
| S1 |
| S1 |
+----+
(3 rows)

!ok

#-------------------------------------------------------------------------
# TESTCASE: test_subquery_with_where TEST_ID: A4_B2_C9
#-------------------------------------------------------------------------
SELECT c
FROM
  (SELECT *
   FROM test_unnest), unnest(a_str) AS u(c)
WHERE c<>'S2';
+----+
| c  |
+----+
| S1 |
| S1 |
| S1 |
+----+
(3 rows)

!ok

#-------------------------------------------------------------------------
# TESTCASE: test_subquery_with_where TEST_ID: A4_B3_C1
#-------------------------------------------------------------------------
SELECT c
FROM test_unnest,
     unnest(a_str) AS u(c)
WHERE c>'S2';
+---+
| c |
+---+
+---+
(0 rows)

!ok

#-------------------------------------------------------------------------
# TESTCASE: test_subquery_with_where TEST_ID: A4_B3_C3
#-------------------------------------------------------------------------
SELECT c
FROM
  (SELECT *
   FROM test_unnest,
        unnest(a_str) AS u(c)
   WHERE c>'S2');
+---+
| c |
+---+
+---+
(0 rows)

!ok

#-------------------------------------------------------------------------
# TESTCASE: test_subquery_with_where TEST_ID: A4_B3_C5
#-------------------------------------------------------------------------
SELECT c
FROM
  (SELECT *
   FROM test_unnest
   WHERE c>'S2'), unnest(a_str) AS u(c);
QueryInterruptedException
!error

#-------------------------------------------------------------------------
# TESTCASE: test_subquery_with_where TEST_ID: A4_B3_C7
#-------------------------------------------------------------------------
SELECT c
FROM
  (SELECT *
   FROM test_unnest,
        unnest(a_str) AS u(c))
WHERE c>'S2';
+---+
| c |
+---+
+---+
(0 rows)

!ok

#-------------------------------------------------------------------------
# TESTCASE: test_subquery_with_where TEST_ID: A4_B3_C9
#-------------------------------------------------------------------------
SELECT c
FROM
  (SELECT *
   FROM test_unnest), unnest(a_str) AS u(c)
WHERE c>'S2';
+---+
| c |
+---+
+---+
(0 rows)

!ok

#-------------------------------------------------------------------------
# TESTCASE: test_subquery_with_where TEST_ID: A4_B4_C1
#-------------------------------------------------------------------------
SELECT c
FROM test_unnest,
     unnest(a_str) AS u(c)
WHERE c>='S2';
+----+
| c  |
+----+
| S2 |
| S2 |
| S2 |
+----+
(3 rows)

!ok

#-------------------------------------------------------------------------
# TESTCASE: test_subquery_with_where TEST_ID: A4_B4_C3
#-------------------------------------------------------------------------
SELECT c
FROM
  (SELECT *
   FROM test_unnest,
        unnest(a_str) AS u(c)
   WHERE c>='S2');
+----+
| c  |
+----+
| S2 |
| S2 |
| S2 |
+----+
(3 rows)

!ok

#-------------------------------------------------------------------------
# TESTCASE: test_subquery_with_where TEST_ID: A4_B4_C5
#-------------------------------------------------------------------------
SELECT c
FROM
  (SELECT *
   FROM test_unnest
   WHERE c>='S2'), unnest(a_str) AS u(c);
QueryInterruptedException
!error

#-------------------------------------------------------------------------
# TESTCASE: test_subquery_with_where TEST_ID: A4_B4_C7
#-------------------------------------------------------------------------
SELECT c
FROM
  (SELECT *
   FROM test_unnest,
        unnest(a_str) AS u(c))
WHERE c>='S2';
+----+
| c  |
+----+
| S2 |
| S2 |
| S2 |
+----+
(3 rows)

!ok

#-------------------------------------------------------------------------
# TESTCASE: test_subquery_with_where TEST_ID: A4_B4_C9
#-------------------------------------------------------------------------
SELECT c
FROM
  (SELECT *
   FROM test_unnest), unnest(a_str) AS u(c)
WHERE c>='S2';
+----+
| c  |
+----+
| S2 |
| S2 |
| S2 |
+----+
(3 rows)

!ok

#-------------------------------------------------------------------------
# TESTCASE: test_subquery_with_where TEST_ID: A4_B5_C1
#-------------------------------------------------------------------------
SELECT c
FROM test_unnest,
     unnest(a_str) AS u(c)
WHERE c<'S2';
+----+
| c  |
+----+
| S1 |
| S1 |
| S1 |
+----+
(3 rows)

!ok

#-------------------------------------------------------------------------
# TESTCASE: test_subquery_with_where TEST_ID: A4_B5_C3
#-------------------------------------------------------------------------
SELECT c
FROM
  (SELECT *
   FROM test_unnest,
        unnest(a_str) AS u(c)
   WHERE c<'S2');
+----+
| c  |
+----+
| S1 |
| S1 |
| S1 |
+----+
(3 rows)

!ok

#-------------------------------------------------------------------------
# TESTCASE: test_subquery_with_where TEST_ID: A4_B5_C5
#-------------------------------------------------------------------------
SELECT c
FROM
  (SELECT *
   FROM test_unnest
   WHERE c<'S2'), unnest(a_str) AS u(c);
QueryInterruptedException
!error

#-------------------------------------------------------------------------
# TESTCASE: test_subquery_with_where TEST_ID: A4_B5_C7
#-------------------------------------------------------------------------
SELECT c
FROM
  (SELECT *
   FROM test_unnest,
        unnest(a_str) AS u(c))
WHERE c<'S2';
+----+
| c  |
+----+
| S1 |
| S1 |
| S1 |
+----+
(3 rows)

!ok

#-------------------------------------------------------------------------
# TESTCASE: test_subquery_with_where TEST_ID: A4_B5_C9
#-------------------------------------------------------------------------
SELECT c
FROM
  (SELECT *
   FROM test_unnest), unnest(a_str) AS u(c)
WHERE c<'S2';
+----+
| c  |
+----+
| S1 |
| S1 |
| S1 |
+----+
(3 rows)

!ok

#-------------------------------------------------------------------------
# TESTCASE: test_subquery_with_where TEST_ID: A4_B6_C1
#-------------------------------------------------------------------------
SELECT c
FROM test_unnest,
     unnest(a_str) AS u(c)
WHERE c<='S2';
+----+
| c  |
+----+
| S1 |
| S1 |
| S1 |
| S2 |
| S2 |
| S2 |
+----+
(6 rows)

!ok

#-------------------------------------------------------------------------
# TESTCASE: test_subquery_with_where TEST_ID: A4_B6_C3
#-------------------------------------------------------------------------
SELECT c
FROM
  (SELECT *
   FROM test_unnest,
        unnest(a_str) AS u(c)
   WHERE c<='S2');
+----+
| c  |
+----+
| S1 |
| S1 |
| S1 |
| S2 |
| S2 |
| S2 |
+----+
(6 rows)

!ok

#-------------------------------------------------------------------------
# TESTCASE: test_subquery_with_where TEST_ID: A4_B6_C5
#-------------------------------------------------------------------------
SELECT c
FROM
  (SELECT *
   FROM test_unnest
   WHERE c<='S2'), unnest(a_str) AS u(c);
QueryInterruptedException
!error

#-------------------------------------------------------------------------
# TESTCASE: test_subquery_with_where TEST_ID: A4_B6_C7
#-------------------------------------------------------------------------
SELECT c
FROM
  (SELECT *
   FROM test_unnest,
        unnest(a_str) AS u(c))
WHERE c<='S2';
+----+
| c  |
+----+
| S1 |
| S1 |
| S1 |
| S2 |
| S2 |
| S2 |
+----+
(6 rows)

!ok

