!set useApproximateCountDistinct false
!use druidtest://?componentSupplier=StandardComponentSupplier&datasets=sql/src/test/quidem/qatests/qaUnnest/array
!set outputformat mysql
#-------------------------------------------------------------------------
# TESTCASE: test_union_all TEST_ID: SEL_DATASOURCE
#-------------------------------------------------------------------------
SELECT *
FROM test_unnest;
+-------------------------+-------+--------+--------------+--------------+------------------+----------------+--------------------+---------+--------------------------+-------------------------------------------------------------------------------------------------------------------------------------------------------------------------------------------------------------------------------------------------------------------------------------------------------------------------------+
| __time                  | s_int | s_null | a_bool       | a_int        | a_float          | a_str          | a_null             | a_empty | a_mixed                  | a_nested                                                                                                                                                                                                                                                                                                                      |
+-------------------------+-------+--------+--------------+--------------+------------------+----------------+--------------------+---------+--------------------------+-------------------------------------------------------------------------------------------------------------------------------------------------------------------------------------------------------------------------------------------------------------------------------------------------------------------------------+
| 2022-01-01 00:00:00.000 |     1 |        | [1, 0, null] | [1, 2, null] | [0.1, 0.2, null] | [S1, S2, null] | [null, null, null] | []      | [true, 1, 0.1, S1, null] | [[true,false,null],[1,2,null],[0.1,0.2,null],["S1","S2",null],[null,null,null],[],[true,1,0.1,"S1",null],[[true,false,null],[1,2,null],[0.1,0.2,null],["S1","S2",null],[null,null,null],[],[true,1,0.1,"S1",null],[[true,false,null],[1,2,null],[0.1,0.2,null],["S1","S2",null],[null,null,null],[],[true,1,0.1,"S1",null]]]] |
| 2022-02-01 00:00:00.000 |     2 |        | [null, 1, 0] | [null, 1, 2] | [null, 0.1, 0.2] | [null, S1, S2] | [null, null, null] | []      | [null, true, 1, 0.1, S1] | [[null,true,false],[null,1,2],[null,0.1,0.2],[null,"S1","S2"],[null,null,null],[],[null,true,1,0.1,"S1"],[[null,true,false],[null,1,2],[null,0.1,0.2],[null,"S1","S2"],[null,null,null],[],[null,true,1,0.1,"S1"],[[null,true,false],[null,1,2],[null,0.1,0.2],[null,"S1","S2"],[null,null,null],[],[null,true,1,0.1,"S1"]]]] |
| 2022-03-01 00:00:00.000 |       |        | [0, null, 1] | [2, null, 1] | [0.2, null, 0.1] | [S2, null, S1] | [null, null, null] | []      | [S1, null, true, 1, 0.1] | [[false,null,true],[2,null,1],[0.2,null,0.1],["S2",null,"S1"],[null,null,null],[],["S1",null,true,1,0.1],[[false,null,true],[2,null,1],[0.2,null,0.1],["S2",null,"S1"],[null,null,null],[],["S1",null,true,1,0.1],[[false,null,true],[2,null,1],[0.2,null,0.1],["S2",null,"S1"],[null,null,null],[],["S1",null,true,1,0.1]]]] |
+-------------------------+-------+--------+--------------+--------------+------------------+----------------+--------------------+---------+--------------------------+-------------------------------------------------------------------------------------------------------------------------------------------------------------------------------------------------------------------------------------------------------------------------------------------------------------------------------+
(3 rows)

!ok

#-------------------------------------------------------------------------
# TESTCASE: test_union_all TEST_ID: A1_B1
#-------------------------------------------------------------------------
SELECT s_int,
       c
FROM
  (SELECT *
   FROM test_unnest,
        unnest(a_bool) AS u(c)
   WHERE s_int IN (0,
                   1,
                   999)
   UNION ALL SELECT *
   FROM test_unnest,
        unnest(a_bool) AS u(c)
   WHERE s_int IN (2,
                   999));
+-------+---+
| s_int | c |
+-------+---+
|     1 | 0 |
|     1 | 1 |
|     1 |   |
|     2 | 0 |
|     2 | 1 |
|     2 |   |
+-------+---+
(6 rows)

!ok

#-------------------------------------------------------------------------
# TESTCASE: test_union_all TEST_ID: A1_B2
#-------------------------------------------------------------------------
SELECT count(*) cnt
FROM
  (SELECT *
   FROM test_unnest,
        unnest(a_bool) AS u(c)
   UNION ALL SELECT *
   FROM test_unnest,
        unnest(a_bool) AS u(c));
Unhandled Query Planning Failure
!error

#-------------------------------------------------------------------------
# TESTCASE: test_union_all TEST_ID: A2_B1
#-------------------------------------------------------------------------
SELECT s_int,
       c
FROM
  (SELECT *
   FROM test_unnest,
        unnest(json_value(a_nested, '$[0]' RETURNING boolean array)) AS u(c)
   WHERE s_int IN (0,
                   1,
                   999)
   UNION ALL SELECT *
   FROM test_unnest,
        unnest(json_value(a_nested, '$[0]' RETURNING boolean array)) AS u(c)
   WHERE s_int IN (2,
                   999));
+-------+-------+
| s_int | c     |
+-------+-------+
|     1 | false |
|     1 | true  |
|     1 |       |
|     2 | false |
|     2 | true  |
|     2 |       |
+-------+-------+
(6 rows)

!ok

#-------------------------------------------------------------------------
# TESTCASE: test_union_all TEST_ID: A2_B2
#-------------------------------------------------------------------------
SELECT count(*) cnt
FROM
  (SELECT *
   FROM test_unnest,
        unnest(json_value(a_nested, '$[0]' RETURNING boolean array)) AS u(c)
   UNION ALL SELECT *
   FROM test_unnest,
        unnest(json_value(a_nested, '$[0]' RETURNING boolean array)) AS u(c));
Unhandled Query Planning Failure
!error

#-------------------------------------------------------------------------
# TESTCASE: test_union_all TEST_ID: A3_B1
#-------------------------------------------------------------------------
SELECT s_int,
       c
FROM
  (SELECT *
   FROM test_unnest,
        unnest(a_int) AS u(c)
   WHERE s_int IN (0,
                   1,
                   999)
   UNION ALL SELECT *
   FROM test_unnest,
        unnest(a_int) AS u(c)
   WHERE s_int IN (2,
                   999));
+-------+---+
| s_int | c |
+-------+---+
|     1 | 1 |
|     1 | 2 |
|     1 |   |
|     2 | 1 |
|     2 | 2 |
|     2 |   |
+-------+---+
(6 rows)

!ok

#-------------------------------------------------------------------------
# TESTCASE: test_union_all TEST_ID: A3_B2
#-------------------------------------------------------------------------
SELECT count(*) cnt
FROM
  (SELECT *
   FROM test_unnest,
        unnest(a_int) AS u(c)
   UNION ALL SELECT *
   FROM test_unnest,
        unnest(a_int) AS u(c));
Unhandled Query Planning Failure
!error

#-------------------------------------------------------------------------
# TESTCASE: test_union_all TEST_ID: A4_B1
#-------------------------------------------------------------------------
SELECT s_int,
       c
FROM
  (SELECT *
   FROM test_unnest,
        unnest(json_value(a_nested, '$[1]' RETURNING bigint array)) AS u(c)
   WHERE s_int IN (0,
                   1,
                   999)
   UNION ALL SELECT *
   FROM test_unnest,
        unnest(json_value(a_nested, '$[1]' RETURNING bigint array)) AS u(c)
   WHERE s_int IN (2,
                   999));
+-------+---+
| s_int | c |
+-------+---+
|     1 | 1 |
|     1 | 2 |
|     1 |   |
|     2 | 1 |
|     2 | 2 |
|     2 |   |
+-------+---+
(6 rows)

!ok

#-------------------------------------------------------------------------
# TESTCASE: test_union_all TEST_ID: A4_B2
#-------------------------------------------------------------------------
SELECT count(*) cnt
FROM
  (SELECT *
   FROM test_unnest,
        unnest(json_value(a_nested, '$[1]' RETURNING bigint array)) AS u(c)
   UNION ALL SELECT *
   FROM test_unnest,
        unnest(json_value(a_nested, '$[1]' RETURNING bigint array)) AS u(c));
Unhandled Query Planning Failure
!error

#-------------------------------------------------------------------------
# TESTCASE: test_union_all TEST_ID: A5_B1
#-------------------------------------------------------------------------
SELECT s_int,
       c
FROM
  (SELECT *
   FROM test_unnest,
        unnest(a_float) AS u(c)
   WHERE s_int IN (0,
                   1,
                   999)
   UNION ALL SELECT *
   FROM test_unnest,
        unnest(a_float) AS u(c)
   WHERE s_int IN (2,
                   999));
+-------+-----+
| s_int | c   |
+-------+-----+
|     1 | 0.1 |
|     1 | 0.2 |
|     1 |     |
|     2 | 0.1 |
|     2 | 0.2 |
|     2 |     |
+-------+-----+
(6 rows)

!ok

#-------------------------------------------------------------------------
# TESTCASE: test_union_all TEST_ID: A5_B2
#-------------------------------------------------------------------------
SELECT count(*) cnt
FROM
  (SELECT *
   FROM test_unnest,
        unnest(a_float) AS u(c)
   UNION ALL SELECT *
   FROM test_unnest,
        unnest(a_float) AS u(c));
Unhandled Query Planning Failure
!error

#-------------------------------------------------------------------------
# TESTCASE: test_union_all TEST_ID: A6_B1
#-------------------------------------------------------------------------
SELECT s_int,
       c
FROM
  (SELECT *
   FROM test_unnest,
        unnest(json_value(a_nested, '$[2]' RETURNING DOUBLE array)) AS u(c)
   WHERE s_int IN (0,
                   1,
                   999)
   UNION ALL SELECT *
   FROM test_unnest,
        unnest(json_value(a_nested, '$[2]' RETURNING DOUBLE array)) AS u(c)
   WHERE s_int IN (2,
                   999));
+-------+-----+
| s_int | c   |
+-------+-----+
|     1 | 0.1 |
|     1 | 0.2 |
|     1 |     |
|     2 | 0.1 |
|     2 | 0.2 |
|     2 |     |
+-------+-----+
(6 rows)

!ok

#-------------------------------------------------------------------------
# TESTCASE: test_union_all TEST_ID: A6_B2
#-------------------------------------------------------------------------
SELECT count(*) cnt
FROM
  (SELECT *
   FROM test_unnest,
        unnest(json_value(a_nested, '$[2]' RETURNING DOUBLE array)) AS u(c)
   UNION ALL SELECT *
   FROM test_unnest,
        unnest(json_value(a_nested, '$[2]' RETURNING DOUBLE array)) AS u(c));
Unhandled Query Planning Failure
!error

#-------------------------------------------------------------------------
# TESTCASE: test_union_all TEST_ID: A7_B1
#-------------------------------------------------------------------------
SELECT s_int,
       c
FROM
  (SELECT *
   FROM test_unnest,
        unnest(a_str) AS u(c)
   WHERE s_int IN (0,
                   1,
                   999)
   UNION ALL SELECT *
   FROM test_unnest,
        unnest(a_str) AS u(c)
   WHERE s_int IN (2,
                   999));
+-------+----+
| s_int | c  |
+-------+----+
|     1 | S1 |
|     1 | S2 |
|     1 |    |
|     2 | S1 |
|     2 | S2 |
|     2 |    |
+-------+----+
(6 rows)

!ok

#-------------------------------------------------------------------------
# TESTCASE: test_union_all TEST_ID: A7_B2
#-------------------------------------------------------------------------
SELECT count(*) cnt
FROM
  (SELECT *
   FROM test_unnest,
        unnest(a_str) AS u(c)
   UNION ALL SELECT *
   FROM test_unnest,
        unnest(a_str) AS u(c));
Unhandled Query Planning Failure
!error

#-------------------------------------------------------------------------
# TESTCASE: test_union_all TEST_ID: A8_B1
#-------------------------------------------------------------------------
SELECT s_int,
       c
FROM
  (SELECT *
   FROM test_unnest,
        unnest(json_value(a_nested, '$[3]' RETURNING varchar array)) AS u(c)
   WHERE s_int IN (0,
                   1,
                   999)
   UNION ALL SELECT *
   FROM test_unnest,
        unnest(json_value(a_nested, '$[3]' RETURNING varchar array)) AS u(c)
   WHERE s_int IN (2,
                   999));
+-------+----+
| s_int | c  |
+-------+----+
|     1 | S1 |
|     1 | S2 |
|     1 |    |
|     2 | S1 |
|     2 | S2 |
|     2 |    |
+-------+----+
(6 rows)

!ok

#-------------------------------------------------------------------------
# TESTCASE: test_union_all TEST_ID: A8_B2
#-------------------------------------------------------------------------
SELECT count(*) cnt
FROM
  (SELECT *
   FROM test_unnest,
        unnest(json_value(a_nested, '$[3]' RETURNING varchar array)) AS u(c)
   UNION ALL SELECT *
   FROM test_unnest,
        unnest(json_value(a_nested, '$[3]' RETURNING varchar array)) AS u(c));
Unhandled Query Planning Failure
!error

#-------------------------------------------------------------------------
# TESTCASE: test_union_all TEST_ID: A9_B1
#-------------------------------------------------------------------------
SELECT s_int,
       c
FROM
  (SELECT *
   FROM test_unnest,
        unnest(a_mixed) AS u(c)
   WHERE s_int IN (0,
                   1,
                   999)
   UNION ALL SELECT *
   FROM test_unnest,
        unnest(a_mixed) AS u(c)
   WHERE s_int IN (2,
                   999));
+-------+------+
| s_int | c    |
+-------+------+
|     1 | 0.1  |
|     1 | 1    |
|     1 | S1   |
|     1 | true |
|     1 |      |
|     2 | 0.1  |
|     2 | 1    |
|     2 | S1   |
|     2 | true |
|     2 |      |
+-------+------+
(10 rows)

!ok

#-------------------------------------------------------------------------
# TESTCASE: test_union_all TEST_ID: A9_B2
#-------------------------------------------------------------------------
SELECT count(*) cnt
FROM
  (SELECT *
   FROM test_unnest,
        unnest(a_mixed) AS u(c)
   UNION ALL SELECT *
   FROM test_unnest,
        unnest(a_mixed) AS u(c));
Unhandled Query Planning Failure
!error

#-------------------------------------------------------------------------
# TESTCASE: test_union_all TEST_ID: A10_B1
#-------------------------------------------------------------------------
SELECT s_int,
       c
FROM
  (SELECT *
   FROM test_unnest,
        unnest(json_value(a_nested, '$[6]' RETURNING varchar array)) AS u(c)
   WHERE s_int IN (0,
                   1,
                   999)
   UNION ALL SELECT *
   FROM test_unnest,
        unnest(json_value(a_nested, '$[6]' RETURNING varchar array)) AS u(c)
   WHERE s_int IN (2,
                   999));
+-------+------+
| s_int | c    |
+-------+------+
|     1 | 0.1  |
|     1 | 1    |
|     1 | S1   |
|     1 | true |
|     1 |      |
|     2 | 0.1  |
|     2 | 1    |
|     2 | S1   |
|     2 | true |
|     2 |      |
+-------+------+
(10 rows)

!ok

#-------------------------------------------------------------------------
# TESTCASE: test_union_all TEST_ID: A10_B2
#-------------------------------------------------------------------------
SELECT count(*) cnt
FROM
  (SELECT *
   FROM test_unnest,
        unnest(json_value(a_nested, '$[6]' RETURNING varchar array)) AS u(c)
   UNION ALL SELECT *
   FROM test_unnest,
        unnest(json_value(a_nested, '$[6]' RETURNING varchar array)) AS u(c));
Unhandled Query Planning Failure
!error

#-------------------------------------------------------------------------
# TESTCASE: test_union_all TEST_ID: A11_B1
#-------------------------------------------------------------------------
SELECT s_int,
       c
FROM
  (SELECT *
   FROM test_unnest,
        unnest(json_value(a_nested, '$[4]' RETURNING varchar array)) AS u(c)
   WHERE s_int IN (0,
                   1,
                   999)
   UNION ALL SELECT *
   FROM test_unnest,
        unnest(json_value(a_nested, '$[4]' RETURNING varchar array)) AS u(c)
   WHERE s_int IN (2,
                   999));
+-------+---+
| s_int | c |
+-------+---+
|     1 |   |
|     1 |   |
|     1 |   |
|     2 |   |
|     2 |   |
|     2 |   |
+-------+---+
(6 rows)

!ok

#-------------------------------------------------------------------------
# TESTCASE: test_union_all TEST_ID: A11_B2
#-------------------------------------------------------------------------
SELECT count(*) cnt
FROM
  (SELECT *
   FROM test_unnest,
        unnest(json_value(a_nested, '$[4]' RETURNING varchar array)) AS u(c)
   UNION ALL SELECT *
   FROM test_unnest,
        unnest(json_value(a_nested, '$[4]' RETURNING varchar array)) AS u(c));
Unhandled Query Planning Failure
!error

#-------------------------------------------------------------------------
# TESTCASE: test_union_all TEST_ID: A12_B1
#-------------------------------------------------------------------------
SELECT s_int,
       c
FROM
  (SELECT *
   FROM test_unnest,
        unnest(json_value(a_nested, '$[5]' RETURNING varchar array)) AS u(c)
   WHERE s_int IN (0,
                   1,
                   999)
   UNION ALL SELECT *
   FROM test_unnest,
        unnest(json_value(a_nested, '$[5]' RETURNING varchar array)) AS u(c)
   WHERE s_int IN (2,
                   999));
+-------+---+
| s_int | c |
+-------+---+
+-------+---+
(0 rows)

!ok

#-------------------------------------------------------------------------
# TESTCASE: test_union_all TEST_ID: A12_B2
#-------------------------------------------------------------------------
SELECT count(*) cnt
FROM
  (SELECT *
   FROM test_unnest,
        unnest(json_value(a_nested, '$[5]' RETURNING varchar array)) AS u(c)
   UNION ALL SELECT *
   FROM test_unnest,
        unnest(json_value(a_nested, '$[5]' RETURNING varchar array)) AS u(c));
Unhandled Query Planning Failure
!error

