!set dartQueryId 00000000-0000-0000-0000-000000000000
!set useApproximateCountDistinct false
!use druidtest://?componentSupplier=StandardAndMSQComponentSupplier&datasets=sql/src/test/quidem/qatests/qaUnnest/array
!set outputformat mysql
#-------------------------------------------------------------------------
# TESTCASE: test_subquery_with_where TEST_ID: A1_B10_C9
#-------------------------------------------------------------------------
SELECT c
FROM
  (SELECT *
   FROM test_unnest), unnest(a_bool) AS u(c)
WHERE c IS NOT NULL;
+---+
| c |
+---+
| 0 |
| 0 |
| 0 |
| 1 |
| 1 |
| 1 |
+---+
(6 rows)

!ok

#-------------------------------------------------------------------------
# TESTCASE: test_subquery_with_where TEST_ID: A1_B11_C1
#-------------------------------------------------------------------------
SELECT c
FROM test_unnest,
     unnest(a_bool) AS u(c)
WHERE c IN (1,
            998) IS TRUE
  AND c IN (0,
            999) IS NOT TRUE;
+---+
| c |
+---+
| 1 |
| 1 |
| 1 |
+---+
(3 rows)

!ok

#-------------------------------------------------------------------------
# TESTCASE: test_subquery_with_where TEST_ID: A1_B11_C3
#-------------------------------------------------------------------------
SELECT c
FROM
  (SELECT *
   FROM test_unnest,
        unnest(a_bool) AS u(c)
   WHERE c IN (1,
               998) IS TRUE
     AND c IN (0,
               999) IS NOT TRUE);
+---+
| c |
+---+
| 1 |
| 1 |
| 1 |
+---+
(3 rows)

!ok

#-------------------------------------------------------------------------
# TESTCASE: test_subquery_with_where TEST_ID: A1_B11_C5
#-------------------------------------------------------------------------
SELECT c
FROM
  (SELECT *
   FROM test_unnest
   WHERE c IN (1,
               998) IS TRUE
     AND c IN (0,
               999) IS NOT TRUE), unnest(a_bool) AS u(c);
QueryInterruptedException
!error

#-------------------------------------------------------------------------
# TESTCASE: test_subquery_with_where TEST_ID: A1_B11_C7
#-------------------------------------------------------------------------
SELECT c
FROM
  (SELECT *
   FROM test_unnest,
        unnest(a_bool) AS u(c))
WHERE c IN (1,
            998) IS TRUE
  AND c IN (0,
            999) IS NOT TRUE;
+---+
| c |
+---+
| 1 |
| 1 |
| 1 |
+---+
(3 rows)

!ok

#-------------------------------------------------------------------------
# TESTCASE: test_subquery_with_where TEST_ID: A1_B11_C9
#-------------------------------------------------------------------------
SELECT c
FROM
  (SELECT *
   FROM test_unnest), unnest(a_bool) AS u(c)
WHERE c IN (1,
            998) IS TRUE
  AND c IN (0,
            999) IS NOT TRUE;
+---+
| c |
+---+
| 1 |
| 1 |
| 1 |
+---+
(3 rows)

!ok

#-------------------------------------------------------------------------
# TESTCASE: test_subquery_with_where TEST_ID: A1_B12_C1
#-------------------------------------------------------------------------
SELECT c
FROM test_unnest,
     unnest(a_bool) AS u(c)
WHERE c IN (1,
            998) IS FALSE
  AND c IN (0,
            999) IS NOT FALSE;
+---+
| c |
+---+
| 0 |
| 0 |
| 0 |
+---+
(3 rows)

!ok

#-------------------------------------------------------------------------
# TESTCASE: test_subquery_with_where TEST_ID: A1_B12_C3
#-------------------------------------------------------------------------
SELECT c
FROM
  (SELECT *
   FROM test_unnest,
        unnest(a_bool) AS u(c)
   WHERE c IN (1,
               998) IS FALSE
     AND c IN (0,
               999) IS NOT FALSE);
+---+
| c |
+---+
| 0 |
| 0 |
| 0 |
+---+
(3 rows)

!ok

#-------------------------------------------------------------------------
# TESTCASE: test_subquery_with_where TEST_ID: A1_B12_C5
#-------------------------------------------------------------------------
SELECT c
FROM
  (SELECT *
   FROM test_unnest
   WHERE c IN (1,
               998) IS FALSE
     AND c IN (0,
               999) IS NOT FALSE), unnest(a_bool) AS u(c);
QueryInterruptedException
!error

#-------------------------------------------------------------------------
# TESTCASE: test_subquery_with_where TEST_ID: A1_B12_C7
#-------------------------------------------------------------------------
SELECT c
FROM
  (SELECT *
   FROM test_unnest,
        unnest(a_bool) AS u(c))
WHERE c IN (1,
            998) IS FALSE
  AND c IN (0,
            999) IS NOT FALSE;
+---+
| c |
+---+
| 0 |
| 0 |
| 0 |
+---+
(3 rows)

!ok

#-------------------------------------------------------------------------
# TESTCASE: test_subquery_with_where TEST_ID: A1_B12_C9
#-------------------------------------------------------------------------
SELECT c
FROM
  (SELECT *
   FROM test_unnest), unnest(a_bool) AS u(c)
WHERE c IN (1,
            998) IS FALSE
  AND c IN (0,
            999) IS NOT FALSE;
+---+
| c |
+---+
| 0 |
| 0 |
| 0 |
+---+
(3 rows)

!ok

#-------------------------------------------------------------------------
# TESTCASE: test_subquery_with_where TEST_ID: A1_B13_C1
#-------------------------------------------------------------------------
SELECT c
FROM test_unnest,
     unnest(a_bool) AS u(c)
WHERE (c BETWEEN 1 AND 2)
  AND (c NOT BETWEEN 3 AND 4);
+---+
| c |
+---+
| 1 |
| 1 |
| 1 |
+---+
(3 rows)

!ok

#-------------------------------------------------------------------------
# TESTCASE: test_subquery_with_where TEST_ID: A1_B13_C3
#-------------------------------------------------------------------------
SELECT c
FROM
  (SELECT *
   FROM test_unnest,
        unnest(a_bool) AS u(c)
   WHERE (c BETWEEN 1 AND 2)
     AND (c NOT BETWEEN 3 AND 4));
+---+
| c |
+---+
| 1 |
| 1 |
| 1 |
+---+
(3 rows)

!ok

#-------------------------------------------------------------------------
# TESTCASE: test_subquery_with_where TEST_ID: A1_B13_C5
#-------------------------------------------------------------------------
SELECT c
FROM
  (SELECT *
   FROM test_unnest
   WHERE (c BETWEEN 1 AND 2)
     AND (c NOT BETWEEN 3 AND 4)), unnest(a_bool) AS u(c);
QueryInterruptedException
!error

#-------------------------------------------------------------------------
# TESTCASE: test_subquery_with_where TEST_ID: A1_B13_C7
#-------------------------------------------------------------------------
SELECT c
FROM
  (SELECT *
   FROM test_unnest,
        unnest(a_bool) AS u(c))
WHERE (c BETWEEN 1 AND 2)
  AND (c NOT BETWEEN 3 AND 4);
+---+
| c |
+---+
| 1 |
| 1 |
| 1 |
+---+
(3 rows)

!ok

#-------------------------------------------------------------------------
# TESTCASE: test_subquery_with_where TEST_ID: A1_B13_C9
#-------------------------------------------------------------------------
SELECT c
FROM
  (SELECT *
   FROM test_unnest), unnest(a_bool) AS u(c)
WHERE (c BETWEEN 1 AND 2)
  AND (c NOT BETWEEN 3 AND 4);
+---+
| c |
+---+
| 1 |
| 1 |
| 1 |
+---+
(3 rows)

!ok

#-------------------------------------------------------------------------
# TESTCASE: test_subquery_with_where TEST_ID: A1_B14_C1
#-------------------------------------------------------------------------
SELECT c
FROM test_unnest,
     unnest(a_bool) AS u(c)
WHERE (cast(c AS varchar) like '%1%')
  AND (cast(c AS varchar) not like '%3%');
+---+
| c |
+---+
| 1 |
| 1 |
| 1 |
+---+
(3 rows)

!ok

#-------------------------------------------------------------------------
# TESTCASE: test_subquery_with_where TEST_ID: A1_B14_C3
#-------------------------------------------------------------------------
SELECT c
FROM
  (SELECT *
   FROM test_unnest,
        unnest(a_bool) AS u(c)
   WHERE (cast(c AS varchar) like '%1%')
     AND (cast(c AS varchar) not like '%3%'));
+---+
| c |
+---+
| 1 |
| 1 |
| 1 |
+---+
(3 rows)

!ok

#-------------------------------------------------------------------------
# TESTCASE: test_subquery_with_where TEST_ID: A1_B14_C5
#-------------------------------------------------------------------------
SELECT c
FROM
  (SELECT *
   FROM test_unnest
   WHERE (cast(c AS varchar) like '%1%')
     AND (cast(c AS varchar) not like '%3%')), unnest(a_bool) AS u(c);
QueryInterruptedException
!error

#-------------------------------------------------------------------------
# TESTCASE: test_subquery_with_where TEST_ID: A1_B14_C7
#-------------------------------------------------------------------------
SELECT c
FROM
  (SELECT *
   FROM test_unnest,
        unnest(a_bool) AS u(c))
WHERE (cast(c AS varchar) like '%1%')
  AND (cast(c AS varchar) not like '%3%');
+---+
| c |
+---+
| 1 |
| 1 |
| 1 |
+---+
(3 rows)

!ok

#-------------------------------------------------------------------------
# TESTCASE: test_subquery_with_where TEST_ID: A1_B14_C9
#-------------------------------------------------------------------------
SELECT c
FROM
  (SELECT *
   FROM test_unnest), unnest(a_bool) AS u(c)
WHERE (cast(c AS varchar) like '%1%')
  AND (cast(c AS varchar) not like '%3%');
+---+
| c |
+---+
| 1 |
| 1 |
| 1 |
+---+
(3 rows)

!ok

#-------------------------------------------------------------------------
# TESTCASE: test_subquery_with_where TEST_ID: A1_B15_C1
#-------------------------------------------------------------------------
SELECT c
FROM test_unnest,
     unnest(a_bool) AS u(c)
WHERE c IN (1,
            998)
  AND c NOT IN (0,
                999);
+---+
| c |
+---+
| 1 |
| 1 |
| 1 |
+---+
(3 rows)

!ok

#-------------------------------------------------------------------------
# TESTCASE: test_subquery_with_where TEST_ID: A1_B15_C3
#-------------------------------------------------------------------------
SELECT c
FROM
  (SELECT *
   FROM test_unnest,
        unnest(a_bool) AS u(c)
   WHERE c IN (1,
               998)
     AND c NOT IN (0,
                   999));
+---+
| c |
+---+
| 1 |
| 1 |
| 1 |
+---+
(3 rows)

!ok

#-------------------------------------------------------------------------
# TESTCASE: test_subquery_with_where TEST_ID: A1_B15_C5
#-------------------------------------------------------------------------
SELECT c
FROM
  (SELECT *
   FROM test_unnest
   WHERE c IN (1,
               998)
     AND c NOT IN (0,
                   999)), unnest(a_bool) AS u(c);
QueryInterruptedException
!error

#-------------------------------------------------------------------------
# TESTCASE: test_subquery_with_where TEST_ID: A1_B15_C7
#-------------------------------------------------------------------------
SELECT c
FROM
  (SELECT *
   FROM test_unnest,
        unnest(a_bool) AS u(c))
WHERE c IN (1,
            998)
  AND c NOT IN (0,
                999);
+---+
| c |
+---+
| 1 |
| 1 |
| 1 |
+---+
(3 rows)

!ok

#-------------------------------------------------------------------------
# TESTCASE: test_subquery_with_where TEST_ID: A1_B15_C9
#-------------------------------------------------------------------------
SELECT c
FROM
  (SELECT *
   FROM test_unnest), unnest(a_bool) AS u(c)
WHERE c IN (1,
            998)
  AND c NOT IN (0,
                999);
+---+
| c |
+---+
| 1 |
| 1 |
| 1 |
+---+
(3 rows)

!ok

#-------------------------------------------------------------------------
# TESTCASE: test_subquery_with_where TEST_ID: A1_B16_C1
#-------------------------------------------------------------------------
SELECT c
FROM test_unnest,
     unnest(a_bool) AS u(c)
WHERE c IN
    (SELECT col
     FROM (
           VALUES(1),(998)) AS t(col))
  AND c NOT IN
    (SELECT col
     FROM (
           VALUES(0),(999)) AS t(col));
Unhandled Query Planning Failure
!error

#-------------------------------------------------------------------------
# TESTCASE: test_subquery_with_where TEST_ID: A1_B16_C3
#-------------------------------------------------------------------------
SELECT c
FROM
  (SELECT *
   FROM test_unnest,
        unnest(a_bool) AS u(c)
   WHERE c IN
       (SELECT col
        FROM (
              VALUES(1),(998)) AS t(col))
     AND c NOT IN
       (SELECT col
        FROM (
              VALUES(0),(999)) AS t(col)));
Unhandled Query Planning Failure
!error

#-------------------------------------------------------------------------
# TESTCASE: test_subquery_with_where TEST_ID: A1_B16_C5
#-------------------------------------------------------------------------
SELECT c
FROM
  (SELECT *
   FROM test_unnest
   WHERE c IN
       (SELECT col
        FROM (
              VALUES(1),(998)) AS t(col))
     AND c NOT IN
       (SELECT col
        FROM (
              VALUES(0),(999)) AS t(col))), unnest(a_bool) AS u(c);
QueryInterruptedException
!error

#-------------------------------------------------------------------------
# TESTCASE: test_subquery_with_where TEST_ID: A1_B16_C7
#-------------------------------------------------------------------------
SELECT c
FROM
  (SELECT *
   FROM test_unnest,
        unnest(a_bool) AS u(c))
WHERE c IN
    (SELECT col
     FROM (
           VALUES(1),(998)) AS t(col))
  AND c NOT IN
    (SELECT col
     FROM (
           VALUES(0),(999)) AS t(col));
Unhandled Query Planning Failure
!error

#-------------------------------------------------------------------------
# TESTCASE: test_subquery_with_where TEST_ID: A1_B16_C9
#-------------------------------------------------------------------------
SELECT c
FROM
  (SELECT *
   FROM test_unnest), unnest(a_bool) AS u(c)
WHERE c IN
    (SELECT col
     FROM (
           VALUES(1),(998)) AS t(col))
  AND c NOT IN
    (SELECT col
     FROM (
           VALUES(0),(999)) AS t(col));
Unhandled Query Planning Failure
!error

#-------------------------------------------------------------------------
# TESTCASE: test_subquery_with_where TEST_ID: A1_B17_C1
#-------------------------------------------------------------------------
SELECT c
FROM test_unnest,
     unnest(a_bool) AS u(c)
WHERE s_int=1
  AND c=1;
+---+
| c |
+---+
| 1 |
+---+
(1 row)

!ok

#-------------------------------------------------------------------------
# TESTCASE: test_subquery_with_where TEST_ID: A1_B17_C3
#-------------------------------------------------------------------------
SELECT c
FROM
  (SELECT *
   FROM test_unnest,
        unnest(a_bool) AS u(c)
   WHERE s_int=1
     AND c=1);
+---+
| c |
+---+
| 1 |
+---+
(1 row)

!ok

#-------------------------------------------------------------------------
# TESTCASE: test_subquery_with_where TEST_ID: A1_B17_C5
#-------------------------------------------------------------------------
SELECT c
FROM
  (SELECT *
   FROM test_unnest
   WHERE s_int=1
     AND c=1), unnest(a_bool) AS u(c);
QueryInterruptedException
!error

#-------------------------------------------------------------------------
# TESTCASE: test_subquery_with_where TEST_ID: A1_B17_C7
#-------------------------------------------------------------------------
SELECT c
FROM
  (SELECT *
   FROM test_unnest,
        unnest(a_bool) AS u(c))
WHERE s_int=1
  AND c=1;
+---+
| c |
+---+
| 1 |
+---+
(1 row)

!ok

#-------------------------------------------------------------------------
# TESTCASE: test_subquery_with_where TEST_ID: A1_B17_C9
#-------------------------------------------------------------------------
SELECT c
FROM
  (SELECT *
   FROM test_unnest), unnest(a_bool) AS u(c)
WHERE s_int=1
  AND c=1;
+---+
| c |
+---+
| 1 |
+---+
(1 row)

!ok

#-------------------------------------------------------------------------
# TESTCASE: test_subquery_with_where TEST_ID: A1_B18_C1
#-------------------------------------------------------------------------
SELECT c
FROM test_unnest,
     unnest(a_bool) AS u(c)
WHERE s_int<>1
  AND c<>1;
+---+
| c |
+---+
| 0 |
+---+
(1 row)

!ok

#-------------------------------------------------------------------------
# TESTCASE: test_subquery_with_where TEST_ID: A1_B18_C3
#-------------------------------------------------------------------------
SELECT c
FROM
  (SELECT *
   FROM test_unnest,
        unnest(a_bool) AS u(c)
   WHERE s_int<>1
     AND c<>1);
+---+
| c |
+---+
| 0 |
+---+
(1 row)

!ok

#-------------------------------------------------------------------------
# TESTCASE: test_subquery_with_where TEST_ID: A1_B18_C5
#-------------------------------------------------------------------------
SELECT c
FROM
  (SELECT *
   FROM test_unnest
   WHERE s_int<>1
     AND c<>1), unnest(a_bool) AS u(c);
QueryInterruptedException
!error

#-------------------------------------------------------------------------
# TESTCASE: test_subquery_with_where TEST_ID: A1_B18_C7
#-------------------------------------------------------------------------
SELECT c
FROM
  (SELECT *
   FROM test_unnest,
        unnest(a_bool) AS u(c))
WHERE s_int<>1
  AND c<>1;
+---+
| c |
+---+
| 0 |
+---+
(1 row)

!ok

#-------------------------------------------------------------------------
# TESTCASE: test_subquery_with_where TEST_ID: A1_B18_C9
#-------------------------------------------------------------------------
SELECT c
FROM
  (SELECT *
   FROM test_unnest), unnest(a_bool) AS u(c)
WHERE s_int<>1
  AND c<>1;
+---+
| c |
+---+
| 0 |
+---+
(1 row)

!ok

#-------------------------------------------------------------------------
# TESTCASE: test_subquery_with_where TEST_ID: A1_B19_C1
#-------------------------------------------------------------------------
SELECT c
FROM test_unnest,
     unnest(a_bool) AS u(c)
WHERE s_int>1
  AND c>1;
+---+
| c |
+---+
+---+
(0 rows)

!ok

#-------------------------------------------------------------------------
# TESTCASE: test_subquery_with_where TEST_ID: A1_B19_C3
#-------------------------------------------------------------------------
SELECT c
FROM
  (SELECT *
   FROM test_unnest,
        unnest(a_bool) AS u(c)
   WHERE s_int>1
     AND c>1);
+---+
| c |
+---+
+---+
(0 rows)

!ok

#-------------------------------------------------------------------------
# TESTCASE: test_subquery_with_where TEST_ID: A1_B19_C5
#-------------------------------------------------------------------------
SELECT c
FROM
  (SELECT *
   FROM test_unnest
   WHERE s_int>1
     AND c>1), unnest(a_bool) AS u(c);
QueryInterruptedException
!error

#-------------------------------------------------------------------------
# TESTCASE: test_subquery_with_where TEST_ID: A1_B19_C7
#-------------------------------------------------------------------------
SELECT c
FROM
  (SELECT *
   FROM test_unnest,
        unnest(a_bool) AS u(c))
WHERE s_int>1
  AND c>1;
+---+
| c |
+---+
+---+
(0 rows)

!ok

#-------------------------------------------------------------------------
# TESTCASE: test_subquery_with_where TEST_ID: A1_B19_C9
#-------------------------------------------------------------------------
SELECT c
FROM
  (SELECT *
   FROM test_unnest), unnest(a_bool) AS u(c)
WHERE s_int>1
  AND c>1;
+---+
| c |
+---+
+---+
(0 rows)

!ok

#-------------------------------------------------------------------------
# TESTCASE: test_subquery_with_where TEST_ID: A1_B20_C1
#-------------------------------------------------------------------------
SELECT c
FROM test_unnest,
     unnest(a_bool) AS u(c)
WHERE s_int>=1
  AND c>=1;
+---+
| c |
+---+
| 1 |
| 1 |
+---+
(2 rows)

!ok

#-------------------------------------------------------------------------
# TESTCASE: test_subquery_with_where TEST_ID: A1_B20_C3
#-------------------------------------------------------------------------
SELECT c
FROM
  (SELECT *
   FROM test_unnest,
        unnest(a_bool) AS u(c)
   WHERE s_int>=1
     AND c>=1);
+---+
| c |
+---+
| 1 |
| 1 |
+---+
(2 rows)

!ok

#-------------------------------------------------------------------------
# TESTCASE: test_subquery_with_where TEST_ID: A1_B20_C5
#-------------------------------------------------------------------------
SELECT c
FROM
  (SELECT *
   FROM test_unnest
   WHERE s_int>=1
     AND c>=1), unnest(a_bool) AS u(c);
QueryInterruptedException
!error

#-------------------------------------------------------------------------
# TESTCASE: test_subquery_with_where TEST_ID: A1_B20_C7
#-------------------------------------------------------------------------
SELECT c
FROM
  (SELECT *
   FROM test_unnest,
        unnest(a_bool) AS u(c))
WHERE s_int>=1
  AND c>=1;
+---+
| c |
+---+
| 1 |
| 1 |
+---+
(2 rows)

!ok

