!set dartQueryId 00000000-0000-0000-0000-000000000000
!set useApproximateCountDistinct false
!use druidtest://?componentSupplier=StandardAndMSQComponentSupplier&datasets=sql/src/test/quidem/qatests/qaUnnest/array
!set outputformat mysql
#-------------------------------------------------------------------------
# TESTCASE: test_subquery_with_where TEST_ID: A4_B16_C9
#-------------------------------------------------------------------------
SELECT c
FROM
  (SELECT *
   FROM test_unnest), unnest(a_str) AS u(c)
WHERE c IN
    (SELECT col
     FROM (
           VALUES('S2'),('998')) AS t(col))
  AND c NOT IN
    (SELECT col
     FROM (
           VALUES('S1'),('999')) AS t(col));
Unhandled Query Planning Failure
!error

#-------------------------------------------------------------------------
# TESTCASE: test_subquery_with_where TEST_ID: A4_B17_C1
#-------------------------------------------------------------------------
SELECT c
FROM test_unnest,
     unnest(a_str) AS u(c)
WHERE s_int=1
  AND c='S2';
+----+
| c  |
+----+
| S2 |
+----+
(1 row)

!ok

#-------------------------------------------------------------------------
# TESTCASE: test_subquery_with_where TEST_ID: A4_B17_C3
#-------------------------------------------------------------------------
SELECT c
FROM
  (SELECT *
   FROM test_unnest,
        unnest(a_str) AS u(c)
   WHERE s_int=1
     AND c='S2');
+----+
| c  |
+----+
| S2 |
+----+
(1 row)

!ok

#-------------------------------------------------------------------------
# TESTCASE: test_subquery_with_where TEST_ID: A4_B17_C5
#-------------------------------------------------------------------------
SELECT c
FROM
  (SELECT *
   FROM test_unnest
   WHERE s_int=1
     AND c='S2'), unnest(a_str) AS u(c);
QueryInterruptedException
!error

#-------------------------------------------------------------------------
# TESTCASE: test_subquery_with_where TEST_ID: A4_B17_C7
#-------------------------------------------------------------------------
SELECT c
FROM
  (SELECT *
   FROM test_unnest,
        unnest(a_str) AS u(c))
WHERE s_int=1
  AND c='S2';
+----+
| c  |
+----+
| S2 |
+----+
(1 row)

!ok

#-------------------------------------------------------------------------
# TESTCASE: test_subquery_with_where TEST_ID: A4_B17_C9
#-------------------------------------------------------------------------
SELECT c
FROM
  (SELECT *
   FROM test_unnest), unnest(a_str) AS u(c)
WHERE s_int=1
  AND c='S2';
+----+
| c  |
+----+
| S2 |
+----+
(1 row)

!ok

#-------------------------------------------------------------------------
# TESTCASE: test_subquery_with_where TEST_ID: A4_B18_C1
#-------------------------------------------------------------------------
SELECT c
FROM test_unnest,
     unnest(a_str) AS u(c)
WHERE s_int<>1
  AND c<>'S2';
+----+
| c  |
+----+
| S1 |
+----+
(1 row)

!ok

#-------------------------------------------------------------------------
# TESTCASE: test_subquery_with_where TEST_ID: A4_B18_C3
#-------------------------------------------------------------------------
SELECT c
FROM
  (SELECT *
   FROM test_unnest,
        unnest(a_str) AS u(c)
   WHERE s_int<>1
     AND c<>'S2');
+----+
| c  |
+----+
| S1 |
+----+
(1 row)

!ok

#-------------------------------------------------------------------------
# TESTCASE: test_subquery_with_where TEST_ID: A4_B18_C5
#-------------------------------------------------------------------------
SELECT c
FROM
  (SELECT *
   FROM test_unnest
   WHERE s_int<>1
     AND c<>'S2'), unnest(a_str) AS u(c);
QueryInterruptedException
!error

#-------------------------------------------------------------------------
# TESTCASE: test_subquery_with_where TEST_ID: A4_B18_C7
#-------------------------------------------------------------------------
SELECT c
FROM
  (SELECT *
   FROM test_unnest,
        unnest(a_str) AS u(c))
WHERE s_int<>1
  AND c<>'S2';
+----+
| c  |
+----+
| S1 |
+----+
(1 row)

!ok

#-------------------------------------------------------------------------
# TESTCASE: test_subquery_with_where TEST_ID: A4_B18_C9
#-------------------------------------------------------------------------
SELECT c
FROM
  (SELECT *
   FROM test_unnest), unnest(a_str) AS u(c)
WHERE s_int<>1
  AND c<>'S2';
+----+
| c  |
+----+
| S1 |
+----+
(1 row)

!ok

#-------------------------------------------------------------------------
# TESTCASE: test_subquery_with_where TEST_ID: A4_B19_C1
#-------------------------------------------------------------------------
SELECT c
FROM test_unnest,
     unnest(a_str) AS u(c)
WHERE s_int>1
  AND c>'S2';
+---+
| c |
+---+
+---+
(0 rows)

!ok

#-------------------------------------------------------------------------
# TESTCASE: test_subquery_with_where TEST_ID: A4_B19_C3
#-------------------------------------------------------------------------
SELECT c
FROM
  (SELECT *
   FROM test_unnest,
        unnest(a_str) AS u(c)
   WHERE s_int>1
     AND c>'S2');
+---+
| c |
+---+
+---+
(0 rows)

!ok

#-------------------------------------------------------------------------
# TESTCASE: test_subquery_with_where TEST_ID: A4_B19_C5
#-------------------------------------------------------------------------
SELECT c
FROM
  (SELECT *
   FROM test_unnest
   WHERE s_int>1
     AND c>'S2'), unnest(a_str) AS u(c);
QueryInterruptedException
!error

#-------------------------------------------------------------------------
# TESTCASE: test_subquery_with_where TEST_ID: A4_B19_C7
#-------------------------------------------------------------------------
SELECT c
FROM
  (SELECT *
   FROM test_unnest,
        unnest(a_str) AS u(c))
WHERE s_int>1
  AND c>'S2';
+---+
| c |
+---+
+---+
(0 rows)

!ok

#-------------------------------------------------------------------------
# TESTCASE: test_subquery_with_where TEST_ID: A4_B19_C9
#-------------------------------------------------------------------------
SELECT c
FROM
  (SELECT *
   FROM test_unnest), unnest(a_str) AS u(c)
WHERE s_int>1
  AND c>'S2';
+---+
| c |
+---+
+---+
(0 rows)

!ok

#-------------------------------------------------------------------------
# TESTCASE: test_subquery_with_where TEST_ID: A4_B20_C1
#-------------------------------------------------------------------------
SELECT c
FROM test_unnest,
     unnest(a_str) AS u(c)
WHERE s_int>=1
  AND c>='S2';
+----+
| c  |
+----+
| S2 |
| S2 |
+----+
(2 rows)

!ok

#-------------------------------------------------------------------------
# TESTCASE: test_subquery_with_where TEST_ID: A4_B20_C3
#-------------------------------------------------------------------------
SELECT c
FROM
  (SELECT *
   FROM test_unnest,
        unnest(a_str) AS u(c)
   WHERE s_int>=1
     AND c>='S2');
+----+
| c  |
+----+
| S2 |
| S2 |
+----+
(2 rows)

!ok

#-------------------------------------------------------------------------
# TESTCASE: test_subquery_with_where TEST_ID: A4_B20_C5
#-------------------------------------------------------------------------
SELECT c
FROM
  (SELECT *
   FROM test_unnest
   WHERE s_int>=1
     AND c>='S2'), unnest(a_str) AS u(c);
QueryInterruptedException
!error

#-------------------------------------------------------------------------
# TESTCASE: test_subquery_with_where TEST_ID: A4_B20_C7
#-------------------------------------------------------------------------
SELECT c
FROM
  (SELECT *
   FROM test_unnest,
        unnest(a_str) AS u(c))
WHERE s_int>=1
  AND c>='S2';
+----+
| c  |
+----+
| S2 |
| S2 |
+----+
(2 rows)

!ok

#-------------------------------------------------------------------------
# TESTCASE: test_subquery_with_where TEST_ID: A4_B20_C9
#-------------------------------------------------------------------------
SELECT c
FROM
  (SELECT *
   FROM test_unnest), unnest(a_str) AS u(c)
WHERE s_int>=1
  AND c>='S2';
+----+
| c  |
+----+
| S2 |
| S2 |
+----+
(2 rows)

!ok

#-------------------------------------------------------------------------
# TESTCASE: test_subquery_with_where TEST_ID: A4_B21_C1
#-------------------------------------------------------------------------
SELECT c
FROM test_unnest,
     unnest(a_str) AS u(c)
WHERE s_int<1
  AND c<'S2';
+---+
| c |
+---+
+---+
(0 rows)

!ok

#-------------------------------------------------------------------------
# TESTCASE: test_subquery_with_where TEST_ID: A4_B21_C3
#-------------------------------------------------------------------------
SELECT c
FROM
  (SELECT *
   FROM test_unnest,
        unnest(a_str) AS u(c)
   WHERE s_int<1
     AND c<'S2');
+---+
| c |
+---+
+---+
(0 rows)

!ok

#-------------------------------------------------------------------------
# TESTCASE: test_subquery_with_where TEST_ID: A4_B21_C5
#-------------------------------------------------------------------------
SELECT c
FROM
  (SELECT *
   FROM test_unnest
   WHERE s_int<1
     AND c<'S2'), unnest(a_str) AS u(c);
QueryInterruptedException
!error

#-------------------------------------------------------------------------
# TESTCASE: test_subquery_with_where TEST_ID: A4_B21_C7
#-------------------------------------------------------------------------
SELECT c
FROM
  (SELECT *
   FROM test_unnest,
        unnest(a_str) AS u(c))
WHERE s_int<1
  AND c<'S2';
+---+
| c |
+---+
+---+
(0 rows)

!ok

#-------------------------------------------------------------------------
# TESTCASE: test_subquery_with_where TEST_ID: A4_B21_C9
#-------------------------------------------------------------------------
SELECT c
FROM
  (SELECT *
   FROM test_unnest), unnest(a_str) AS u(c)
WHERE s_int<1
  AND c<'S2';
+---+
| c |
+---+
+---+
(0 rows)

!ok

#-------------------------------------------------------------------------
# TESTCASE: test_subquery_with_where TEST_ID: A4_B22_C1
#-------------------------------------------------------------------------
SELECT c
FROM test_unnest,
     unnest(a_str) AS u(c)
WHERE s_int<=1
  AND c<='S2';
+----+
| c  |
+----+
| S1 |
| S2 |
+----+
(2 rows)

!ok

#-------------------------------------------------------------------------
# TESTCASE: test_subquery_with_where TEST_ID: A4_B22_C3
#-------------------------------------------------------------------------
SELECT c
FROM
  (SELECT *
   FROM test_unnest,
        unnest(a_str) AS u(c)
   WHERE s_int<=1
     AND c<='S2');
+----+
| c  |
+----+
| S1 |
| S2 |
+----+
(2 rows)

!ok

#-------------------------------------------------------------------------
# TESTCASE: test_subquery_with_where TEST_ID: A4_B22_C5
#-------------------------------------------------------------------------
SELECT c
FROM
  (SELECT *
   FROM test_unnest
   WHERE s_int<=1
     AND c<='S2'), unnest(a_str) AS u(c);
QueryInterruptedException
!error

#-------------------------------------------------------------------------
# TESTCASE: test_subquery_with_where TEST_ID: A4_B22_C7
#-------------------------------------------------------------------------
SELECT c
FROM
  (SELECT *
   FROM test_unnest,
        unnest(a_str) AS u(c))
WHERE s_int<=1
  AND c<='S2';
+----+
| c  |
+----+
| S1 |
| S2 |
+----+
(2 rows)

!ok

#-------------------------------------------------------------------------
# TESTCASE: test_subquery_with_where TEST_ID: A4_B22_C9
#-------------------------------------------------------------------------
SELECT c
FROM
  (SELECT *
   FROM test_unnest), unnest(a_str) AS u(c)
WHERE s_int<=1
  AND c<='S2';
+----+
| c  |
+----+
| S1 |
| S2 |
+----+
(2 rows)

!ok

#-------------------------------------------------------------------------
# TESTCASE: test_subquery_with_where TEST_ID: A4_B23_C1
#-------------------------------------------------------------------------
SELECT c
FROM test_unnest,
     unnest(a_str) AS u(c)
WHERE (NOT s_int<>1
       OR NOT s_int<>997)
  AND (NOT s_int=0
       OR NOT s_int='999')
  AND (NOT c<>'S2'
       OR NOT c<>'998')
  AND (NOT c='S1'
       OR NOT c='999');
+----+
| c  |
+----+
| S2 |
+----+
(1 row)

!ok

#-------------------------------------------------------------------------
# TESTCASE: test_subquery_with_where TEST_ID: A4_B23_C3
#-------------------------------------------------------------------------
SELECT c
FROM
  (SELECT *
   FROM test_unnest,
        unnest(a_str) AS u(c)
   WHERE (NOT s_int<>1
          OR NOT s_int<>997)
     AND (NOT s_int=0
          OR NOT s_int='999')
     AND (NOT c<>'S2'
          OR NOT c<>'998')
     AND (NOT c='S1'
          OR NOT c='999'));
+----+
| c  |
+----+
| S2 |
+----+
(1 row)

!ok

#-------------------------------------------------------------------------
# TESTCASE: test_subquery_with_where TEST_ID: A4_B23_C5
#-------------------------------------------------------------------------
SELECT c
FROM
  (SELECT *
   FROM test_unnest
   WHERE (NOT s_int<>1
          OR NOT s_int<>997)
     AND (NOT s_int=0
          OR NOT s_int='999')
     AND (NOT c<>'S2'
          OR NOT c<>'998')
     AND (NOT c='S1'
          OR NOT c='999')), unnest(a_str) AS u(c);
QueryInterruptedException
!error

#-------------------------------------------------------------------------
# TESTCASE: test_subquery_with_where TEST_ID: A4_B23_C7
#-------------------------------------------------------------------------
SELECT c
FROM
  (SELECT *
   FROM test_unnest,
        unnest(a_str) AS u(c))
WHERE (NOT s_int<>1
       OR NOT s_int<>997)
  AND (NOT s_int=0
       OR NOT s_int='999')
  AND (NOT c<>'S2'
       OR NOT c<>'998')
  AND (NOT c='S1'
       OR NOT c='999');
+----+
| c  |
+----+
| S2 |
+----+
(1 row)

!ok

#-------------------------------------------------------------------------
# TESTCASE: test_subquery_with_where TEST_ID: A4_B23_C9
#-------------------------------------------------------------------------
SELECT c
FROM
  (SELECT *
   FROM test_unnest), unnest(a_str) AS u(c)
WHERE (NOT s_int<>1
       OR NOT s_int<>997)
  AND (NOT s_int=0
       OR NOT s_int='999')
  AND (NOT c<>'S2'
       OR NOT c<>'998')
  AND (NOT c='S1'
       OR NOT c='999');
+----+
| c  |
+----+
| S2 |
+----+
(1 row)

!ok

#-------------------------------------------------------------------------
# TESTCASE: test_subquery_with_where TEST_ID: A4_B24_C1
#-------------------------------------------------------------------------
SELECT c
FROM test_unnest,
     unnest(a_str) AS u(c)
WHERE (s_int=1
       OR s_int=997)
  AND NOT s_int=0
  AND NOT s_int='999'
  AND (c='S2'
       OR c='998')
  AND NOT c='S1'
  AND NOT c='999';
+----+
| c  |
+----+
| S2 |
+----+
(1 row)

!ok

#-------------------------------------------------------------------------
# TESTCASE: test_subquery_with_where TEST_ID: A4_B24_C3
#-------------------------------------------------------------------------
SELECT c
FROM
  (SELECT *
   FROM test_unnest,
        unnest(a_str) AS u(c)
   WHERE (s_int=1
          OR s_int=997)
     AND NOT s_int=0
     AND NOT s_int='999'
     AND (c='S2'
          OR c='998')
     AND NOT c='S1'
     AND NOT c='999');
+----+
| c  |
+----+
| S2 |
+----+
(1 row)

!ok

#-------------------------------------------------------------------------
# TESTCASE: test_subquery_with_where TEST_ID: A4_B24_C5
#-------------------------------------------------------------------------
SELECT c
FROM
  (SELECT *
   FROM test_unnest
   WHERE (s_int=1
          OR s_int=997)
     AND NOT s_int=0
     AND NOT s_int='999'
     AND (c='S2'
          OR c='998')
     AND NOT c='S1'
     AND NOT c='999'), unnest(a_str) AS u(c);
QueryInterruptedException
!error

#-------------------------------------------------------------------------
# TESTCASE: test_subquery_with_where TEST_ID: A4_B24_C7
#-------------------------------------------------------------------------
SELECT c
FROM
  (SELECT *
   FROM test_unnest,
        unnest(a_str) AS u(c))
WHERE (s_int=1
       OR s_int=997)
  AND NOT s_int=0
  AND NOT s_int='999'
  AND (c='S2'
       OR c='998')
  AND NOT c='S1'
  AND NOT c='999';
+----+
| c  |
+----+
| S2 |
+----+
(1 row)

!ok

#-------------------------------------------------------------------------
# TESTCASE: test_subquery_with_where TEST_ID: A4_B24_C9
#-------------------------------------------------------------------------
SELECT c
FROM
  (SELECT *
   FROM test_unnest), unnest(a_str) AS u(c)
WHERE (s_int=1
       OR s_int=997)
  AND NOT s_int=0
  AND NOT s_int='999'
  AND (c='S2'
       OR c='998')
  AND NOT c='S1'
  AND NOT c='999';
+----+
| c  |
+----+
| S2 |
+----+
(1 row)

!ok

#-------------------------------------------------------------------------
# TESTCASE: test_subquery_with_where TEST_ID: A4_B25_C1
#-------------------------------------------------------------------------
SELECT c
FROM test_unnest,
     unnest(a_str) AS u(c)
WHERE s_int IS NULL
  AND c IS NULL;
+---+
| c |
+---+
|   |
+---+
(1 row)

!ok

#-------------------------------------------------------------------------
# TESTCASE: test_subquery_with_where TEST_ID: A4_B25_C3
#-------------------------------------------------------------------------
SELECT c
FROM
  (SELECT *
   FROM test_unnest,
        unnest(a_str) AS u(c)
   WHERE s_int IS NULL
     AND c IS NULL);
+---+
| c |
+---+
|   |
+---+
(1 row)

!ok

#-------------------------------------------------------------------------
# TESTCASE: test_subquery_with_where TEST_ID: A4_B25_C5
#-------------------------------------------------------------------------
SELECT c
FROM
  (SELECT *
   FROM test_unnest
   WHERE s_int IS NULL
     AND c IS NULL), unnest(a_str) AS u(c);
QueryInterruptedException
!error

#-------------------------------------------------------------------------
# TESTCASE: test_subquery_with_where TEST_ID: A4_B25_C7
#-------------------------------------------------------------------------
SELECT c
FROM
  (SELECT *
   FROM test_unnest,
        unnest(a_str) AS u(c))
WHERE s_int IS NULL
  AND c IS NULL;
+---+
| c |
+---+
|   |
+---+
(1 row)

!ok

#-------------------------------------------------------------------------
# TESTCASE: test_subquery_with_where TEST_ID: A4_B25_C9
#-------------------------------------------------------------------------
SELECT c
FROM
  (SELECT *
   FROM test_unnest), unnest(a_str) AS u(c)
WHERE s_int IS NULL
  AND c IS NULL;
+---+
| c |
+---+
|   |
+---+
(1 row)

!ok

#-------------------------------------------------------------------------
# TESTCASE: test_subquery_with_where TEST_ID: A4_B26_C1
#-------------------------------------------------------------------------
SELECT c
FROM test_unnest,
     unnest(a_str) AS u(c)
WHERE s_int IS NOT NULL
  AND c IS NOT NULL;
+----+
| c  |
+----+
| S1 |
| S1 |
| S2 |
| S2 |
+----+
(4 rows)

!ok

#-------------------------------------------------------------------------
# TESTCASE: test_subquery_with_where TEST_ID: A4_B26_C3
#-------------------------------------------------------------------------
SELECT c
FROM
  (SELECT *
   FROM test_unnest,
        unnest(a_str) AS u(c)
   WHERE s_int IS NOT NULL
     AND c IS NOT NULL);
+----+
| c  |
+----+
| S1 |
| S1 |
| S2 |
| S2 |
+----+
(4 rows)

!ok

#-------------------------------------------------------------------------
# TESTCASE: test_subquery_with_where TEST_ID: A4_B26_C5
#-------------------------------------------------------------------------
SELECT c
FROM
  (SELECT *
   FROM test_unnest
   WHERE s_int IS NOT NULL
     AND c IS NOT NULL), unnest(a_str) AS u(c);
QueryInterruptedException
!error

#-------------------------------------------------------------------------
# TESTCASE: test_subquery_with_where TEST_ID: A4_B26_C7
#-------------------------------------------------------------------------
SELECT c
FROM
  (SELECT *
   FROM test_unnest,
        unnest(a_str) AS u(c))
WHERE s_int IS NOT NULL
  AND c IS NOT NULL;
+----+
| c  |
+----+
| S1 |
| S1 |
| S2 |
| S2 |
+----+
(4 rows)

!ok

