!set useApproximateCountDistinct false
!use druidtest://?componentSupplier=StandardMSQComponentSupplier&datasets=sql/src/test/quidem/qatests/qaUnnest/array
!set outputformat mysql
#-------------------------------------------------------------------------
# TESTCASE: test_select_distinct TEST_ID: SEL_DATASOURCE
#-------------------------------------------------------------------------
SELECT *
FROM test_unnest;
+-------------------------+-------+--------+--------------+--------------+------------------+----------------+--------------------+---------+--------------------------+-------------------------------------------------------------------------------------------------------------------------------------------------------------------------------------------------------------------------------------------------------------------------------------------------------------------------------+
| __time                  | s_int | s_null | a_bool       | a_int        | a_float          | a_str          | a_null             | a_empty | a_mixed                  | a_nested                                                                                                                                                                                                                                                                                                                      |
+-------------------------+-------+--------+--------------+--------------+------------------+----------------+--------------------+---------+--------------------------+-------------------------------------------------------------------------------------------------------------------------------------------------------------------------------------------------------------------------------------------------------------------------------------------------------------------------------+
| 2022-01-01 00:00:00.000 |     1 |        | [1, 0, null] | [1, 2, null] | [0.1, 0.2, null] | [S1, S2, null] | [null, null, null] | []      | [true, 1, 0.1, S1, null] | [[true,false,null],[1,2,null],[0.1,0.2,null],["S1","S2",null],[null,null,null],[],[true,1,0.1,"S1",null],[[true,false,null],[1,2,null],[0.1,0.2,null],["S1","S2",null],[null,null,null],[],[true,1,0.1,"S1",null],[[true,false,null],[1,2,null],[0.1,0.2,null],["S1","S2",null],[null,null,null],[],[true,1,0.1,"S1",null]]]] |
| 2022-02-01 00:00:00.000 |     2 |        | [null, 1, 0] | [null, 1, 2] | [null, 0.1, 0.2] | [null, S1, S2] | [null, null, null] | []      | [null, true, 1, 0.1, S1] | [[null,true,false],[null,1,2],[null,0.1,0.2],[null,"S1","S2"],[null,null,null],[],[null,true,1,0.1,"S1"],[[null,true,false],[null,1,2],[null,0.1,0.2],[null,"S1","S2"],[null,null,null],[],[null,true,1,0.1,"S1"],[[null,true,false],[null,1,2],[null,0.1,0.2],[null,"S1","S2"],[null,null,null],[],[null,true,1,0.1,"S1"]]]] |
| 2022-03-01 00:00:00.000 |       |        | [0, null, 1] | [2, null, 1] | [0.2, null, 0.1] | [S2, null, S1] | [null, null, null] | []      | [S1, null, true, 1, 0.1] | [[false,null,true],[2,null,1],[0.2,null,0.1],["S2",null,"S1"],[null,null,null],[],["S1",null,true,1,0.1],[[false,null,true],[2,null,1],[0.2,null,0.1],["S2",null,"S1"],[null,null,null],[],["S1",null,true,1,0.1],[[false,null,true],[2,null,1],[0.2,null,0.1],["S2",null,"S1"],[null,null,null],[],["S1",null,true,1,0.1]]]] |
+-------------------------+-------+--------+--------------+--------------+------------------+----------------+--------------------+---------+--------------------------+-------------------------------------------------------------------------------------------------------------------------------------------------------------------------------------------------------------------------------------------------------------------------------------------------------------------------------+
(3 rows)

!ok

#-------------------------------------------------------------------------
# TESTCASE: test_select_distinct TEST_ID: A1_B1
#-------------------------------------------------------------------------
SELECT DISTINCT c
FROM test_unnest,
     unnest(a_bool) AS u(c);
+---+
| c |
+---+
| 0 |
| 1 |
|   |
+---+
(3 rows)

!ok

#-------------------------------------------------------------------------
# TESTCASE: test_select_distinct TEST_ID: A1_B2
#-------------------------------------------------------------------------
SELECT DISTINCT c
FROM test_unnest,
     unnest(a_bool) AS u(c)
GROUP BY c;
+---+
| c |
+---+
| 0 |
| 1 |
|   |
+---+
(3 rows)

!ok

#-------------------------------------------------------------------------
# TESTCASE: test_select_distinct TEST_ID: A2_B1
#-------------------------------------------------------------------------
SELECT DISTINCT c
FROM test_unnest,
     unnest(a_int) AS u(c);
+---+
| c |
+---+
| 1 |
| 2 |
|   |
+---+
(3 rows)

!ok

#-------------------------------------------------------------------------
# TESTCASE: test_select_distinct TEST_ID: A2_B2
#-------------------------------------------------------------------------
SELECT DISTINCT c
FROM test_unnest,
     unnest(a_int) AS u(c)
GROUP BY c;
+---+
| c |
+---+
| 1 |
| 2 |
|   |
+---+
(3 rows)

!ok

#-------------------------------------------------------------------------
# TESTCASE: test_select_distinct TEST_ID: A3_B1
#-------------------------------------------------------------------------
SELECT DISTINCT c
FROM test_unnest,
     unnest(a_float) AS u(c);
+-----+
| c   |
+-----+
| 0.1 |
| 0.2 |
|     |
+-----+
(3 rows)

!ok

#-------------------------------------------------------------------------
# TESTCASE: test_select_distinct TEST_ID: A3_B2
#-------------------------------------------------------------------------
SELECT DISTINCT c
FROM test_unnest,
     unnest(a_float) AS u(c)
GROUP BY c;
+-----+
| c   |
+-----+
| 0.1 |
| 0.2 |
|     |
+-----+
(3 rows)

!ok

#-------------------------------------------------------------------------
# TESTCASE: test_select_distinct TEST_ID: A4_B1
#-------------------------------------------------------------------------
SELECT DISTINCT c
FROM test_unnest,
     unnest(a_str) AS u(c);
+----+
| c  |
+----+
| S1 |
| S2 |
|    |
+----+
(3 rows)

!ok

#-------------------------------------------------------------------------
# TESTCASE: test_select_distinct TEST_ID: A4_B2
#-------------------------------------------------------------------------
SELECT DISTINCT c
FROM test_unnest,
     unnest(a_str) AS u(c)
GROUP BY c;
+----+
| c  |
+----+
| S1 |
| S2 |
|    |
+----+
(3 rows)

!ok

#-------------------------------------------------------------------------
# TESTCASE: test_select_distinct TEST_ID: A5_B1
#-------------------------------------------------------------------------
SELECT DISTINCT c
FROM test_unnest,
     unnest(a_mixed) AS u(c);
+------+
| c    |
+------+
| 0.1  |
| 1    |
| S1   |
| true |
|      |
+------+
(5 rows)

!ok

#-------------------------------------------------------------------------
# TESTCASE: test_select_distinct TEST_ID: A5_B2
#-------------------------------------------------------------------------
SELECT DISTINCT c
FROM test_unnest,
     unnest(a_mixed) AS u(c)
GROUP BY c;
+------+
| c    |
+------+
| 0.1  |
| 1    |
| S1   |
| true |
|      |
+------+
(5 rows)

!ok

#-------------------------------------------------------------------------
# TESTCASE: test_select_distinct TEST_ID: A6_B1
#-------------------------------------------------------------------------
SELECT DISTINCT c
FROM test_unnest,
     unnest(json_value(a_nested, '$[0]' RETURNING boolean array)) AS u(c);
+-------+
| c     |
+-------+
| false |
|  true |
|       |
+-------+
(3 rows)

!ok

#-------------------------------------------------------------------------
# TESTCASE: test_select_distinct TEST_ID: A6_B2
#-------------------------------------------------------------------------
SELECT DISTINCT c
FROM test_unnest,
     unnest(json_value(a_nested, '$[0]' RETURNING boolean array)) AS u(c)
GROUP BY c;
+-------+
| c     |
+-------+
| false |
|  true |
|       |
+-------+
(3 rows)

!ok

#-------------------------------------------------------------------------
# TESTCASE: test_select_distinct TEST_ID: A7_B1
#-------------------------------------------------------------------------
SELECT DISTINCT c
FROM test_unnest,
     unnest(json_value(a_nested, '$[1]' RETURNING bigint array)) AS u(c);
+---+
| c |
+---+
| 1 |
| 2 |
|   |
+---+
(3 rows)

!ok

#-------------------------------------------------------------------------
# TESTCASE: test_select_distinct TEST_ID: A7_B2
#-------------------------------------------------------------------------
SELECT DISTINCT c
FROM test_unnest,
     unnest(json_value(a_nested, '$[1]' RETURNING bigint array)) AS u(c)
GROUP BY c;
+---+
| c |
+---+
| 1 |
| 2 |
|   |
+---+
(3 rows)

!ok

#-------------------------------------------------------------------------
# TESTCASE: test_select_distinct TEST_ID: A8_B1
#-------------------------------------------------------------------------
SELECT DISTINCT c
FROM test_unnest,
     unnest(json_value(a_nested, '$[2]' RETURNING DOUBLE array)) AS u(c);
+-----+
| c   |
+-----+
| 0.1 |
| 0.2 |
|     |
+-----+
(3 rows)

!ok

#-------------------------------------------------------------------------
# TESTCASE: test_select_distinct TEST_ID: A8_B2
#-------------------------------------------------------------------------
SELECT DISTINCT c
FROM test_unnest,
     unnest(json_value(a_nested, '$[2]' RETURNING DOUBLE array)) AS u(c)
GROUP BY c;
+-----+
| c   |
+-----+
| 0.1 |
| 0.2 |
|     |
+-----+
(3 rows)

!ok

#-------------------------------------------------------------------------
# TESTCASE: test_select_distinct TEST_ID: A9_B1
#-------------------------------------------------------------------------
SELECT DISTINCT c
FROM test_unnest,
     unnest(json_value(a_nested, '$[3]' RETURNING varchar array)) AS u(c);
+----+
| c  |
+----+
| S1 |
| S2 |
|    |
+----+
(3 rows)

!ok

#-------------------------------------------------------------------------
# TESTCASE: test_select_distinct TEST_ID: A9_B2
#-------------------------------------------------------------------------
SELECT DISTINCT c
FROM test_unnest,
     unnest(json_value(a_nested, '$[3]' RETURNING varchar array)) AS u(c)
GROUP BY c;
+----+
| c  |
+----+
| S1 |
| S2 |
|    |
+----+
(3 rows)

!ok

#-------------------------------------------------------------------------
# TESTCASE: test_select_distinct TEST_ID: A10_B1
#-------------------------------------------------------------------------
SELECT DISTINCT c
FROM test_unnest,
     unnest(json_value(a_nested, '$[4]' RETURNING varchar array)) AS u(c);
+---+
| c |
+---+
|   |
+---+
(1 row)

!ok

#-------------------------------------------------------------------------
# TESTCASE: test_select_distinct TEST_ID: A10_B2
#-------------------------------------------------------------------------
SELECT DISTINCT c
FROM test_unnest,
     unnest(json_value(a_nested, '$[4]' RETURNING varchar array)) AS u(c)
GROUP BY c;
+---+
| c |
+---+
|   |
+---+
(1 row)

!ok

#-------------------------------------------------------------------------
# TESTCASE: test_select_distinct TEST_ID: A11_B1
#-------------------------------------------------------------------------
SELECT DISTINCT c
FROM test_unnest,
     unnest(json_value(a_nested, '$[5]' RETURNING varchar array)) AS u(c);
+---+
| c |
+---+
+---+
(0 rows)

!ok

#-------------------------------------------------------------------------
# TESTCASE: test_select_distinct TEST_ID: A11_B2
#-------------------------------------------------------------------------
SELECT DISTINCT c
FROM test_unnest,
     unnest(json_value(a_nested, '$[5]' RETURNING varchar array)) AS u(c)
GROUP BY c;
+---+
| c |
+---+
+---+
(0 rows)

!ok

#-------------------------------------------------------------------------
# TESTCASE: test_select_distinct TEST_ID: A12_B1
#-------------------------------------------------------------------------
SELECT DISTINCT c
FROM test_unnest,
     unnest(json_value(a_nested, '$[6]' RETURNING varchar array)) AS u(c);
+------+
| c    |
+------+
| 0.1  |
| 1    |
| S1   |
| true |
|      |
+------+
(5 rows)

!ok

#-------------------------------------------------------------------------
# TESTCASE: test_select_distinct TEST_ID: A12_B2
#-------------------------------------------------------------------------
SELECT DISTINCT c
FROM test_unnest,
     unnest(json_value(a_nested, '$[6]' RETURNING varchar array)) AS u(c)
GROUP BY c;
+------+
| c    |
+------+
| 0.1  |
| 1    |
| S1   |
| true |
|      |
+------+
(5 rows)

!ok

