!set useApproximateCountDistinct false
!use druidtest://?componentSupplier=AllDruidEnginesComponentSupplier&datasets=sql/src/test/quidem/qatests/qaUnnest/array
!set outputformat mysql
#-------------------------------------------------------------------------
# TESTCASE: test_ops TEST_ID: SEL_DATASOURCE
#-------------------------------------------------------------------------
SELECT *
FROM test_unnest;
+-------------------------+-------+--------+--------------+--------------+------------------+----------------+--------------------+---------+--------------------------+-------------------------------------------------------------------------------------------------------------------------------------------------------------------------------------------------------------------------------------------------------------------------------------------------------------------------------+
| __time                  | s_int | s_null | a_bool       | a_int        | a_float          | a_str          | a_null             | a_empty | a_mixed                  | a_nested                                                                                                                                                                                                                                                                                                                      |
+-------------------------+-------+--------+--------------+--------------+------------------+----------------+--------------------+---------+--------------------------+-------------------------------------------------------------------------------------------------------------------------------------------------------------------------------------------------------------------------------------------------------------------------------------------------------------------------------+
| 2022-01-01 00:00:00.000 |     1 |        | [1, 0, null] | [1, 2, null] | [0.1, 0.2, null] | [S1, S2, null] | [null, null, null] | []      | [true, 1, 0.1, S1, null] | [[true,false,null],[1,2,null],[0.1,0.2,null],["S1","S2",null],[null,null,null],[],[true,1,0.1,"S1",null],[[true,false,null],[1,2,null],[0.1,0.2,null],["S1","S2",null],[null,null,null],[],[true,1,0.1,"S1",null],[[true,false,null],[1,2,null],[0.1,0.2,null],["S1","S2",null],[null,null,null],[],[true,1,0.1,"S1",null]]]] |
| 2022-02-01 00:00:00.000 |     2 |        | [null, 1, 0] | [null, 1, 2] | [null, 0.1, 0.2] | [null, S1, S2] | [null, null, null] | []      | [null, true, 1, 0.1, S1] | [[null,true,false],[null,1,2],[null,0.1,0.2],[null,"S1","S2"],[null,null,null],[],[null,true,1,0.1,"S1"],[[null,true,false],[null,1,2],[null,0.1,0.2],[null,"S1","S2"],[null,null,null],[],[null,true,1,0.1,"S1"],[[null,true,false],[null,1,2],[null,0.1,0.2],[null,"S1","S2"],[null,null,null],[],[null,true,1,0.1,"S1"]]]] |
| 2022-03-01 00:00:00.000 |       |        | [0, null, 1] | [2, null, 1] | [0.2, null, 0.1] | [S2, null, S1] | [null, null, null] | []      | [S1, null, true, 1, 0.1] | [[false,null,true],[2,null,1],[0.2,null,0.1],["S2",null,"S1"],[null,null,null],[],["S1",null,true,1,0.1],[[false,null,true],[2,null,1],[0.2,null,0.1],["S2",null,"S1"],[null,null,null],[],["S1",null,true,1,0.1],[[false,null,true],[2,null,1],[0.2,null,0.1],["S2",null,"S1"],[null,null,null],[],["S1",null,true,1,0.1]]]] |
+-------------------------+-------+--------+--------------+--------------+------------------+----------------+--------------------+---------+--------------------------+-------------------------------------------------------------------------------------------------------------------------------------------------------------------------------------------------------------------------------------------------------------------------------------------------------------------------------+
(3 rows)

!ok

#-------------------------------------------------------------------------
# TESTCASE: test_ops TEST_ID: A1_B1_C1_D1
#-------------------------------------------------------------------------
SELECT (c+c) AS col
FROM test_unnest,
     unnest(a_int) AS u(c)
WHERE (s_int IN (0,
                 1,
                 2)
       OR s_int IS NULL)
  AND ((c+c)<99999
       OR (c+c) IS NULL);
+-----+
| col |
+-----+
|   2 |
|   2 |
|   2 |
|   4 |
|   4 |
|   4 |
|     |
|     |
|     |
+-----+
(9 rows)

!ok

#-------------------------------------------------------------------------
# TESTCASE: test_ops TEST_ID: A1_B1_C2_D1
#-------------------------------------------------------------------------
SELECT (c+s_int) AS col
FROM test_unnest,
     unnest(a_int) AS u(c)
WHERE (s_int IN (0,
                 1,
                 2)
       OR s_int IS NULL)
  AND ((c+s_int)<99999
       OR (c+s_int) IS NULL);
+-----+
| col |
+-----+
|   2 |
|   3 |
|   3 |
|   4 |
|     |
|     |
|     |
|     |
|     |
+-----+
(9 rows)

!ok

#-------------------------------------------------------------------------
# TESTCASE: test_ops TEST_ID: A1_B2_C1_D1
#-------------------------------------------------------------------------
SELECT (c-c) AS col
FROM test_unnest,
     unnest(a_int) AS u(c)
WHERE (s_int IN (0,
                 1,
                 2)
       OR s_int IS NULL)
  AND ((c-c)<99999
       OR (c-c) IS NULL);
+-----+
| col |
+-----+
|   0 |
|   0 |
|   0 |
|   0 |
|   0 |
|   0 |
|     |
|     |
|     |
+-----+
(9 rows)

!ok

#-------------------------------------------------------------------------
# TESTCASE: test_ops TEST_ID: A1_B2_C2_D1
#-------------------------------------------------------------------------
SELECT (c-s_int) AS col
FROM test_unnest,
     unnest(a_int) AS u(c)
WHERE (s_int IN (0,
                 1,
                 2)
       OR s_int IS NULL)
  AND ((c-s_int)<99999
       OR (c-s_int) IS NULL);
+-----+
| col |
+-----+
|  -1 |
|   0 |
|   0 |
|   1 |
|     |
|     |
|     |
|     |
|     |
+-----+
(9 rows)

!ok

#-------------------------------------------------------------------------
# TESTCASE: test_ops TEST_ID: A1_B3_C1_D1
#-------------------------------------------------------------------------
SELECT (c*c) AS col
FROM test_unnest,
     unnest(a_int) AS u(c)
WHERE (s_int IN (0,
                 1,
                 2)
       OR s_int IS NULL)
  AND ((c*c)<99999
       OR (c*c) IS NULL);
+-----+
| col |
+-----+
|   1 |
|   1 |
|   1 |
|   4 |
|   4 |
|   4 |
|     |
|     |
|     |
+-----+
(9 rows)

!ok

#-------------------------------------------------------------------------
# TESTCASE: test_ops TEST_ID: A1_B3_C2_D1
#-------------------------------------------------------------------------
SELECT (c*s_int) AS col
FROM test_unnest,
     unnest(a_int) AS u(c)
WHERE (s_int IN (0,
                 1,
                 2)
       OR s_int IS NULL)
  AND ((c*s_int)<99999
       OR (c*s_int) IS NULL);
+-----+
| col |
+-----+
|   1 |
|   2 |
|   2 |
|   4 |
|     |
|     |
|     |
|     |
|     |
+-----+
(9 rows)

!ok

#-------------------------------------------------------------------------
# TESTCASE: test_ops TEST_ID: A1_B4_C1_D1
#-------------------------------------------------------------------------
SELECT (c/c) AS col
FROM test_unnest,
     unnest(a_int) AS u(c)
WHERE (s_int IN (0,
                 1,
                 2)
       OR s_int IS NULL)
  AND ((c/c)<99999
       OR (c/c) IS NULL);
+-----+
| col |
+-----+
|   1 |
|   1 |
|   1 |
|   1 |
|   1 |
|   1 |
|     |
|     |
|     |
+-----+
(9 rows)

!ok

#-------------------------------------------------------------------------
# TESTCASE: test_ops TEST_ID: A1_B4_C2_D1
#-------------------------------------------------------------------------
SELECT (c/s_int) AS col
FROM test_unnest,
     unnest(a_int) AS u(c)
WHERE (s_int IN (0,
                 1,
                 2)
       OR s_int IS NULL)
  AND ((c/s_int)<99999
       OR (c/s_int) IS NULL);
+-----+
| col |
+-----+
|   0 |
|   1 |
|   1 |
|   2 |
|     |
|     |
|     |
|     |
|     |
+-----+
(9 rows)

!ok

#-------------------------------------------------------------------------
# TESTCASE: test_ops TEST_ID: A2_B1_C1_D1
#-------------------------------------------------------------------------
SELECT (c||c) AS col
FROM test_unnest,
     unnest(a_int) AS u(c)
WHERE (s_int IN (0,
                 1,
                 2)
       OR s_int IS NULL)
  AND ((c||c)<'99999'
       OR (c||c) IS NULL);
+-----+
| col |
+-----+
| 11  |
| 11  |
| 11  |
| 22  |
| 22  |
| 22  |
|     |
|     |
|     |
+-----+
(9 rows)

!ok

#-------------------------------------------------------------------------
# TESTCASE: test_ops TEST_ID: A2_B1_C2_D1
#-------------------------------------------------------------------------
SELECT (c||s_int) AS col
FROM test_unnest,
     unnest(a_int) AS u(c)
WHERE (s_int IN (0,
                 1,
                 2)
       OR s_int IS NULL)
  AND ((c||s_int)<'99999'
       OR (c||s_int) IS NULL);
+-----+
| col |
+-----+
| 11  |
| 12  |
| 21  |
| 22  |
|     |
|     |
|     |
|     |
|     |
+-----+
(9 rows)

!ok

