!set dartQueryId 00000000-0000-0000-0000-000000000000
!set useApproximateCountDistinct false
!use druidtest://?componentSupplier=StandardAndMSQComponentSupplier&datasets=sql/src/test/quidem/qatests/qaUnnest/array
!set outputformat mysql
#-------------------------------------------------------------------------
# TESTCASE: test_json_funcs TEST_ID: SEL_DATASOURCE
#-------------------------------------------------------------------------
SELECT *
FROM test_unnest;
+-------------------------+-------+--------+--------------+--------------+------------------+----------------+--------------------+---------+--------------------------+-------------------------------------------------------------------------------------------------------------------------------------------------------------------------------------------------------------------------------------------------------------------------------------------------------------------------------+
| __time                  | s_int | s_null | a_bool       | a_int        | a_float          | a_str          | a_null             | a_empty | a_mixed                  | a_nested                                                                                                                                                                                                                                                                                                                      |
+-------------------------+-------+--------+--------------+--------------+------------------+----------------+--------------------+---------+--------------------------+-------------------------------------------------------------------------------------------------------------------------------------------------------------------------------------------------------------------------------------------------------------------------------------------------------------------------------+
| 2022-01-01 00:00:00.000 |     1 |        | [1, 0, null] | [1, 2, null] | [0.1, 0.2, null] | [S1, S2, null] | [null, null, null] | []      | [true, 1, 0.1, S1, null] | [[true,false,null],[1,2,null],[0.1,0.2,null],["S1","S2",null],[null,null,null],[],[true,1,0.1,"S1",null],[[true,false,null],[1,2,null],[0.1,0.2,null],["S1","S2",null],[null,null,null],[],[true,1,0.1,"S1",null],[[true,false,null],[1,2,null],[0.1,0.2,null],["S1","S2",null],[null,null,null],[],[true,1,0.1,"S1",null]]]] |
| 2022-02-01 00:00:00.000 |     2 |        | [null, 1, 0] | [null, 1, 2] | [null, 0.1, 0.2] | [null, S1, S2] | [null, null, null] | []      | [null, true, 1, 0.1, S1] | [[null,true,false],[null,1,2],[null,0.1,0.2],[null,"S1","S2"],[null,null,null],[],[null,true,1,0.1,"S1"],[[null,true,false],[null,1,2],[null,0.1,0.2],[null,"S1","S2"],[null,null,null],[],[null,true,1,0.1,"S1"],[[null,true,false],[null,1,2],[null,0.1,0.2],[null,"S1","S2"],[null,null,null],[],[null,true,1,0.1,"S1"]]]] |
| 2022-03-01 00:00:00.000 |       |        | [0, null, 1] | [2, null, 1] | [0.2, null, 0.1] | [S2, null, S1] | [null, null, null] | []      | [S1, null, true, 1, 0.1] | [[false,null,true],[2,null,1],[0.2,null,0.1],["S2",null,"S1"],[null,null,null],[],["S1",null,true,1,0.1],[[false,null,true],[2,null,1],[0.2,null,0.1],["S2",null,"S1"],[null,null,null],[],["S1",null,true,1,0.1],[[false,null,true],[2,null,1],[0.2,null,0.1],["S2",null,"S1"],[null,null,null],[],["S1",null,true,1,0.1]]]] |
+-------------------------+-------+--------+--------------+--------------+------------------+----------------+--------------------+---------+--------------------------+-------------------------------------------------------------------------------------------------------------------------------------------------------------------------------------------------------------------------------------------------------------------------------------------------------------------------------+
(3 rows)

!ok

#-------------------------------------------------------------------------
# TESTCASE: test_json_funcs TEST_ID: A1_B1_C1_D1
#-------------------------------------------------------------------------
SELECT json_keys(c, '$.') AS col
FROM test_unnest,
     unnest(a_int) AS u(c)
WHERE (s_int IN (0,
                 1,
                 2)
       OR s_int IS NULL)
  AND (json_keys(c, '$.') IS NULL);
+-----+
| col |
+-----+
|     |
|     |
|     |
|     |
|     |
|     |
|     |
|     |
|     |
+-----+
(9 rows)

!ok

#-------------------------------------------------------------------------
# TESTCASE: test_json_funcs TEST_ID: A1_B1_C1_D2
#-------------------------------------------------------------------------
SELECT json_keys(c, '$.') AS col
FROM test_unnest,
     unnest(json_value(a_nested, '$[1]' RETURNING bigint array)) AS u(c)
WHERE (s_int IN (0,
                 1,
                 2)
       OR s_int IS NULL)
  AND (json_keys(c, '$.') IS NULL);
+-----+
| col |
+-----+
|     |
|     |
|     |
|     |
|     |
|     |
|     |
|     |
|     |
+-----+
(9 rows)

!ok

#-------------------------------------------------------------------------
# TESTCASE: test_json_funcs TEST_ID: A1_B1_C2_D1
#-------------------------------------------------------------------------
SELECT json_keys(s_int, '$.') AS col
FROM test_unnest,
     unnest(a_int) AS u(c)
WHERE (s_int IN (0,
                 1,
                 2)
       OR s_int IS NULL)
  AND (json_keys(s_int, '$.') IS NULL);
+-----+
| col |
+-----+
|     |
|     |
|     |
|     |
|     |
|     |
|     |
|     |
|     |
+-----+
(9 rows)

!ok

#-------------------------------------------------------------------------
# TESTCASE: test_json_funcs TEST_ID: A1_B1_C2_D2
#-------------------------------------------------------------------------
SELECT json_keys(s_int, '$.') AS col
FROM test_unnest,
     unnest(json_value(a_nested, '$[1]' RETURNING bigint array)) AS u(c)
WHERE (s_int IN (0,
                 1,
                 2)
       OR s_int IS NULL)
  AND (json_keys(s_int, '$.') IS NULL);
+-----+
| col |
+-----+
|     |
|     |
|     |
|     |
|     |
|     |
|     |
|     |
|     |
+-----+
(9 rows)

!ok

#-------------------------------------------------------------------------
# TESTCASE: test_json_funcs TEST_ID: A1_B2_C1_D1
#-------------------------------------------------------------------------
SELECT json_object(KEY 'k' value c) AS col
FROM test_unnest,
     unnest(a_int) AS u(c)
WHERE (s_int IN (0,
                 1,
                 2)
       OR s_int IS NULL)
  AND (json_object(KEY 'k' value c) IS NOT NULL);
+------------+
| col        |
+------------+
| {"k":1}    |
| {"k":1}    |
| {"k":1}    |
| {"k":2}    |
| {"k":2}    |
| {"k":2}    |
| {"k":null} |
| {"k":null} |
| {"k":null} |
+------------+
(9 rows)

!ok

#-------------------------------------------------------------------------
# TESTCASE: test_json_funcs TEST_ID: A1_B2_C1_D2
#-------------------------------------------------------------------------
SELECT json_object(KEY 'k' value c) AS col
FROM test_unnest,
     unnest(json_value(a_nested, '$[1]' RETURNING bigint array)) AS u(c)
WHERE (s_int IN (0,
                 1,
                 2)
       OR s_int IS NULL)
  AND (json_object(KEY 'k' value c) IS NOT NULL);
+------------+
| col        |
+------------+
| {"k":1}    |
| {"k":1}    |
| {"k":1}    |
| {"k":2}    |
| {"k":2}    |
| {"k":2}    |
| {"k":null} |
| {"k":null} |
| {"k":null} |
+------------+
(9 rows)

!ok

#-------------------------------------------------------------------------
# TESTCASE: test_json_funcs TEST_ID: A1_B2_C2_D1
#-------------------------------------------------------------------------
SELECT json_object(KEY 'k' value s_int) AS col
FROM test_unnest,
     unnest(a_int) AS u(c)
WHERE (s_int IN (0,
                 1,
                 2)
       OR s_int IS NULL)
  AND (json_object(KEY 'k' value s_int) IS NOT NULL);
+------------+
| col        |
+------------+
| {"k":1}    |
| {"k":1}    |
| {"k":1}    |
| {"k":2}    |
| {"k":2}    |
| {"k":2}    |
| {"k":null} |
| {"k":null} |
| {"k":null} |
+------------+
(9 rows)

!ok

#-------------------------------------------------------------------------
# TESTCASE: test_json_funcs TEST_ID: A1_B2_C2_D2
#-------------------------------------------------------------------------
SELECT json_object(KEY 'k' value s_int) AS col
FROM test_unnest,
     unnest(json_value(a_nested, '$[1]' RETURNING bigint array)) AS u(c)
WHERE (s_int IN (0,
                 1,
                 2)
       OR s_int IS NULL)
  AND (json_object(KEY 'k' value s_int) IS NOT NULL);
+------------+
| col        |
+------------+
| {"k":1}    |
| {"k":1}    |
| {"k":1}    |
| {"k":2}    |
| {"k":2}    |
| {"k":2}    |
| {"k":null} |
| {"k":null} |
| {"k":null} |
+------------+
(9 rows)

!ok

#-------------------------------------------------------------------------
# TESTCASE: test_json_funcs TEST_ID: A1_B3_C1_D1
#-------------------------------------------------------------------------
SELECT json_paths(c) AS col
FROM test_unnest,
     unnest(a_int) AS u(c)
WHERE (s_int IN (0,
                 1,
                 2)
       OR s_int IS NULL)
  AND (json_paths(c) IS NOT NULL);
+-----+
| col |
+-----+
| [$] |
| [$] |
| [$] |
| [$] |
| [$] |
| [$] |
| [$] |
| [$] |
| [$] |
+-----+
(9 rows)

!ok

#-------------------------------------------------------------------------
# TESTCASE: test_json_funcs TEST_ID: A1_B3_C1_D2
#-------------------------------------------------------------------------
SELECT json_paths(c) AS col
FROM test_unnest,
     unnest(json_value(a_nested, '$[1]' RETURNING bigint array)) AS u(c)
WHERE (s_int IN (0,
                 1,
                 2)
       OR s_int IS NULL)
  AND (json_paths(c) IS NOT NULL);
+-----+
| col |
+-----+
| [$] |
| [$] |
| [$] |
| [$] |
| [$] |
| [$] |
| [$] |
| [$] |
| [$] |
+-----+
(9 rows)

!ok

#-------------------------------------------------------------------------
# TESTCASE: test_json_funcs TEST_ID: A1_B3_C2_D1
#-------------------------------------------------------------------------
SELECT json_paths(s_int) AS col
FROM test_unnest,
     unnest(a_int) AS u(c)
WHERE (s_int IN (0,
                 1,
                 2)
       OR s_int IS NULL)
  AND (json_paths(s_int) IS NOT NULL);
+-----+
| col |
+-----+
| [$] |
| [$] |
| [$] |
| [$] |
| [$] |
| [$] |
| [$] |
| [$] |
| [$] |
+-----+
(9 rows)

!ok

#-------------------------------------------------------------------------
# TESTCASE: test_json_funcs TEST_ID: A1_B3_C2_D2
#-------------------------------------------------------------------------
SELECT json_paths(s_int) AS col
FROM test_unnest,
     unnest(json_value(a_nested, '$[1]' RETURNING bigint array)) AS u(c)
WHERE (s_int IN (0,
                 1,
                 2)
       OR s_int IS NULL)
  AND (json_paths(s_int) IS NOT NULL);
+-----+
| col |
+-----+
| [$] |
| [$] |
| [$] |
| [$] |
| [$] |
| [$] |
| [$] |
| [$] |
| [$] |
+-----+
(9 rows)

!ok

#-------------------------------------------------------------------------
# TESTCASE: test_json_funcs TEST_ID: A1_B4_C1_D1
#-------------------------------------------------------------------------
SELECT json_query(c, '$.') AS col
FROM test_unnest,
     unnest(a_int) AS u(c)
WHERE (s_int IN (0,
                 1,
                 2)
       OR s_int IS NULL)
  AND (json_query(c, '$.') IS NOT NULL
       OR json_query(c, '$.') IS NULL);
java.lang.IllegalArgumentException
!error

#-------------------------------------------------------------------------
# TESTCASE: test_json_funcs TEST_ID: A1_B4_C1_D2
#-------------------------------------------------------------------------
SELECT json_query(c, '$.') AS col
FROM test_unnest,
     unnest(json_value(a_nested, '$[1]' RETURNING bigint array)) AS u(c)
WHERE (s_int IN (0,
                 1,
                 2)
       OR s_int IS NULL)
  AND (json_query(c, '$.') IS NOT NULL
       OR json_query(c, '$.') IS NULL);
java.lang.IllegalArgumentException
!error

#-------------------------------------------------------------------------
# TESTCASE: test_json_funcs TEST_ID: A1_B4_C2_D1
#-------------------------------------------------------------------------
SELECT json_query(s_int, '$.') AS col
FROM test_unnest,
     unnest(a_int) AS u(c)
WHERE (s_int IN (0,
                 1,
                 2)
       OR s_int IS NULL)
  AND (json_query(s_int, '$.') IS NOT NULL
       OR json_query(s_int, '$.') IS NULL);
java.lang.IllegalArgumentException
!error

#-------------------------------------------------------------------------
# TESTCASE: test_json_funcs TEST_ID: A1_B4_C2_D2
#-------------------------------------------------------------------------
SELECT json_query(s_int, '$.') AS col
FROM test_unnest,
     unnest(json_value(a_nested, '$[1]' RETURNING bigint array)) AS u(c)
WHERE (s_int IN (0,
                 1,
                 2)
       OR s_int IS NULL)
  AND (json_query(s_int, '$.') IS NOT NULL
       OR json_query(s_int, '$.') IS NULL);
java.lang.IllegalArgumentException
!error

#-------------------------------------------------------------------------
# TESTCASE: test_json_funcs TEST_ID: A1_B5_C1_D1
#-------------------------------------------------------------------------
SELECT json_value(c, '$.') AS col
FROM test_unnest,
     unnest(a_int) AS u(c)
WHERE (s_int IN (0,
                 1,
                 2)
       OR s_int IS NULL)
  AND (json_value(c, '$.') IS NOT NULL
       OR json_value(c, '$.') IS NULL);
+-----+
| col |
+-----+
| 1   |
| 1   |
| 1   |
| 2   |
| 2   |
| 2   |
|     |
|     |
|     |
+-----+
(9 rows)

!ok

#-------------------------------------------------------------------------
# TESTCASE: test_json_funcs TEST_ID: A1_B5_C1_D2
#-------------------------------------------------------------------------
SELECT json_value(c, '$.') AS col
FROM test_unnest,
     unnest(json_value(a_nested, '$[1]' RETURNING bigint array)) AS u(c)
WHERE (s_int IN (0,
                 1,
                 2)
       OR s_int IS NULL)
  AND (json_value(c, '$.') IS NOT NULL
       OR json_value(c, '$.') IS NULL);
+-----+
| col |
+-----+
| 1   |
| 1   |
| 1   |
| 2   |
| 2   |
| 2   |
|     |
|     |
|     |
+-----+
(9 rows)

!ok

#-------------------------------------------------------------------------
# TESTCASE: test_json_funcs TEST_ID: A1_B5_C2_D1
#-------------------------------------------------------------------------
SELECT json_value(s_int, '$.') AS col
FROM test_unnest,
     unnest(a_int) AS u(c)
WHERE (s_int IN (0,
                 1,
                 2)
       OR s_int IS NULL)
  AND (json_value(s_int, '$.') IS NOT NULL
       OR json_value(s_int, '$.') IS NULL);
+-----+
| col |
+-----+
| 1   |
| 1   |
| 1   |
| 2   |
| 2   |
| 2   |
|     |
|     |
|     |
+-----+
(9 rows)

!ok

#-------------------------------------------------------------------------
# TESTCASE: test_json_funcs TEST_ID: A1_B5_C2_D2
#-------------------------------------------------------------------------
SELECT json_value(s_int, '$.') AS col
FROM test_unnest,
     unnest(json_value(a_nested, '$[1]' RETURNING bigint array)) AS u(c)
WHERE (s_int IN (0,
                 1,
                 2)
       OR s_int IS NULL)
  AND (json_value(s_int, '$.') IS NOT NULL
       OR json_value(s_int, '$.') IS NULL);
+-----+
| col |
+-----+
| 1   |
| 1   |
| 1   |
| 2   |
| 2   |
| 2   |
|     |
|     |
|     |
+-----+
(9 rows)

!ok

#-------------------------------------------------------------------------
# TESTCASE: test_json_funcs TEST_ID: A1_B6_C1_D1
#-------------------------------------------------------------------------
SELECT parse_json(cast(c AS char)) AS col
FROM test_unnest,
     unnest(a_int) AS u(c)
WHERE (s_int IN (0,
                 1,
                 2)
       OR s_int IS NULL)
  AND (parse_json(cast(c AS char)) IS NOT NULL
       OR parse_json(cast(c AS char)) IS NULL);
java.lang.IllegalArgumentException
!error

#-------------------------------------------------------------------------
# TESTCASE: test_json_funcs TEST_ID: A1_B6_C1_D2
#-------------------------------------------------------------------------
SELECT parse_json(cast(c AS char)) AS col
FROM test_unnest,
     unnest(json_value(a_nested, '$[1]' RETURNING bigint array)) AS u(c)
WHERE (s_int IN (0,
                 1,
                 2)
       OR s_int IS NULL)
  AND (parse_json(cast(c AS char)) IS NOT NULL
       OR parse_json(cast(c AS char)) IS NULL);
java.lang.IllegalArgumentException
!error

#-------------------------------------------------------------------------
# TESTCASE: test_json_funcs TEST_ID: A1_B6_C2_D1
#-------------------------------------------------------------------------
SELECT parse_json(cast(s_int AS char)) AS col
FROM test_unnest,
     unnest(a_int) AS u(c)
WHERE (s_int IN (0,
                 1,
                 2)
       OR s_int IS NULL)
  AND (parse_json(cast(s_int AS char)) IS NOT NULL
       OR parse_json(cast(s_int AS char)) IS NULL);
java.lang.IllegalArgumentException
!error

#-------------------------------------------------------------------------
# TESTCASE: test_json_funcs TEST_ID: A1_B6_C2_D2
#-------------------------------------------------------------------------
SELECT parse_json(cast(s_int AS char)) AS col
FROM test_unnest,
     unnest(json_value(a_nested, '$[1]' RETURNING bigint array)) AS u(c)
WHERE (s_int IN (0,
                 1,
                 2)
       OR s_int IS NULL)
  AND (parse_json(cast(s_int AS char)) IS NOT NULL
       OR parse_json(cast(s_int AS char)) IS NULL);
java.lang.IllegalArgumentException
!error

#-------------------------------------------------------------------------
# TESTCASE: test_json_funcs TEST_ID: A1_B7_C1_D1
#-------------------------------------------------------------------------
SELECT try_parse_json(cast(c AS char)) AS col
FROM test_unnest,
     unnest(a_int) AS u(c)
WHERE (s_int IN (0,
                 1,
                 2)
       OR s_int IS NULL)
  AND (try_parse_json(cast(c AS char)) IS NOT NULL
       OR try_parse_json(cast(c AS char)) IS NULL);
java.lang.IllegalArgumentException
!error

#-------------------------------------------------------------------------
# TESTCASE: test_json_funcs TEST_ID: A1_B7_C1_D2
#-------------------------------------------------------------------------
SELECT try_parse_json(cast(c AS char)) AS col
FROM test_unnest,
     unnest(json_value(a_nested, '$[1]' RETURNING bigint array)) AS u(c)
WHERE (s_int IN (0,
                 1,
                 2)
       OR s_int IS NULL)
  AND (try_parse_json(cast(c AS char)) IS NOT NULL
       OR try_parse_json(cast(c AS char)) IS NULL);
java.lang.IllegalArgumentException
!error

#-------------------------------------------------------------------------
# TESTCASE: test_json_funcs TEST_ID: A1_B7_C2_D1
#-------------------------------------------------------------------------
SELECT try_parse_json(cast(s_int AS char)) AS col
FROM test_unnest,
     unnest(a_int) AS u(c)
WHERE (s_int IN (0,
                 1,
                 2)
       OR s_int IS NULL)
  AND (try_parse_json(cast(s_int AS char)) IS NOT NULL
       OR try_parse_json(cast(s_int AS char)) IS NULL);
java.lang.IllegalArgumentException
!error

#-------------------------------------------------------------------------
# TESTCASE: test_json_funcs TEST_ID: A1_B7_C2_D2
#-------------------------------------------------------------------------
SELECT try_parse_json(cast(s_int AS char)) AS col
FROM test_unnest,
     unnest(json_value(a_nested, '$[1]' RETURNING bigint array)) AS u(c)
WHERE (s_int IN (0,
                 1,
                 2)
       OR s_int IS NULL)
  AND (try_parse_json(cast(s_int AS char)) IS NOT NULL
       OR try_parse_json(cast(s_int AS char)) IS NULL);
java.lang.IllegalArgumentException
!error

#-------------------------------------------------------------------------
# TESTCASE: test_json_funcs TEST_ID: A1_B8_C1_D1
#-------------------------------------------------------------------------
SELECT to_json_string(c) AS col
FROM test_unnest,
     unnest(a_int) AS u(c)
WHERE (s_int IN (0,
                 1,
                 2)
       OR s_int IS NULL)
  AND (to_json_string(c) IS NOT NULL
       OR to_json_string(c) IS NULL);
+-----+
| col |
+-----+
| 1   |
| 1   |
| 1   |
| 2   |
| 2   |
| 2   |
|     |
|     |
|     |
+-----+
(9 rows)

!ok

#-------------------------------------------------------------------------
# TESTCASE: test_json_funcs TEST_ID: A1_B8_C1_D2
#-------------------------------------------------------------------------
SELECT to_json_string(c) AS col
FROM test_unnest,
     unnest(json_value(a_nested, '$[1]' RETURNING bigint array)) AS u(c)
WHERE (s_int IN (0,
                 1,
                 2)
       OR s_int IS NULL)
  AND (to_json_string(c) IS NOT NULL
       OR to_json_string(c) IS NULL);
+-----+
| col |
+-----+
| 1   |
| 1   |
| 1   |
| 2   |
| 2   |
| 2   |
|     |
|     |
|     |
+-----+
(9 rows)

!ok

#-------------------------------------------------------------------------
# TESTCASE: test_json_funcs TEST_ID: A1_B8_C2_D1
#-------------------------------------------------------------------------
SELECT to_json_string(s_int) AS col
FROM test_unnest,
     unnest(a_int) AS u(c)
WHERE (s_int IN (0,
                 1,
                 2)
       OR s_int IS NULL)
  AND (to_json_string(s_int) IS NOT NULL
       OR to_json_string(s_int) IS NULL);
+-----+
| col |
+-----+
| 1   |
| 1   |
| 1   |
| 2   |
| 2   |
| 2   |
|     |
|     |
|     |
+-----+
(9 rows)

!ok

#-------------------------------------------------------------------------
# TESTCASE: test_json_funcs TEST_ID: A1_B8_C2_D2
#-------------------------------------------------------------------------
SELECT to_json_string(s_int) AS col
FROM test_unnest,
     unnest(json_value(a_nested, '$[1]' RETURNING bigint array)) AS u(c)
WHERE (s_int IN (0,
                 1,
                 2)
       OR s_int IS NULL)
  AND (to_json_string(s_int) IS NOT NULL
       OR to_json_string(s_int) IS NULL);
+-----+
| col |
+-----+
| 1   |
| 1   |
| 1   |
| 2   |
| 2   |
| 2   |
|     |
|     |
|     |
+-----+
(9 rows)

!ok

