!set dartQueryId 00000000-0000-0000-0000-000000000000
!set useApproximateCountDistinct false
!use druidtest://?componentSupplier=StandardAndMSQComponentSupplier&datasets=sql/src/test/quidem/qatests/qaUnnest/array
!set outputformat mysql
#-------------------------------------------------------------------------
# TESTCASE: test_subquery_with_where TEST_ID: A1_B40_C9
#-------------------------------------------------------------------------
SELECT c
FROM
  (SELECT *
   FROM test_unnest), unnest(a_bool) AS u(c)
WHERE (s_int=1
       OR s_int=997)
  AND NOT s_int=0
  AND NOT s_int=999;
+---+
| c |
+---+
| 0 |
| 1 |
|   |
+---+
(3 rows)

!ok

#-------------------------------------------------------------------------
# TESTCASE: test_subquery_with_where TEST_ID: A1_B41_C1
#-------------------------------------------------------------------------
SELECT c
FROM test_unnest,
     unnest(a_bool) AS u(c)
WHERE s_int IS NULL;
+---+
| c |
+---+
| 0 |
| 1 |
|   |
+---+
(3 rows)

!ok

#-------------------------------------------------------------------------
# TESTCASE: test_subquery_with_where TEST_ID: A1_B41_C3
#-------------------------------------------------------------------------
SELECT c
FROM
  (SELECT *
   FROM test_unnest,
        unnest(a_bool) AS u(c)
   WHERE s_int IS NULL);
+---+
| c |
+---+
| 0 |
| 1 |
|   |
+---+
(3 rows)

!ok

#-------------------------------------------------------------------------
# TESTCASE: test_subquery_with_where TEST_ID: A1_B41_C5
#-------------------------------------------------------------------------
SELECT c
FROM
  (SELECT *
   FROM test_unnest
   WHERE s_int IS NULL), unnest(a_bool) AS u(c);
+---+
| c |
+---+
| 0 |
| 1 |
|   |
+---+
(3 rows)

!ok

#-------------------------------------------------------------------------
# TESTCASE: test_subquery_with_where TEST_ID: A1_B41_C7
#-------------------------------------------------------------------------
SELECT c
FROM
  (SELECT *
   FROM test_unnest,
        unnest(a_bool) AS u(c))
WHERE s_int IS NULL;
+---+
| c |
+---+
| 0 |
| 1 |
|   |
+---+
(3 rows)

!ok

#-------------------------------------------------------------------------
# TESTCASE: test_subquery_with_where TEST_ID: A1_B41_C9
#-------------------------------------------------------------------------
SELECT c
FROM
  (SELECT *
   FROM test_unnest), unnest(a_bool) AS u(c)
WHERE s_int IS NULL;
+---+
| c |
+---+
| 0 |
| 1 |
|   |
+---+
(3 rows)

!ok

#-------------------------------------------------------------------------
# TESTCASE: test_subquery_with_where TEST_ID: A1_B42_C1
#-------------------------------------------------------------------------
SELECT c
FROM test_unnest,
     unnest(a_bool) AS u(c)
WHERE s_int IS NOT NULL;
+---+
| c |
+---+
| 0 |
| 0 |
| 1 |
| 1 |
|   |
|   |
+---+
(6 rows)

!ok

#-------------------------------------------------------------------------
# TESTCASE: test_subquery_with_where TEST_ID: A1_B42_C3
#-------------------------------------------------------------------------
SELECT c
FROM
  (SELECT *
   FROM test_unnest,
        unnest(a_bool) AS u(c)
   WHERE s_int IS NOT NULL);
+---+
| c |
+---+
| 0 |
| 0 |
| 1 |
| 1 |
|   |
|   |
+---+
(6 rows)

!ok

#-------------------------------------------------------------------------
# TESTCASE: test_subquery_with_where TEST_ID: A1_B42_C5
#-------------------------------------------------------------------------
SELECT c
FROM
  (SELECT *
   FROM test_unnest
   WHERE s_int IS NOT NULL), unnest(a_bool) AS u(c);
+---+
| c |
+---+
| 0 |
| 0 |
| 1 |
| 1 |
|   |
|   |
+---+
(6 rows)

!ok

#-------------------------------------------------------------------------
# TESTCASE: test_subquery_with_where TEST_ID: A1_B42_C7
#-------------------------------------------------------------------------
SELECT c
FROM
  (SELECT *
   FROM test_unnest,
        unnest(a_bool) AS u(c))
WHERE s_int IS NOT NULL;
+---+
| c |
+---+
| 0 |
| 0 |
| 1 |
| 1 |
|   |
|   |
+---+
(6 rows)

!ok

#-------------------------------------------------------------------------
# TESTCASE: test_subquery_with_where TEST_ID: A1_B42_C9
#-------------------------------------------------------------------------
SELECT c
FROM
  (SELECT *
   FROM test_unnest), unnest(a_bool) AS u(c)
WHERE s_int IS NOT NULL;
+---+
| c |
+---+
| 0 |
| 0 |
| 1 |
| 1 |
|   |
|   |
+---+
(6 rows)

!ok

#-------------------------------------------------------------------------
# TESTCASE: test_subquery_with_where TEST_ID: A1_B43_C1
#-------------------------------------------------------------------------
SELECT c
FROM test_unnest,
     unnest(a_bool) AS u(c)
WHERE s_int IN (1,
                996) IS TRUE
  AND s_int IN (0,
                997) IS NOT TRUE;
+---+
| c |
+---+
| 0 |
| 1 |
|   |
+---+
(3 rows)

!ok

#-------------------------------------------------------------------------
# TESTCASE: test_subquery_with_where TEST_ID: A1_B43_C3
#-------------------------------------------------------------------------
SELECT c
FROM
  (SELECT *
   FROM test_unnest,
        unnest(a_bool) AS u(c)
   WHERE s_int IN (1,
                   996) IS TRUE
     AND s_int IN (0,
                   997) IS NOT TRUE);
+---+
| c |
+---+
| 0 |
| 1 |
|   |
+---+
(3 rows)

!ok

#-------------------------------------------------------------------------
# TESTCASE: test_subquery_with_where TEST_ID: A1_B43_C5
#-------------------------------------------------------------------------
SELECT c
FROM
  (SELECT *
   FROM test_unnest
   WHERE s_int IN (1,
                   996) IS TRUE
     AND s_int IN (0,
                   997) IS NOT TRUE), unnest(a_bool) AS u(c);
+---+
| c |
+---+
| 0 |
| 1 |
|   |
+---+
(3 rows)

!ok

#-------------------------------------------------------------------------
# TESTCASE: test_subquery_with_where TEST_ID: A1_B43_C7
#-------------------------------------------------------------------------
SELECT c
FROM
  (SELECT *
   FROM test_unnest,
        unnest(a_bool) AS u(c))
WHERE s_int IN (1,
                996) IS TRUE
  AND s_int IN (0,
                997) IS NOT TRUE;
+---+
| c |
+---+
| 0 |
| 1 |
|   |
+---+
(3 rows)

!ok

#-------------------------------------------------------------------------
# TESTCASE: test_subquery_with_where TEST_ID: A1_B43_C9
#-------------------------------------------------------------------------
SELECT c
FROM
  (SELECT *
   FROM test_unnest), unnest(a_bool) AS u(c)
WHERE s_int IN (1,
                996) IS TRUE
  AND s_int IN (0,
                997) IS NOT TRUE;
+---+
| c |
+---+
| 0 |
| 1 |
|   |
+---+
(3 rows)

!ok

#-------------------------------------------------------------------------
# TESTCASE: test_subquery_with_where TEST_ID: A1_B44_C1
#-------------------------------------------------------------------------
SELECT c
FROM test_unnest,
     unnest(a_bool) AS u(c)
WHERE s_int IN (1,
                996) IS FALSE
  AND s_int IN (0,
                997) IS NOT FALSE;
+---+
| c |
+---+
+---+
(0 rows)

!ok

#-------------------------------------------------------------------------
# TESTCASE: test_subquery_with_where TEST_ID: A1_B44_C3
#-------------------------------------------------------------------------
SELECT c
FROM
  (SELECT *
   FROM test_unnest,
        unnest(a_bool) AS u(c)
   WHERE s_int IN (1,
                   996) IS FALSE
     AND s_int IN (0,
                   997) IS NOT FALSE);
+---+
| c |
+---+
+---+
(0 rows)

!ok

#-------------------------------------------------------------------------
# TESTCASE: test_subquery_with_where TEST_ID: A1_B44_C5
#-------------------------------------------------------------------------
SELECT c
FROM
  (SELECT *
   FROM test_unnest
   WHERE s_int IN (1,
                   996) IS FALSE
     AND s_int IN (0,
                   997) IS NOT FALSE), unnest(a_bool) AS u(c);
+---+
| c |
+---+
+---+
(0 rows)

!ok

#-------------------------------------------------------------------------
# TESTCASE: test_subquery_with_where TEST_ID: A1_B44_C7
#-------------------------------------------------------------------------
SELECT c
FROM
  (SELECT *
   FROM test_unnest,
        unnest(a_bool) AS u(c))
WHERE s_int IN (1,
                996) IS FALSE
  AND s_int IN (0,
                997) IS NOT FALSE;
+---+
| c |
+---+
+---+
(0 rows)

!ok

#-------------------------------------------------------------------------
# TESTCASE: test_subquery_with_where TEST_ID: A1_B44_C9
#-------------------------------------------------------------------------
SELECT c
FROM
  (SELECT *
   FROM test_unnest), unnest(a_bool) AS u(c)
WHERE s_int IN (1,
                996) IS FALSE
  AND s_int IN (0,
                997) IS NOT FALSE;
+---+
| c |
+---+
+---+
(0 rows)

!ok

#-------------------------------------------------------------------------
# TESTCASE: test_subquery_with_where TEST_ID: A1_B45_C1
#-------------------------------------------------------------------------
SELECT c
FROM test_unnest,
     unnest(a_bool) AS u(c)
WHERE (s_int BETWEEN 1 AND 2)
  AND (s_int NOT BETWEEN 3 AND 4);
+---+
| c |
+---+
| 0 |
| 0 |
| 1 |
| 1 |
|   |
|   |
+---+
(6 rows)

!ok

#-------------------------------------------------------------------------
# TESTCASE: test_subquery_with_where TEST_ID: A1_B45_C3
#-------------------------------------------------------------------------
SELECT c
FROM
  (SELECT *
   FROM test_unnest,
        unnest(a_bool) AS u(c)
   WHERE (s_int BETWEEN 1 AND 2)
     AND (s_int NOT BETWEEN 3 AND 4));
+---+
| c |
+---+
| 0 |
| 0 |
| 1 |
| 1 |
|   |
|   |
+---+
(6 rows)

!ok

#-------------------------------------------------------------------------
# TESTCASE: test_subquery_with_where TEST_ID: A1_B45_C5
#-------------------------------------------------------------------------
SELECT c
FROM
  (SELECT *
   FROM test_unnest
   WHERE (s_int BETWEEN 1 AND 2)
     AND (s_int NOT BETWEEN 3 AND 4)), unnest(a_bool) AS u(c);
+---+
| c |
+---+
| 0 |
| 0 |
| 1 |
| 1 |
|   |
|   |
+---+
(6 rows)

!ok

#-------------------------------------------------------------------------
# TESTCASE: test_subquery_with_where TEST_ID: A1_B45_C7
#-------------------------------------------------------------------------
SELECT c
FROM
  (SELECT *
   FROM test_unnest,
        unnest(a_bool) AS u(c))
WHERE (s_int BETWEEN 1 AND 2)
  AND (s_int NOT BETWEEN 3 AND 4);
+---+
| c |
+---+
| 0 |
| 0 |
| 1 |
| 1 |
|   |
|   |
+---+
(6 rows)

!ok

#-------------------------------------------------------------------------
# TESTCASE: test_subquery_with_where TEST_ID: A1_B45_C9
#-------------------------------------------------------------------------
SELECT c
FROM
  (SELECT *
   FROM test_unnest), unnest(a_bool) AS u(c)
WHERE (s_int BETWEEN 1 AND 2)
  AND (s_int NOT BETWEEN 3 AND 4);
+---+
| c |
+---+
| 0 |
| 0 |
| 1 |
| 1 |
|   |
|   |
+---+
(6 rows)

!ok

#-------------------------------------------------------------------------
# TESTCASE: test_subquery_with_where TEST_ID: A1_B46_C1
#-------------------------------------------------------------------------
SELECT c
FROM test_unnest,
     unnest(a_bool) AS u(c)
WHERE (cast(s_int AS varchar) like '%1%')
  AND (cast(s_int AS varchar) not like '%3%');
+---+
| c |
+---+
| 0 |
| 1 |
|   |
+---+
(3 rows)

!ok

#-------------------------------------------------------------------------
# TESTCASE: test_subquery_with_where TEST_ID: A1_B46_C3
#-------------------------------------------------------------------------
SELECT c
FROM
  (SELECT *
   FROM test_unnest,
        unnest(a_bool) AS u(c)
   WHERE (cast(s_int AS varchar) like '%1%')
     AND (cast(s_int AS varchar) not like '%3%'));
+---+
| c |
+---+
| 0 |
| 1 |
|   |
+---+
(3 rows)

!ok

#-------------------------------------------------------------------------
# TESTCASE: test_subquery_with_where TEST_ID: A1_B46_C5
#-------------------------------------------------------------------------
SELECT c
FROM
  (SELECT *
   FROM test_unnest
   WHERE (cast(s_int AS varchar) like '%1%')
     AND (cast(s_int AS varchar) not like '%3%')), unnest(a_bool) AS u(c);
+---+
| c |
+---+
| 0 |
| 1 |
|   |
+---+
(3 rows)

!ok

#-------------------------------------------------------------------------
# TESTCASE: test_subquery_with_where TEST_ID: A1_B46_C7
#-------------------------------------------------------------------------
SELECT c
FROM
  (SELECT *
   FROM test_unnest,
        unnest(a_bool) AS u(c))
WHERE (cast(s_int AS varchar) like '%1%')
  AND (cast(s_int AS varchar) not like '%3%');
+---+
| c |
+---+
| 0 |
| 1 |
|   |
+---+
(3 rows)

!ok

#-------------------------------------------------------------------------
# TESTCASE: test_subquery_with_where TEST_ID: A1_B46_C9
#-------------------------------------------------------------------------
SELECT c
FROM
  (SELECT *
   FROM test_unnest), unnest(a_bool) AS u(c)
WHERE (cast(s_int AS varchar) like '%1%')
  AND (cast(s_int AS varchar) not like '%3%');
+---+
| c |
+---+
| 0 |
| 1 |
|   |
+---+
(3 rows)

!ok

#-------------------------------------------------------------------------
# TESTCASE: test_subquery_with_where TEST_ID: A1_B47_C1
#-------------------------------------------------------------------------
SELECT c
FROM test_unnest,
     unnest(a_bool) AS u(c)
WHERE s_int IN (1,
                996)
  AND s_int NOT IN (0,
                    997);
+---+
| c |
+---+
| 0 |
| 1 |
|   |
+---+
(3 rows)

!ok

#-------------------------------------------------------------------------
# TESTCASE: test_subquery_with_where TEST_ID: A1_B47_C3
#-------------------------------------------------------------------------
SELECT c
FROM
  (SELECT *
   FROM test_unnest,
        unnest(a_bool) AS u(c)
   WHERE s_int IN (1,
                   996)
     AND s_int NOT IN (0,
                       997));
+---+
| c |
+---+
| 0 |
| 1 |
|   |
+---+
(3 rows)

!ok

#-------------------------------------------------------------------------
# TESTCASE: test_subquery_with_where TEST_ID: A1_B47_C5
#-------------------------------------------------------------------------
SELECT c
FROM
  (SELECT *
   FROM test_unnest
   WHERE s_int IN (1,
                   996)
     AND s_int NOT IN (0,
                       997)), unnest(a_bool) AS u(c);
+---+
| c |
+---+
| 0 |
| 1 |
|   |
+---+
(3 rows)

!ok

#-------------------------------------------------------------------------
# TESTCASE: test_subquery_with_where TEST_ID: A1_B47_C7
#-------------------------------------------------------------------------
SELECT c
FROM
  (SELECT *
   FROM test_unnest,
        unnest(a_bool) AS u(c))
WHERE s_int IN (1,
                996)
  AND s_int NOT IN (0,
                    997);
+---+
| c |
+---+
| 0 |
| 1 |
|   |
+---+
(3 rows)

!ok

#-------------------------------------------------------------------------
# TESTCASE: test_subquery_with_where TEST_ID: A1_B47_C9
#-------------------------------------------------------------------------
SELECT c
FROM
  (SELECT *
   FROM test_unnest), unnest(a_bool) AS u(c)
WHERE s_int IN (1,
                996)
  AND s_int NOT IN (0,
                    997);
+---+
| c |
+---+
| 0 |
| 1 |
|   |
+---+
(3 rows)

!ok

#-------------------------------------------------------------------------
# TESTCASE: test_subquery_with_where TEST_ID: A1_B48_C1
#-------------------------------------------------------------------------
SELECT c
FROM test_unnest,
     unnest(a_bool) AS u(c)
WHERE s_int IN
    (SELECT col
     FROM (
           VALUES(1),(996)) AS t(col))
  AND s_int NOT IN
    (SELECT col
     FROM (
           VALUES(0),(997)) AS t(col));
+---+
| c |
+---+
| 0 |
| 1 |
|   |
+---+
(3 rows)

!ok

#-------------------------------------------------------------------------
# TESTCASE: test_subquery_with_where TEST_ID: A1_B48_C3
#-------------------------------------------------------------------------
SELECT c
FROM
  (SELECT *
   FROM test_unnest,
        unnest(a_bool) AS u(c)
   WHERE s_int IN
       (SELECT col
        FROM (
              VALUES(1),(996)) AS t(col))
     AND s_int NOT IN
       (SELECT col
        FROM (
              VALUES(0),(997)) AS t(col)));
+---+
| c |
+---+
| 0 |
| 1 |
|   |
+---+
(3 rows)

!ok

#-------------------------------------------------------------------------
# TESTCASE: test_subquery_with_where TEST_ID: A1_B48_C5
#-------------------------------------------------------------------------
SELECT c
FROM
  (SELECT *
   FROM test_unnest
   WHERE s_int IN
       (SELECT col
        FROM (
              VALUES(1),(996)) AS t(col))
     AND s_int NOT IN
       (SELECT col
        FROM (
              VALUES(0),(997)) AS t(col))), unnest(a_bool) AS u(c);
+---+
| c |
+---+
| 0 |
| 1 |
|   |
+---+
(3 rows)

!ok

#-------------------------------------------------------------------------
# TESTCASE: test_subquery_with_where TEST_ID: A1_B48_C7
#-------------------------------------------------------------------------
SELECT c
FROM
  (SELECT *
   FROM test_unnest,
        unnest(a_bool) AS u(c))
WHERE s_int IN
    (SELECT col
     FROM (
           VALUES(1),(996)) AS t(col))
  AND s_int NOT IN
    (SELECT col
     FROM (
           VALUES(0),(997)) AS t(col));
+---+
| c |
+---+
| 0 |
| 1 |
|   |
+---+
(3 rows)

!ok

#-------------------------------------------------------------------------
# TESTCASE: test_subquery_with_where TEST_ID: A1_B48_C9
#-------------------------------------------------------------------------
SELECT c
FROM
  (SELECT *
   FROM test_unnest), unnest(a_bool) AS u(c)
WHERE s_int IN
    (SELECT col
     FROM (
           VALUES(1),(996)) AS t(col))
  AND s_int NOT IN
    (SELECT col
     FROM (
           VALUES(0),(997)) AS t(col));
+---+
| c |
+---+
| 0 |
| 1 |
|   |
+---+
(3 rows)

!ok

#-------------------------------------------------------------------------
# TESTCASE: test_subquery_with_where TEST_ID: A2_B1_C1
#-------------------------------------------------------------------------
SELECT c
FROM test_unnest,
     unnest(a_int) AS u(c)
WHERE c=2;
+---+
| c |
+---+
| 2 |
| 2 |
| 2 |
+---+
(3 rows)

!ok

#-------------------------------------------------------------------------
# TESTCASE: test_subquery_with_where TEST_ID: A2_B1_C3
#-------------------------------------------------------------------------
SELECT c
FROM
  (SELECT *
   FROM test_unnest,
        unnest(a_int) AS u(c)
   WHERE c=2);
+---+
| c |
+---+
| 2 |
| 2 |
| 2 |
+---+
(3 rows)

!ok

#-------------------------------------------------------------------------
# TESTCASE: test_subquery_with_where TEST_ID: A2_B1_C5
#-------------------------------------------------------------------------
SELECT c
FROM
  (SELECT *
   FROM test_unnest
   WHERE c=2), unnest(a_int) AS u(c);
QueryInterruptedException
!error

#-------------------------------------------------------------------------
# TESTCASE: test_subquery_with_where TEST_ID: A2_B1_C7
#-------------------------------------------------------------------------
SELECT c
FROM
  (SELECT *
   FROM test_unnest,
        unnest(a_int) AS u(c))
WHERE c=2;
+---+
| c |
+---+
| 2 |
| 2 |
| 2 |
+---+
(3 rows)

!ok

#-------------------------------------------------------------------------
# TESTCASE: test_subquery_with_where TEST_ID: A2_B1_C9
#-------------------------------------------------------------------------
SELECT c
FROM
  (SELECT *
   FROM test_unnest), unnest(a_int) AS u(c)
WHERE c=2;
+---+
| c |
+---+
| 2 |
| 2 |
| 2 |
+---+
(3 rows)

!ok

#-------------------------------------------------------------------------
# TESTCASE: test_subquery_with_where TEST_ID: A2_B2_C1
#-------------------------------------------------------------------------
SELECT c
FROM test_unnest,
     unnest(a_int) AS u(c)
WHERE c<>2;
+---+
| c |
+---+
| 1 |
| 1 |
| 1 |
+---+
(3 rows)

!ok

#-------------------------------------------------------------------------
# TESTCASE: test_subquery_with_where TEST_ID: A2_B2_C3
#-------------------------------------------------------------------------
SELECT c
FROM
  (SELECT *
   FROM test_unnest,
        unnest(a_int) AS u(c)
   WHERE c<>2);
+---+
| c |
+---+
| 1 |
| 1 |
| 1 |
+---+
(3 rows)

!ok

#-------------------------------------------------------------------------
# TESTCASE: test_subquery_with_where TEST_ID: A2_B2_C5
#-------------------------------------------------------------------------
SELECT c
FROM
  (SELECT *
   FROM test_unnest
   WHERE c<>2), unnest(a_int) AS u(c);
QueryInterruptedException
!error

#-------------------------------------------------------------------------
# TESTCASE: test_subquery_with_where TEST_ID: A2_B2_C7
#-------------------------------------------------------------------------
SELECT c
FROM
  (SELECT *
   FROM test_unnest,
        unnest(a_int) AS u(c))
WHERE c<>2;
+---+
| c |
+---+
| 1 |
| 1 |
| 1 |
+---+
(3 rows)

!ok

