!set sqlJoinAlgorithm sortMerge
!set useApproximateCountDistinct false
!use druidtest://?componentSupplier=DartComponentSupplier&datasets=sql/src/test/quidem/qatests/qaUnnest/mv
!set outputformat mysql
#-------------------------------------------------------------------------
# TESTCASE: test_join TEST_ID: A2_B19
#-------------------------------------------------------------------------
SELECT t1.c_str,
       t1.c_long,
       c
FROM test_unnest t1,
     unnest(mv_to_array(c_mv_num_with_null_and_empty_val)) AS u(c)
JOIN test_unnest,
     unnest(mv_to_array(c_mv_num_with_null_and_empty_val)) t2 AS u(c) ON t1.c=t2.c
WHERE t1.c_long IN (0,
                    1,
                    2,
                    999)
  AND t2.c_long IN (0,
                    1,
                    2,
                    999);
QueryInterruptedException
!error

#-------------------------------------------------------------------------
# TESTCASE: test_join TEST_ID: A2_B20
#-------------------------------------------------------------------------
SELECT t1.c_str,
       t1.c_long,
       t1.c
FROM
  (SELECT *
   FROM test_unnest,
        unnest(mv_to_array(c_mv_num_with_null_and_empty_val)) AS u(c)) t1
JOIN
  (SELECT *
   FROM test_unnest,
        unnest(mv_to_array(c_mv_num_with_null_and_empty_val)) AS u(c)) t2 ON t1.c_long=t2.c_long
WHERE t1.c_long IN (0,
                    1,
                    2,
                    999)
  AND t2.c_long IN (0,
                    1,
                    2,
                    999);
+-------+--------+---+
| c_str | c_long | c |
+-------+--------+---+
|       |      1 |   |
|       |      1 |   |
|       |      1 |   |
|       |      1 |   |
|       |      1 |   |
|       |      1 | 1 |
|       |      1 | 1 |
|       |      1 | 1 |
|       |      1 | 1 |
|       |      1 | 1 |
|       |      1 | 2 |
|       |      1 | 2 |
|       |      1 | 2 |
|       |      1 | 2 |
|       |      1 | 2 |
|       |      1 | 3 |
|       |      1 | 3 |
|       |      1 | 3 |
|       |      1 | 3 |
|       |      1 | 3 |
|       |      1 |   |
|       |      1 |   |
|       |      1 |   |
|       |      1 |   |
|       |      1 |   |
| str2  |      2 |   |
| str2  |      2 |   |
| str2  |      2 |   |
| str2  |      2 |   |
| str2  |      2 |   |
| str2  |      2 | 1 |
| str2  |      2 | 1 |
| str2  |      2 | 1 |
| str2  |      2 | 1 |
| str2  |      2 | 1 |
| str2  |      2 | 2 |
| str2  |      2 | 2 |
| str2  |      2 | 2 |
| str2  |      2 | 2 |
| str2  |      2 | 2 |
| str2  |      2 | 3 |
| str2  |      2 | 3 |
| str2  |      2 | 3 |
| str2  |      2 | 3 |
| str2  |      2 | 3 |
| str2  |      2 |   |
| str2  |      2 |   |
| str2  |      2 |   |
| str2  |      2 |   |
| str2  |      2 |   |
|       |      0 |   |
|       |      0 |   |
|       |      0 |   |
|       |      0 |   |
|       |      0 |   |
|       |      0 | 1 |
|       |      0 | 1 |
|       |      0 | 1 |
|       |      0 | 1 |
|       |      0 | 1 |
|       |      0 | 2 |
|       |      0 | 2 |
|       |      0 | 2 |
|       |      0 | 2 |
|       |      0 | 2 |
|       |      0 | 3 |
|       |      0 | 3 |
|       |      0 | 3 |
|       |      0 | 3 |
|       |      0 | 3 |
|       |      0 |   |
|       |      0 |   |
|       |      0 |   |
|       |      0 |   |
|       |      0 |   |
+-------+--------+---+
(75 rows)

!ok

#-------------------------------------------------------------------------
# TESTCASE: test_join TEST_ID: A2_B21
#-------------------------------------------------------------------------
SELECT t1.c_str,
       t1.c_long,
       t1.c
FROM
  (SELECT *
   FROM test_unnest,
        unnest(mv_to_array(c_mv_num_with_null_and_empty_val)) AS u(c)) t1
JOIN
  (SELECT *
   FROM test_unnest,
        unnest(mv_to_array(c_mv_num_with_null_and_empty_val)) AS u(c)) t2 ON t1.c=cast(t2.c_long AS char)
WHERE t1.c_long IN (0,
                    1,
                    2,
                    999)
  AND t2.c_long IN (0,
                    1,
                    2,
                    999);
+-------+--------+---+
| c_str | c_long | c |
+-------+--------+---+
|       |      1 | 1 |
|       |      1 | 1 |
|       |      1 | 1 |
|       |      1 | 1 |
|       |      1 | 1 |
|       |      1 | 2 |
|       |      1 | 2 |
|       |      1 | 2 |
|       |      1 | 2 |
|       |      1 | 2 |
| str2  |      2 | 1 |
| str2  |      2 | 1 |
| str2  |      2 | 1 |
| str2  |      2 | 1 |
| str2  |      2 | 1 |
| str2  |      2 | 2 |
| str2  |      2 | 2 |
| str2  |      2 | 2 |
| str2  |      2 | 2 |
| str2  |      2 | 2 |
|       |      0 | 1 |
|       |      0 | 1 |
|       |      0 | 1 |
|       |      0 | 1 |
|       |      0 | 1 |
|       |      0 | 2 |
|       |      0 | 2 |
|       |      0 | 2 |
|       |      0 | 2 |
|       |      0 | 2 |
+-------+--------+---+
(30 rows)

!ok

#-------------------------------------------------------------------------
# TESTCASE: test_join TEST_ID: A2_B22
#-------------------------------------------------------------------------
SELECT t1.c_str,
       t1.c_long,
       t1.c
FROM
  (SELECT *
   FROM test_unnest,
        unnest(mv_to_array(c_mv_num_with_null_and_empty_val)) AS u(c)) t1
JOIN
  (SELECT *
   FROM test_unnest,
        unnest(mv_to_array(c_mv_num_with_null_and_empty_val)) AS u(c)) t2 ON t1.c_long=t2.c
WHERE t1.c_long IN (0,
                    1,
                    2,
                    999)
  AND t2.c_long IN (0,
                    1,
                    2,
                    999);
+-------+--------+---+
| c_str | c_long | c |
+-------+--------+---+
|       |      1 |   |
|       |      1 |   |
|       |      1 |   |
|       |      1 | 1 |
|       |      1 | 1 |
|       |      1 | 1 |
|       |      1 | 2 |
|       |      1 | 2 |
|       |      1 | 2 |
|       |      1 | 3 |
|       |      1 | 3 |
|       |      1 | 3 |
|       |      1 |   |
|       |      1 |   |
|       |      1 |   |
| str2  |      2 |   |
| str2  |      2 |   |
| str2  |      2 |   |
| str2  |      2 | 1 |
| str2  |      2 | 1 |
| str2  |      2 | 1 |
| str2  |      2 | 2 |
| str2  |      2 | 2 |
| str2  |      2 | 2 |
| str2  |      2 | 3 |
| str2  |      2 | 3 |
| str2  |      2 | 3 |
| str2  |      2 |   |
| str2  |      2 |   |
| str2  |      2 |   |
+-------+--------+---+
(30 rows)

!ok

#-------------------------------------------------------------------------
# TESTCASE: test_join TEST_ID: A2_B23
#-------------------------------------------------------------------------
SELECT t1.c_str,
       t1.c_long,
       t1.c
FROM
  (SELECT *
   FROM test_unnest,
        unnest(mv_to_array(c_mv_num_with_null_and_empty_val)) AS u(c)) t1
JOIN
  (SELECT *
   FROM test_unnest,
        unnest(mv_to_array(c_mv_num_with_null_and_empty_val)) AS u(c)) t2 ON t1.c=t2.c
WHERE t1.c_long IN (0,
                    1,
                    2,
                    999)
  AND t2.c_long IN (0,
                    1,
                    2,
                    999);
+-------+--------+---+
| c_str | c_long | c |
+-------+--------+---+
|       |      1 |   |
|       |      1 |   |
|       |      1 |   |
|       |      1 | 1 |
|       |      1 | 1 |
|       |      1 | 1 |
|       |      1 | 2 |
|       |      1 | 2 |
|       |      1 | 2 |
|       |      1 | 3 |
|       |      1 | 3 |
|       |      1 | 3 |
| str2  |      2 |   |
| str2  |      2 |   |
| str2  |      2 |   |
| str2  |      2 | 1 |
| str2  |      2 | 1 |
| str2  |      2 | 1 |
| str2  |      2 | 2 |
| str2  |      2 | 2 |
| str2  |      2 | 2 |
| str2  |      2 | 3 |
| str2  |      2 | 3 |
| str2  |      2 | 3 |
|       |      0 |   |
|       |      0 |   |
|       |      0 |   |
|       |      0 | 1 |
|       |      0 | 1 |
|       |      0 | 1 |
|       |      0 | 2 |
|       |      0 | 2 |
|       |      0 | 2 |
|       |      0 | 3 |
|       |      0 | 3 |
|       |      0 | 3 |
+-------+--------+---+
(36 rows)

!ok

#-------------------------------------------------------------------------
# TESTCASE: test_join TEST_ID: A2_B24
#-------------------------------------------------------------------------
WITH t1 AS
  (SELECT *
   FROM test_unnest,
        unnest(mv_to_array(c_mv_num_with_null_and_empty_val)) AS u(c))
SELECT t1.c_str,
       t1.c_long,
       t1.c
FROM t1
JOIN
  (SELECT *
   FROM test_unnest,
        unnest(mv_to_array(c_mv_num_with_null_and_empty_val)) AS u(c)) t2 ON t1.c_long=t2.c_long
WHERE t1.c_long IN (0,
                    1,
                    2,
                    999)
  AND t2.c_long IN (0,
                    1,
                    2,
                    999);
+-------+--------+---+
| c_str | c_long | c |
+-------+--------+---+
|       |      1 |   |
|       |      1 |   |
|       |      1 |   |
|       |      1 |   |
|       |      1 |   |
|       |      1 | 1 |
|       |      1 | 1 |
|       |      1 | 1 |
|       |      1 | 1 |
|       |      1 | 1 |
|       |      1 | 2 |
|       |      1 | 2 |
|       |      1 | 2 |
|       |      1 | 2 |
|       |      1 | 2 |
|       |      1 | 3 |
|       |      1 | 3 |
|       |      1 | 3 |
|       |      1 | 3 |
|       |      1 | 3 |
|       |      1 |   |
|       |      1 |   |
|       |      1 |   |
|       |      1 |   |
|       |      1 |   |
| str2  |      2 |   |
| str2  |      2 |   |
| str2  |      2 |   |
| str2  |      2 |   |
| str2  |      2 |   |
| str2  |      2 | 1 |
| str2  |      2 | 1 |
| str2  |      2 | 1 |
| str2  |      2 | 1 |
| str2  |      2 | 1 |
| str2  |      2 | 2 |
| str2  |      2 | 2 |
| str2  |      2 | 2 |
| str2  |      2 | 2 |
| str2  |      2 | 2 |
| str2  |      2 | 3 |
| str2  |      2 | 3 |
| str2  |      2 | 3 |
| str2  |      2 | 3 |
| str2  |      2 | 3 |
| str2  |      2 |   |
| str2  |      2 |   |
| str2  |      2 |   |
| str2  |      2 |   |
| str2  |      2 |   |
|       |      0 |   |
|       |      0 |   |
|       |      0 |   |
|       |      0 |   |
|       |      0 |   |
|       |      0 | 1 |
|       |      0 | 1 |
|       |      0 | 1 |
|       |      0 | 1 |
|       |      0 | 1 |
|       |      0 | 2 |
|       |      0 | 2 |
|       |      0 | 2 |
|       |      0 | 2 |
|       |      0 | 2 |
|       |      0 | 3 |
|       |      0 | 3 |
|       |      0 | 3 |
|       |      0 | 3 |
|       |      0 | 3 |
|       |      0 |   |
|       |      0 |   |
|       |      0 |   |
|       |      0 |   |
|       |      0 |   |
+-------+--------+---+
(75 rows)

!ok

#-------------------------------------------------------------------------
# TESTCASE: test_join TEST_ID: A2_B25
#-------------------------------------------------------------------------
WITH t1 AS
  (SELECT *
   FROM test_unnest,
        unnest(mv_to_array(c_mv_num_with_null_and_empty_val)) AS u(c))
SELECT t1.c_str,
       t1.c_long,
       t1.c
FROM t1
JOIN
  (SELECT *
   FROM test_unnest,
        unnest(mv_to_array(c_mv_num_with_null_and_empty_val)) AS u(c)) t2 ON t1.c=cast(t2.c_long AS char)
WHERE t1.c_long IN (0,
                    1,
                    2,
                    999)
  AND t2.c_long IN (0,
                    1,
                    2,
                    999);
+-------+--------+---+
| c_str | c_long | c |
+-------+--------+---+
|       |      1 | 1 |
|       |      1 | 1 |
|       |      1 | 1 |
|       |      1 | 1 |
|       |      1 | 1 |
|       |      1 | 2 |
|       |      1 | 2 |
|       |      1 | 2 |
|       |      1 | 2 |
|       |      1 | 2 |
| str2  |      2 | 1 |
| str2  |      2 | 1 |
| str2  |      2 | 1 |
| str2  |      2 | 1 |
| str2  |      2 | 1 |
| str2  |      2 | 2 |
| str2  |      2 | 2 |
| str2  |      2 | 2 |
| str2  |      2 | 2 |
| str2  |      2 | 2 |
|       |      0 | 1 |
|       |      0 | 1 |
|       |      0 | 1 |
|       |      0 | 1 |
|       |      0 | 1 |
|       |      0 | 2 |
|       |      0 | 2 |
|       |      0 | 2 |
|       |      0 | 2 |
|       |      0 | 2 |
+-------+--------+---+
(30 rows)

!ok

#-------------------------------------------------------------------------
# TESTCASE: test_join TEST_ID: A2_B26
#-------------------------------------------------------------------------
WITH t1 AS
  (SELECT *
   FROM test_unnest,
        unnest(mv_to_array(c_mv_num_with_null_and_empty_val)) AS u(c))
SELECT t1.c_str,
       t1.c_long,
       t1.c
FROM t1
JOIN
  (SELECT *
   FROM test_unnest,
        unnest(mv_to_array(c_mv_num_with_null_and_empty_val)) AS u(c)) t2 ON t1.c_long=t2.c
WHERE t1.c_long IN (0,
                    1,
                    2,
                    999)
  AND t2.c_long IN (0,
                    1,
                    2,
                    999);
+-------+--------+---+
| c_str | c_long | c |
+-------+--------+---+
|       |      1 |   |
|       |      1 |   |
|       |      1 |   |
|       |      1 | 1 |
|       |      1 | 1 |
|       |      1 | 1 |
|       |      1 | 2 |
|       |      1 | 2 |
|       |      1 | 2 |
|       |      1 | 3 |
|       |      1 | 3 |
|       |      1 | 3 |
|       |      1 |   |
|       |      1 |   |
|       |      1 |   |
| str2  |      2 |   |
| str2  |      2 |   |
| str2  |      2 |   |
| str2  |      2 | 1 |
| str2  |      2 | 1 |
| str2  |      2 | 1 |
| str2  |      2 | 2 |
| str2  |      2 | 2 |
| str2  |      2 | 2 |
| str2  |      2 | 3 |
| str2  |      2 | 3 |
| str2  |      2 | 3 |
| str2  |      2 |   |
| str2  |      2 |   |
| str2  |      2 |   |
+-------+--------+---+
(30 rows)

!ok

#-------------------------------------------------------------------------
# TESTCASE: test_join TEST_ID: A2_B27
#-------------------------------------------------------------------------
WITH t1 AS
  (SELECT *
   FROM test_unnest,
        unnest(mv_to_array(c_mv_num_with_null_and_empty_val)) AS u(c))
SELECT t1.c_str,
       t1.c_long,
       t1.c
FROM t1
JOIN
  (SELECT *
   FROM test_unnest,
        unnest(mv_to_array(c_mv_num_with_null_and_empty_val)) AS u(c)) t2 ON t1.c=t2.c
WHERE t1.c_long IN (0,
                    1,
                    2,
                    999)
  AND t2.c_long IN (0,
                    1,
                    2,
                    999);
+-------+--------+---+
| c_str | c_long | c |
+-------+--------+---+
|       |      1 |   |
|       |      1 |   |
|       |      1 |   |
|       |      1 | 1 |
|       |      1 | 1 |
|       |      1 | 1 |
|       |      1 | 2 |
|       |      1 | 2 |
|       |      1 | 2 |
|       |      1 | 3 |
|       |      1 | 3 |
|       |      1 | 3 |
| str2  |      2 |   |
| str2  |      2 |   |
| str2  |      2 |   |
| str2  |      2 | 1 |
| str2  |      2 | 1 |
| str2  |      2 | 1 |
| str2  |      2 | 2 |
| str2  |      2 | 2 |
| str2  |      2 | 2 |
| str2  |      2 | 3 |
| str2  |      2 | 3 |
| str2  |      2 | 3 |
|       |      0 |   |
|       |      0 |   |
|       |      0 |   |
|       |      0 | 1 |
|       |      0 | 1 |
|       |      0 | 1 |
|       |      0 | 2 |
|       |      0 | 2 |
|       |      0 | 2 |
|       |      0 | 3 |
|       |      0 | 3 |
|       |      0 | 3 |
+-------+--------+---+
(36 rows)

!ok

#-------------------------------------------------------------------------
# TESTCASE: test_join TEST_ID: A2_B28
#-------------------------------------------------------------------------
WITH t1 AS
  (SELECT *
   FROM test_unnest,
        unnest(mv_to_array(c_mv_num_with_null_and_empty_val)) AS u(c))
SELECT t1.c_str,
       t1.c_long,
       t1.c
FROM t1
JOIN t1 t2 ON t1.c_long=t2.c_long
WHERE t1.c_long IN (0,
                    1,
                    2,
                    999)
  AND t2.c_long IN (0,
                    1,
                    2,
                    999);
+-------+--------+---+
| c_str | c_long | c |
+-------+--------+---+
|       |      1 |   |
|       |      1 |   |
|       |      1 |   |
|       |      1 |   |
|       |      1 |   |
|       |      1 | 1 |
|       |      1 | 1 |
|       |      1 | 1 |
|       |      1 | 1 |
|       |      1 | 1 |
|       |      1 | 2 |
|       |      1 | 2 |
|       |      1 | 2 |
|       |      1 | 2 |
|       |      1 | 2 |
|       |      1 | 3 |
|       |      1 | 3 |
|       |      1 | 3 |
|       |      1 | 3 |
|       |      1 | 3 |
|       |      1 |   |
|       |      1 |   |
|       |      1 |   |
|       |      1 |   |
|       |      1 |   |
| str2  |      2 |   |
| str2  |      2 |   |
| str2  |      2 |   |
| str2  |      2 |   |
| str2  |      2 |   |
| str2  |      2 | 1 |
| str2  |      2 | 1 |
| str2  |      2 | 1 |
| str2  |      2 | 1 |
| str2  |      2 | 1 |
| str2  |      2 | 2 |
| str2  |      2 | 2 |
| str2  |      2 | 2 |
| str2  |      2 | 2 |
| str2  |      2 | 2 |
| str2  |      2 | 3 |
| str2  |      2 | 3 |
| str2  |      2 | 3 |
| str2  |      2 | 3 |
| str2  |      2 | 3 |
| str2  |      2 |   |
| str2  |      2 |   |
| str2  |      2 |   |
| str2  |      2 |   |
| str2  |      2 |   |
|       |      0 |   |
|       |      0 |   |
|       |      0 |   |
|       |      0 |   |
|       |      0 |   |
|       |      0 | 1 |
|       |      0 | 1 |
|       |      0 | 1 |
|       |      0 | 1 |
|       |      0 | 1 |
|       |      0 | 2 |
|       |      0 | 2 |
|       |      0 | 2 |
|       |      0 | 2 |
|       |      0 | 2 |
|       |      0 | 3 |
|       |      0 | 3 |
|       |      0 | 3 |
|       |      0 | 3 |
|       |      0 | 3 |
|       |      0 |   |
|       |      0 |   |
|       |      0 |   |
|       |      0 |   |
|       |      0 |   |
+-------+--------+---+
(75 rows)

!ok

#-------------------------------------------------------------------------
# TESTCASE: test_join TEST_ID: A2_B29
#-------------------------------------------------------------------------
WITH t1 AS
  (SELECT *
   FROM test_unnest,
        unnest(mv_to_array(c_mv_num_with_null_and_empty_val)) AS u(c))
SELECT t1.c_str,
       t1.c_long,
       t1.c
FROM t1
JOIN t1 t2 ON t1.c=cast(t2.c_long AS char)
WHERE t1.c_long IN (0,
                    1,
                    2,
                    999)
  AND t2.c_long IN (0,
                    1,
                    2,
                    999);
+-------+--------+---+
| c_str | c_long | c |
+-------+--------+---+
|       |      1 | 1 |
|       |      1 | 1 |
|       |      1 | 1 |
|       |      1 | 1 |
|       |      1 | 1 |
|       |      1 | 2 |
|       |      1 | 2 |
|       |      1 | 2 |
|       |      1 | 2 |
|       |      1 | 2 |
| str2  |      2 | 1 |
| str2  |      2 | 1 |
| str2  |      2 | 1 |
| str2  |      2 | 1 |
| str2  |      2 | 1 |
| str2  |      2 | 2 |
| str2  |      2 | 2 |
| str2  |      2 | 2 |
| str2  |      2 | 2 |
| str2  |      2 | 2 |
|       |      0 | 1 |
|       |      0 | 1 |
|       |      0 | 1 |
|       |      0 | 1 |
|       |      0 | 1 |
|       |      0 | 2 |
|       |      0 | 2 |
|       |      0 | 2 |
|       |      0 | 2 |
|       |      0 | 2 |
+-------+--------+---+
(30 rows)

!ok

#-------------------------------------------------------------------------
# TESTCASE: test_join TEST_ID: A2_B30
#-------------------------------------------------------------------------
WITH t1 AS
  (SELECT *
   FROM test_unnest,
        unnest(mv_to_array(c_mv_num_with_null_and_empty_val)) AS u(c))
SELECT t1.c_str,
       t1.c_long,
       t1.c
FROM t1
JOIN t1 t2 ON t1.c_long=t2.c
WHERE t1.c_long IN (0,
                    1,
                    2,
                    999)
  AND t2.c_long IN (0,
                    1,
                    2,
                    999);
+-------+--------+---+
| c_str | c_long | c |
+-------+--------+---+
|       |      1 |   |
|       |      1 |   |
|       |      1 |   |
|       |      1 | 1 |
|       |      1 | 1 |
|       |      1 | 1 |
|       |      1 | 2 |
|       |      1 | 2 |
|       |      1 | 2 |
|       |      1 | 3 |
|       |      1 | 3 |
|       |      1 | 3 |
|       |      1 |   |
|       |      1 |   |
|       |      1 |   |
| str2  |      2 |   |
| str2  |      2 |   |
| str2  |      2 |   |
| str2  |      2 | 1 |
| str2  |      2 | 1 |
| str2  |      2 | 1 |
| str2  |      2 | 2 |
| str2  |      2 | 2 |
| str2  |      2 | 2 |
| str2  |      2 | 3 |
| str2  |      2 | 3 |
| str2  |      2 | 3 |
| str2  |      2 |   |
| str2  |      2 |   |
| str2  |      2 |   |
+-------+--------+---+
(30 rows)

!ok

#-------------------------------------------------------------------------
# TESTCASE: test_join TEST_ID: A2_B31
#-------------------------------------------------------------------------
WITH t1 AS
  (SELECT *
   FROM test_unnest,
        unnest(mv_to_array(c_mv_num_with_null_and_empty_val)) AS u(c))
SELECT t1.c_str,
       t1.c_long,
       t1.c
FROM t1
JOIN t1 t2 ON t1.c=t2.c
WHERE t1.c_long IN (0,
                    1,
                    2,
                    999)
  AND t2.c_long IN (0,
                    1,
                    2,
                    999);
+-------+--------+---+
| c_str | c_long | c |
+-------+--------+---+
|       |      1 |   |
|       |      1 |   |
|       |      1 |   |
|       |      1 | 1 |
|       |      1 | 1 |
|       |      1 | 1 |
|       |      1 | 2 |
|       |      1 | 2 |
|       |      1 | 2 |
|       |      1 | 3 |
|       |      1 | 3 |
|       |      1 | 3 |
| str2  |      2 |   |
| str2  |      2 |   |
| str2  |      2 |   |
| str2  |      2 | 1 |
| str2  |      2 | 1 |
| str2  |      2 | 1 |
| str2  |      2 | 2 |
| str2  |      2 | 2 |
| str2  |      2 | 2 |
| str2  |      2 | 3 |
| str2  |      2 | 3 |
| str2  |      2 | 3 |
|       |      0 |   |
|       |      0 |   |
|       |      0 |   |
|       |      0 | 1 |
|       |      0 | 1 |
|       |      0 | 1 |
|       |      0 | 2 |
|       |      0 | 2 |
|       |      0 | 2 |
|       |      0 | 3 |
|       |      0 | 3 |
|       |      0 | 3 |
+-------+--------+---+
(36 rows)

!ok

#-------------------------------------------------------------------------
# TESTCASE: test_join TEST_ID: A3_B1
#-------------------------------------------------------------------------
SELECT t1.c_str,
       t1.c_long,
       c
FROM test_unnest t1
CROSS JOIN unnest(mv_to_array(c_mv_num_with_null_and_empty_val)) AS u(c)
LEFT JOIN test_unnest t2 ON t1.c_long=t2.c_long
WHERE t1.c_long IN (0,
                    1,
                    2,
                    999)
  AND t2.c_long IN (0,
                    1,
                    2,
                    999);
+-------+--------+---+
| c_str | c_long | c |
+-------+--------+---+
|       |      1 |   |
|       |      1 | 1 |
|       |      1 | 2 |
|       |      1 | 3 |
|       |      1 |   |
| str2  |      2 |   |
| str2  |      2 | 1 |
| str2  |      2 | 2 |
| str2  |      2 | 3 |
| str2  |      2 |   |
|       |      0 |   |
|       |      0 | 1 |
|       |      0 | 2 |
|       |      0 | 3 |
|       |      0 |   |
+-------+--------+---+
(15 rows)

!ok

#-------------------------------------------------------------------------
# TESTCASE: test_join TEST_ID: A3_B2
#-------------------------------------------------------------------------
SELECT t1.c_str,
       t1.c_long,
       c
FROM test_unnest t1
CROSS JOIN unnest(mv_to_array(c_mv_num_with_null_and_empty_val)) AS u(c)
LEFT JOIN test_unnest t2 ON u.c=cast(t2.c_long AS char)
WHERE t1.c_long IN (0,
                    1,
                    2,
                    999)
  AND t2.c_long IN (0,
                    1,
                    2,
                    999);
+-------+--------+---+
| c_str | c_long | c |
+-------+--------+---+
|       |      1 | 1 |
|       |      1 | 2 |
| str2  |      2 | 1 |
| str2  |      2 | 2 |
|       |      0 | 1 |
|       |      0 | 2 |
+-------+--------+---+
(6 rows)

!ok

#-------------------------------------------------------------------------
# TESTCASE: test_join TEST_ID: A3_B3
#-------------------------------------------------------------------------
SELECT t1.c_str,
       t1.c_long,
       c
FROM test_unnest t1
LEFT JOIN test_unnest t2,
          unnest(mv_to_array(t2.c_mv_num_with_null_and_empty_val)) AS u(c) ON cast(t2.c_long AS char)=u.c
WHERE t1.c_long IN (0,
                    1,
                    2,
                    999)
  AND t2.c_long IN (0,
                    1,
                    2,
                    999);
QueryInterruptedException
!error

#-------------------------------------------------------------------------
# TESTCASE: test_join TEST_ID: A3_B4
#-------------------------------------------------------------------------
SELECT t1.c_str,
       t1.c_long,
       c
FROM
  (SELECT *
   FROM test_unnest,
        unnest(mv_to_array(c_mv_num_with_null_and_empty_val)) AS u(c)) t1
LEFT JOIN test_unnest t2 ON t1.c_long=t2.c_long
WHERE t1.c_long IN (0,
                    1,
                    2,
                    999)
  AND t2.c_long IN (0,
                    1,
                    2,
                    999);
+-------+--------+---+
| c_str | c_long | c |
+-------+--------+---+
|       |      1 |   |
|       |      1 | 1 |
|       |      1 | 2 |
|       |      1 | 3 |
|       |      1 |   |
| str2  |      2 |   |
| str2  |      2 | 1 |
| str2  |      2 | 2 |
| str2  |      2 | 3 |
| str2  |      2 |   |
|       |      0 |   |
|       |      0 | 1 |
|       |      0 | 2 |
|       |      0 | 3 |
|       |      0 |   |
+-------+--------+---+
(15 rows)

!ok

#-------------------------------------------------------------------------
# TESTCASE: test_join TEST_ID: A3_B5
#-------------------------------------------------------------------------
SELECT t1.c_str,
       t1.c_long,
       c
FROM
  (SELECT *
   FROM test_unnest,
        unnest(mv_to_array(c_mv_num_with_null_and_empty_val)) AS u(c)) t1
LEFT JOIN test_unnest t2 ON t1.c=cast(t2.c_long AS char)
WHERE t1.c_long IN (0,
                    1,
                    2,
                    999)
  AND t2.c_long IN (0,
                    1,
                    2,
                    999);
+-------+--------+---+
| c_str | c_long | c |
+-------+--------+---+
|       |      1 | 1 |
|       |      1 | 2 |
| str2  |      2 | 1 |
| str2  |      2 | 2 |
|       |      0 | 1 |
|       |      0 | 2 |
+-------+--------+---+
(6 rows)

!ok

#-------------------------------------------------------------------------
# TESTCASE: test_join TEST_ID: A3_B6
#-------------------------------------------------------------------------
SELECT t1.c_str,
       t1.c_long,
       c
FROM test_unnest t1
LEFT JOIN
  (SELECT *
   FROM test_unnest,
        unnest(mv_to_array(c_mv_num_with_null_and_empty_val)) AS u(c)) t2 ON t2.c_long=t1.c_long
WHERE t1.c_long IN (0,
                    1,
                    2,
                    999)
  AND t2.c_long IN (0,
                    1,
                    2,
                    999);
+-------+--------+---+
| c_str | c_long | c |
+-------+--------+---+
|       |      1 |   |
|       |      1 | 1 |
|       |      1 | 2 |
|       |      1 | 3 |
|       |      1 |   |
| str2  |      2 |   |
| str2  |      2 | 1 |
| str2  |      2 | 2 |
| str2  |      2 | 3 |
| str2  |      2 |   |
|       |      0 |   |
|       |      0 | 1 |
|       |      0 | 2 |
|       |      0 | 3 |
|       |      0 |   |
+-------+--------+---+
(15 rows)

!ok

#-------------------------------------------------------------------------
# TESTCASE: test_join TEST_ID: A3_B7
#-------------------------------------------------------------------------
SELECT t1.c_str,
       t1.c_long,
       c
FROM test_unnest t1
LEFT JOIN
  (SELECT *
   FROM test_unnest,
        unnest(mv_to_array(c_mv_num_with_null_and_empty_val)) AS u(c)) t2 ON t2.c=cast(t1.c_long AS char)
WHERE t1.c_long IN (0,
                    1,
                    2,
                    999)
  AND t2.c_long IN (0,
                    1,
                    2,
                    999);
+-------+--------+---+
| c_str | c_long | c |
+-------+--------+---+
|       |      1 | 1 |
|       |      1 | 1 |
|       |      1 | 1 |
| str2  |      2 | 2 |
| str2  |      2 | 2 |
| str2  |      2 | 2 |
+-------+--------+---+
(6 rows)

!ok

#-------------------------------------------------------------------------
# TESTCASE: test_join TEST_ID: A3_B8
#-------------------------------------------------------------------------
WITH t1 AS
  (SELECT *
   FROM test_unnest,
        unnest(mv_to_array(c_mv_num_with_null_and_empty_val)) AS u(c))
SELECT t1.c_str,
       t1.c_long,
       c
FROM t1
LEFT JOIN test_unnest t2 ON t1.c_long=t2.c_long
WHERE t1.c_long IN (0,
                    1,
                    2,
                    999)
  AND t2.c_long IN (0,
                    1,
                    2,
                    999);
+-------+--------+---+
| c_str | c_long | c |
+-------+--------+---+
|       |      1 |   |
|       |      1 | 1 |
|       |      1 | 2 |
|       |      1 | 3 |
|       |      1 |   |
| str2  |      2 |   |
| str2  |      2 | 1 |
| str2  |      2 | 2 |
| str2  |      2 | 3 |
| str2  |      2 |   |
|       |      0 |   |
|       |      0 | 1 |
|       |      0 | 2 |
|       |      0 | 3 |
|       |      0 |   |
+-------+--------+---+
(15 rows)

!ok

#-------------------------------------------------------------------------
# TESTCASE: test_join TEST_ID: A3_B9
#-------------------------------------------------------------------------
WITH t1 AS
  (SELECT *
   FROM test_unnest,
        unnest(mv_to_array(c_mv_num_with_null_and_empty_val)) AS u(c))
SELECT t1.c_str,
       t1.c_long,
       c
FROM t1
LEFT JOIN test_unnest t2 ON t1.c=cast(t2.c_long AS char)
WHERE t1.c_long IN (0,
                    1,
                    2,
                    999)
  AND t2.c_long IN (0,
                    1,
                    2,
                    999);
+-------+--------+---+
| c_str | c_long | c |
+-------+--------+---+
|       |      1 | 1 |
|       |      1 | 2 |
| str2  |      2 | 1 |
| str2  |      2 | 2 |
|       |      0 | 1 |
|       |      0 | 2 |
+-------+--------+---+
(6 rows)

!ok

#-------------------------------------------------------------------------
# TESTCASE: test_join TEST_ID: A3_B10
#-------------------------------------------------------------------------
WITH t2 AS
  (SELECT *
   FROM test_unnest,
        unnest(mv_to_array(c_mv_num_with_null_and_empty_val)) AS u(c))
SELECT t1.c_str,
       t1.c_long,
       c
FROM test_unnest t1
LEFT JOIN t2 ON t2.c_long=t1.c_long
WHERE t1.c_long IN (0,
                    1,
                    2,
                    999)
  AND t2.c_long IN (0,
                    1,
                    2,
                    999);
+-------+--------+---+
| c_str | c_long | c |
+-------+--------+---+
|       |      1 |   |
|       |      1 | 1 |
|       |      1 | 2 |
|       |      1 | 3 |
|       |      1 |   |
| str2  |      2 |   |
| str2  |      2 | 1 |
| str2  |      2 | 2 |
| str2  |      2 | 3 |
| str2  |      2 |   |
|       |      0 |   |
|       |      0 | 1 |
|       |      0 | 2 |
|       |      0 | 3 |
|       |      0 |   |
+-------+--------+---+
(15 rows)

!ok

#-------------------------------------------------------------------------
# TESTCASE: test_join TEST_ID: A3_B11
#-------------------------------------------------------------------------
WITH t2 AS
  (SELECT *
   FROM test_unnest,
        unnest(mv_to_array(c_mv_num_with_null_and_empty_val)) AS u(c))
SELECT t1.c_str,
       t1.c_long,
       c
FROM test_unnest t1
LEFT JOIN t2 ON t2.c=cast(t1.c_long AS char)
WHERE t1.c_long IN (0,
                    1,
                    2,
                    999)
  AND t2.c_long IN (0,
                    1,
                    2,
                    999);
+-------+--------+---+
| c_str | c_long | c |
+-------+--------+---+
|       |      1 | 1 |
|       |      1 | 1 |
|       |      1 | 1 |
| str2  |      2 | 2 |
| str2  |      2 | 2 |
| str2  |      2 | 2 |
+-------+--------+---+
(6 rows)

!ok

#-------------------------------------------------------------------------
# TESTCASE: test_join TEST_ID: A3_B12
#-------------------------------------------------------------------------
SELECT t1.c_str,
       t1.c_long,
       c
FROM test_unnest t1,
     unnest(mv_to_array(c_mv_num_with_null_and_empty_val)) AS u(c)
LEFT JOIN test_unnest t2,
          unnest(mv_to_array(c_mv_num_with_null_and_empty_val)) AS u(c) ON t1.c_long=t2.c_long
WHERE t1.c_long IN (0,
                    1,
                    2,
                    999)
  AND t2.c_long IN (0,
                    1,
                    2,
                    999);
QueryInterruptedException
!error

#-------------------------------------------------------------------------
# TESTCASE: test_join TEST_ID: A3_B13
#-------------------------------------------------------------------------
SELECT t1.c_str,
       t1.c_long,
       c
FROM test_unnest t1,
     unnest(mv_to_array(c_mv_num_with_null_and_empty_val)) AS u(c)
LEFT JOIN test_unnest t2,
          unnest(mv_to_array(c_mv_num_with_null_and_empty_val)) AS u(c) ON t1.c=cast(t2.c_long AS char)
WHERE t1.c_long IN (0,
                    1,
                    2,
                    999)
  AND t2.c_long IN (0,
                    1,
                    2,
                    999);
QueryInterruptedException
!error

#-------------------------------------------------------------------------
# TESTCASE: test_join TEST_ID: A3_B14
#-------------------------------------------------------------------------
SELECT t1.c_str,
       t1.c_long,
       c
FROM test_unnest t1,
     unnest(mv_to_array(c_mv_num_with_null_and_empty_val)) AS u(c)
LEFT JOIN test_unnest t2,
          unnest(mv_to_array(c_mv_num_with_null_and_empty_val)) AS u(c) ON cast(t1.c_long AS char)=t2.c
WHERE t1.c_long IN (0,
                    1,
                    2,
                    999)
  AND t2.c_long IN (0,
                    1,
                    2,
                    999);
QueryInterruptedException
!error

#-------------------------------------------------------------------------
# TESTCASE: test_join TEST_ID: A3_B15
#-------------------------------------------------------------------------
SELECT t1.c_str,
       t1.c_long,
       c
FROM test_unnest t1,
     unnest(mv_to_array(c_mv_num_with_null_and_empty_val)) AS u(c)
LEFT JOIN test_unnest t2,
          unnest(mv_to_array(c_mv_num_with_null_and_empty_val)) AS u(c) ON t1.c=t2.c
WHERE t1.c_long IN (0,
                    1,
                    2,
                    999)
  AND t2.c_long IN (0,
                    1,
                    2,
                    999);
QueryInterruptedException
!error

#-------------------------------------------------------------------------
# TESTCASE: test_join TEST_ID: A3_B16
#-------------------------------------------------------------------------
SELECT t1.c_str,
       t1.c_long,
       c
FROM test_unnest t1,
     unnest(mv_to_array(c_mv_num_with_null_and_empty_val)) AS u(c)
LEFT JOIN test_unnest,
          unnest(mv_to_array(c_mv_num_with_null_and_empty_val)) t2 AS u(c) ON t1.c_long=t2.c_long
WHERE t1.c_long IN (0,
                    1,
                    2,
                    999)
  AND t2.c_long IN (0,
                    1,
                    2,
                    999);
QueryInterruptedException
!error

#-------------------------------------------------------------------------
# TESTCASE: test_join TEST_ID: A3_B17
#-------------------------------------------------------------------------
SELECT t1.c_str,
       t1.c_long,
       c
FROM test_unnest t1,
     unnest(mv_to_array(c_mv_num_with_null_and_empty_val)) AS u(c)
LEFT JOIN test_unnest,
          unnest(mv_to_array(c_mv_num_with_null_and_empty_val)) t2 AS u(c) ON t1.c=cast(t2.c_long AS char)
WHERE t1.c_long IN (0,
                    1,
                    2,
                    999)
  AND t2.c_long IN (0,
                    1,
                    2,
                    999);
QueryInterruptedException
!error

#-------------------------------------------------------------------------
# TESTCASE: test_join TEST_ID: A3_B18
#-------------------------------------------------------------------------
SELECT t1.c_str,
       t1.c_long,
       c
FROM test_unnest t1,
     unnest(mv_to_array(c_mv_num_with_null_and_empty_val)) AS u(c)
LEFT JOIN test_unnest,
          unnest(mv_to_array(c_mv_num_with_null_and_empty_val)) t2 AS u(c) ON cast(t1.c_long AS char)=t2.c
WHERE t1.c_long IN (0,
                    1,
                    2,
                    999)
  AND t2.c_long IN (0,
                    1,
                    2,
                    999);
QueryInterruptedException
!error

#-------------------------------------------------------------------------
# TESTCASE: test_join TEST_ID: A3_B19
#-------------------------------------------------------------------------
SELECT t1.c_str,
       t1.c_long,
       c
FROM test_unnest t1,
     unnest(mv_to_array(c_mv_num_with_null_and_empty_val)) AS u(c)
LEFT JOIN test_unnest,
          unnest(mv_to_array(c_mv_num_with_null_and_empty_val)) t2 AS u(c) ON t1.c=t2.c
WHERE t1.c_long IN (0,
                    1,
                    2,
                    999)
  AND t2.c_long IN (0,
                    1,
                    2,
                    999);
QueryInterruptedException
!error

#-------------------------------------------------------------------------
# TESTCASE: test_join TEST_ID: A3_B20
#-------------------------------------------------------------------------
SELECT t1.c_str,
       t1.c_long,
       t1.c
FROM
  (SELECT *
   FROM test_unnest,
        unnest(mv_to_array(c_mv_num_with_null_and_empty_val)) AS u(c)) t1
LEFT JOIN
  (SELECT *
   FROM test_unnest,
        unnest(mv_to_array(c_mv_num_with_null_and_empty_val)) AS u(c)) t2 ON t1.c_long=t2.c_long
WHERE t1.c_long IN (0,
                    1,
                    2,
                    999)
  AND t2.c_long IN (0,
                    1,
                    2,
                    999);
+-------+--------+---+
| c_str | c_long | c |
+-------+--------+---+
|       |      1 |   |
|       |      1 |   |
|       |      1 |   |
|       |      1 |   |
|       |      1 |   |
|       |      1 | 1 |
|       |      1 | 1 |
|       |      1 | 1 |
|       |      1 | 1 |
|       |      1 | 1 |
|       |      1 | 2 |
|       |      1 | 2 |
|       |      1 | 2 |
|       |      1 | 2 |
|       |      1 | 2 |
|       |      1 | 3 |
|       |      1 | 3 |
|       |      1 | 3 |
|       |      1 | 3 |
|       |      1 | 3 |
|       |      1 |   |
|       |      1 |   |
|       |      1 |   |
|       |      1 |   |
|       |      1 |   |
| str2  |      2 |   |
| str2  |      2 |   |
| str2  |      2 |   |
| str2  |      2 |   |
| str2  |      2 |   |
| str2  |      2 | 1 |
| str2  |      2 | 1 |
| str2  |      2 | 1 |
| str2  |      2 | 1 |
| str2  |      2 | 1 |
| str2  |      2 | 2 |
| str2  |      2 | 2 |
| str2  |      2 | 2 |
| str2  |      2 | 2 |
| str2  |      2 | 2 |
| str2  |      2 | 3 |
| str2  |      2 | 3 |
| str2  |      2 | 3 |
| str2  |      2 | 3 |
| str2  |      2 | 3 |
| str2  |      2 |   |
| str2  |      2 |   |
| str2  |      2 |   |
| str2  |      2 |   |
| str2  |      2 |   |
|       |      0 |   |
|       |      0 |   |
|       |      0 |   |
|       |      0 |   |
|       |      0 |   |
|       |      0 | 1 |
|       |      0 | 1 |
|       |      0 | 1 |
|       |      0 | 1 |
|       |      0 | 1 |
|       |      0 | 2 |
|       |      0 | 2 |
|       |      0 | 2 |
|       |      0 | 2 |
|       |      0 | 2 |
|       |      0 | 3 |
|       |      0 | 3 |
|       |      0 | 3 |
|       |      0 | 3 |
|       |      0 | 3 |
|       |      0 |   |
|       |      0 |   |
|       |      0 |   |
|       |      0 |   |
|       |      0 |   |
+-------+--------+---+
(75 rows)

!ok

#-------------------------------------------------------------------------
# TESTCASE: test_join TEST_ID: A3_B21
#-------------------------------------------------------------------------
SELECT t1.c_str,
       t1.c_long,
       t1.c
FROM
  (SELECT *
   FROM test_unnest,
        unnest(mv_to_array(c_mv_num_with_null_and_empty_val)) AS u(c)) t1
LEFT JOIN
  (SELECT *
   FROM test_unnest,
        unnest(mv_to_array(c_mv_num_with_null_and_empty_val)) AS u(c)) t2 ON t1.c=cast(t2.c_long AS char)
WHERE t1.c_long IN (0,
                    1,
                    2,
                    999)
  AND t2.c_long IN (0,
                    1,
                    2,
                    999);
+-------+--------+---+
| c_str | c_long | c |
+-------+--------+---+
|       |      1 | 1 |
|       |      1 | 1 |
|       |      1 | 1 |
|       |      1 | 1 |
|       |      1 | 1 |
|       |      1 | 2 |
|       |      1 | 2 |
|       |      1 | 2 |
|       |      1 | 2 |
|       |      1 | 2 |
| str2  |      2 | 1 |
| str2  |      2 | 1 |
| str2  |      2 | 1 |
| str2  |      2 | 1 |
| str2  |      2 | 1 |
| str2  |      2 | 2 |
| str2  |      2 | 2 |
| str2  |      2 | 2 |
| str2  |      2 | 2 |
| str2  |      2 | 2 |
|       |      0 | 1 |
|       |      0 | 1 |
|       |      0 | 1 |
|       |      0 | 1 |
|       |      0 | 1 |
|       |      0 | 2 |
|       |      0 | 2 |
|       |      0 | 2 |
|       |      0 | 2 |
|       |      0 | 2 |
+-------+--------+---+
(30 rows)

!ok

#-------------------------------------------------------------------------
# TESTCASE: test_join TEST_ID: A3_B22
#-------------------------------------------------------------------------
SELECT t1.c_str,
       t1.c_long,
       t1.c
FROM
  (SELECT *
   FROM test_unnest,
        unnest(mv_to_array(c_mv_num_with_null_and_empty_val)) AS u(c)) t1
LEFT JOIN
  (SELECT *
   FROM test_unnest,
        unnest(mv_to_array(c_mv_num_with_null_and_empty_val)) AS u(c)) t2 ON t1.c_long=t2.c
WHERE t1.c_long IN (0,
                    1,
                    2,
                    999)
  AND t2.c_long IN (0,
                    1,
                    2,
                    999);
+-------+--------+---+
| c_str | c_long | c |
+-------+--------+---+
|       |      1 |   |
|       |      1 |   |
|       |      1 |   |
|       |      1 | 1 |
|       |      1 | 1 |
|       |      1 | 1 |
|       |      1 | 2 |
|       |      1 | 2 |
|       |      1 | 2 |
|       |      1 | 3 |
|       |      1 | 3 |
|       |      1 | 3 |
|       |      1 |   |
|       |      1 |   |
|       |      1 |   |
| str2  |      2 |   |
| str2  |      2 |   |
| str2  |      2 |   |
| str2  |      2 | 1 |
| str2  |      2 | 1 |
| str2  |      2 | 1 |
| str2  |      2 | 2 |
| str2  |      2 | 2 |
| str2  |      2 | 2 |
| str2  |      2 | 3 |
| str2  |      2 | 3 |
| str2  |      2 | 3 |
| str2  |      2 |   |
| str2  |      2 |   |
| str2  |      2 |   |
+-------+--------+---+
(30 rows)

!ok

#-------------------------------------------------------------------------
# TESTCASE: test_join TEST_ID: A3_B23
#-------------------------------------------------------------------------
SELECT t1.c_str,
       t1.c_long,
       t1.c
FROM
  (SELECT *
   FROM test_unnest,
        unnest(mv_to_array(c_mv_num_with_null_and_empty_val)) AS u(c)) t1
LEFT JOIN
  (SELECT *
   FROM test_unnest,
        unnest(mv_to_array(c_mv_num_with_null_and_empty_val)) AS u(c)) t2 ON t1.c=t2.c
WHERE t1.c_long IN (0,
                    1,
                    2,
                    999)
  AND t2.c_long IN (0,
                    1,
                    2,
                    999);
+-------+--------+---+
| c_str | c_long | c |
+-------+--------+---+
|       |      1 |   |
|       |      1 |   |
|       |      1 |   |
|       |      1 | 1 |
|       |      1 | 1 |
|       |      1 | 1 |
|       |      1 | 2 |
|       |      1 | 2 |
|       |      1 | 2 |
|       |      1 | 3 |
|       |      1 | 3 |
|       |      1 | 3 |
| str2  |      2 |   |
| str2  |      2 |   |
| str2  |      2 |   |
| str2  |      2 | 1 |
| str2  |      2 | 1 |
| str2  |      2 | 1 |
| str2  |      2 | 2 |
| str2  |      2 | 2 |
| str2  |      2 | 2 |
| str2  |      2 | 3 |
| str2  |      2 | 3 |
| str2  |      2 | 3 |
|       |      0 |   |
|       |      0 |   |
|       |      0 |   |
|       |      0 | 1 |
|       |      0 | 1 |
|       |      0 | 1 |
|       |      0 | 2 |
|       |      0 | 2 |
|       |      0 | 2 |
|       |      0 | 3 |
|       |      0 | 3 |
|       |      0 | 3 |
+-------+--------+---+
(36 rows)

!ok

#-------------------------------------------------------------------------
# TESTCASE: test_join TEST_ID: A3_B24
#-------------------------------------------------------------------------
WITH t1 AS
  (SELECT *
   FROM test_unnest,
        unnest(mv_to_array(c_mv_num_with_null_and_empty_val)) AS u(c))
SELECT t1.c_str,
       t1.c_long,
       t1.c
FROM t1
LEFT JOIN
  (SELECT *
   FROM test_unnest,
        unnest(mv_to_array(c_mv_num_with_null_and_empty_val)) AS u(c)) t2 ON t1.c_long=t2.c_long
WHERE t1.c_long IN (0,
                    1,
                    2,
                    999)
  AND t2.c_long IN (0,
                    1,
                    2,
                    999);
+-------+--------+---+
| c_str | c_long | c |
+-------+--------+---+
|       |      1 |   |
|       |      1 |   |
|       |      1 |   |
|       |      1 |   |
|       |      1 |   |
|       |      1 | 1 |
|       |      1 | 1 |
|       |      1 | 1 |
|       |      1 | 1 |
|       |      1 | 1 |
|       |      1 | 2 |
|       |      1 | 2 |
|       |      1 | 2 |
|       |      1 | 2 |
|       |      1 | 2 |
|       |      1 | 3 |
|       |      1 | 3 |
|       |      1 | 3 |
|       |      1 | 3 |
|       |      1 | 3 |
|       |      1 |   |
|       |      1 |   |
|       |      1 |   |
|       |      1 |   |
|       |      1 |   |
| str2  |      2 |   |
| str2  |      2 |   |
| str2  |      2 |   |
| str2  |      2 |   |
| str2  |      2 |   |
| str2  |      2 | 1 |
| str2  |      2 | 1 |
| str2  |      2 | 1 |
| str2  |      2 | 1 |
| str2  |      2 | 1 |
| str2  |      2 | 2 |
| str2  |      2 | 2 |
| str2  |      2 | 2 |
| str2  |      2 | 2 |
| str2  |      2 | 2 |
| str2  |      2 | 3 |
| str2  |      2 | 3 |
| str2  |      2 | 3 |
| str2  |      2 | 3 |
| str2  |      2 | 3 |
| str2  |      2 |   |
| str2  |      2 |   |
| str2  |      2 |   |
| str2  |      2 |   |
| str2  |      2 |   |
|       |      0 |   |
|       |      0 |   |
|       |      0 |   |
|       |      0 |   |
|       |      0 |   |
|       |      0 | 1 |
|       |      0 | 1 |
|       |      0 | 1 |
|       |      0 | 1 |
|       |      0 | 1 |
|       |      0 | 2 |
|       |      0 | 2 |
|       |      0 | 2 |
|       |      0 | 2 |
|       |      0 | 2 |
|       |      0 | 3 |
|       |      0 | 3 |
|       |      0 | 3 |
|       |      0 | 3 |
|       |      0 | 3 |
|       |      0 |   |
|       |      0 |   |
|       |      0 |   |
|       |      0 |   |
|       |      0 |   |
+-------+--------+---+
(75 rows)

!ok

#-------------------------------------------------------------------------
# TESTCASE: test_join TEST_ID: A3_B25
#-------------------------------------------------------------------------
WITH t1 AS
  (SELECT *
   FROM test_unnest,
        unnest(mv_to_array(c_mv_num_with_null_and_empty_val)) AS u(c))
SELECT t1.c_str,
       t1.c_long,
       t1.c
FROM t1
LEFT JOIN
  (SELECT *
   FROM test_unnest,
        unnest(mv_to_array(c_mv_num_with_null_and_empty_val)) AS u(c)) t2 ON t1.c=cast(t2.c_long AS char)
WHERE t1.c_long IN (0,
                    1,
                    2,
                    999)
  AND t2.c_long IN (0,
                    1,
                    2,
                    999);
+-------+--------+---+
| c_str | c_long | c |
+-------+--------+---+
|       |      1 | 1 |
|       |      1 | 1 |
|       |      1 | 1 |
|       |      1 | 1 |
|       |      1 | 1 |
|       |      1 | 2 |
|       |      1 | 2 |
|       |      1 | 2 |
|       |      1 | 2 |
|       |      1 | 2 |
| str2  |      2 | 1 |
| str2  |      2 | 1 |
| str2  |      2 | 1 |
| str2  |      2 | 1 |
| str2  |      2 | 1 |
| str2  |      2 | 2 |
| str2  |      2 | 2 |
| str2  |      2 | 2 |
| str2  |      2 | 2 |
| str2  |      2 | 2 |
|       |      0 | 1 |
|       |      0 | 1 |
|       |      0 | 1 |
|       |      0 | 1 |
|       |      0 | 1 |
|       |      0 | 2 |
|       |      0 | 2 |
|       |      0 | 2 |
|       |      0 | 2 |
|       |      0 | 2 |
+-------+--------+---+
(30 rows)

!ok

#-------------------------------------------------------------------------
# TESTCASE: test_join TEST_ID: A3_B26
#-------------------------------------------------------------------------
WITH t1 AS
  (SELECT *
   FROM test_unnest,
        unnest(mv_to_array(c_mv_num_with_null_and_empty_val)) AS u(c))
SELECT t1.c_str,
       t1.c_long,
       t1.c
FROM t1
LEFT JOIN
  (SELECT *
   FROM test_unnest,
        unnest(mv_to_array(c_mv_num_with_null_and_empty_val)) AS u(c)) t2 ON t1.c_long=t2.c
WHERE t1.c_long IN (0,
                    1,
                    2,
                    999)
  AND t2.c_long IN (0,
                    1,
                    2,
                    999);
+-------+--------+---+
| c_str | c_long | c |
+-------+--------+---+
|       |      1 |   |
|       |      1 |   |
|       |      1 |   |
|       |      1 | 1 |
|       |      1 | 1 |
|       |      1 | 1 |
|       |      1 | 2 |
|       |      1 | 2 |
|       |      1 | 2 |
|       |      1 | 3 |
|       |      1 | 3 |
|       |      1 | 3 |
|       |      1 |   |
|       |      1 |   |
|       |      1 |   |
| str2  |      2 |   |
| str2  |      2 |   |
| str2  |      2 |   |
| str2  |      2 | 1 |
| str2  |      2 | 1 |
| str2  |      2 | 1 |
| str2  |      2 | 2 |
| str2  |      2 | 2 |
| str2  |      2 | 2 |
| str2  |      2 | 3 |
| str2  |      2 | 3 |
| str2  |      2 | 3 |
| str2  |      2 |   |
| str2  |      2 |   |
| str2  |      2 |   |
+-------+--------+---+
(30 rows)

!ok

#-------------------------------------------------------------------------
# TESTCASE: test_join TEST_ID: A3_B27
#-------------------------------------------------------------------------
WITH t1 AS
  (SELECT *
   FROM test_unnest,
        unnest(mv_to_array(c_mv_num_with_null_and_empty_val)) AS u(c))
SELECT t1.c_str,
       t1.c_long,
       t1.c
FROM t1
LEFT JOIN
  (SELECT *
   FROM test_unnest,
        unnest(mv_to_array(c_mv_num_with_null_and_empty_val)) AS u(c)) t2 ON t1.c=t2.c
WHERE t1.c_long IN (0,
                    1,
                    2,
                    999)
  AND t2.c_long IN (0,
                    1,
                    2,
                    999);
+-------+--------+---+
| c_str | c_long | c |
+-------+--------+---+
|       |      1 |   |
|       |      1 |   |
|       |      1 |   |
|       |      1 | 1 |
|       |      1 | 1 |
|       |      1 | 1 |
|       |      1 | 2 |
|       |      1 | 2 |
|       |      1 | 2 |
|       |      1 | 3 |
|       |      1 | 3 |
|       |      1 | 3 |
| str2  |      2 |   |
| str2  |      2 |   |
| str2  |      2 |   |
| str2  |      2 | 1 |
| str2  |      2 | 1 |
| str2  |      2 | 1 |
| str2  |      2 | 2 |
| str2  |      2 | 2 |
| str2  |      2 | 2 |
| str2  |      2 | 3 |
| str2  |      2 | 3 |
| str2  |      2 | 3 |
|       |      0 |   |
|       |      0 |   |
|       |      0 |   |
|       |      0 | 1 |
|       |      0 | 1 |
|       |      0 | 1 |
|       |      0 | 2 |
|       |      0 | 2 |
|       |      0 | 2 |
|       |      0 | 3 |
|       |      0 | 3 |
|       |      0 | 3 |
+-------+--------+---+
(36 rows)

!ok

#-------------------------------------------------------------------------
# TESTCASE: test_join TEST_ID: A3_B28
#-------------------------------------------------------------------------
WITH t1 AS
  (SELECT *
   FROM test_unnest,
        unnest(mv_to_array(c_mv_num_with_null_and_empty_val)) AS u(c))
SELECT t1.c_str,
       t1.c_long,
       t1.c
FROM t1
LEFT JOIN t1 t2 ON t1.c_long=t2.c_long
WHERE t1.c_long IN (0,
                    1,
                    2,
                    999)
  AND t2.c_long IN (0,
                    1,
                    2,
                    999);
+-------+--------+---+
| c_str | c_long | c |
+-------+--------+---+
|       |      1 |   |
|       |      1 |   |
|       |      1 |   |
|       |      1 |   |
|       |      1 |   |
|       |      1 | 1 |
|       |      1 | 1 |
|       |      1 | 1 |
|       |      1 | 1 |
|       |      1 | 1 |
|       |      1 | 2 |
|       |      1 | 2 |
|       |      1 | 2 |
|       |      1 | 2 |
|       |      1 | 2 |
|       |      1 | 3 |
|       |      1 | 3 |
|       |      1 | 3 |
|       |      1 | 3 |
|       |      1 | 3 |
|       |      1 |   |
|       |      1 |   |
|       |      1 |   |
|       |      1 |   |
|       |      1 |   |
| str2  |      2 |   |
| str2  |      2 |   |
| str2  |      2 |   |
| str2  |      2 |   |
| str2  |      2 |   |
| str2  |      2 | 1 |
| str2  |      2 | 1 |
| str2  |      2 | 1 |
| str2  |      2 | 1 |
| str2  |      2 | 1 |
| str2  |      2 | 2 |
| str2  |      2 | 2 |
| str2  |      2 | 2 |
| str2  |      2 | 2 |
| str2  |      2 | 2 |
| str2  |      2 | 3 |
| str2  |      2 | 3 |
| str2  |      2 | 3 |
| str2  |      2 | 3 |
| str2  |      2 | 3 |
| str2  |      2 |   |
| str2  |      2 |   |
| str2  |      2 |   |
| str2  |      2 |   |
| str2  |      2 |   |
|       |      0 |   |
|       |      0 |   |
|       |      0 |   |
|       |      0 |   |
|       |      0 |   |
|       |      0 | 1 |
|       |      0 | 1 |
|       |      0 | 1 |
|       |      0 | 1 |
|       |      0 | 1 |
|       |      0 | 2 |
|       |      0 | 2 |
|       |      0 | 2 |
|       |      0 | 2 |
|       |      0 | 2 |
|       |      0 | 3 |
|       |      0 | 3 |
|       |      0 | 3 |
|       |      0 | 3 |
|       |      0 | 3 |
|       |      0 |   |
|       |      0 |   |
|       |      0 |   |
|       |      0 |   |
|       |      0 |   |
+-------+--------+---+
(75 rows)

!ok

#-------------------------------------------------------------------------
# TESTCASE: test_join TEST_ID: A3_B29
#-------------------------------------------------------------------------
WITH t1 AS
  (SELECT *
   FROM test_unnest,
        unnest(mv_to_array(c_mv_num_with_null_and_empty_val)) AS u(c))
SELECT t1.c_str,
       t1.c_long,
       t1.c
FROM t1
LEFT JOIN t1 t2 ON t1.c=cast(t2.c_long AS char)
WHERE t1.c_long IN (0,
                    1,
                    2,
                    999)
  AND t2.c_long IN (0,
                    1,
                    2,
                    999);
+-------+--------+---+
| c_str | c_long | c |
+-------+--------+---+
|       |      1 | 1 |
|       |      1 | 1 |
|       |      1 | 1 |
|       |      1 | 1 |
|       |      1 | 1 |
|       |      1 | 2 |
|       |      1 | 2 |
|       |      1 | 2 |
|       |      1 | 2 |
|       |      1 | 2 |
| str2  |      2 | 1 |
| str2  |      2 | 1 |
| str2  |      2 | 1 |
| str2  |      2 | 1 |
| str2  |      2 | 1 |
| str2  |      2 | 2 |
| str2  |      2 | 2 |
| str2  |      2 | 2 |
| str2  |      2 | 2 |
| str2  |      2 | 2 |
|       |      0 | 1 |
|       |      0 | 1 |
|       |      0 | 1 |
|       |      0 | 1 |
|       |      0 | 1 |
|       |      0 | 2 |
|       |      0 | 2 |
|       |      0 | 2 |
|       |      0 | 2 |
|       |      0 | 2 |
+-------+--------+---+
(30 rows)

!ok

#-------------------------------------------------------------------------
# TESTCASE: test_join TEST_ID: A3_B30
#-------------------------------------------------------------------------
WITH t1 AS
  (SELECT *
   FROM test_unnest,
        unnest(mv_to_array(c_mv_num_with_null_and_empty_val)) AS u(c))
SELECT t1.c_str,
       t1.c_long,
       t1.c
FROM t1
LEFT JOIN t1 t2 ON t1.c_long=t2.c
WHERE t1.c_long IN (0,
                    1,
                    2,
                    999)
  AND t2.c_long IN (0,
                    1,
                    2,
                    999);
+-------+--------+---+
| c_str | c_long | c |
+-------+--------+---+
|       |      1 |   |
|       |      1 |   |
|       |      1 |   |
|       |      1 | 1 |
|       |      1 | 1 |
|       |      1 | 1 |
|       |      1 | 2 |
|       |      1 | 2 |
|       |      1 | 2 |
|       |      1 | 3 |
|       |      1 | 3 |
|       |      1 | 3 |
|       |      1 |   |
|       |      1 |   |
|       |      1 |   |
| str2  |      2 |   |
| str2  |      2 |   |
| str2  |      2 |   |
| str2  |      2 | 1 |
| str2  |      2 | 1 |
| str2  |      2 | 1 |
| str2  |      2 | 2 |
| str2  |      2 | 2 |
| str2  |      2 | 2 |
| str2  |      2 | 3 |
| str2  |      2 | 3 |
| str2  |      2 | 3 |
| str2  |      2 |   |
| str2  |      2 |   |
| str2  |      2 |   |
+-------+--------+---+
(30 rows)

!ok

#-------------------------------------------------------------------------
# TESTCASE: test_join TEST_ID: A3_B31
#-------------------------------------------------------------------------
WITH t1 AS
  (SELECT *
   FROM test_unnest,
        unnest(mv_to_array(c_mv_num_with_null_and_empty_val)) AS u(c))
SELECT t1.c_str,
       t1.c_long,
       t1.c
FROM t1
LEFT JOIN t1 t2 ON t1.c=t2.c
WHERE t1.c_long IN (0,
                    1,
                    2,
                    999)
  AND t2.c_long IN (0,
                    1,
                    2,
                    999);
+-------+--------+---+
| c_str | c_long | c |
+-------+--------+---+
|       |      1 |   |
|       |      1 |   |
|       |      1 |   |
|       |      1 | 1 |
|       |      1 | 1 |
|       |      1 | 1 |
|       |      1 | 2 |
|       |      1 | 2 |
|       |      1 | 2 |
|       |      1 | 3 |
|       |      1 | 3 |
|       |      1 | 3 |
| str2  |      2 |   |
| str2  |      2 |   |
| str2  |      2 |   |
| str2  |      2 | 1 |
| str2  |      2 | 1 |
| str2  |      2 | 1 |
| str2  |      2 | 2 |
| str2  |      2 | 2 |
| str2  |      2 | 2 |
| str2  |      2 | 3 |
| str2  |      2 | 3 |
| str2  |      2 | 3 |
|       |      0 |   |
|       |      0 |   |
|       |      0 |   |
|       |      0 | 1 |
|       |      0 | 1 |
|       |      0 | 1 |
|       |      0 | 2 |
|       |      0 | 2 |
|       |      0 | 2 |
|       |      0 | 3 |
|       |      0 | 3 |
|       |      0 | 3 |
+-------+--------+---+
(36 rows)

!ok

#-------------------------------------------------------------------------
# TESTCASE: test_join TEST_ID: A4_B1
#-------------------------------------------------------------------------
SELECT t1.c_str,
       t1.c_long,
       c
FROM test_unnest t1
CROSS JOIN unnest(mv_to_array(c_mv_num_with_null_and_empty_val)) AS u(c)
RIGHT JOIN test_unnest t2 ON t1.c_long=t2.c_long
WHERE t1.c_long IN (0,
                    1,
                    2,
                    999)
  AND t2.c_long IN (0,
                    1,
                    2,
                    999);
+-------+--------+---+
| c_str | c_long | c |
+-------+--------+---+
|       |      1 |   |
|       |      1 | 1 |
|       |      1 | 2 |
|       |      1 | 3 |
|       |      1 |   |
| str2  |      2 |   |
| str2  |      2 | 1 |
| str2  |      2 | 2 |
| str2  |      2 | 3 |
| str2  |      2 |   |
|       |      0 |   |
|       |      0 | 1 |
|       |      0 | 2 |
|       |      0 | 3 |
|       |      0 |   |
+-------+--------+---+
(15 rows)

!ok

#-------------------------------------------------------------------------
# TESTCASE: test_join TEST_ID: A4_B2
#-------------------------------------------------------------------------
SELECT t1.c_str,
       t1.c_long,
       c
FROM test_unnest t1
CROSS JOIN unnest(mv_to_array(c_mv_num_with_null_and_empty_val)) AS u(c)
RIGHT JOIN test_unnest t2 ON u.c=cast(t2.c_long AS char)
WHERE t1.c_long IN (0,
                    1,
                    2,
                    999)
  AND t2.c_long IN (0,
                    1,
                    2,
                    999);
+-------+--------+---+
| c_str | c_long | c |
+-------+--------+---+
|       |      1 | 1 |
|       |      1 | 2 |
| str2  |      2 | 1 |
| str2  |      2 | 2 |
|       |      0 | 1 |
|       |      0 | 2 |
+-------+--------+---+
(6 rows)

!ok

#-------------------------------------------------------------------------
# TESTCASE: test_join TEST_ID: A4_B3
#-------------------------------------------------------------------------
SELECT t1.c_str,
       t1.c_long,
       c
FROM test_unnest t1
RIGHT JOIN test_unnest t2,
           unnest(mv_to_array(t2.c_mv_num_with_null_and_empty_val)) AS u(c) ON cast(t2.c_long AS char)=u.c
WHERE t1.c_long IN (0,
                    1,
                    2,
                    999)
  AND t2.c_long IN (0,
                    1,
                    2,
                    999);
QueryInterruptedException
!error

#-------------------------------------------------------------------------
# TESTCASE: test_join TEST_ID: A4_B4
#-------------------------------------------------------------------------
SELECT t1.c_str,
       t1.c_long,
       c
FROM
  (SELECT *
   FROM test_unnest,
        unnest(mv_to_array(c_mv_num_with_null_and_empty_val)) AS u(c)) t1
RIGHT JOIN test_unnest t2 ON t1.c_long=t2.c_long
WHERE t1.c_long IN (0,
                    1,
                    2,
                    999)
  AND t2.c_long IN (0,
                    1,
                    2,
                    999);
+-------+--------+---+
| c_str | c_long | c |
+-------+--------+---+
|       |      1 |   |
|       |      1 | 1 |
|       |      1 | 2 |
|       |      1 | 3 |
|       |      1 |   |
| str2  |      2 |   |
| str2  |      2 | 1 |
| str2  |      2 | 2 |
| str2  |      2 | 3 |
| str2  |      2 |   |
|       |      0 |   |
|       |      0 | 1 |
|       |      0 | 2 |
|       |      0 | 3 |
|       |      0 |   |
+-------+--------+---+
(15 rows)

!ok

#-------------------------------------------------------------------------
# TESTCASE: test_join TEST_ID: A4_B5
#-------------------------------------------------------------------------
SELECT t1.c_str,
       t1.c_long,
       c
FROM
  (SELECT *
   FROM test_unnest,
        unnest(mv_to_array(c_mv_num_with_null_and_empty_val)) AS u(c)) t1
RIGHT JOIN test_unnest t2 ON t1.c=cast(t2.c_long AS char)
WHERE t1.c_long IN (0,
                    1,
                    2,
                    999)
  AND t2.c_long IN (0,
                    1,
                    2,
                    999);
+-------+--------+---+
| c_str | c_long | c |
+-------+--------+---+
|       |      1 | 1 |
|       |      1 | 2 |
| str2  |      2 | 1 |
| str2  |      2 | 2 |
|       |      0 | 1 |
|       |      0 | 2 |
+-------+--------+---+
(6 rows)

!ok

#-------------------------------------------------------------------------
# TESTCASE: test_join TEST_ID: A4_B6
#-------------------------------------------------------------------------
SELECT t1.c_str,
       t1.c_long,
       c
FROM test_unnest t1
RIGHT JOIN
  (SELECT *
   FROM test_unnest,
        unnest(mv_to_array(c_mv_num_with_null_and_empty_val)) AS u(c)) t2 ON t2.c_long=t1.c_long
WHERE t1.c_long IN (0,
                    1,
                    2,
                    999)
  AND t2.c_long IN (0,
                    1,
                    2,
                    999);
+-------+--------+---+
| c_str | c_long | c |
+-------+--------+---+
|       |      1 |   |
|       |      1 | 1 |
|       |      1 | 2 |
|       |      1 | 3 |
|       |      1 |   |
| str2  |      2 |   |
| str2  |      2 | 1 |
| str2  |      2 | 2 |
| str2  |      2 | 3 |
| str2  |      2 |   |
|       |      0 |   |
|       |      0 | 1 |
|       |      0 | 2 |
|       |      0 | 3 |
|       |      0 |   |
+-------+--------+---+
(15 rows)

!ok

