!set useApproximateCountDistinct false
!use druidtest://?componentSupplier=AllDruidEnginesComponentSupplier&datasets=sql/src/test/quidem/qatests/qaUnnest/mv
!set outputformat mysql
#-------------------------------------------------------------------------
# TESTCASE: test_scalar_reduction_funcs TEST_ID: SEL_DATASOURCE
#-------------------------------------------------------------------------
SELECT *
FROM test_unnest;
+-------------------------+-------+--------+---------+----------+------------------------------------------------+------------------------+--------------------------------------+----------------------------------+--------------------------------------+----------------------------------+-----------------------------+
| __time                  | c_str | c_long | c_float | c_double | c_mv_complex                                   | c_mv_num               | c_mv_complex_with_null_and_empty_val | c_mv_num_with_null_and_empty_val | c_mv_complex_with_null_and_empty_row | c_mv_num_with_null_and_empty_row | c_mv_all_null_and_empty_val |
+-------------------------+-------+--------+---------+----------+------------------------------------------------+------------------------+--------------------------------------+----------------------------------+--------------------------------------+----------------------------------+-----------------------------+
| 2022-01-01 00:00:00.000 |       |      1 |     0.1 |      0.1 | ["my_null","my_empty","1","[2]","[3, [4, 5]]"] | ["-1","0","1","2","3"] | [null,"","1","[2]","[3, [4, 5]]"]    | [null,"","1","2","3"]            |                                      |                                  | [null,"",null,"",null]      |
| 2022-01-01 00:00:00.000 | str2  |      2 |     0.2 |      0.2 | ["my_null","my_empty","1","[2]","[3, [4, 5]]"] | ["-1","0","1","2","3"] | [null,"","1","[2]","[3, [4, 5]]"]    | [null,"","1","2","3"]            | [null,"","1","[2]","[3, [4, 5]]"]    | [null,"","1","2","3"]            | [null,"",null,"",null]      |
| 2022-01-01 00:00:00.000 | str3  |      3 |     0.3 |      0.3 | ["my_null","my_empty","1","[2]","[3, [4, 5]]"] | ["-1","0","1","2","3"] | [null,"","1","[2]","[3, [4, 5]]"]    | [null,"","1","2","3"]            | [null,"","1","[2]","[3, [4, 5]]"]    | [null,"","1","2","3"]            | [null,"",null,"",null]      |
| 2022-01-01 00:00:00.000 | str4  |      4 |     0.4 |      0.4 | ["my_null","my_empty","1","[2]","[3, [4, 5]]"] | ["-1","0","1","2","3"] | [null,"","1","[2]","[3, [4, 5]]"]    | [null,"","1","2","3"]            | [null,"","1","[2]","[3, [4, 5]]"]    | [null,"","1","2","3"]            | [null,"",null,"",null]      |
| 2022-01-01 00:00:00.000 |       |      0 |     0.0 |      0.0 | ["my_null","my_empty","1","[2]","[3, [4, 5]]"] | ["-1","0","1","2","3"] | [null,"","1","[2]","[3, [4, 5]]"]    | [null,"","1","2","3"]            |                                      |                                  | [null,"",null,"",null]      |
+-------------------------+-------+--------+---------+----------+------------------------------------------------+------------------------+--------------------------------------+----------------------------------+--------------------------------------+----------------------------------+-----------------------------+
(5 rows)

!ok

#-------------------------------------------------------------------------
# TESTCASE: test_scalar_reduction_funcs TEST_ID: A1_B1_C1
#-------------------------------------------------------------------------
SELECT greatest(c, c, '1') AS col
FROM test_unnest,
     unnest(mv_to_array(c_mv_num_with_null_and_empty_val)) AS u(c)
WHERE c_long IN (0,
                 1,
                 2)
  AND greatest(c, c, '1') IN ('1',
                              '2',
                              '3');
+-----+
| col |
+-----+
| 1   |
| 1   |
| 1   |
| 1   |
| 1   |
| 1   |
| 1   |
| 1   |
| 1   |
| 2   |
| 2   |
| 2   |
| 3   |
| 3   |
| 3   |
+-----+
(15 rows)

!ok

#-------------------------------------------------------------------------
# TESTCASE: test_scalar_reduction_funcs TEST_ID: A1_B1_C2
#-------------------------------------------------------------------------
SELECT greatest(c, c_long, '1') AS col
FROM test_unnest,
     unnest(mv_to_array(c_mv_num_with_null_and_empty_val)) AS u(c)
WHERE c_long IN (0,
                 1,
                 2)
  AND greatest(c, c_long, '1') IN ('1',
                                   '2',
                                   '3');
+-----+
| col |
+-----+
| 1   |
| 1   |
| 1   |
| 1   |
| 1   |
| 1   |
| 2   |
| 2   |
| 2   |
| 2   |
| 2   |
| 2   |
| 3   |
| 3   |
| 3   |
+-----+
(15 rows)

!ok

#-------------------------------------------------------------------------
# TESTCASE: test_scalar_reduction_funcs TEST_ID: A1_B2_C1
#-------------------------------------------------------------------------
SELECT least(c, c, '1') AS col
FROM test_unnest,
     unnest(mv_to_array(c_mv_num_with_null_and_empty_val)) AS u(c)
WHERE c_long IN (0,
                 1,
                 2)
  AND least(c, c, '1') IN ('1');
+-----+
| col |
+-----+
| 1   |
| 1   |
| 1   |
| 1   |
| 1   |
| 1   |
| 1   |
| 1   |
| 1   |
| 1   |
| 1   |
| 1   |
+-----+
(12 rows)

!ok

#-------------------------------------------------------------------------
# TESTCASE: test_scalar_reduction_funcs TEST_ID: A1_B2_C2
#-------------------------------------------------------------------------
SELECT least(c, c_long, '1') AS col
FROM test_unnest,
     unnest(mv_to_array(c_mv_num_with_null_and_empty_val)) AS u(c)
WHERE c_long IN (0,
                 1,
                 2)
  AND least(c, c_long, '1') IN ('0',
                                '1');
+-----+
| col |
+-----+
| 0   |
| 0   |
| 0   |
| 0   |
| 1   |
| 1   |
| 1   |
| 1   |
| 1   |
| 1   |
| 1   |
| 1   |
+-----+
(12 rows)

!ok

