!set useApproximateCountDistinct false
!use druidtest://?componentSupplier=AllDruidEnginesComponentSupplier&datasets=sql/src/test/quidem/qatests/qaUnnest/mv
!set outputformat mysql
#-------------------------------------------------------------------------
# TESTCASE: test_subquery_with_where TEST_ID: A1_B10_C9
#-------------------------------------------------------------------------
SELECT c
FROM
  (SELECT *
   FROM test_unnest), unnest(mv_to_array(c_mv_complex)) AS u(c)
WHERE c IS NOT NULL;
+-------------+
| c           |
+-------------+
| 1           |
| 1           |
| 1           |
| 1           |
| 1           |
| [2]         |
| [2]         |
| [2]         |
| [2]         |
| [2]         |
| [3, [4, 5]] |
| [3, [4, 5]] |
| [3, [4, 5]] |
| [3, [4, 5]] |
| [3, [4, 5]] |
| my_empty    |
| my_empty    |
| my_empty    |
| my_empty    |
| my_empty    |
| my_null     |
| my_null     |
| my_null     |
| my_null     |
| my_null     |
+-------------+
(25 rows)

!ok

#-------------------------------------------------------------------------
# TESTCASE: test_subquery_with_where TEST_ID: A1_B11_C1
#-------------------------------------------------------------------------
SELECT c
FROM test_unnest,
     unnest(mv_to_array(c_mv_complex)) AS u(c)
WHERE c IN ('',
            'my_null',
            'my_empty',
            '1',
            '-1',
            '0',
            '999',
            999) IS TRUE
  AND c IN ('[2]',
            '[3, [4, 5]]',
            '2',
            '3',
            '999',
            999) IS NOT TRUE;
+----------+
| c        |
+----------+
| 1        |
| 1        |
| 1        |
| 1        |
| 1        |
| my_empty |
| my_empty |
| my_empty |
| my_empty |
| my_empty |
| my_null  |
| my_null  |
| my_null  |
| my_null  |
| my_null  |
+----------+
(15 rows)

!ok

#-------------------------------------------------------------------------
# TESTCASE: test_subquery_with_where TEST_ID: A1_B11_C3
#-------------------------------------------------------------------------
SELECT c
FROM
  (SELECT *
   FROM test_unnest,
        unnest(mv_to_array(c_mv_complex)) AS u(c)
   WHERE c IN ('',
               'my_null',
               'my_empty',
               '1',
               '-1',
               '0',
               '999',
               999) IS TRUE
     AND c IN ('[2]',
               '[3, [4, 5]]',
               '2',
               '3',
               '999',
               999) IS NOT TRUE);
+----------+
| c        |
+----------+
| 1        |
| 1        |
| 1        |
| 1        |
| 1        |
| my_empty |
| my_empty |
| my_empty |
| my_empty |
| my_empty |
| my_null  |
| my_null  |
| my_null  |
| my_null  |
| my_null  |
+----------+
(15 rows)

!ok

#-------------------------------------------------------------------------
# TESTCASE: test_subquery_with_where TEST_ID: A1_B11_C5
#-------------------------------------------------------------------------
SELECT c
FROM
  (SELECT *
   FROM test_unnest
   WHERE c IN ('',
               'my_null',
               'my_empty',
               '1',
               '-1',
               '0',
               '999',
               999) IS TRUE
     AND c IN ('[2]',
               '[3, [4, 5]]',
               '2',
               '3',
               '999',
               999) IS NOT TRUE), unnest(mv_to_array(c_mv_complex)) AS u(c);
QueryInterruptedException
!error

#-------------------------------------------------------------------------
# TESTCASE: test_subquery_with_where TEST_ID: A1_B11_C7
#-------------------------------------------------------------------------
SELECT c
FROM
  (SELECT *
   FROM test_unnest,
        unnest(mv_to_array(c_mv_complex)) AS u(c))
WHERE c IN ('',
            'my_null',
            'my_empty',
            '1',
            '-1',
            '0',
            '999',
            999) IS TRUE
  AND c IN ('[2]',
            '[3, [4, 5]]',
            '2',
            '3',
            '999',
            999) IS NOT TRUE;
+----------+
| c        |
+----------+
| 1        |
| 1        |
| 1        |
| 1        |
| 1        |
| my_empty |
| my_empty |
| my_empty |
| my_empty |
| my_empty |
| my_null  |
| my_null  |
| my_null  |
| my_null  |
| my_null  |
+----------+
(15 rows)

!ok

#-------------------------------------------------------------------------
# TESTCASE: test_subquery_with_where TEST_ID: A1_B11_C9
#-------------------------------------------------------------------------
SELECT c
FROM
  (SELECT *
   FROM test_unnest), unnest(mv_to_array(c_mv_complex)) AS u(c)
WHERE c IN ('',
            'my_null',
            'my_empty',
            '1',
            '-1',
            '0',
            '999',
            999) IS TRUE
  AND c IN ('[2]',
            '[3, [4, 5]]',
            '2',
            '3',
            '999',
            999) IS NOT TRUE;
+----------+
| c        |
+----------+
| 1        |
| 1        |
| 1        |
| 1        |
| 1        |
| my_empty |
| my_empty |
| my_empty |
| my_empty |
| my_empty |
| my_null  |
| my_null  |
| my_null  |
| my_null  |
| my_null  |
+----------+
(15 rows)

!ok

#-------------------------------------------------------------------------
# TESTCASE: test_subquery_with_where TEST_ID: A1_B12_C1
#-------------------------------------------------------------------------
SELECT c
FROM test_unnest,
     unnest(mv_to_array(c_mv_complex)) AS u(c)
WHERE c IN ('',
            'my_null',
            'my_empty',
            '1',
            '-1',
            '0',
            '999',
            999) IS NOT FALSE
  AND c IN ('[2]',
            '[3, [4, 5]]',
            '2',
            '3',
            '999',
            999) IS FALSE;
+----------+
| c        |
+----------+
| 1        |
| 1        |
| 1        |
| 1        |
| 1        |
| my_empty |
| my_empty |
| my_empty |
| my_empty |
| my_empty |
| my_null  |
| my_null  |
| my_null  |
| my_null  |
| my_null  |
+----------+
(15 rows)

!ok

#-------------------------------------------------------------------------
# TESTCASE: test_subquery_with_where TEST_ID: A1_B12_C3
#-------------------------------------------------------------------------
SELECT c
FROM
  (SELECT *
   FROM test_unnest,
        unnest(mv_to_array(c_mv_complex)) AS u(c)
   WHERE c IN ('',
               'my_null',
               'my_empty',
               '1',
               '-1',
               '0',
               '999',
               999) IS NOT FALSE
     AND c IN ('[2]',
               '[3, [4, 5]]',
               '2',
               '3',
               '999',
               999) IS FALSE);
+----------+
| c        |
+----------+
| 1        |
| 1        |
| 1        |
| 1        |
| 1        |
| my_empty |
| my_empty |
| my_empty |
| my_empty |
| my_empty |
| my_null  |
| my_null  |
| my_null  |
| my_null  |
| my_null  |
+----------+
(15 rows)

!ok

#-------------------------------------------------------------------------
# TESTCASE: test_subquery_with_where TEST_ID: A1_B12_C5
#-------------------------------------------------------------------------
SELECT c
FROM
  (SELECT *
   FROM test_unnest
   WHERE c IN ('',
               'my_null',
               'my_empty',
               '1',
               '-1',
               '0',
               '999',
               999) IS NOT FALSE
     AND c IN ('[2]',
               '[3, [4, 5]]',
               '2',
               '3',
               '999',
               999) IS FALSE), unnest(mv_to_array(c_mv_complex)) AS u(c);
QueryInterruptedException
!error

#-------------------------------------------------------------------------
# TESTCASE: test_subquery_with_where TEST_ID: A1_B12_C7
#-------------------------------------------------------------------------
SELECT c
FROM
  (SELECT *
   FROM test_unnest,
        unnest(mv_to_array(c_mv_complex)) AS u(c))
WHERE c IN ('',
            'my_null',
            'my_empty',
            '1',
            '-1',
            '0',
            '999',
            999) IS NOT FALSE
  AND c IN ('[2]',
            '[3, [4, 5]]',
            '2',
            '3',
            '999',
            999) IS FALSE;
+----------+
| c        |
+----------+
| 1        |
| 1        |
| 1        |
| 1        |
| 1        |
| my_empty |
| my_empty |
| my_empty |
| my_empty |
| my_empty |
| my_null  |
| my_null  |
| my_null  |
| my_null  |
| my_null  |
+----------+
(15 rows)

!ok

#-------------------------------------------------------------------------
# TESTCASE: test_subquery_with_where TEST_ID: A1_B12_C9
#-------------------------------------------------------------------------
SELECT c
FROM
  (SELECT *
   FROM test_unnest), unnest(mv_to_array(c_mv_complex)) AS u(c)
WHERE c IN ('',
            'my_null',
            'my_empty',
            '1',
            '-1',
            '0',
            '999',
            999) IS NOT FALSE
  AND c IN ('[2]',
            '[3, [4, 5]]',
            '2',
            '3',
            '999',
            999) IS FALSE;
+----------+
| c        |
+----------+
| 1        |
| 1        |
| 1        |
| 1        |
| 1        |
| my_empty |
| my_empty |
| my_empty |
| my_empty |
| my_empty |
| my_null  |
| my_null  |
| my_null  |
| my_null  |
| my_null  |
+----------+
(15 rows)

!ok

#-------------------------------------------------------------------------
# TESTCASE: test_subquery_with_where TEST_ID: A1_B13_C1
#-------------------------------------------------------------------------
SELECT c
FROM test_unnest,
     unnest(mv_to_array(c_mv_complex)) AS u(c)
WHERE (c BETWEEN '1' AND '2')
  AND (c NOT BETWEEN '3' AND '4');
+---+
| c |
+---+
| 1 |
| 1 |
| 1 |
| 1 |
| 1 |
+---+
(5 rows)

!ok

#-------------------------------------------------------------------------
# TESTCASE: test_subquery_with_where TEST_ID: A1_B13_C3
#-------------------------------------------------------------------------
SELECT c
FROM
  (SELECT *
   FROM test_unnest,
        unnest(mv_to_array(c_mv_complex)) AS u(c)
   WHERE (c BETWEEN '1' AND '2')
     AND (c NOT BETWEEN '3' AND '4'));
+---+
| c |
+---+
| 1 |
| 1 |
| 1 |
| 1 |
| 1 |
+---+
(5 rows)

!ok

#-------------------------------------------------------------------------
# TESTCASE: test_subquery_with_where TEST_ID: A1_B13_C5
#-------------------------------------------------------------------------
SELECT c
FROM
  (SELECT *
   FROM test_unnest
   WHERE (c BETWEEN '1' AND '2')
     AND (c NOT BETWEEN '3' AND '4')), unnest(mv_to_array(c_mv_complex)) AS u(c);
QueryInterruptedException
!error

#-------------------------------------------------------------------------
# TESTCASE: test_subquery_with_where TEST_ID: A1_B13_C7
#-------------------------------------------------------------------------
SELECT c
FROM
  (SELECT *
   FROM test_unnest,
        unnest(mv_to_array(c_mv_complex)) AS u(c))
WHERE (c BETWEEN '1' AND '2')
  AND (c NOT BETWEEN '3' AND '4');
+---+
| c |
+---+
| 1 |
| 1 |
| 1 |
| 1 |
| 1 |
+---+
(5 rows)

!ok

#-------------------------------------------------------------------------
# TESTCASE: test_subquery_with_where TEST_ID: A1_B13_C9
#-------------------------------------------------------------------------
SELECT c
FROM
  (SELECT *
   FROM test_unnest), unnest(mv_to_array(c_mv_complex)) AS u(c)
WHERE (c BETWEEN '1' AND '2')
  AND (c NOT BETWEEN '3' AND '4');
+---+
| c |
+---+
| 1 |
| 1 |
| 1 |
| 1 |
| 1 |
+---+
(5 rows)

!ok

#-------------------------------------------------------------------------
# TESTCASE: test_subquery_with_where TEST_ID: A1_B14_C1
#-------------------------------------------------------------------------
SELECT c
FROM test_unnest,
     unnest(mv_to_array(c_mv_complex)) AS u(c)
WHERE (c like '1%')
  AND (c not like '3%');
+---+
| c |
+---+
| 1 |
| 1 |
| 1 |
| 1 |
| 1 |
+---+
(5 rows)

!ok

#-------------------------------------------------------------------------
# TESTCASE: test_subquery_with_where TEST_ID: A1_B14_C3
#-------------------------------------------------------------------------
SELECT c
FROM
  (SELECT *
   FROM test_unnest,
        unnest(mv_to_array(c_mv_complex)) AS u(c)
   WHERE (c like '1%')
     AND (c not like '3%'));
+---+
| c |
+---+
| 1 |
| 1 |
| 1 |
| 1 |
| 1 |
+---+
(5 rows)

!ok

#-------------------------------------------------------------------------
# TESTCASE: test_subquery_with_where TEST_ID: A1_B14_C5
#-------------------------------------------------------------------------
SELECT c
FROM
  (SELECT *
   FROM test_unnest
   WHERE (c like '1%')
     AND (c not like '3%')), unnest(mv_to_array(c_mv_complex)) AS u(c);
QueryInterruptedException
!error

#-------------------------------------------------------------------------
# TESTCASE: test_subquery_with_where TEST_ID: A1_B14_C7
#-------------------------------------------------------------------------
SELECT c
FROM
  (SELECT *
   FROM test_unnest,
        unnest(mv_to_array(c_mv_complex)) AS u(c))
WHERE (c like '1%')
  AND (c not like '3%');
+---+
| c |
+---+
| 1 |
| 1 |
| 1 |
| 1 |
| 1 |
+---+
(5 rows)

!ok

#-------------------------------------------------------------------------
# TESTCASE: test_subquery_with_where TEST_ID: A1_B14_C9
#-------------------------------------------------------------------------
SELECT c
FROM
  (SELECT *
   FROM test_unnest), unnest(mv_to_array(c_mv_complex)) AS u(c)
WHERE (c like '1%')
  AND (c not like '3%');
+---+
| c |
+---+
| 1 |
| 1 |
| 1 |
| 1 |
| 1 |
+---+
(5 rows)

!ok

#-------------------------------------------------------------------------
# TESTCASE: test_subquery_with_where TEST_ID: A1_B15_C1
#-------------------------------------------------------------------------
SELECT c
FROM test_unnest,
     unnest(mv_to_array(c_mv_complex)) AS u(c)
WHERE c IN ('',
            'my_null',
            'my_empty',
            '1',
            '-1',
            '0',
            '999',
            999)
  AND c NOT IN ('[2]',
                '[3, [4, 5]]',
                '2',
                '3',
                '999',
                999);
+----------+
| c        |
+----------+
| 1        |
| 1        |
| 1        |
| 1        |
| 1        |
| my_empty |
| my_empty |
| my_empty |
| my_empty |
| my_empty |
| my_null  |
| my_null  |
| my_null  |
| my_null  |
| my_null  |
+----------+
(15 rows)

!ok

#-------------------------------------------------------------------------
# TESTCASE: test_subquery_with_where TEST_ID: A1_B15_C3
#-------------------------------------------------------------------------
SELECT c
FROM
  (SELECT *
   FROM test_unnest,
        unnest(mv_to_array(c_mv_complex)) AS u(c)
   WHERE c IN ('',
               'my_null',
               'my_empty',
               '1',
               '-1',
               '0',
               '999',
               999)
     AND c NOT IN ('[2]',
                   '[3, [4, 5]]',
                   '2',
                   '3',
                   '999',
                   999));
+----------+
| c        |
+----------+
| 1        |
| 1        |
| 1        |
| 1        |
| 1        |
| my_empty |
| my_empty |
| my_empty |
| my_empty |
| my_empty |
| my_null  |
| my_null  |
| my_null  |
| my_null  |
| my_null  |
+----------+
(15 rows)

!ok

#-------------------------------------------------------------------------
# TESTCASE: test_subquery_with_where TEST_ID: A1_B15_C5
#-------------------------------------------------------------------------
SELECT c
FROM
  (SELECT *
   FROM test_unnest
   WHERE c IN ('',
               'my_null',
               'my_empty',
               '1',
               '-1',
               '0',
               '999',
               999)
     AND c NOT IN ('[2]',
                   '[3, [4, 5]]',
                   '2',
                   '3',
                   '999',
                   999)), unnest(mv_to_array(c_mv_complex)) AS u(c);
QueryInterruptedException
!error

#-------------------------------------------------------------------------
# TESTCASE: test_subquery_with_where TEST_ID: A1_B15_C7
#-------------------------------------------------------------------------
SELECT c
FROM
  (SELECT *
   FROM test_unnest,
        unnest(mv_to_array(c_mv_complex)) AS u(c))
WHERE c IN ('',
            'my_null',
            'my_empty',
            '1',
            '-1',
            '0',
            '999',
            999)
  AND c NOT IN ('[2]',
                '[3, [4, 5]]',
                '2',
                '3',
                '999',
                999);
+----------+
| c        |
+----------+
| 1        |
| 1        |
| 1        |
| 1        |
| 1        |
| my_empty |
| my_empty |
| my_empty |
| my_empty |
| my_empty |
| my_null  |
| my_null  |
| my_null  |
| my_null  |
| my_null  |
+----------+
(15 rows)

!ok

#-------------------------------------------------------------------------
# TESTCASE: test_subquery_with_where TEST_ID: A1_B15_C9
#-------------------------------------------------------------------------
SELECT c
FROM
  (SELECT *
   FROM test_unnest), unnest(mv_to_array(c_mv_complex)) AS u(c)
WHERE c IN ('',
            'my_null',
            'my_empty',
            '1',
            '-1',
            '0',
            '999',
            999)
  AND c NOT IN ('[2]',
                '[3, [4, 5]]',
                '2',
                '3',
                '999',
                999);
+----------+
| c        |
+----------+
| 1        |
| 1        |
| 1        |
| 1        |
| 1        |
| my_empty |
| my_empty |
| my_empty |
| my_empty |
| my_empty |
| my_null  |
| my_null  |
| my_null  |
| my_null  |
| my_null  |
+----------+
(15 rows)

!ok

#-------------------------------------------------------------------------
# TESTCASE: test_subquery_with_where TEST_ID: A1_B16_C1
#-------------------------------------------------------------------------
SELECT c
FROM test_unnest,
     unnest(mv_to_array(c_mv_complex)) AS u(c)
WHERE c IN
    (SELECT col
     FROM (
           VALUES(''),('my_null'),('my_empty'),('1'),('-1'),('0'),('999')) AS t(col))
  AND c NOT IN
    (SELECT col
     FROM (
           VALUES('[2]'),('[3, [4, 5]]'),('2'),('3'),('999')) AS t(col));
Unhandled Query Planning Failure
!error

#-------------------------------------------------------------------------
# TESTCASE: test_subquery_with_where TEST_ID: A1_B16_C3
#-------------------------------------------------------------------------
SELECT c
FROM
  (SELECT *
   FROM test_unnest,
        unnest(mv_to_array(c_mv_complex)) AS u(c)
   WHERE c IN
       (SELECT col
        FROM (
              VALUES(''),('my_null'),('my_empty'),('1'),('-1'),('0'),('999')) AS t(col))
     AND c NOT IN
       (SELECT col
        FROM (
              VALUES('[2]'),('[3, [4, 5]]'),('2'),('3'),('999')) AS t(col)));
Unhandled Query Planning Failure
!error

#-------------------------------------------------------------------------
# TESTCASE: test_subquery_with_where TEST_ID: A1_B16_C5
#-------------------------------------------------------------------------
SELECT c
FROM
  (SELECT *
   FROM test_unnest
   WHERE c IN
       (SELECT col
        FROM (
              VALUES(''),('my_null'),('my_empty'),('1'),('-1'),('0'),('999')) AS t(col))
     AND c NOT IN
       (SELECT col
        FROM (
              VALUES('[2]'),('[3, [4, 5]]'),('2'),('3'),('999')) AS t(col))), unnest(mv_to_array(c_mv_complex)) AS u(c);
QueryInterruptedException
!error

#-------------------------------------------------------------------------
# TESTCASE: test_subquery_with_where TEST_ID: A1_B16_C7
#-------------------------------------------------------------------------
SELECT c
FROM
  (SELECT *
   FROM test_unnest,
        unnest(mv_to_array(c_mv_complex)) AS u(c))
WHERE c IN
    (SELECT col
     FROM (
           VALUES(''),('my_null'),('my_empty'),('1'),('-1'),('0'),('999')) AS t(col))
  AND c NOT IN
    (SELECT col
     FROM (
           VALUES('[2]'),('[3, [4, 5]]'),('2'),('3'),('999')) AS t(col));
Unhandled Query Planning Failure
!error

#-------------------------------------------------------------------------
# TESTCASE: test_subquery_with_where TEST_ID: A1_B16_C9
#-------------------------------------------------------------------------
SELECT c
FROM
  (SELECT *
   FROM test_unnest), unnest(mv_to_array(c_mv_complex)) AS u(c)
WHERE c IN
    (SELECT col
     FROM (
           VALUES(''),('my_null'),('my_empty'),('1'),('-1'),('0'),('999')) AS t(col))
  AND c NOT IN
    (SELECT col
     FROM (
           VALUES('[2]'),('[3, [4, 5]]'),('2'),('3'),('999')) AS t(col));
Unhandled Query Planning Failure
!error

#-------------------------------------------------------------------------
# TESTCASE: test_subquery_with_where TEST_ID: A1_B17_C1
#-------------------------------------------------------------------------
SELECT c
FROM test_unnest,
     unnest(mv_to_array(c_mv_complex)) AS u(c)
WHERE c_long=1
  AND c='1';
+---+
| c |
+---+
| 1 |
+---+
(1 row)

!ok

#-------------------------------------------------------------------------
# TESTCASE: test_subquery_with_where TEST_ID: A1_B17_C3
#-------------------------------------------------------------------------
SELECT c
FROM
  (SELECT *
   FROM test_unnest,
        unnest(mv_to_array(c_mv_complex)) AS u(c)
   WHERE c_long=1
     AND c='1');
+---+
| c |
+---+
| 1 |
+---+
(1 row)

!ok

#-------------------------------------------------------------------------
# TESTCASE: test_subquery_with_where TEST_ID: A1_B17_C5
#-------------------------------------------------------------------------
SELECT c
FROM
  (SELECT *
   FROM test_unnest
   WHERE c_long=1
     AND c='1'), unnest(mv_to_array(c_mv_complex)) AS u(c);
QueryInterruptedException
!error

#-------------------------------------------------------------------------
# TESTCASE: test_subquery_with_where TEST_ID: A1_B17_C7
#-------------------------------------------------------------------------
SELECT c
FROM
  (SELECT *
   FROM test_unnest,
        unnest(mv_to_array(c_mv_complex)) AS u(c))
WHERE c_long=1
  AND c='1';
+---+
| c |
+---+
| 1 |
+---+
(1 row)

!ok

#-------------------------------------------------------------------------
# TESTCASE: test_subquery_with_where TEST_ID: A1_B17_C9
#-------------------------------------------------------------------------
SELECT c
FROM
  (SELECT *
   FROM test_unnest), unnest(mv_to_array(c_mv_complex)) AS u(c)
WHERE c_long=1
  AND c='1';
+---+
| c |
+---+
| 1 |
+---+
(1 row)

!ok

#-------------------------------------------------------------------------
# TESTCASE: test_subquery_with_where TEST_ID: A1_B18_C1
#-------------------------------------------------------------------------
SELECT c
FROM test_unnest,
     unnest(mv_to_array(c_mv_complex)) AS u(c)
WHERE c_long<>1
  AND c<>'1';
+-------------+
| c           |
+-------------+
| [2]         |
| [2]         |
| [2]         |
| [2]         |
| [3, [4, 5]] |
| [3, [4, 5]] |
| [3, [4, 5]] |
| [3, [4, 5]] |
| my_empty    |
| my_empty    |
| my_empty    |
| my_empty    |
| my_null     |
| my_null     |
| my_null     |
| my_null     |
+-------------+
(16 rows)

!ok

#-------------------------------------------------------------------------
# TESTCASE: test_subquery_with_where TEST_ID: A1_B18_C3
#-------------------------------------------------------------------------
SELECT c
FROM
  (SELECT *
   FROM test_unnest,
        unnest(mv_to_array(c_mv_complex)) AS u(c)
   WHERE c_long<>1
     AND c<>'1');
+-------------+
| c           |
+-------------+
| [2]         |
| [2]         |
| [2]         |
| [2]         |
| [3, [4, 5]] |
| [3, [4, 5]] |
| [3, [4, 5]] |
| [3, [4, 5]] |
| my_empty    |
| my_empty    |
| my_empty    |
| my_empty    |
| my_null     |
| my_null     |
| my_null     |
| my_null     |
+-------------+
(16 rows)

!ok

#-------------------------------------------------------------------------
# TESTCASE: test_subquery_with_where TEST_ID: A1_B18_C5
#-------------------------------------------------------------------------
SELECT c
FROM
  (SELECT *
   FROM test_unnest
   WHERE c_long<>1
     AND c<>'1'), unnest(mv_to_array(c_mv_complex)) AS u(c);
QueryInterruptedException
!error

#-------------------------------------------------------------------------
# TESTCASE: test_subquery_with_where TEST_ID: A1_B18_C7
#-------------------------------------------------------------------------
SELECT c
FROM
  (SELECT *
   FROM test_unnest,
        unnest(mv_to_array(c_mv_complex)) AS u(c))
WHERE c_long<>1
  AND c<>'1';
+-------------+
| c           |
+-------------+
| [2]         |
| [2]         |
| [2]         |
| [2]         |
| [3, [4, 5]] |
| [3, [4, 5]] |
| [3, [4, 5]] |
| [3, [4, 5]] |
| my_empty    |
| my_empty    |
| my_empty    |
| my_empty    |
| my_null     |
| my_null     |
| my_null     |
| my_null     |
+-------------+
(16 rows)

!ok

#-------------------------------------------------------------------------
# TESTCASE: test_subquery_with_where TEST_ID: A1_B18_C9
#-------------------------------------------------------------------------
SELECT c
FROM
  (SELECT *
   FROM test_unnest), unnest(mv_to_array(c_mv_complex)) AS u(c)
WHERE c_long<>1
  AND c<>'1';
+-------------+
| c           |
+-------------+
| [2]         |
| [2]         |
| [2]         |
| [2]         |
| [3, [4, 5]] |
| [3, [4, 5]] |
| [3, [4, 5]] |
| [3, [4, 5]] |
| my_empty    |
| my_empty    |
| my_empty    |
| my_empty    |
| my_null     |
| my_null     |
| my_null     |
| my_null     |
+-------------+
(16 rows)

!ok

#-------------------------------------------------------------------------
# TESTCASE: test_subquery_with_where TEST_ID: A1_B19_C1
#-------------------------------------------------------------------------
SELECT c
FROM test_unnest,
     unnest(mv_to_array(c_mv_complex)) AS u(c)
WHERE c_long>1
  AND c>'1';
+-------------+
| c           |
+-------------+
| [2]         |
| [2]         |
| [2]         |
| [3, [4, 5]] |
| [3, [4, 5]] |
| [3, [4, 5]] |
| my_empty    |
| my_empty    |
| my_empty    |
| my_null     |
| my_null     |
| my_null     |
+-------------+
(12 rows)

!ok

#-------------------------------------------------------------------------
# TESTCASE: test_subquery_with_where TEST_ID: A1_B19_C3
#-------------------------------------------------------------------------
SELECT c
FROM
  (SELECT *
   FROM test_unnest,
        unnest(mv_to_array(c_mv_complex)) AS u(c)
   WHERE c_long>1
     AND c>'1');
+-------------+
| c           |
+-------------+
| [2]         |
| [2]         |
| [2]         |
| [3, [4, 5]] |
| [3, [4, 5]] |
| [3, [4, 5]] |
| my_empty    |
| my_empty    |
| my_empty    |
| my_null     |
| my_null     |
| my_null     |
+-------------+
(12 rows)

!ok

#-------------------------------------------------------------------------
# TESTCASE: test_subquery_with_where TEST_ID: A1_B19_C5
#-------------------------------------------------------------------------
SELECT c
FROM
  (SELECT *
   FROM test_unnest
   WHERE c_long>1
     AND c>'1'), unnest(mv_to_array(c_mv_complex)) AS u(c);
QueryInterruptedException
!error

#-------------------------------------------------------------------------
# TESTCASE: test_subquery_with_where TEST_ID: A1_B19_C7
#-------------------------------------------------------------------------
SELECT c
FROM
  (SELECT *
   FROM test_unnest,
        unnest(mv_to_array(c_mv_complex)) AS u(c))
WHERE c_long>1
  AND c>'1';
+-------------+
| c           |
+-------------+
| [2]         |
| [2]         |
| [2]         |
| [3, [4, 5]] |
| [3, [4, 5]] |
| [3, [4, 5]] |
| my_empty    |
| my_empty    |
| my_empty    |
| my_null     |
| my_null     |
| my_null     |
+-------------+
(12 rows)

!ok

#-------------------------------------------------------------------------
# TESTCASE: test_subquery_with_where TEST_ID: A1_B19_C9
#-------------------------------------------------------------------------
SELECT c
FROM
  (SELECT *
   FROM test_unnest), unnest(mv_to_array(c_mv_complex)) AS u(c)
WHERE c_long>1
  AND c>'1';
+-------------+
| c           |
+-------------+
| [2]         |
| [2]         |
| [2]         |
| [3, [4, 5]] |
| [3, [4, 5]] |
| [3, [4, 5]] |
| my_empty    |
| my_empty    |
| my_empty    |
| my_null     |
| my_null     |
| my_null     |
+-------------+
(12 rows)

!ok

#-------------------------------------------------------------------------
# TESTCASE: test_subquery_with_where TEST_ID: A1_B20_C1
#-------------------------------------------------------------------------
SELECT c
FROM test_unnest,
     unnest(mv_to_array(c_mv_complex)) AS u(c)
WHERE c_long>=1
  AND c>='1';
+-------------+
| c           |
+-------------+
| 1           |
| 1           |
| 1           |
| 1           |
| [2]         |
| [2]         |
| [2]         |
| [2]         |
| [3, [4, 5]] |
| [3, [4, 5]] |
| [3, [4, 5]] |
| [3, [4, 5]] |
| my_empty    |
| my_empty    |
| my_empty    |
| my_empty    |
| my_null     |
| my_null     |
| my_null     |
| my_null     |
+-------------+
(20 rows)

!ok

#-------------------------------------------------------------------------
# TESTCASE: test_subquery_with_where TEST_ID: A1_B20_C3
#-------------------------------------------------------------------------
SELECT c
FROM
  (SELECT *
   FROM test_unnest,
        unnest(mv_to_array(c_mv_complex)) AS u(c)
   WHERE c_long>=1
     AND c>='1');
+-------------+
| c           |
+-------------+
| 1           |
| 1           |
| 1           |
| 1           |
| [2]         |
| [2]         |
| [2]         |
| [2]         |
| [3, [4, 5]] |
| [3, [4, 5]] |
| [3, [4, 5]] |
| [3, [4, 5]] |
| my_empty    |
| my_empty    |
| my_empty    |
| my_empty    |
| my_null     |
| my_null     |
| my_null     |
| my_null     |
+-------------+
(20 rows)

!ok

#-------------------------------------------------------------------------
# TESTCASE: test_subquery_with_where TEST_ID: A1_B20_C5
#-------------------------------------------------------------------------
SELECT c
FROM
  (SELECT *
   FROM test_unnest
   WHERE c_long>=1
     AND c>='1'), unnest(mv_to_array(c_mv_complex)) AS u(c);
QueryInterruptedException
!error

#-------------------------------------------------------------------------
# TESTCASE: test_subquery_with_where TEST_ID: A1_B20_C7
#-------------------------------------------------------------------------
SELECT c
FROM
  (SELECT *
   FROM test_unnest,
        unnest(mv_to_array(c_mv_complex)) AS u(c))
WHERE c_long>=1
  AND c>='1';
+-------------+
| c           |
+-------------+
| 1           |
| 1           |
| 1           |
| 1           |
| [2]         |
| [2]         |
| [2]         |
| [2]         |
| [3, [4, 5]] |
| [3, [4, 5]] |
| [3, [4, 5]] |
| [3, [4, 5]] |
| my_empty    |
| my_empty    |
| my_empty    |
| my_empty    |
| my_null     |
| my_null     |
| my_null     |
| my_null     |
+-------------+
(20 rows)

!ok

