!set useApproximateCountDistinct false
!use druidtest://?componentSupplier=AllDruidEnginesComponentSupplier&datasets=sql/src/test/quidem/qatests/qaUnnest/mv
!set outputformat mysql
#-------------------------------------------------------------------------
# TESTCASE: test_ops TEST_ID: SEL_DATASOURCE
#-------------------------------------------------------------------------
SELECT *
FROM test_unnest;
+-------------------------+-------+--------+---------+----------+------------------------------------------------+------------------------+--------------------------------------+----------------------------------+--------------------------------------+----------------------------------+-----------------------------+
| __time                  | c_str | c_long | c_float | c_double | c_mv_complex                                   | c_mv_num               | c_mv_complex_with_null_and_empty_val | c_mv_num_with_null_and_empty_val | c_mv_complex_with_null_and_empty_row | c_mv_num_with_null_and_empty_row | c_mv_all_null_and_empty_val |
+-------------------------+-------+--------+---------+----------+------------------------------------------------+------------------------+--------------------------------------+----------------------------------+--------------------------------------+----------------------------------+-----------------------------+
| 2022-01-01 00:00:00.000 |       |      1 |     0.1 |      0.1 | ["my_null","my_empty","1","[2]","[3, [4, 5]]"] | ["-1","0","1","2","3"] | [null,"","1","[2]","[3, [4, 5]]"]    | [null,"","1","2","3"]            |                                      |                                  | [null,"",null,"",null]      |
| 2022-01-01 00:00:00.000 | str2  |      2 |     0.2 |      0.2 | ["my_null","my_empty","1","[2]","[3, [4, 5]]"] | ["-1","0","1","2","3"] | [null,"","1","[2]","[3, [4, 5]]"]    | [null,"","1","2","3"]            | [null,"","1","[2]","[3, [4, 5]]"]    | [null,"","1","2","3"]            | [null,"",null,"",null]      |
| 2022-01-01 00:00:00.000 | str3  |      3 |     0.3 |      0.3 | ["my_null","my_empty","1","[2]","[3, [4, 5]]"] | ["-1","0","1","2","3"] | [null,"","1","[2]","[3, [4, 5]]"]    | [null,"","1","2","3"]            | [null,"","1","[2]","[3, [4, 5]]"]    | [null,"","1","2","3"]            | [null,"",null,"",null]      |
| 2022-01-01 00:00:00.000 | str4  |      4 |     0.4 |      0.4 | ["my_null","my_empty","1","[2]","[3, [4, 5]]"] | ["-1","0","1","2","3"] | [null,"","1","[2]","[3, [4, 5]]"]    | [null,"","1","2","3"]            | [null,"","1","[2]","[3, [4, 5]]"]    | [null,"","1","2","3"]            | [null,"",null,"",null]      |
| 2022-01-01 00:00:00.000 |       |      0 |     0.0 |      0.0 | ["my_null","my_empty","1","[2]","[3, [4, 5]]"] | ["-1","0","1","2","3"] | [null,"","1","[2]","[3, [4, 5]]"]    | [null,"","1","2","3"]            |                                      |                                  | [null,"",null,"",null]      |
+-------------------------+-------+--------+---------+----------+------------------------------------------------+------------------------+--------------------------------------+----------------------------------+--------------------------------------+----------------------------------+-----------------------------+
(5 rows)

!ok

#-------------------------------------------------------------------------
# TESTCASE: test_ops TEST_ID: A1_B1_C1
#-------------------------------------------------------------------------
SELECT (c+c) AS col
FROM test_unnest,
     unnest(mv_to_array(c_mv_num_with_null_and_empty_val)) AS u(c)
WHERE c_long IN (0,
                 1,
                 2)
  AND (c+c) IN (0,
                2,
                4,
                6);
+-----+
| col |
+-----+
| 2.0 |
| 2.0 |
| 2.0 |
| 4.0 |
| 4.0 |
| 4.0 |
| 6.0 |
| 6.0 |
| 6.0 |
+-----+
(9 rows)

!ok

#-------------------------------------------------------------------------
# TESTCASE: test_ops TEST_ID: A1_B1_C2
#-------------------------------------------------------------------------
SELECT (c+c_long) AS col
FROM test_unnest,
     unnest(mv_to_array(c_mv_num_with_null_and_empty_val)) AS u(c)
WHERE c_long IN (0,
                 1,
                 2);
+-----+
| col |
+-----+
|   1 |
|   2 |
|   2 |
|   3 |
|   3 |
|   3 |
|   4 |
|   4 |
|   5 |
|     |
|     |
|     |
|     |
|     |
|     |
+-----+
(15 rows)

!ok

#-------------------------------------------------------------------------
# TESTCASE: test_ops TEST_ID: A1_B2_C1
#-------------------------------------------------------------------------
SELECT (c-c) AS col
FROM test_unnest,
     unnest(mv_to_array(c_mv_num_with_null_and_empty_val)) AS u(c)
WHERE c_long IN (0,
                 1,
                 2)
  AND (c-c)=0;
+-----+
| col |
+-----+
| 0.0 |
| 0.0 |
| 0.0 |
| 0.0 |
| 0.0 |
| 0.0 |
| 0.0 |
| 0.0 |
| 0.0 |
+-----+
(9 rows)

!ok

#-------------------------------------------------------------------------
# TESTCASE: test_ops TEST_ID: A1_B2_C2
#-------------------------------------------------------------------------
SELECT (c-c_long) AS col
FROM test_unnest,
     unnest(mv_to_array(c_mv_num_with_null_and_empty_val)) AS u(c)
WHERE c_long IN (0,
                 1,
                 2);
+-----+
| col |
+-----+
|  -1 |
|   0 |
|   0 |
|   1 |
|   1 |
|   1 |
|   2 |
|   2 |
|   3 |
|     |
|     |
|     |
|     |
|     |
|     |
+-----+
(15 rows)

!ok

#-------------------------------------------------------------------------
# TESTCASE: test_ops TEST_ID: A1_B3_C1
#-------------------------------------------------------------------------
SELECT (c*c) AS col
FROM test_unnest,
     unnest(mv_to_array(c_mv_num_with_null_and_empty_val)) AS u(c)
WHERE c_long IN (0,
                 1,
                 2)
  AND (c*c) IN (0,
                1,
                4,
                9);
+-----+
| col |
+-----+
| 1.0 |
| 1.0 |
| 1.0 |
| 4.0 |
| 4.0 |
| 4.0 |
| 9.0 |
| 9.0 |
| 9.0 |
+-----+
(9 rows)

!ok

#-------------------------------------------------------------------------
# TESTCASE: test_ops TEST_ID: A1_B3_C2
#-------------------------------------------------------------------------
SELECT (c*c_long) AS col
FROM test_unnest,
     unnest(mv_to_array(c_mv_num_with_null_and_empty_val)) AS u(c)
WHERE c_long IN (0,
                 1,
                 2);
+-----+
| col |
+-----+
|   0 |
|   0 |
|   0 |
|   1 |
|   2 |
|   2 |
|   3 |
|   4 |
|   6 |
|     |
|     |
|     |
|     |
|     |
|     |
+-----+
(15 rows)

!ok

#-------------------------------------------------------------------------
# TESTCASE: test_ops TEST_ID: A1_B4_C1
#-------------------------------------------------------------------------
SELECT (c/c) AS col
FROM test_unnest,
     unnest(mv_to_array(c_mv_num_with_null_and_empty_val)) AS u(c)
WHERE c_long IN (0,
                 1,
                 2)
  AND (c/c)=1;
+-----+
| col |
+-----+
| 1.0 |
| 1.0 |
| 1.0 |
| 1.0 |
| 1.0 |
| 1.0 |
| 1.0 |
| 1.0 |
| 1.0 |
+-----+
(9 rows)

!ok

#-------------------------------------------------------------------------
# TESTCASE: test_ops TEST_ID: A1_B4_C2
#-------------------------------------------------------------------------
SELECT (c/c_long) AS col
FROM test_unnest,
     unnest(mv_to_array(c_mv_num_with_null_and_empty_val)) AS u(c)
WHERE c_long IN (1,
                 2);
+-----+
| col |
+-----+
|   0 |
|   1 |
|   1 |
|   1 |
|   2 |
|   3 |
|     |
|     |
|     |
|     |
+-----+
(10 rows)

!ok

#-------------------------------------------------------------------------
# TESTCASE: test_ops TEST_ID: A2_B1_C1
#-------------------------------------------------------------------------
SELECT (c||c) AS col
FROM test_unnest,
     unnest(mv_to_array(c_mv_num_with_null_and_empty_val)) AS u(c)
WHERE c_long IN (0,
                 1,
                 2)
  AND (c||c) IN ('',
                 '11',
                 '22',
                 '33');
+-----+
| col |
+-----+
|     |
|     |
|     |
| 11  |
| 11  |
| 11  |
| 22  |
| 22  |
| 22  |
| 33  |
| 33  |
| 33  |
+-----+
(12 rows)

!ok

#-------------------------------------------------------------------------
# TESTCASE: test_ops TEST_ID: A2_B1_C2
#-------------------------------------------------------------------------
SELECT (c||c_long) AS col
FROM test_unnest,
     unnest(mv_to_array(c_mv_num_with_null_and_empty_val)) AS u(c)
WHERE c_long IN (0,
                 1,
                 2)
  AND (c||c_long) IN ('0',
                      '10',
                      '20',
                      '30',
                      '1',
                      '11',
                      '21',
                      '31',
                      '2',
                      '12',
                      '22',
                      '32');
+-----+
| col |
+-----+
| 0   |
| 1   |
| 10  |
| 11  |
| 12  |
| 2   |
| 20  |
| 21  |
| 22  |
| 30  |
| 31  |
| 32  |
+-----+
(12 rows)

!ok

