!set sqlJoinAlgorithm sortMerge
!set useApproximateCountDistinct false
!use druidtest://?componentSupplier=StandardMSQComponentSupplier&datasets=sql/src/test/quidem/qatests/qaUnnest/mv
!set outputformat mysql
#-------------------------------------------------------------------------
# TESTCASE: test_join TEST_ID: A4_B7
#-------------------------------------------------------------------------
SELECT t1.c_str,
       t1.c_long,
       c
FROM test_unnest t1
RIGHT JOIN
  (SELECT *
   FROM test_unnest,
        unnest(mv_to_array(c_mv_num_with_null_and_empty_val)) AS u(c)) t2 ON t2.c=cast(t1.c_long AS char)
WHERE t1.c_long IN (0,
                    1,
                    2,
                    999)
  AND t2.c_long IN (0,
                    1,
                    2,
                    999);
+-------+--------+---+
| c_str | c_long | c |
+-------+--------+---+
|       |      1 | 1 |
|       |      1 | 1 |
|       |      1 | 1 |
| str2  |      2 | 2 |
| str2  |      2 | 2 |
| str2  |      2 | 2 |
+-------+--------+---+
(6 rows)

!ok

#-------------------------------------------------------------------------
# TESTCASE: test_join TEST_ID: A4_B8
#-------------------------------------------------------------------------
WITH t1 AS
  (SELECT *
   FROM test_unnest,
        unnest(mv_to_array(c_mv_num_with_null_and_empty_val)) AS u(c))
SELECT t1.c_str,
       t1.c_long,
       c
FROM t1
RIGHT JOIN test_unnest t2 ON t1.c_long=t2.c_long
WHERE t1.c_long IN (0,
                    1,
                    2,
                    999)
  AND t2.c_long IN (0,
                    1,
                    2,
                    999);
+-------+--------+---+
| c_str | c_long | c |
+-------+--------+---+
|       |      1 |   |
|       |      1 | 1 |
|       |      1 | 2 |
|       |      1 | 3 |
|       |      1 |   |
| str2  |      2 |   |
| str2  |      2 | 1 |
| str2  |      2 | 2 |
| str2  |      2 | 3 |
| str2  |      2 |   |
|       |      0 |   |
|       |      0 | 1 |
|       |      0 | 2 |
|       |      0 | 3 |
|       |      0 |   |
+-------+--------+---+
(15 rows)

!ok

#-------------------------------------------------------------------------
# TESTCASE: test_join TEST_ID: A4_B9
#-------------------------------------------------------------------------
WITH t1 AS
  (SELECT *
   FROM test_unnest,
        unnest(mv_to_array(c_mv_num_with_null_and_empty_val)) AS u(c))
SELECT t1.c_str,
       t1.c_long,
       c
FROM t1
RIGHT JOIN test_unnest t2 ON t1.c=cast(t2.c_long AS char)
WHERE t1.c_long IN (0,
                    1,
                    2,
                    999)
  AND t2.c_long IN (0,
                    1,
                    2,
                    999);
+-------+--------+---+
| c_str | c_long | c |
+-------+--------+---+
|       |      1 | 1 |
|       |      1 | 2 |
| str2  |      2 | 1 |
| str2  |      2 | 2 |
|       |      0 | 1 |
|       |      0 | 2 |
+-------+--------+---+
(6 rows)

!ok

#-------------------------------------------------------------------------
# TESTCASE: test_join TEST_ID: A4_B10
#-------------------------------------------------------------------------
WITH t2 AS
  (SELECT *
   FROM test_unnest,
        unnest(mv_to_array(c_mv_num_with_null_and_empty_val)) AS u(c))
SELECT t1.c_str,
       t1.c_long,
       c
FROM test_unnest t1
RIGHT JOIN t2 ON t2.c_long=t1.c_long
WHERE t1.c_long IN (0,
                    1,
                    2,
                    999)
  AND t2.c_long IN (0,
                    1,
                    2,
                    999);
+-------+--------+---+
| c_str | c_long | c |
+-------+--------+---+
|       |      1 |   |
|       |      1 | 1 |
|       |      1 | 2 |
|       |      1 | 3 |
|       |      1 |   |
| str2  |      2 |   |
| str2  |      2 | 1 |
| str2  |      2 | 2 |
| str2  |      2 | 3 |
| str2  |      2 |   |
|       |      0 |   |
|       |      0 | 1 |
|       |      0 | 2 |
|       |      0 | 3 |
|       |      0 |   |
+-------+--------+---+
(15 rows)

!ok

#-------------------------------------------------------------------------
# TESTCASE: test_join TEST_ID: A4_B11
#-------------------------------------------------------------------------
WITH t2 AS
  (SELECT *
   FROM test_unnest,
        unnest(mv_to_array(c_mv_num_with_null_and_empty_val)) AS u(c))
SELECT t1.c_str,
       t1.c_long,
       c
FROM test_unnest t1
RIGHT JOIN t2 ON t2.c=cast(t1.c_long AS char)
WHERE t1.c_long IN (0,
                    1,
                    2,
                    999)
  AND t2.c_long IN (0,
                    1,
                    2,
                    999);
+-------+--------+---+
| c_str | c_long | c |
+-------+--------+---+
|       |      1 | 1 |
|       |      1 | 1 |
|       |      1 | 1 |
| str2  |      2 | 2 |
| str2  |      2 | 2 |
| str2  |      2 | 2 |
+-------+--------+---+
(6 rows)

!ok

#-------------------------------------------------------------------------
# TESTCASE: test_join TEST_ID: A4_B12
#-------------------------------------------------------------------------
SELECT t1.c_str,
       t1.c_long,
       c
FROM test_unnest t1,
     unnest(mv_to_array(c_mv_num_with_null_and_empty_val)) AS u(c)
RIGHT JOIN test_unnest t2,
           unnest(mv_to_array(c_mv_num_with_null_and_empty_val)) AS u(c) ON t1.c_long=t2.c_long
WHERE t1.c_long IN (0,
                    1,
                    2,
                    999)
  AND t2.c_long IN (0,
                    1,
                    2,
                    999);
QueryInterruptedException
!error

#-------------------------------------------------------------------------
# TESTCASE: test_join TEST_ID: A4_B13
#-------------------------------------------------------------------------
SELECT t1.c_str,
       t1.c_long,
       c
FROM test_unnest t1,
     unnest(mv_to_array(c_mv_num_with_null_and_empty_val)) AS u(c)
RIGHT JOIN test_unnest t2,
           unnest(mv_to_array(c_mv_num_with_null_and_empty_val)) AS u(c) ON t1.c=cast(t2.c_long AS char)
WHERE t1.c_long IN (0,
                    1,
                    2,
                    999)
  AND t2.c_long IN (0,
                    1,
                    2,
                    999);
QueryInterruptedException
!error

#-------------------------------------------------------------------------
# TESTCASE: test_join TEST_ID: A4_B14
#-------------------------------------------------------------------------
SELECT t1.c_str,
       t1.c_long,
       c
FROM test_unnest t1,
     unnest(mv_to_array(c_mv_num_with_null_and_empty_val)) AS u(c)
RIGHT JOIN test_unnest t2,
           unnest(mv_to_array(c_mv_num_with_null_and_empty_val)) AS u(c) ON cast(t1.c_long AS char)=t2.c
WHERE t1.c_long IN (0,
                    1,
                    2,
                    999)
  AND t2.c_long IN (0,
                    1,
                    2,
                    999);
QueryInterruptedException
!error

#-------------------------------------------------------------------------
# TESTCASE: test_join TEST_ID: A4_B15
#-------------------------------------------------------------------------
SELECT t1.c_str,
       t1.c_long,
       c
FROM test_unnest t1,
     unnest(mv_to_array(c_mv_num_with_null_and_empty_val)) AS u(c)
RIGHT JOIN test_unnest t2,
           unnest(mv_to_array(c_mv_num_with_null_and_empty_val)) AS u(c) ON t1.c=t2.c
WHERE t1.c_long IN (0,
                    1,
                    2,
                    999)
  AND t2.c_long IN (0,
                    1,
                    2,
                    999);
QueryInterruptedException
!error

#-------------------------------------------------------------------------
# TESTCASE: test_join TEST_ID: A4_B16
#-------------------------------------------------------------------------
SELECT t1.c_str,
       t1.c_long,
       c
FROM test_unnest t1,
     unnest(mv_to_array(c_mv_num_with_null_and_empty_val)) AS u(c)
RIGHT JOIN test_unnest,
           unnest(mv_to_array(c_mv_num_with_null_and_empty_val)) t2 AS u(c) ON t1.c_long=t2.c_long
WHERE t1.c_long IN (0,
                    1,
                    2,
                    999)
  AND t2.c_long IN (0,
                    1,
                    2,
                    999);
QueryInterruptedException
!error

#-------------------------------------------------------------------------
# TESTCASE: test_join TEST_ID: A4_B17
#-------------------------------------------------------------------------
SELECT t1.c_str,
       t1.c_long,
       c
FROM test_unnest t1,
     unnest(mv_to_array(c_mv_num_with_null_and_empty_val)) AS u(c)
RIGHT JOIN test_unnest,
           unnest(mv_to_array(c_mv_num_with_null_and_empty_val)) t2 AS u(c) ON t1.c=cast(t2.c_long AS char)
WHERE t1.c_long IN (0,
                    1,
                    2,
                    999)
  AND t2.c_long IN (0,
                    1,
                    2,
                    999);
QueryInterruptedException
!error

#-------------------------------------------------------------------------
# TESTCASE: test_join TEST_ID: A4_B18
#-------------------------------------------------------------------------
SELECT t1.c_str,
       t1.c_long,
       c
FROM test_unnest t1,
     unnest(mv_to_array(c_mv_num_with_null_and_empty_val)) AS u(c)
RIGHT JOIN test_unnest,
           unnest(mv_to_array(c_mv_num_with_null_and_empty_val)) t2 AS u(c) ON cast(t1.c_long AS char)=t2.c
WHERE t1.c_long IN (0,
                    1,
                    2,
                    999)
  AND t2.c_long IN (0,
                    1,
                    2,
                    999);
QueryInterruptedException
!error

#-------------------------------------------------------------------------
# TESTCASE: test_join TEST_ID: A4_B19
#-------------------------------------------------------------------------
SELECT t1.c_str,
       t1.c_long,
       c
FROM test_unnest t1,
     unnest(mv_to_array(c_mv_num_with_null_and_empty_val)) AS u(c)
RIGHT JOIN test_unnest,
           unnest(mv_to_array(c_mv_num_with_null_and_empty_val)) t2 AS u(c) ON t1.c=t2.c
WHERE t1.c_long IN (0,
                    1,
                    2,
                    999)
  AND t2.c_long IN (0,
                    1,
                    2,
                    999);
QueryInterruptedException
!error

#-------------------------------------------------------------------------
# TESTCASE: test_join TEST_ID: A4_B20
#-------------------------------------------------------------------------
SELECT t1.c_str,
       t1.c_long,
       t1.c
FROM
  (SELECT *
   FROM test_unnest,
        unnest(mv_to_array(c_mv_num_with_null_and_empty_val)) AS u(c)) t1
RIGHT JOIN
  (SELECT *
   FROM test_unnest,
        unnest(mv_to_array(c_mv_num_with_null_and_empty_val)) AS u(c)) t2 ON t1.c_long=t2.c_long
WHERE t1.c_long IN (0,
                    1,
                    2,
                    999)
  AND t2.c_long IN (0,
                    1,
                    2,
                    999);
+-------+--------+---+
| c_str | c_long | c |
+-------+--------+---+
|       |      1 |   |
|       |      1 |   |
|       |      1 |   |
|       |      1 |   |
|       |      1 |   |
|       |      1 | 1 |
|       |      1 | 1 |
|       |      1 | 1 |
|       |      1 | 1 |
|       |      1 | 1 |
|       |      1 | 2 |
|       |      1 | 2 |
|       |      1 | 2 |
|       |      1 | 2 |
|       |      1 | 2 |
|       |      1 | 3 |
|       |      1 | 3 |
|       |      1 | 3 |
|       |      1 | 3 |
|       |      1 | 3 |
|       |      1 |   |
|       |      1 |   |
|       |      1 |   |
|       |      1 |   |
|       |      1 |   |
| str2  |      2 |   |
| str2  |      2 |   |
| str2  |      2 |   |
| str2  |      2 |   |
| str2  |      2 |   |
| str2  |      2 | 1 |
| str2  |      2 | 1 |
| str2  |      2 | 1 |
| str2  |      2 | 1 |
| str2  |      2 | 1 |
| str2  |      2 | 2 |
| str2  |      2 | 2 |
| str2  |      2 | 2 |
| str2  |      2 | 2 |
| str2  |      2 | 2 |
| str2  |      2 | 3 |
| str2  |      2 | 3 |
| str2  |      2 | 3 |
| str2  |      2 | 3 |
| str2  |      2 | 3 |
| str2  |      2 |   |
| str2  |      2 |   |
| str2  |      2 |   |
| str2  |      2 |   |
| str2  |      2 |   |
|       |      0 |   |
|       |      0 |   |
|       |      0 |   |
|       |      0 |   |
|       |      0 |   |
|       |      0 | 1 |
|       |      0 | 1 |
|       |      0 | 1 |
|       |      0 | 1 |
|       |      0 | 1 |
|       |      0 | 2 |
|       |      0 | 2 |
|       |      0 | 2 |
|       |      0 | 2 |
|       |      0 | 2 |
|       |      0 | 3 |
|       |      0 | 3 |
|       |      0 | 3 |
|       |      0 | 3 |
|       |      0 | 3 |
|       |      0 |   |
|       |      0 |   |
|       |      0 |   |
|       |      0 |   |
|       |      0 |   |
+-------+--------+---+
(75 rows)

!ok

#-------------------------------------------------------------------------
# TESTCASE: test_join TEST_ID: A4_B21
#-------------------------------------------------------------------------
SELECT t1.c_str,
       t1.c_long,
       t1.c
FROM
  (SELECT *
   FROM test_unnest,
        unnest(mv_to_array(c_mv_num_with_null_and_empty_val)) AS u(c)) t1
RIGHT JOIN
  (SELECT *
   FROM test_unnest,
        unnest(mv_to_array(c_mv_num_with_null_and_empty_val)) AS u(c)) t2 ON t1.c=cast(t2.c_long AS char)
WHERE t1.c_long IN (0,
                    1,
                    2,
                    999)
  AND t2.c_long IN (0,
                    1,
                    2,
                    999);
+-------+--------+---+
| c_str | c_long | c |
+-------+--------+---+
|       |      1 | 1 |
|       |      1 | 1 |
|       |      1 | 1 |
|       |      1 | 1 |
|       |      1 | 1 |
|       |      1 | 2 |
|       |      1 | 2 |
|       |      1 | 2 |
|       |      1 | 2 |
|       |      1 | 2 |
| str2  |      2 | 1 |
| str2  |      2 | 1 |
| str2  |      2 | 1 |
| str2  |      2 | 1 |
| str2  |      2 | 1 |
| str2  |      2 | 2 |
| str2  |      2 | 2 |
| str2  |      2 | 2 |
| str2  |      2 | 2 |
| str2  |      2 | 2 |
|       |      0 | 1 |
|       |      0 | 1 |
|       |      0 | 1 |
|       |      0 | 1 |
|       |      0 | 1 |
|       |      0 | 2 |
|       |      0 | 2 |
|       |      0 | 2 |
|       |      0 | 2 |
|       |      0 | 2 |
+-------+--------+---+
(30 rows)

!ok

#-------------------------------------------------------------------------
# TESTCASE: test_join TEST_ID: A4_B22
#-------------------------------------------------------------------------
SELECT t1.c_str,
       t1.c_long,
       t1.c
FROM
  (SELECT *
   FROM test_unnest,
        unnest(mv_to_array(c_mv_num_with_null_and_empty_val)) AS u(c)) t1
RIGHT JOIN
  (SELECT *
   FROM test_unnest,
        unnest(mv_to_array(c_mv_num_with_null_and_empty_val)) AS u(c)) t2 ON t1.c_long=t2.c
WHERE t1.c_long IN (0,
                    1,
                    2,
                    999)
  AND t2.c_long IN (0,
                    1,
                    2,
                    999);
+-------+--------+---+
| c_str | c_long | c |
+-------+--------+---+
|       |      1 |   |
|       |      1 |   |
|       |      1 |   |
|       |      1 | 1 |
|       |      1 | 1 |
|       |      1 | 1 |
|       |      1 | 2 |
|       |      1 | 2 |
|       |      1 | 2 |
|       |      1 | 3 |
|       |      1 | 3 |
|       |      1 | 3 |
|       |      1 |   |
|       |      1 |   |
|       |      1 |   |
| str2  |      2 |   |
| str2  |      2 |   |
| str2  |      2 |   |
| str2  |      2 | 1 |
| str2  |      2 | 1 |
| str2  |      2 | 1 |
| str2  |      2 | 2 |
| str2  |      2 | 2 |
| str2  |      2 | 2 |
| str2  |      2 | 3 |
| str2  |      2 | 3 |
| str2  |      2 | 3 |
| str2  |      2 |   |
| str2  |      2 |   |
| str2  |      2 |   |
+-------+--------+---+
(30 rows)

!ok

#-------------------------------------------------------------------------
# TESTCASE: test_join TEST_ID: A4_B23
#-------------------------------------------------------------------------
SELECT t1.c_str,
       t1.c_long,
       t1.c
FROM
  (SELECT *
   FROM test_unnest,
        unnest(mv_to_array(c_mv_num_with_null_and_empty_val)) AS u(c)) t1
RIGHT JOIN
  (SELECT *
   FROM test_unnest,
        unnest(mv_to_array(c_mv_num_with_null_and_empty_val)) AS u(c)) t2 ON t1.c=t2.c
WHERE t1.c_long IN (0,
                    1,
                    2,
                    999)
  AND t2.c_long IN (0,
                    1,
                    2,
                    999);
+-------+--------+---+
| c_str | c_long | c |
+-------+--------+---+
|       |      1 |   |
|       |      1 |   |
|       |      1 |   |
|       |      1 | 1 |
|       |      1 | 1 |
|       |      1 | 1 |
|       |      1 | 2 |
|       |      1 | 2 |
|       |      1 | 2 |
|       |      1 | 3 |
|       |      1 | 3 |
|       |      1 | 3 |
| str2  |      2 |   |
| str2  |      2 |   |
| str2  |      2 |   |
| str2  |      2 | 1 |
| str2  |      2 | 1 |
| str2  |      2 | 1 |
| str2  |      2 | 2 |
| str2  |      2 | 2 |
| str2  |      2 | 2 |
| str2  |      2 | 3 |
| str2  |      2 | 3 |
| str2  |      2 | 3 |
|       |      0 |   |
|       |      0 |   |
|       |      0 |   |
|       |      0 | 1 |
|       |      0 | 1 |
|       |      0 | 1 |
|       |      0 | 2 |
|       |      0 | 2 |
|       |      0 | 2 |
|       |      0 | 3 |
|       |      0 | 3 |
|       |      0 | 3 |
+-------+--------+---+
(36 rows)

!ok

#-------------------------------------------------------------------------
# TESTCASE: test_join TEST_ID: A4_B24
#-------------------------------------------------------------------------
WITH t1 AS
  (SELECT *
   FROM test_unnest,
        unnest(mv_to_array(c_mv_num_with_null_and_empty_val)) AS u(c))
SELECT t1.c_str,
       t1.c_long,
       t1.c
FROM t1
RIGHT JOIN
  (SELECT *
   FROM test_unnest,
        unnest(mv_to_array(c_mv_num_with_null_and_empty_val)) AS u(c)) t2 ON t1.c_long=t2.c_long
WHERE t1.c_long IN (0,
                    1,
                    2,
                    999)
  AND t2.c_long IN (0,
                    1,
                    2,
                    999);
+-------+--------+---+
| c_str | c_long | c |
+-------+--------+---+
|       |      1 |   |
|       |      1 |   |
|       |      1 |   |
|       |      1 |   |
|       |      1 |   |
|       |      1 | 1 |
|       |      1 | 1 |
|       |      1 | 1 |
|       |      1 | 1 |
|       |      1 | 1 |
|       |      1 | 2 |
|       |      1 | 2 |
|       |      1 | 2 |
|       |      1 | 2 |
|       |      1 | 2 |
|       |      1 | 3 |
|       |      1 | 3 |
|       |      1 | 3 |
|       |      1 | 3 |
|       |      1 | 3 |
|       |      1 |   |
|       |      1 |   |
|       |      1 |   |
|       |      1 |   |
|       |      1 |   |
| str2  |      2 |   |
| str2  |      2 |   |
| str2  |      2 |   |
| str2  |      2 |   |
| str2  |      2 |   |
| str2  |      2 | 1 |
| str2  |      2 | 1 |
| str2  |      2 | 1 |
| str2  |      2 | 1 |
| str2  |      2 | 1 |
| str2  |      2 | 2 |
| str2  |      2 | 2 |
| str2  |      2 | 2 |
| str2  |      2 | 2 |
| str2  |      2 | 2 |
| str2  |      2 | 3 |
| str2  |      2 | 3 |
| str2  |      2 | 3 |
| str2  |      2 | 3 |
| str2  |      2 | 3 |
| str2  |      2 |   |
| str2  |      2 |   |
| str2  |      2 |   |
| str2  |      2 |   |
| str2  |      2 |   |
|       |      0 |   |
|       |      0 |   |
|       |      0 |   |
|       |      0 |   |
|       |      0 |   |
|       |      0 | 1 |
|       |      0 | 1 |
|       |      0 | 1 |
|       |      0 | 1 |
|       |      0 | 1 |
|       |      0 | 2 |
|       |      0 | 2 |
|       |      0 | 2 |
|       |      0 | 2 |
|       |      0 | 2 |
|       |      0 | 3 |
|       |      0 | 3 |
|       |      0 | 3 |
|       |      0 | 3 |
|       |      0 | 3 |
|       |      0 |   |
|       |      0 |   |
|       |      0 |   |
|       |      0 |   |
|       |      0 |   |
+-------+--------+---+
(75 rows)

!ok

#-------------------------------------------------------------------------
# TESTCASE: test_join TEST_ID: A4_B25
#-------------------------------------------------------------------------
WITH t1 AS
  (SELECT *
   FROM test_unnest,
        unnest(mv_to_array(c_mv_num_with_null_and_empty_val)) AS u(c))
SELECT t1.c_str,
       t1.c_long,
       t1.c
FROM t1
RIGHT JOIN
  (SELECT *
   FROM test_unnest,
        unnest(mv_to_array(c_mv_num_with_null_and_empty_val)) AS u(c)) t2 ON t1.c=cast(t2.c_long AS char)
WHERE t1.c_long IN (0,
                    1,
                    2,
                    999)
  AND t2.c_long IN (0,
                    1,
                    2,
                    999);
+-------+--------+---+
| c_str | c_long | c |
+-------+--------+---+
|       |      1 | 1 |
|       |      1 | 1 |
|       |      1 | 1 |
|       |      1 | 1 |
|       |      1 | 1 |
|       |      1 | 2 |
|       |      1 | 2 |
|       |      1 | 2 |
|       |      1 | 2 |
|       |      1 | 2 |
| str2  |      2 | 1 |
| str2  |      2 | 1 |
| str2  |      2 | 1 |
| str2  |      2 | 1 |
| str2  |      2 | 1 |
| str2  |      2 | 2 |
| str2  |      2 | 2 |
| str2  |      2 | 2 |
| str2  |      2 | 2 |
| str2  |      2 | 2 |
|       |      0 | 1 |
|       |      0 | 1 |
|       |      0 | 1 |
|       |      0 | 1 |
|       |      0 | 1 |
|       |      0 | 2 |
|       |      0 | 2 |
|       |      0 | 2 |
|       |      0 | 2 |
|       |      0 | 2 |
+-------+--------+---+
(30 rows)

!ok

#-------------------------------------------------------------------------
# TESTCASE: test_join TEST_ID: A4_B26
#-------------------------------------------------------------------------
WITH t1 AS
  (SELECT *
   FROM test_unnest,
        unnest(mv_to_array(c_mv_num_with_null_and_empty_val)) AS u(c))
SELECT t1.c_str,
       t1.c_long,
       t1.c
FROM t1
RIGHT JOIN
  (SELECT *
   FROM test_unnest,
        unnest(mv_to_array(c_mv_num_with_null_and_empty_val)) AS u(c)) t2 ON t1.c_long=t2.c
WHERE t1.c_long IN (0,
                    1,
                    2,
                    999)
  AND t2.c_long IN (0,
                    1,
                    2,
                    999);
+-------+--------+---+
| c_str | c_long | c |
+-------+--------+---+
|       |      1 |   |
|       |      1 |   |
|       |      1 |   |
|       |      1 | 1 |
|       |      1 | 1 |
|       |      1 | 1 |
|       |      1 | 2 |
|       |      1 | 2 |
|       |      1 | 2 |
|       |      1 | 3 |
|       |      1 | 3 |
|       |      1 | 3 |
|       |      1 |   |
|       |      1 |   |
|       |      1 |   |
| str2  |      2 |   |
| str2  |      2 |   |
| str2  |      2 |   |
| str2  |      2 | 1 |
| str2  |      2 | 1 |
| str2  |      2 | 1 |
| str2  |      2 | 2 |
| str2  |      2 | 2 |
| str2  |      2 | 2 |
| str2  |      2 | 3 |
| str2  |      2 | 3 |
| str2  |      2 | 3 |
| str2  |      2 |   |
| str2  |      2 |   |
| str2  |      2 |   |
+-------+--------+---+
(30 rows)

!ok

#-------------------------------------------------------------------------
# TESTCASE: test_join TEST_ID: A4_B27
#-------------------------------------------------------------------------
WITH t1 AS
  (SELECT *
   FROM test_unnest,
        unnest(mv_to_array(c_mv_num_with_null_and_empty_val)) AS u(c))
SELECT t1.c_str,
       t1.c_long,
       t1.c
FROM t1
RIGHT JOIN
  (SELECT *
   FROM test_unnest,
        unnest(mv_to_array(c_mv_num_with_null_and_empty_val)) AS u(c)) t2 ON t1.c=t2.c
WHERE t1.c_long IN (0,
                    1,
                    2,
                    999)
  AND t2.c_long IN (0,
                    1,
                    2,
                    999);
+-------+--------+---+
| c_str | c_long | c |
+-------+--------+---+
|       |      1 |   |
|       |      1 |   |
|       |      1 |   |
|       |      1 | 1 |
|       |      1 | 1 |
|       |      1 | 1 |
|       |      1 | 2 |
|       |      1 | 2 |
|       |      1 | 2 |
|       |      1 | 3 |
|       |      1 | 3 |
|       |      1 | 3 |
| str2  |      2 |   |
| str2  |      2 |   |
| str2  |      2 |   |
| str2  |      2 | 1 |
| str2  |      2 | 1 |
| str2  |      2 | 1 |
| str2  |      2 | 2 |
| str2  |      2 | 2 |
| str2  |      2 | 2 |
| str2  |      2 | 3 |
| str2  |      2 | 3 |
| str2  |      2 | 3 |
|       |      0 |   |
|       |      0 |   |
|       |      0 |   |
|       |      0 | 1 |
|       |      0 | 1 |
|       |      0 | 1 |
|       |      0 | 2 |
|       |      0 | 2 |
|       |      0 | 2 |
|       |      0 | 3 |
|       |      0 | 3 |
|       |      0 | 3 |
+-------+--------+---+
(36 rows)

!ok

#-------------------------------------------------------------------------
# TESTCASE: test_join TEST_ID: A4_B28
#-------------------------------------------------------------------------
WITH t1 AS
  (SELECT *
   FROM test_unnest,
        unnest(mv_to_array(c_mv_num_with_null_and_empty_val)) AS u(c))
SELECT t1.c_str,
       t1.c_long,
       t1.c
FROM t1
RIGHT JOIN t1 t2 ON t1.c_long=t2.c_long
WHERE t1.c_long IN (0,
                    1,
                    2,
                    999)
  AND t2.c_long IN (0,
                    1,
                    2,
                    999);
+-------+--------+---+
| c_str | c_long | c |
+-------+--------+---+
|       |      1 |   |
|       |      1 |   |
|       |      1 |   |
|       |      1 |   |
|       |      1 |   |
|       |      1 | 1 |
|       |      1 | 1 |
|       |      1 | 1 |
|       |      1 | 1 |
|       |      1 | 1 |
|       |      1 | 2 |
|       |      1 | 2 |
|       |      1 | 2 |
|       |      1 | 2 |
|       |      1 | 2 |
|       |      1 | 3 |
|       |      1 | 3 |
|       |      1 | 3 |
|       |      1 | 3 |
|       |      1 | 3 |
|       |      1 |   |
|       |      1 |   |
|       |      1 |   |
|       |      1 |   |
|       |      1 |   |
| str2  |      2 |   |
| str2  |      2 |   |
| str2  |      2 |   |
| str2  |      2 |   |
| str2  |      2 |   |
| str2  |      2 | 1 |
| str2  |      2 | 1 |
| str2  |      2 | 1 |
| str2  |      2 | 1 |
| str2  |      2 | 1 |
| str2  |      2 | 2 |
| str2  |      2 | 2 |
| str2  |      2 | 2 |
| str2  |      2 | 2 |
| str2  |      2 | 2 |
| str2  |      2 | 3 |
| str2  |      2 | 3 |
| str2  |      2 | 3 |
| str2  |      2 | 3 |
| str2  |      2 | 3 |
| str2  |      2 |   |
| str2  |      2 |   |
| str2  |      2 |   |
| str2  |      2 |   |
| str2  |      2 |   |
|       |      0 |   |
|       |      0 |   |
|       |      0 |   |
|       |      0 |   |
|       |      0 |   |
|       |      0 | 1 |
|       |      0 | 1 |
|       |      0 | 1 |
|       |      0 | 1 |
|       |      0 | 1 |
|       |      0 | 2 |
|       |      0 | 2 |
|       |      0 | 2 |
|       |      0 | 2 |
|       |      0 | 2 |
|       |      0 | 3 |
|       |      0 | 3 |
|       |      0 | 3 |
|       |      0 | 3 |
|       |      0 | 3 |
|       |      0 |   |
|       |      0 |   |
|       |      0 |   |
|       |      0 |   |
|       |      0 |   |
+-------+--------+---+
(75 rows)

!ok

#-------------------------------------------------------------------------
# TESTCASE: test_join TEST_ID: A4_B29
#-------------------------------------------------------------------------
WITH t1 AS
  (SELECT *
   FROM test_unnest,
        unnest(mv_to_array(c_mv_num_with_null_and_empty_val)) AS u(c))
SELECT t1.c_str,
       t1.c_long,
       t1.c
FROM t1
RIGHT JOIN t1 t2 ON t1.c=cast(t2.c_long AS char)
WHERE t1.c_long IN (0,
                    1,
                    2,
                    999)
  AND t2.c_long IN (0,
                    1,
                    2,
                    999);
+-------+--------+---+
| c_str | c_long | c |
+-------+--------+---+
|       |      1 | 1 |
|       |      1 | 1 |
|       |      1 | 1 |
|       |      1 | 1 |
|       |      1 | 1 |
|       |      1 | 2 |
|       |      1 | 2 |
|       |      1 | 2 |
|       |      1 | 2 |
|       |      1 | 2 |
| str2  |      2 | 1 |
| str2  |      2 | 1 |
| str2  |      2 | 1 |
| str2  |      2 | 1 |
| str2  |      2 | 1 |
| str2  |      2 | 2 |
| str2  |      2 | 2 |
| str2  |      2 | 2 |
| str2  |      2 | 2 |
| str2  |      2 | 2 |
|       |      0 | 1 |
|       |      0 | 1 |
|       |      0 | 1 |
|       |      0 | 1 |
|       |      0 | 1 |
|       |      0 | 2 |
|       |      0 | 2 |
|       |      0 | 2 |
|       |      0 | 2 |
|       |      0 | 2 |
+-------+--------+---+
(30 rows)

!ok

#-------------------------------------------------------------------------
# TESTCASE: test_join TEST_ID: A4_B30
#-------------------------------------------------------------------------
WITH t1 AS
  (SELECT *
   FROM test_unnest,
        unnest(mv_to_array(c_mv_num_with_null_and_empty_val)) AS u(c))
SELECT t1.c_str,
       t1.c_long,
       t1.c
FROM t1
RIGHT JOIN t1 t2 ON t1.c_long=t2.c
WHERE t1.c_long IN (0,
                    1,
                    2,
                    999)
  AND t2.c_long IN (0,
                    1,
                    2,
                    999);
+-------+--------+---+
| c_str | c_long | c |
+-------+--------+---+
|       |      1 |   |
|       |      1 |   |
|       |      1 |   |
|       |      1 | 1 |
|       |      1 | 1 |
|       |      1 | 1 |
|       |      1 | 2 |
|       |      1 | 2 |
|       |      1 | 2 |
|       |      1 | 3 |
|       |      1 | 3 |
|       |      1 | 3 |
|       |      1 |   |
|       |      1 |   |
|       |      1 |   |
| str2  |      2 |   |
| str2  |      2 |   |
| str2  |      2 |   |
| str2  |      2 | 1 |
| str2  |      2 | 1 |
| str2  |      2 | 1 |
| str2  |      2 | 2 |
| str2  |      2 | 2 |
| str2  |      2 | 2 |
| str2  |      2 | 3 |
| str2  |      2 | 3 |
| str2  |      2 | 3 |
| str2  |      2 |   |
| str2  |      2 |   |
| str2  |      2 |   |
+-------+--------+---+
(30 rows)

!ok

#-------------------------------------------------------------------------
# TESTCASE: test_join TEST_ID: A4_B31
#-------------------------------------------------------------------------
WITH t1 AS
  (SELECT *
   FROM test_unnest,
        unnest(mv_to_array(c_mv_num_with_null_and_empty_val)) AS u(c))
SELECT t1.c_str,
       t1.c_long,
       t1.c
FROM t1
RIGHT JOIN t1 t2 ON t1.c=t2.c
WHERE t1.c_long IN (0,
                    1,
                    2,
                    999)
  AND t2.c_long IN (0,
                    1,
                    2,
                    999);
+-------+--------+---+
| c_str | c_long | c |
+-------+--------+---+
|       |      1 |   |
|       |      1 |   |
|       |      1 |   |
|       |      1 | 1 |
|       |      1 | 1 |
|       |      1 | 1 |
|       |      1 | 2 |
|       |      1 | 2 |
|       |      1 | 2 |
|       |      1 | 3 |
|       |      1 | 3 |
|       |      1 | 3 |
| str2  |      2 |   |
| str2  |      2 |   |
| str2  |      2 |   |
| str2  |      2 | 1 |
| str2  |      2 | 1 |
| str2  |      2 | 1 |
| str2  |      2 | 2 |
| str2  |      2 | 2 |
| str2  |      2 | 2 |
| str2  |      2 | 3 |
| str2  |      2 | 3 |
| str2  |      2 | 3 |
|       |      0 |   |
|       |      0 |   |
|       |      0 |   |
|       |      0 | 1 |
|       |      0 | 1 |
|       |      0 | 1 |
|       |      0 | 2 |
|       |      0 | 2 |
|       |      0 | 2 |
|       |      0 | 3 |
|       |      0 | 3 |
|       |      0 | 3 |
+-------+--------+---+
(36 rows)

!ok

#-------------------------------------------------------------------------
# TESTCASE: test_join TEST_ID: A5_B1
#-------------------------------------------------------------------------
SELECT t1.c_str,
       t1.c_long,
       c
FROM test_unnest t1
CROSS JOIN unnest(mv_to_array(c_mv_num_with_null_and_empty_val)) AS u(c)
FULL JOIN test_unnest t2 ON t1.c_long=t2.c_long
WHERE t1.c_long IN (0,
                    1,
                    2,
                    999)
  AND t2.c_long IN (0,
                    1,
                    2,
                    999);
+-------+--------+---+
| c_str | c_long | c |
+-------+--------+---+
|       |      1 |   |
|       |      1 | 1 |
|       |      1 | 2 |
|       |      1 | 3 |
|       |      1 |   |
| str2  |      2 |   |
| str2  |      2 | 1 |
| str2  |      2 | 2 |
| str2  |      2 | 3 |
| str2  |      2 |   |
|       |      0 |   |
|       |      0 | 1 |
|       |      0 | 2 |
|       |      0 | 3 |
|       |      0 |   |
+-------+--------+---+
(15 rows)

!ok

#-------------------------------------------------------------------------
# TESTCASE: test_join TEST_ID: A5_B2
#-------------------------------------------------------------------------
SELECT t1.c_str,
       t1.c_long,
       c
FROM test_unnest t1
CROSS JOIN unnest(mv_to_array(c_mv_num_with_null_and_empty_val)) AS u(c)
FULL JOIN test_unnest t2 ON u.c=cast(t2.c_long AS char)
WHERE t1.c_long IN (0,
                    1,
                    2,
                    999)
  AND t2.c_long IN (0,
                    1,
                    2,
                    999);
+-------+--------+---+
| c_str | c_long | c |
+-------+--------+---+
|       |      1 | 1 |
|       |      1 | 2 |
| str2  |      2 | 1 |
| str2  |      2 | 2 |
|       |      0 | 1 |
|       |      0 | 2 |
+-------+--------+---+
(6 rows)

!ok

#-------------------------------------------------------------------------
# TESTCASE: test_join TEST_ID: A5_B3
#-------------------------------------------------------------------------
SELECT t1.c_str,
       t1.c_long,
       c
FROM test_unnest t1
FULL JOIN test_unnest t2,
          unnest(mv_to_array(t2.c_mv_num_with_null_and_empty_val)) AS u(c) ON cast(t2.c_long AS char)=u.c
WHERE t1.c_long IN (0,
                    1,
                    2,
                    999)
  AND t2.c_long IN (0,
                    1,
                    2,
                    999);
QueryInterruptedException
!error

#-------------------------------------------------------------------------
# TESTCASE: test_join TEST_ID: A5_B4
#-------------------------------------------------------------------------
SELECT t1.c_str,
       t1.c_long,
       c
FROM
  (SELECT *
   FROM test_unnest,
        unnest(mv_to_array(c_mv_num_with_null_and_empty_val)) AS u(c)) t1
FULL JOIN test_unnest t2 ON t1.c_long=t2.c_long
WHERE t1.c_long IN (0,
                    1,
                    2,
                    999)
  AND t2.c_long IN (0,
                    1,
                    2,
                    999);
+-------+--------+---+
| c_str | c_long | c |
+-------+--------+---+
|       |      1 |   |
|       |      1 | 1 |
|       |      1 | 2 |
|       |      1 | 3 |
|       |      1 |   |
| str2  |      2 |   |
| str2  |      2 | 1 |
| str2  |      2 | 2 |
| str2  |      2 | 3 |
| str2  |      2 |   |
|       |      0 |   |
|       |      0 | 1 |
|       |      0 | 2 |
|       |      0 | 3 |
|       |      0 |   |
+-------+--------+---+
(15 rows)

!ok

#-------------------------------------------------------------------------
# TESTCASE: test_join TEST_ID: A5_B5
#-------------------------------------------------------------------------
SELECT t1.c_str,
       t1.c_long,
       c
FROM
  (SELECT *
   FROM test_unnest,
        unnest(mv_to_array(c_mv_num_with_null_and_empty_val)) AS u(c)) t1
FULL JOIN test_unnest t2 ON t1.c=cast(t2.c_long AS char)
WHERE t1.c_long IN (0,
                    1,
                    2,
                    999)
  AND t2.c_long IN (0,
                    1,
                    2,
                    999);
+-------+--------+---+
| c_str | c_long | c |
+-------+--------+---+
|       |      1 | 1 |
|       |      1 | 2 |
| str2  |      2 | 1 |
| str2  |      2 | 2 |
|       |      0 | 1 |
|       |      0 | 2 |
+-------+--------+---+
(6 rows)

!ok

#-------------------------------------------------------------------------
# TESTCASE: test_join TEST_ID: A5_B6
#-------------------------------------------------------------------------
SELECT t1.c_str,
       t1.c_long,
       c
FROM test_unnest t1
FULL JOIN
  (SELECT *
   FROM test_unnest,
        unnest(mv_to_array(c_mv_num_with_null_and_empty_val)) AS u(c)) t2 ON t2.c_long=t1.c_long
WHERE t1.c_long IN (0,
                    1,
                    2,
                    999)
  AND t2.c_long IN (0,
                    1,
                    2,
                    999);
+-------+--------+---+
| c_str | c_long | c |
+-------+--------+---+
|       |      1 |   |
|       |      1 | 1 |
|       |      1 | 2 |
|       |      1 | 3 |
|       |      1 |   |
| str2  |      2 |   |
| str2  |      2 | 1 |
| str2  |      2 | 2 |
| str2  |      2 | 3 |
| str2  |      2 |   |
|       |      0 |   |
|       |      0 | 1 |
|       |      0 | 2 |
|       |      0 | 3 |
|       |      0 |   |
+-------+--------+---+
(15 rows)

!ok

#-------------------------------------------------------------------------
# TESTCASE: test_join TEST_ID: A5_B7
#-------------------------------------------------------------------------
SELECT t1.c_str,
       t1.c_long,
       c
FROM test_unnest t1
FULL JOIN
  (SELECT *
   FROM test_unnest,
        unnest(mv_to_array(c_mv_num_with_null_and_empty_val)) AS u(c)) t2 ON t2.c=cast(t1.c_long AS char)
WHERE t1.c_long IN (0,
                    1,
                    2,
                    999)
  AND t2.c_long IN (0,
                    1,
                    2,
                    999);
+-------+--------+---+
| c_str | c_long | c |
+-------+--------+---+
|       |      1 | 1 |
|       |      1 | 1 |
|       |      1 | 1 |
| str2  |      2 | 2 |
| str2  |      2 | 2 |
| str2  |      2 | 2 |
+-------+--------+---+
(6 rows)

!ok

#-------------------------------------------------------------------------
# TESTCASE: test_join TEST_ID: A5_B8
#-------------------------------------------------------------------------
WITH t1 AS
  (SELECT *
   FROM test_unnest,
        unnest(mv_to_array(c_mv_num_with_null_and_empty_val)) AS u(c))
SELECT t1.c_str,
       t1.c_long,
       c
FROM t1
FULL JOIN test_unnest t2 ON t1.c_long=t2.c_long
WHERE t1.c_long IN (0,
                    1,
                    2,
                    999)
  AND t2.c_long IN (0,
                    1,
                    2,
                    999);
+-------+--------+---+
| c_str | c_long | c |
+-------+--------+---+
|       |      1 |   |
|       |      1 | 1 |
|       |      1 | 2 |
|       |      1 | 3 |
|       |      1 |   |
| str2  |      2 |   |
| str2  |      2 | 1 |
| str2  |      2 | 2 |
| str2  |      2 | 3 |
| str2  |      2 |   |
|       |      0 |   |
|       |      0 | 1 |
|       |      0 | 2 |
|       |      0 | 3 |
|       |      0 |   |
+-------+--------+---+
(15 rows)

!ok

#-------------------------------------------------------------------------
# TESTCASE: test_join TEST_ID: A5_B9
#-------------------------------------------------------------------------
WITH t1 AS
  (SELECT *
   FROM test_unnest,
        unnest(mv_to_array(c_mv_num_with_null_and_empty_val)) AS u(c))
SELECT t1.c_str,
       t1.c_long,
       c
FROM t1
FULL JOIN test_unnest t2 ON t1.c=cast(t2.c_long AS char)
WHERE t1.c_long IN (0,
                    1,
                    2,
                    999)
  AND t2.c_long IN (0,
                    1,
                    2,
                    999);
+-------+--------+---+
| c_str | c_long | c |
+-------+--------+---+
|       |      1 | 1 |
|       |      1 | 2 |
| str2  |      2 | 1 |
| str2  |      2 | 2 |
|       |      0 | 1 |
|       |      0 | 2 |
+-------+--------+---+
(6 rows)

!ok

#-------------------------------------------------------------------------
# TESTCASE: test_join TEST_ID: A5_B10
#-------------------------------------------------------------------------
WITH t2 AS
  (SELECT *
   FROM test_unnest,
        unnest(mv_to_array(c_mv_num_with_null_and_empty_val)) AS u(c))
SELECT t1.c_str,
       t1.c_long,
       c
FROM test_unnest t1
FULL JOIN t2 ON t2.c_long=t1.c_long
WHERE t1.c_long IN (0,
                    1,
                    2,
                    999)
  AND t2.c_long IN (0,
                    1,
                    2,
                    999);
+-------+--------+---+
| c_str | c_long | c |
+-------+--------+---+
|       |      1 |   |
|       |      1 | 1 |
|       |      1 | 2 |
|       |      1 | 3 |
|       |      1 |   |
| str2  |      2 |   |
| str2  |      2 | 1 |
| str2  |      2 | 2 |
| str2  |      2 | 3 |
| str2  |      2 |   |
|       |      0 |   |
|       |      0 | 1 |
|       |      0 | 2 |
|       |      0 | 3 |
|       |      0 |   |
+-------+--------+---+
(15 rows)

!ok

#-------------------------------------------------------------------------
# TESTCASE: test_join TEST_ID: A5_B11
#-------------------------------------------------------------------------
WITH t2 AS
  (SELECT *
   FROM test_unnest,
        unnest(mv_to_array(c_mv_num_with_null_and_empty_val)) AS u(c))
SELECT t1.c_str,
       t1.c_long,
       c
FROM test_unnest t1
FULL JOIN t2 ON t2.c=cast(t1.c_long AS char)
WHERE t1.c_long IN (0,
                    1,
                    2,
                    999)
  AND t2.c_long IN (0,
                    1,
                    2,
                    999);
+-------+--------+---+
| c_str | c_long | c |
+-------+--------+---+
|       |      1 | 1 |
|       |      1 | 1 |
|       |      1 | 1 |
| str2  |      2 | 2 |
| str2  |      2 | 2 |
| str2  |      2 | 2 |
+-------+--------+---+
(6 rows)

!ok

#-------------------------------------------------------------------------
# TESTCASE: test_join TEST_ID: A5_B12
#-------------------------------------------------------------------------
SELECT t1.c_str,
       t1.c_long,
       c
FROM test_unnest t1,
     unnest(mv_to_array(c_mv_num_with_null_and_empty_val)) AS u(c)
FULL JOIN test_unnest t2,
          unnest(mv_to_array(c_mv_num_with_null_and_empty_val)) AS u(c) ON t1.c_long=t2.c_long
WHERE t1.c_long IN (0,
                    1,
                    2,
                    999)
  AND t2.c_long IN (0,
                    1,
                    2,
                    999);
QueryInterruptedException
!error

#-------------------------------------------------------------------------
# TESTCASE: test_join TEST_ID: A5_B13
#-------------------------------------------------------------------------
SELECT t1.c_str,
       t1.c_long,
       c
FROM test_unnest t1,
     unnest(mv_to_array(c_mv_num_with_null_and_empty_val)) AS u(c)
FULL JOIN test_unnest t2,
          unnest(mv_to_array(c_mv_num_with_null_and_empty_val)) AS u(c) ON t1.c=cast(t2.c_long AS char)
WHERE t1.c_long IN (0,
                    1,
                    2,
                    999)
  AND t2.c_long IN (0,
                    1,
                    2,
                    999);
QueryInterruptedException
!error

#-------------------------------------------------------------------------
# TESTCASE: test_join TEST_ID: A5_B14
#-------------------------------------------------------------------------
SELECT t1.c_str,
       t1.c_long,
       c
FROM test_unnest t1,
     unnest(mv_to_array(c_mv_num_with_null_and_empty_val)) AS u(c)
FULL JOIN test_unnest t2,
          unnest(mv_to_array(c_mv_num_with_null_and_empty_val)) AS u(c) ON cast(t1.c_long AS char)=t2.c
WHERE t1.c_long IN (0,
                    1,
                    2,
                    999)
  AND t2.c_long IN (0,
                    1,
                    2,
                    999);
QueryInterruptedException
!error

#-------------------------------------------------------------------------
# TESTCASE: test_join TEST_ID: A5_B15
#-------------------------------------------------------------------------
SELECT t1.c_str,
       t1.c_long,
       c
FROM test_unnest t1,
     unnest(mv_to_array(c_mv_num_with_null_and_empty_val)) AS u(c)
FULL JOIN test_unnest t2,
          unnest(mv_to_array(c_mv_num_with_null_and_empty_val)) AS u(c) ON t1.c=t2.c
WHERE t1.c_long IN (0,
                    1,
                    2,
                    999)
  AND t2.c_long IN (0,
                    1,
                    2,
                    999);
QueryInterruptedException
!error

#-------------------------------------------------------------------------
# TESTCASE: test_join TEST_ID: A5_B16
#-------------------------------------------------------------------------
SELECT t1.c_str,
       t1.c_long,
       c
FROM test_unnest t1,
     unnest(mv_to_array(c_mv_num_with_null_and_empty_val)) AS u(c)
FULL JOIN test_unnest,
          unnest(mv_to_array(c_mv_num_with_null_and_empty_val)) t2 AS u(c) ON t1.c_long=t2.c_long
WHERE t1.c_long IN (0,
                    1,
                    2,
                    999)
  AND t2.c_long IN (0,
                    1,
                    2,
                    999);
QueryInterruptedException
!error

#-------------------------------------------------------------------------
# TESTCASE: test_join TEST_ID: A5_B17
#-------------------------------------------------------------------------
SELECT t1.c_str,
       t1.c_long,
       c
FROM test_unnest t1,
     unnest(mv_to_array(c_mv_num_with_null_and_empty_val)) AS u(c)
FULL JOIN test_unnest,
          unnest(mv_to_array(c_mv_num_with_null_and_empty_val)) t2 AS u(c) ON t1.c=cast(t2.c_long AS char)
WHERE t1.c_long IN (0,
                    1,
                    2,
                    999)
  AND t2.c_long IN (0,
                    1,
                    2,
                    999);
QueryInterruptedException
!error

#-------------------------------------------------------------------------
# TESTCASE: test_join TEST_ID: A5_B18
#-------------------------------------------------------------------------
SELECT t1.c_str,
       t1.c_long,
       c
FROM test_unnest t1,
     unnest(mv_to_array(c_mv_num_with_null_and_empty_val)) AS u(c)
FULL JOIN test_unnest,
          unnest(mv_to_array(c_mv_num_with_null_and_empty_val)) t2 AS u(c) ON cast(t1.c_long AS char)=t2.c
WHERE t1.c_long IN (0,
                    1,
                    2,
                    999)
  AND t2.c_long IN (0,
                    1,
                    2,
                    999);
QueryInterruptedException
!error

#-------------------------------------------------------------------------
# TESTCASE: test_join TEST_ID: A5_B19
#-------------------------------------------------------------------------
SELECT t1.c_str,
       t1.c_long,
       c
FROM test_unnest t1,
     unnest(mv_to_array(c_mv_num_with_null_and_empty_val)) AS u(c)
FULL JOIN test_unnest,
          unnest(mv_to_array(c_mv_num_with_null_and_empty_val)) t2 AS u(c) ON t1.c=t2.c
WHERE t1.c_long IN (0,
                    1,
                    2,
                    999)
  AND t2.c_long IN (0,
                    1,
                    2,
                    999);
QueryInterruptedException
!error

#-------------------------------------------------------------------------
# TESTCASE: test_join TEST_ID: A5_B20
#-------------------------------------------------------------------------
SELECT t1.c_str,
       t1.c_long,
       t1.c
FROM
  (SELECT *
   FROM test_unnest,
        unnest(mv_to_array(c_mv_num_with_null_and_empty_val)) AS u(c)) t1
FULL JOIN
  (SELECT *
   FROM test_unnest,
        unnest(mv_to_array(c_mv_num_with_null_and_empty_val)) AS u(c)) t2 ON t1.c_long=t2.c_long
WHERE t1.c_long IN (0,
                    1,
                    2,
                    999)
  AND t2.c_long IN (0,
                    1,
                    2,
                    999);
+-------+--------+---+
| c_str | c_long | c |
+-------+--------+---+
|       |      1 |   |
|       |      1 |   |
|       |      1 |   |
|       |      1 |   |
|       |      1 |   |
|       |      1 | 1 |
|       |      1 | 1 |
|       |      1 | 1 |
|       |      1 | 1 |
|       |      1 | 1 |
|       |      1 | 2 |
|       |      1 | 2 |
|       |      1 | 2 |
|       |      1 | 2 |
|       |      1 | 2 |
|       |      1 | 3 |
|       |      1 | 3 |
|       |      1 | 3 |
|       |      1 | 3 |
|       |      1 | 3 |
|       |      1 |   |
|       |      1 |   |
|       |      1 |   |
|       |      1 |   |
|       |      1 |   |
| str2  |      2 |   |
| str2  |      2 |   |
| str2  |      2 |   |
| str2  |      2 |   |
| str2  |      2 |   |
| str2  |      2 | 1 |
| str2  |      2 | 1 |
| str2  |      2 | 1 |
| str2  |      2 | 1 |
| str2  |      2 | 1 |
| str2  |      2 | 2 |
| str2  |      2 | 2 |
| str2  |      2 | 2 |
| str2  |      2 | 2 |
| str2  |      2 | 2 |
| str2  |      2 | 3 |
| str2  |      2 | 3 |
| str2  |      2 | 3 |
| str2  |      2 | 3 |
| str2  |      2 | 3 |
| str2  |      2 |   |
| str2  |      2 |   |
| str2  |      2 |   |
| str2  |      2 |   |
| str2  |      2 |   |
|       |      0 |   |
|       |      0 |   |
|       |      0 |   |
|       |      0 |   |
|       |      0 |   |
|       |      0 | 1 |
|       |      0 | 1 |
|       |      0 | 1 |
|       |      0 | 1 |
|       |      0 | 1 |
|       |      0 | 2 |
|       |      0 | 2 |
|       |      0 | 2 |
|       |      0 | 2 |
|       |      0 | 2 |
|       |      0 | 3 |
|       |      0 | 3 |
|       |      0 | 3 |
|       |      0 | 3 |
|       |      0 | 3 |
|       |      0 |   |
|       |      0 |   |
|       |      0 |   |
|       |      0 |   |
|       |      0 |   |
+-------+--------+---+
(75 rows)

!ok

#-------------------------------------------------------------------------
# TESTCASE: test_join TEST_ID: A5_B21
#-------------------------------------------------------------------------
SELECT t1.c_str,
       t1.c_long,
       t1.c
FROM
  (SELECT *
   FROM test_unnest,
        unnest(mv_to_array(c_mv_num_with_null_and_empty_val)) AS u(c)) t1
FULL JOIN
  (SELECT *
   FROM test_unnest,
        unnest(mv_to_array(c_mv_num_with_null_and_empty_val)) AS u(c)) t2 ON t1.c=cast(t2.c_long AS char)
WHERE t1.c_long IN (0,
                    1,
                    2,
                    999)
  AND t2.c_long IN (0,
                    1,
                    2,
                    999);
+-------+--------+---+
| c_str | c_long | c |
+-------+--------+---+
|       |      1 | 1 |
|       |      1 | 1 |
|       |      1 | 1 |
|       |      1 | 1 |
|       |      1 | 1 |
|       |      1 | 2 |
|       |      1 | 2 |
|       |      1 | 2 |
|       |      1 | 2 |
|       |      1 | 2 |
| str2  |      2 | 1 |
| str2  |      2 | 1 |
| str2  |      2 | 1 |
| str2  |      2 | 1 |
| str2  |      2 | 1 |
| str2  |      2 | 2 |
| str2  |      2 | 2 |
| str2  |      2 | 2 |
| str2  |      2 | 2 |
| str2  |      2 | 2 |
|       |      0 | 1 |
|       |      0 | 1 |
|       |      0 | 1 |
|       |      0 | 1 |
|       |      0 | 1 |
|       |      0 | 2 |
|       |      0 | 2 |
|       |      0 | 2 |
|       |      0 | 2 |
|       |      0 | 2 |
+-------+--------+---+
(30 rows)

!ok

#-------------------------------------------------------------------------
# TESTCASE: test_join TEST_ID: A5_B22
#-------------------------------------------------------------------------
SELECT t1.c_str,
       t1.c_long,
       t1.c
FROM
  (SELECT *
   FROM test_unnest,
        unnest(mv_to_array(c_mv_num_with_null_and_empty_val)) AS u(c)) t1
FULL JOIN
  (SELECT *
   FROM test_unnest,
        unnest(mv_to_array(c_mv_num_with_null_and_empty_val)) AS u(c)) t2 ON t1.c_long=t2.c
WHERE t1.c_long IN (0,
                    1,
                    2,
                    999)
  AND t2.c_long IN (0,
                    1,
                    2,
                    999);
+-------+--------+---+
| c_str | c_long | c |
+-------+--------+---+
|       |      1 |   |
|       |      1 |   |
|       |      1 |   |
|       |      1 | 1 |
|       |      1 | 1 |
|       |      1 | 1 |
|       |      1 | 2 |
|       |      1 | 2 |
|       |      1 | 2 |
|       |      1 | 3 |
|       |      1 | 3 |
|       |      1 | 3 |
|       |      1 |   |
|       |      1 |   |
|       |      1 |   |
| str2  |      2 |   |
| str2  |      2 |   |
| str2  |      2 |   |
| str2  |      2 | 1 |
| str2  |      2 | 1 |
| str2  |      2 | 1 |
| str2  |      2 | 2 |
| str2  |      2 | 2 |
| str2  |      2 | 2 |
| str2  |      2 | 3 |
| str2  |      2 | 3 |
| str2  |      2 | 3 |
| str2  |      2 |   |
| str2  |      2 |   |
| str2  |      2 |   |
+-------+--------+---+
(30 rows)

!ok

#-------------------------------------------------------------------------
# TESTCASE: test_join TEST_ID: A5_B23
#-------------------------------------------------------------------------
SELECT t1.c_str,
       t1.c_long,
       t1.c
FROM
  (SELECT *
   FROM test_unnest,
        unnest(mv_to_array(c_mv_num_with_null_and_empty_val)) AS u(c)) t1
FULL JOIN
  (SELECT *
   FROM test_unnest,
        unnest(mv_to_array(c_mv_num_with_null_and_empty_val)) AS u(c)) t2 ON t1.c=t2.c
WHERE t1.c_long IN (0,
                    1,
                    2,
                    999)
  AND t2.c_long IN (0,
                    1,
                    2,
                    999);
+-------+--------+---+
| c_str | c_long | c |
+-------+--------+---+
|       |      1 |   |
|       |      1 |   |
|       |      1 |   |
|       |      1 | 1 |
|       |      1 | 1 |
|       |      1 | 1 |
|       |      1 | 2 |
|       |      1 | 2 |
|       |      1 | 2 |
|       |      1 | 3 |
|       |      1 | 3 |
|       |      1 | 3 |
| str2  |      2 |   |
| str2  |      2 |   |
| str2  |      2 |   |
| str2  |      2 | 1 |
| str2  |      2 | 1 |
| str2  |      2 | 1 |
| str2  |      2 | 2 |
| str2  |      2 | 2 |
| str2  |      2 | 2 |
| str2  |      2 | 3 |
| str2  |      2 | 3 |
| str2  |      2 | 3 |
|       |      0 |   |
|       |      0 |   |
|       |      0 |   |
|       |      0 | 1 |
|       |      0 | 1 |
|       |      0 | 1 |
|       |      0 | 2 |
|       |      0 | 2 |
|       |      0 | 2 |
|       |      0 | 3 |
|       |      0 | 3 |
|       |      0 | 3 |
+-------+--------+---+
(36 rows)

!ok

#-------------------------------------------------------------------------
# TESTCASE: test_join TEST_ID: A5_B24
#-------------------------------------------------------------------------
WITH t1 AS
  (SELECT *
   FROM test_unnest,
        unnest(mv_to_array(c_mv_num_with_null_and_empty_val)) AS u(c))
SELECT t1.c_str,
       t1.c_long,
       t1.c
FROM t1
FULL JOIN
  (SELECT *
   FROM test_unnest,
        unnest(mv_to_array(c_mv_num_with_null_and_empty_val)) AS u(c)) t2 ON t1.c_long=t2.c_long
WHERE t1.c_long IN (0,
                    1,
                    2,
                    999)
  AND t2.c_long IN (0,
                    1,
                    2,
                    999);
+-------+--------+---+
| c_str | c_long | c |
+-------+--------+---+
|       |      1 |   |
|       |      1 |   |
|       |      1 |   |
|       |      1 |   |
|       |      1 |   |
|       |      1 | 1 |
|       |      1 | 1 |
|       |      1 | 1 |
|       |      1 | 1 |
|       |      1 | 1 |
|       |      1 | 2 |
|       |      1 | 2 |
|       |      1 | 2 |
|       |      1 | 2 |
|       |      1 | 2 |
|       |      1 | 3 |
|       |      1 | 3 |
|       |      1 | 3 |
|       |      1 | 3 |
|       |      1 | 3 |
|       |      1 |   |
|       |      1 |   |
|       |      1 |   |
|       |      1 |   |
|       |      1 |   |
| str2  |      2 |   |
| str2  |      2 |   |
| str2  |      2 |   |
| str2  |      2 |   |
| str2  |      2 |   |
| str2  |      2 | 1 |
| str2  |      2 | 1 |
| str2  |      2 | 1 |
| str2  |      2 | 1 |
| str2  |      2 | 1 |
| str2  |      2 | 2 |
| str2  |      2 | 2 |
| str2  |      2 | 2 |
| str2  |      2 | 2 |
| str2  |      2 | 2 |
| str2  |      2 | 3 |
| str2  |      2 | 3 |
| str2  |      2 | 3 |
| str2  |      2 | 3 |
| str2  |      2 | 3 |
| str2  |      2 |   |
| str2  |      2 |   |
| str2  |      2 |   |
| str2  |      2 |   |
| str2  |      2 |   |
|       |      0 |   |
|       |      0 |   |
|       |      0 |   |
|       |      0 |   |
|       |      0 |   |
|       |      0 | 1 |
|       |      0 | 1 |
|       |      0 | 1 |
|       |      0 | 1 |
|       |      0 | 1 |
|       |      0 | 2 |
|       |      0 | 2 |
|       |      0 | 2 |
|       |      0 | 2 |
|       |      0 | 2 |
|       |      0 | 3 |
|       |      0 | 3 |
|       |      0 | 3 |
|       |      0 | 3 |
|       |      0 | 3 |
|       |      0 |   |
|       |      0 |   |
|       |      0 |   |
|       |      0 |   |
|       |      0 |   |
+-------+--------+---+
(75 rows)

!ok

#-------------------------------------------------------------------------
# TESTCASE: test_join TEST_ID: A5_B25
#-------------------------------------------------------------------------
WITH t1 AS
  (SELECT *
   FROM test_unnest,
        unnest(mv_to_array(c_mv_num_with_null_and_empty_val)) AS u(c))
SELECT t1.c_str,
       t1.c_long,
       t1.c
FROM t1
FULL JOIN
  (SELECT *
   FROM test_unnest,
        unnest(mv_to_array(c_mv_num_with_null_and_empty_val)) AS u(c)) t2 ON t1.c=cast(t2.c_long AS char)
WHERE t1.c_long IN (0,
                    1,
                    2,
                    999)
  AND t2.c_long IN (0,
                    1,
                    2,
                    999);
+-------+--------+---+
| c_str | c_long | c |
+-------+--------+---+
|       |      1 | 1 |
|       |      1 | 1 |
|       |      1 | 1 |
|       |      1 | 1 |
|       |      1 | 1 |
|       |      1 | 2 |
|       |      1 | 2 |
|       |      1 | 2 |
|       |      1 | 2 |
|       |      1 | 2 |
| str2  |      2 | 1 |
| str2  |      2 | 1 |
| str2  |      2 | 1 |
| str2  |      2 | 1 |
| str2  |      2 | 1 |
| str2  |      2 | 2 |
| str2  |      2 | 2 |
| str2  |      2 | 2 |
| str2  |      2 | 2 |
| str2  |      2 | 2 |
|       |      0 | 1 |
|       |      0 | 1 |
|       |      0 | 1 |
|       |      0 | 1 |
|       |      0 | 1 |
|       |      0 | 2 |
|       |      0 | 2 |
|       |      0 | 2 |
|       |      0 | 2 |
|       |      0 | 2 |
+-------+--------+---+
(30 rows)

!ok

