!set dartQueryId 00000000-0000-0000-0000-000000000000
!set useApproximateCountDistinct false
!use druidtest://?componentSupplier=StandardAndMSQComponentSupplier&datasets=sql/src/test/quidem/qatests/qaUnnest/mv
!set outputformat mysql
#-------------------------------------------------------------------------
# TESTCASE: test_subquery_with_where TEST_ID: A4_B6_C9
#-------------------------------------------------------------------------
SELECT c
FROM
  (SELECT *
   FROM test_unnest), unnest(mv_to_array(c_mv_num_with_null_and_empty_val)) AS u(c)
WHERE c<='1';
+---+
| c |
+---+
|   |
|   |
|   |
|   |
|   |
| 1 |
| 1 |
| 1 |
| 1 |
| 1 |
+---+
(10 rows)

!ok

#-------------------------------------------------------------------------
# TESTCASE: test_subquery_with_where TEST_ID: A4_B7_C1
#-------------------------------------------------------------------------
SELECT c
FROM test_unnest,
     unnest(mv_to_array(c_mv_num_with_null_and_empty_val)) AS u(c)
WHERE (NOT c<>''
       OR NOT c<>'my_null'
       OR NOT c<>'my_empty'
       OR NOT c<>'1'
       OR NOT c<>'-1'
       OR NOT c<>'0'
       OR NOT c<>'999'
       OR NOT c<>999)
  AND (NOT c='[2]'
       OR NOT c='[3, [4, 5]]'
       OR NOT c='2'
       OR NOT c='3'
       OR NOT c='999'
       OR NOT c=999);
+---+
| c |
+---+
|   |
|   |
|   |
|   |
|   |
| 1 |
| 1 |
| 1 |
| 1 |
| 1 |
+---+
(10 rows)

!ok

#-------------------------------------------------------------------------
# TESTCASE: test_subquery_with_where TEST_ID: A4_B7_C3
#-------------------------------------------------------------------------
SELECT c
FROM
  (SELECT *
   FROM test_unnest,
        unnest(mv_to_array(c_mv_num_with_null_and_empty_val)) AS u(c)
   WHERE (NOT c<>''
          OR NOT c<>'my_null'
          OR NOT c<>'my_empty'
          OR NOT c<>'1'
          OR NOT c<>'-1'
          OR NOT c<>'0'
          OR NOT c<>'999'
          OR NOT c<>999)
     AND (NOT c='[2]'
          OR NOT c='[3, [4, 5]]'
          OR NOT c='2'
          OR NOT c='3'
          OR NOT c='999'
          OR NOT c=999));
+---+
| c |
+---+
|   |
|   |
|   |
|   |
|   |
| 1 |
| 1 |
| 1 |
| 1 |
| 1 |
+---+
(10 rows)

!ok

#-------------------------------------------------------------------------
# TESTCASE: test_subquery_with_where TEST_ID: A4_B7_C5
#-------------------------------------------------------------------------
SELECT c
FROM
  (SELECT *
   FROM test_unnest
   WHERE (NOT c<>''
          OR NOT c<>'my_null'
          OR NOT c<>'my_empty'
          OR NOT c<>'1'
          OR NOT c<>'-1'
          OR NOT c<>'0'
          OR NOT c<>'999'
          OR NOT c<>999)
     AND (NOT c='[2]'
          OR NOT c='[3, [4, 5]]'
          OR NOT c='2'
          OR NOT c='3'
          OR NOT c='999'
          OR NOT c=999)), unnest(mv_to_array(c_mv_num_with_null_and_empty_val)) AS u(c);
QueryInterruptedException
!error

#-------------------------------------------------------------------------
# TESTCASE: test_subquery_with_where TEST_ID: A4_B7_C7
#-------------------------------------------------------------------------
SELECT c
FROM
  (SELECT *
   FROM test_unnest,
        unnest(mv_to_array(c_mv_num_with_null_and_empty_val)) AS u(c))
WHERE (NOT c<>''
       OR NOT c<>'my_null'
       OR NOT c<>'my_empty'
       OR NOT c<>'1'
       OR NOT c<>'-1'
       OR NOT c<>'0'
       OR NOT c<>'999'
       OR NOT c<>999)
  AND (NOT c='[2]'
       OR NOT c='[3, [4, 5]]'
       OR NOT c='2'
       OR NOT c='3'
       OR NOT c='999'
       OR NOT c=999);
+---+
| c |
+---+
|   |
|   |
|   |
|   |
|   |
| 1 |
| 1 |
| 1 |
| 1 |
| 1 |
+---+
(10 rows)

!ok

#-------------------------------------------------------------------------
# TESTCASE: test_subquery_with_where TEST_ID: A4_B7_C9
#-------------------------------------------------------------------------
SELECT c
FROM
  (SELECT *
   FROM test_unnest), unnest(mv_to_array(c_mv_num_with_null_and_empty_val)) AS u(c)
WHERE (NOT c<>''
       OR NOT c<>'my_null'
       OR NOT c<>'my_empty'
       OR NOT c<>'1'
       OR NOT c<>'-1'
       OR NOT c<>'0'
       OR NOT c<>'999'
       OR NOT c<>999)
  AND (NOT c='[2]'
       OR NOT c='[3, [4, 5]]'
       OR NOT c='2'
       OR NOT c='3'
       OR NOT c='999'
       OR NOT c=999);
+---+
| c |
+---+
|   |
|   |
|   |
|   |
|   |
| 1 |
| 1 |
| 1 |
| 1 |
| 1 |
+---+
(10 rows)

!ok

#-------------------------------------------------------------------------
# TESTCASE: test_subquery_with_where TEST_ID: A4_B8_C1
#-------------------------------------------------------------------------
SELECT c
FROM test_unnest,
     unnest(mv_to_array(c_mv_num_with_null_and_empty_val)) AS u(c)
WHERE (c=''
       OR c='my_null'
       OR c='my_empty'
       OR c='1'
       OR c='-1'
       OR c='0'
       OR c='999'
       OR c=999)
  AND NOT c='[2]'
  AND NOT c='[3, [4, 5]]'
  AND NOT c='2'
  AND NOT c='3'
  AND NOT c='999'
  AND NOT c=999;
+---+
| c |
+---+
|   |
|   |
|   |
|   |
|   |
| 1 |
| 1 |
| 1 |
| 1 |
| 1 |
+---+
(10 rows)

!ok

#-------------------------------------------------------------------------
# TESTCASE: test_subquery_with_where TEST_ID: A4_B8_C3
#-------------------------------------------------------------------------
SELECT c
FROM
  (SELECT *
   FROM test_unnest,
        unnest(mv_to_array(c_mv_num_with_null_and_empty_val)) AS u(c)
   WHERE (c=''
          OR c='my_null'
          OR c='my_empty'
          OR c='1'
          OR c='-1'
          OR c='0'
          OR c='999'
          OR c=999)
     AND NOT c='[2]'
     AND NOT c='[3, [4, 5]]'
     AND NOT c='2'
     AND NOT c='3'
     AND NOT c='999'
     AND NOT c=999);
+---+
| c |
+---+
|   |
|   |
|   |
|   |
|   |
| 1 |
| 1 |
| 1 |
| 1 |
| 1 |
+---+
(10 rows)

!ok

#-------------------------------------------------------------------------
# TESTCASE: test_subquery_with_where TEST_ID: A4_B8_C5
#-------------------------------------------------------------------------
SELECT c
FROM
  (SELECT *
   FROM test_unnest
   WHERE (c=''
          OR c='my_null'
          OR c='my_empty'
          OR c='1'
          OR c='-1'
          OR c='0'
          OR c='999'
          OR c=999)
     AND NOT c='[2]'
     AND NOT c='[3, [4, 5]]'
     AND NOT c='2'
     AND NOT c='3'
     AND NOT c='999'
     AND NOT c=999), unnest(mv_to_array(c_mv_num_with_null_and_empty_val)) AS u(c);
QueryInterruptedException
!error

#-------------------------------------------------------------------------
# TESTCASE: test_subquery_with_where TEST_ID: A4_B8_C7
#-------------------------------------------------------------------------
SELECT c
FROM
  (SELECT *
   FROM test_unnest,
        unnest(mv_to_array(c_mv_num_with_null_and_empty_val)) AS u(c))
WHERE (c=''
       OR c='my_null'
       OR c='my_empty'
       OR c='1'
       OR c='-1'
       OR c='0'
       OR c='999'
       OR c=999)
  AND NOT c='[2]'
  AND NOT c='[3, [4, 5]]'
  AND NOT c='2'
  AND NOT c='3'
  AND NOT c='999'
  AND NOT c=999;
+---+
| c |
+---+
|   |
|   |
|   |
|   |
|   |
| 1 |
| 1 |
| 1 |
| 1 |
| 1 |
+---+
(10 rows)

!ok

#-------------------------------------------------------------------------
# TESTCASE: test_subquery_with_where TEST_ID: A4_B8_C9
#-------------------------------------------------------------------------
SELECT c
FROM
  (SELECT *
   FROM test_unnest), unnest(mv_to_array(c_mv_num_with_null_and_empty_val)) AS u(c)
WHERE (c=''
       OR c='my_null'
       OR c='my_empty'
       OR c='1'
       OR c='-1'
       OR c='0'
       OR c='999'
       OR c=999)
  AND NOT c='[2]'
  AND NOT c='[3, [4, 5]]'
  AND NOT c='2'
  AND NOT c='3'
  AND NOT c='999'
  AND NOT c=999;
+---+
| c |
+---+
|   |
|   |
|   |
|   |
|   |
| 1 |
| 1 |
| 1 |
| 1 |
| 1 |
+---+
(10 rows)

!ok

#-------------------------------------------------------------------------
# TESTCASE: test_subquery_with_where TEST_ID: A4_B9_C1
#-------------------------------------------------------------------------
SELECT c
FROM test_unnest,
     unnest(mv_to_array(c_mv_num_with_null_and_empty_val)) AS u(c)
WHERE c IS NULL;
+---+
| c |
+---+
|   |
|   |
|   |
|   |
|   |
+---+
(5 rows)

!ok

#-------------------------------------------------------------------------
# TESTCASE: test_subquery_with_where TEST_ID: A4_B9_C3
#-------------------------------------------------------------------------
SELECT c
FROM
  (SELECT *
   FROM test_unnest,
        unnest(mv_to_array(c_mv_num_with_null_and_empty_val)) AS u(c)
   WHERE c IS NULL);
+---+
| c |
+---+
|   |
|   |
|   |
|   |
|   |
+---+
(5 rows)

!ok

#-------------------------------------------------------------------------
# TESTCASE: test_subquery_with_where TEST_ID: A4_B9_C5
#-------------------------------------------------------------------------
SELECT c
FROM
  (SELECT *
   FROM test_unnest
   WHERE c IS NULL), unnest(mv_to_array(c_mv_num_with_null_and_empty_val)) AS u(c);
QueryInterruptedException
!error

#-------------------------------------------------------------------------
# TESTCASE: test_subquery_with_where TEST_ID: A4_B9_C7
#-------------------------------------------------------------------------
SELECT c
FROM
  (SELECT *
   FROM test_unnest,
        unnest(mv_to_array(c_mv_num_with_null_and_empty_val)) AS u(c))
WHERE c IS NULL;
+---+
| c |
+---+
|   |
|   |
|   |
|   |
|   |
+---+
(5 rows)

!ok

#-------------------------------------------------------------------------
# TESTCASE: test_subquery_with_where TEST_ID: A4_B9_C9
#-------------------------------------------------------------------------
SELECT c
FROM
  (SELECT *
   FROM test_unnest), unnest(mv_to_array(c_mv_num_with_null_and_empty_val)) AS u(c)
WHERE c IS NULL;
+---+
| c |
+---+
|   |
|   |
|   |
|   |
|   |
+---+
(5 rows)

!ok

#-------------------------------------------------------------------------
# TESTCASE: test_subquery_with_where TEST_ID: A4_B10_C1
#-------------------------------------------------------------------------
SELECT c
FROM test_unnest,
     unnest(mv_to_array(c_mv_num_with_null_and_empty_val)) AS u(c)
WHERE c IS NOT NULL;
+---+
| c |
+---+
|   |
|   |
|   |
|   |
|   |
| 1 |
| 1 |
| 1 |
| 1 |
| 1 |
| 2 |
| 2 |
| 2 |
| 2 |
| 2 |
| 3 |
| 3 |
| 3 |
| 3 |
| 3 |
+---+
(20 rows)

!ok

#-------------------------------------------------------------------------
# TESTCASE: test_subquery_with_where TEST_ID: A4_B10_C3
#-------------------------------------------------------------------------
SELECT c
FROM
  (SELECT *
   FROM test_unnest,
        unnest(mv_to_array(c_mv_num_with_null_and_empty_val)) AS u(c)
   WHERE c IS NOT NULL);
+---+
| c |
+---+
|   |
|   |
|   |
|   |
|   |
| 1 |
| 1 |
| 1 |
| 1 |
| 1 |
| 2 |
| 2 |
| 2 |
| 2 |
| 2 |
| 3 |
| 3 |
| 3 |
| 3 |
| 3 |
+---+
(20 rows)

!ok

#-------------------------------------------------------------------------
# TESTCASE: test_subquery_with_where TEST_ID: A4_B10_C5
#-------------------------------------------------------------------------
SELECT c
FROM
  (SELECT *
   FROM test_unnest
   WHERE c IS NOT NULL), unnest(mv_to_array(c_mv_num_with_null_and_empty_val)) AS u(c);
QueryInterruptedException
!error

#-------------------------------------------------------------------------
# TESTCASE: test_subquery_with_where TEST_ID: A4_B10_C7
#-------------------------------------------------------------------------
SELECT c
FROM
  (SELECT *
   FROM test_unnest,
        unnest(mv_to_array(c_mv_num_with_null_and_empty_val)) AS u(c))
WHERE c IS NOT NULL;
+---+
| c |
+---+
|   |
|   |
|   |
|   |
|   |
| 1 |
| 1 |
| 1 |
| 1 |
| 1 |
| 2 |
| 2 |
| 2 |
| 2 |
| 2 |
| 3 |
| 3 |
| 3 |
| 3 |
| 3 |
+---+
(20 rows)

!ok

#-------------------------------------------------------------------------
# TESTCASE: test_subquery_with_where TEST_ID: A4_B10_C9
#-------------------------------------------------------------------------
SELECT c
FROM
  (SELECT *
   FROM test_unnest), unnest(mv_to_array(c_mv_num_with_null_and_empty_val)) AS u(c)
WHERE c IS NOT NULL;
+---+
| c |
+---+
|   |
|   |
|   |
|   |
|   |
| 1 |
| 1 |
| 1 |
| 1 |
| 1 |
| 2 |
| 2 |
| 2 |
| 2 |
| 2 |
| 3 |
| 3 |
| 3 |
| 3 |
| 3 |
+---+
(20 rows)

!ok

#-------------------------------------------------------------------------
# TESTCASE: test_subquery_with_where TEST_ID: A4_B11_C1
#-------------------------------------------------------------------------
SELECT c
FROM test_unnest,
     unnest(mv_to_array(c_mv_num_with_null_and_empty_val)) AS u(c)
WHERE c IN ('',
            'my_null',
            'my_empty',
            '1',
            '-1',
            '0',
            '999',
            999) IS TRUE
  AND c IN ('[2]',
            '[3, [4, 5]]',
            '2',
            '3',
            '999',
            999) IS NOT TRUE;
+---+
| c |
+---+
|   |
|   |
|   |
|   |
|   |
| 1 |
| 1 |
| 1 |
| 1 |
| 1 |
+---+
(10 rows)

!ok

#-------------------------------------------------------------------------
# TESTCASE: test_subquery_with_where TEST_ID: A4_B11_C3
#-------------------------------------------------------------------------
SELECT c
FROM
  (SELECT *
   FROM test_unnest,
        unnest(mv_to_array(c_mv_num_with_null_and_empty_val)) AS u(c)
   WHERE c IN ('',
               'my_null',
               'my_empty',
               '1',
               '-1',
               '0',
               '999',
               999) IS TRUE
     AND c IN ('[2]',
               '[3, [4, 5]]',
               '2',
               '3',
               '999',
               999) IS NOT TRUE);
+---+
| c |
+---+
|   |
|   |
|   |
|   |
|   |
| 1 |
| 1 |
| 1 |
| 1 |
| 1 |
+---+
(10 rows)

!ok

#-------------------------------------------------------------------------
# TESTCASE: test_subquery_with_where TEST_ID: A4_B11_C5
#-------------------------------------------------------------------------
SELECT c
FROM
  (SELECT *
   FROM test_unnest
   WHERE c IN ('',
               'my_null',
               'my_empty',
               '1',
               '-1',
               '0',
               '999',
               999) IS TRUE
     AND c IN ('[2]',
               '[3, [4, 5]]',
               '2',
               '3',
               '999',
               999) IS NOT TRUE), unnest(mv_to_array(c_mv_num_with_null_and_empty_val)) AS u(c);
QueryInterruptedException
!error

#-------------------------------------------------------------------------
# TESTCASE: test_subquery_with_where TEST_ID: A4_B11_C7
#-------------------------------------------------------------------------
SELECT c
FROM
  (SELECT *
   FROM test_unnest,
        unnest(mv_to_array(c_mv_num_with_null_and_empty_val)) AS u(c))
WHERE c IN ('',
            'my_null',
            'my_empty',
            '1',
            '-1',
            '0',
            '999',
            999) IS TRUE
  AND c IN ('[2]',
            '[3, [4, 5]]',
            '2',
            '3',
            '999',
            999) IS NOT TRUE;
+---+
| c |
+---+
|   |
|   |
|   |
|   |
|   |
| 1 |
| 1 |
| 1 |
| 1 |
| 1 |
+---+
(10 rows)

!ok

#-------------------------------------------------------------------------
# TESTCASE: test_subquery_with_where TEST_ID: A4_B11_C9
#-------------------------------------------------------------------------
SELECT c
FROM
  (SELECT *
   FROM test_unnest), unnest(mv_to_array(c_mv_num_with_null_and_empty_val)) AS u(c)
WHERE c IN ('',
            'my_null',
            'my_empty',
            '1',
            '-1',
            '0',
            '999',
            999) IS TRUE
  AND c IN ('[2]',
            '[3, [4, 5]]',
            '2',
            '3',
            '999',
            999) IS NOT TRUE;
+---+
| c |
+---+
|   |
|   |
|   |
|   |
|   |
| 1 |
| 1 |
| 1 |
| 1 |
| 1 |
+---+
(10 rows)

!ok

#-------------------------------------------------------------------------
# TESTCASE: test_subquery_with_where TEST_ID: A4_B12_C1
#-------------------------------------------------------------------------
SELECT c
FROM test_unnest,
     unnest(mv_to_array(c_mv_num_with_null_and_empty_val)) AS u(c)
WHERE c IN ('',
            'my_null',
            'my_empty',
            '1',
            '-1',
            '0',
            '999',
            999) IS NOT FALSE
  AND c IN ('[2]',
            '[3, [4, 5]]',
            '2',
            '3',
            '999',
            999) IS FALSE;
+---+
| c |
+---+
|   |
|   |
|   |
|   |
|   |
| 1 |
| 1 |
| 1 |
| 1 |
| 1 |
+---+
(10 rows)

!ok

#-------------------------------------------------------------------------
# TESTCASE: test_subquery_with_where TEST_ID: A4_B12_C3
#-------------------------------------------------------------------------
SELECT c
FROM
  (SELECT *
   FROM test_unnest,
        unnest(mv_to_array(c_mv_num_with_null_and_empty_val)) AS u(c)
   WHERE c IN ('',
               'my_null',
               'my_empty',
               '1',
               '-1',
               '0',
               '999',
               999) IS NOT FALSE
     AND c IN ('[2]',
               '[3, [4, 5]]',
               '2',
               '3',
               '999',
               999) IS FALSE);
+---+
| c |
+---+
|   |
|   |
|   |
|   |
|   |
| 1 |
| 1 |
| 1 |
| 1 |
| 1 |
+---+
(10 rows)

!ok

#-------------------------------------------------------------------------
# TESTCASE: test_subquery_with_where TEST_ID: A4_B12_C5
#-------------------------------------------------------------------------
SELECT c
FROM
  (SELECT *
   FROM test_unnest
   WHERE c IN ('',
               'my_null',
               'my_empty',
               '1',
               '-1',
               '0',
               '999',
               999) IS NOT FALSE
     AND c IN ('[2]',
               '[3, [4, 5]]',
               '2',
               '3',
               '999',
               999) IS FALSE), unnest(mv_to_array(c_mv_num_with_null_and_empty_val)) AS u(c);
QueryInterruptedException
!error

#-------------------------------------------------------------------------
# TESTCASE: test_subquery_with_where TEST_ID: A4_B12_C7
#-------------------------------------------------------------------------
SELECT c
FROM
  (SELECT *
   FROM test_unnest,
        unnest(mv_to_array(c_mv_num_with_null_and_empty_val)) AS u(c))
WHERE c IN ('',
            'my_null',
            'my_empty',
            '1',
            '-1',
            '0',
            '999',
            999) IS NOT FALSE
  AND c IN ('[2]',
            '[3, [4, 5]]',
            '2',
            '3',
            '999',
            999) IS FALSE;
+---+
| c |
+---+
|   |
|   |
|   |
|   |
|   |
| 1 |
| 1 |
| 1 |
| 1 |
| 1 |
+---+
(10 rows)

!ok

#-------------------------------------------------------------------------
# TESTCASE: test_subquery_with_where TEST_ID: A4_B12_C9
#-------------------------------------------------------------------------
SELECT c
FROM
  (SELECT *
   FROM test_unnest), unnest(mv_to_array(c_mv_num_with_null_and_empty_val)) AS u(c)
WHERE c IN ('',
            'my_null',
            'my_empty',
            '1',
            '-1',
            '0',
            '999',
            999) IS NOT FALSE
  AND c IN ('[2]',
            '[3, [4, 5]]',
            '2',
            '3',
            '999',
            999) IS FALSE;
+---+
| c |
+---+
|   |
|   |
|   |
|   |
|   |
| 1 |
| 1 |
| 1 |
| 1 |
| 1 |
+---+
(10 rows)

!ok

#-------------------------------------------------------------------------
# TESTCASE: test_subquery_with_where TEST_ID: A4_B13_C1
#-------------------------------------------------------------------------
SELECT c
FROM test_unnest,
     unnest(mv_to_array(c_mv_num_with_null_and_empty_val)) AS u(c)
WHERE (c BETWEEN '1' AND '2')
  AND (c NOT BETWEEN '3' AND '4');
+---+
| c |
+---+
| 1 |
| 1 |
| 1 |
| 1 |
| 1 |
| 2 |
| 2 |
| 2 |
| 2 |
| 2 |
+---+
(10 rows)

!ok

#-------------------------------------------------------------------------
# TESTCASE: test_subquery_with_where TEST_ID: A4_B13_C3
#-------------------------------------------------------------------------
SELECT c
FROM
  (SELECT *
   FROM test_unnest,
        unnest(mv_to_array(c_mv_num_with_null_and_empty_val)) AS u(c)
   WHERE (c BETWEEN '1' AND '2')
     AND (c NOT BETWEEN '3' AND '4'));
+---+
| c |
+---+
| 1 |
| 1 |
| 1 |
| 1 |
| 1 |
| 2 |
| 2 |
| 2 |
| 2 |
| 2 |
+---+
(10 rows)

!ok

#-------------------------------------------------------------------------
# TESTCASE: test_subquery_with_where TEST_ID: A4_B13_C5
#-------------------------------------------------------------------------
SELECT c
FROM
  (SELECT *
   FROM test_unnest
   WHERE (c BETWEEN '1' AND '2')
     AND (c NOT BETWEEN '3' AND '4')), unnest(mv_to_array(c_mv_num_with_null_and_empty_val)) AS u(c);
QueryInterruptedException
!error

#-------------------------------------------------------------------------
# TESTCASE: test_subquery_with_where TEST_ID: A4_B13_C7
#-------------------------------------------------------------------------
SELECT c
FROM
  (SELECT *
   FROM test_unnest,
        unnest(mv_to_array(c_mv_num_with_null_and_empty_val)) AS u(c))
WHERE (c BETWEEN '1' AND '2')
  AND (c NOT BETWEEN '3' AND '4');
+---+
| c |
+---+
| 1 |
| 1 |
| 1 |
| 1 |
| 1 |
| 2 |
| 2 |
| 2 |
| 2 |
| 2 |
+---+
(10 rows)

!ok

#-------------------------------------------------------------------------
# TESTCASE: test_subquery_with_where TEST_ID: A4_B13_C9
#-------------------------------------------------------------------------
SELECT c
FROM
  (SELECT *
   FROM test_unnest), unnest(mv_to_array(c_mv_num_with_null_and_empty_val)) AS u(c)
WHERE (c BETWEEN '1' AND '2')
  AND (c NOT BETWEEN '3' AND '4');
+---+
| c |
+---+
| 1 |
| 1 |
| 1 |
| 1 |
| 1 |
| 2 |
| 2 |
| 2 |
| 2 |
| 2 |
+---+
(10 rows)

!ok

#-------------------------------------------------------------------------
# TESTCASE: test_subquery_with_where TEST_ID: A4_B14_C1
#-------------------------------------------------------------------------
SELECT c
FROM test_unnest,
     unnest(mv_to_array(c_mv_num_with_null_and_empty_val)) AS u(c)
WHERE (c like '1%')
  AND (c not like '3%');
+---+
| c |
+---+
| 1 |
| 1 |
| 1 |
| 1 |
| 1 |
+---+
(5 rows)

!ok

#-------------------------------------------------------------------------
# TESTCASE: test_subquery_with_where TEST_ID: A4_B14_C3
#-------------------------------------------------------------------------
SELECT c
FROM
  (SELECT *
   FROM test_unnest,
        unnest(mv_to_array(c_mv_num_with_null_and_empty_val)) AS u(c)
   WHERE (c like '1%')
     AND (c not like '3%'));
+---+
| c |
+---+
| 1 |
| 1 |
| 1 |
| 1 |
| 1 |
+---+
(5 rows)

!ok

#-------------------------------------------------------------------------
# TESTCASE: test_subquery_with_where TEST_ID: A4_B14_C5
#-------------------------------------------------------------------------
SELECT c
FROM
  (SELECT *
   FROM test_unnest
   WHERE (c like '1%')
     AND (c not like '3%')), unnest(mv_to_array(c_mv_num_with_null_and_empty_val)) AS u(c);
QueryInterruptedException
!error

#-------------------------------------------------------------------------
# TESTCASE: test_subquery_with_where TEST_ID: A4_B14_C7
#-------------------------------------------------------------------------
SELECT c
FROM
  (SELECT *
   FROM test_unnest,
        unnest(mv_to_array(c_mv_num_with_null_and_empty_val)) AS u(c))
WHERE (c like '1%')
  AND (c not like '3%');
+---+
| c |
+---+
| 1 |
| 1 |
| 1 |
| 1 |
| 1 |
+---+
(5 rows)

!ok

#-------------------------------------------------------------------------
# TESTCASE: test_subquery_with_where TEST_ID: A4_B14_C9
#-------------------------------------------------------------------------
SELECT c
FROM
  (SELECT *
   FROM test_unnest), unnest(mv_to_array(c_mv_num_with_null_and_empty_val)) AS u(c)
WHERE (c like '1%')
  AND (c not like '3%');
+---+
| c |
+---+
| 1 |
| 1 |
| 1 |
| 1 |
| 1 |
+---+
(5 rows)

!ok

#-------------------------------------------------------------------------
# TESTCASE: test_subquery_with_where TEST_ID: A4_B15_C1
#-------------------------------------------------------------------------
SELECT c
FROM test_unnest,
     unnest(mv_to_array(c_mv_num_with_null_and_empty_val)) AS u(c)
WHERE c IN ('',
            'my_null',
            'my_empty',
            '1',
            '-1',
            '0',
            '999',
            999)
  AND c NOT IN ('[2]',
                '[3, [4, 5]]',
                '2',
                '3',
                '999',
                999);
+---+
| c |
+---+
|   |
|   |
|   |
|   |
|   |
| 1 |
| 1 |
| 1 |
| 1 |
| 1 |
+---+
(10 rows)

!ok

#-------------------------------------------------------------------------
# TESTCASE: test_subquery_with_where TEST_ID: A4_B15_C3
#-------------------------------------------------------------------------
SELECT c
FROM
  (SELECT *
   FROM test_unnest,
        unnest(mv_to_array(c_mv_num_with_null_and_empty_val)) AS u(c)
   WHERE c IN ('',
               'my_null',
               'my_empty',
               '1',
               '-1',
               '0',
               '999',
               999)
     AND c NOT IN ('[2]',
                   '[3, [4, 5]]',
                   '2',
                   '3',
                   '999',
                   999));
+---+
| c |
+---+
|   |
|   |
|   |
|   |
|   |
| 1 |
| 1 |
| 1 |
| 1 |
| 1 |
+---+
(10 rows)

!ok

#-------------------------------------------------------------------------
# TESTCASE: test_subquery_with_where TEST_ID: A4_B15_C5
#-------------------------------------------------------------------------
SELECT c
FROM
  (SELECT *
   FROM test_unnest
   WHERE c IN ('',
               'my_null',
               'my_empty',
               '1',
               '-1',
               '0',
               '999',
               999)
     AND c NOT IN ('[2]',
                   '[3, [4, 5]]',
                   '2',
                   '3',
                   '999',
                   999)), unnest(mv_to_array(c_mv_num_with_null_and_empty_val)) AS u(c);
QueryInterruptedException
!error

#-------------------------------------------------------------------------
# TESTCASE: test_subquery_with_where TEST_ID: A4_B15_C7
#-------------------------------------------------------------------------
SELECT c
FROM
  (SELECT *
   FROM test_unnest,
        unnest(mv_to_array(c_mv_num_with_null_and_empty_val)) AS u(c))
WHERE c IN ('',
            'my_null',
            'my_empty',
            '1',
            '-1',
            '0',
            '999',
            999)
  AND c NOT IN ('[2]',
                '[3, [4, 5]]',
                '2',
                '3',
                '999',
                999);
+---+
| c |
+---+
|   |
|   |
|   |
|   |
|   |
| 1 |
| 1 |
| 1 |
| 1 |
| 1 |
+---+
(10 rows)

!ok

#-------------------------------------------------------------------------
# TESTCASE: test_subquery_with_where TEST_ID: A4_B15_C9
#-------------------------------------------------------------------------
SELECT c
FROM
  (SELECT *
   FROM test_unnest), unnest(mv_to_array(c_mv_num_with_null_and_empty_val)) AS u(c)
WHERE c IN ('',
            'my_null',
            'my_empty',
            '1',
            '-1',
            '0',
            '999',
            999)
  AND c NOT IN ('[2]',
                '[3, [4, 5]]',
                '2',
                '3',
                '999',
                999);
+---+
| c |
+---+
|   |
|   |
|   |
|   |
|   |
| 1 |
| 1 |
| 1 |
| 1 |
| 1 |
+---+
(10 rows)

!ok

#-------------------------------------------------------------------------
# TESTCASE: test_subquery_with_where TEST_ID: A4_B16_C1
#-------------------------------------------------------------------------
SELECT c
FROM test_unnest,
     unnest(mv_to_array(c_mv_num_with_null_and_empty_val)) AS u(c)
WHERE c IN
    (SELECT col
     FROM (
           VALUES(''),('my_null'),('my_empty'),('1'),('-1'),('0'),('999')) AS t(col))
  AND c NOT IN
    (SELECT col
     FROM (
           VALUES('[2]'),('[3, [4, 5]]'),('2'),('3'),('999')) AS t(col));
Unhandled Query Planning Failure
!error

#-------------------------------------------------------------------------
# TESTCASE: test_subquery_with_where TEST_ID: A4_B16_C3
#-------------------------------------------------------------------------
SELECT c
FROM
  (SELECT *
   FROM test_unnest,
        unnest(mv_to_array(c_mv_num_with_null_and_empty_val)) AS u(c)
   WHERE c IN
       (SELECT col
        FROM (
              VALUES(''),('my_null'),('my_empty'),('1'),('-1'),('0'),('999')) AS t(col))
     AND c NOT IN
       (SELECT col
        FROM (
              VALUES('[2]'),('[3, [4, 5]]'),('2'),('3'),('999')) AS t(col)));
Unhandled Query Planning Failure
!error

#-------------------------------------------------------------------------
# TESTCASE: test_subquery_with_where TEST_ID: A4_B16_C5
#-------------------------------------------------------------------------
SELECT c
FROM
  (SELECT *
   FROM test_unnest
   WHERE c IN
       (SELECT col
        FROM (
              VALUES(''),('my_null'),('my_empty'),('1'),('-1'),('0'),('999')) AS t(col))
     AND c NOT IN
       (SELECT col
        FROM (
              VALUES('[2]'),('[3, [4, 5]]'),('2'),('3'),('999')) AS t(col))), unnest(mv_to_array(c_mv_num_with_null_and_empty_val)) AS u(c);
QueryInterruptedException
!error

#-------------------------------------------------------------------------
# TESTCASE: test_subquery_with_where TEST_ID: A4_B16_C7
#-------------------------------------------------------------------------
SELECT c
FROM
  (SELECT *
   FROM test_unnest,
        unnest(mv_to_array(c_mv_num_with_null_and_empty_val)) AS u(c))
WHERE c IN
    (SELECT col
     FROM (
           VALUES(''),('my_null'),('my_empty'),('1'),('-1'),('0'),('999')) AS t(col))
  AND c NOT IN
    (SELECT col
     FROM (
           VALUES('[2]'),('[3, [4, 5]]'),('2'),('3'),('999')) AS t(col));
Unhandled Query Planning Failure
!error

