!set useApproximateCountDistinct false
!use druidtest://?componentSupplier=StandardMSQComponentSupplier&datasets=sql/src/test/quidem/qatests/qaUnnest/mv
!set outputformat mysql
#-------------------------------------------------------------------------
# TESTCASE: test_order_by TEST_ID: A3_B14
#-------------------------------------------------------------------------
SELECT c_str,
       count(*) cnt
FROM test_unnest,
     unnest(mv_to_array(c_mv_complex_with_null_and_empty_val)) AS u(c)
GROUP BY c_str
ORDER BY 1 DESC;
+-------+-----+
| c_str | cnt |
+-------+-----+
| str4  |   5 |
| str3  |   5 |
| str2  |   5 |
|       |   5 |
|       |   5 |
+-------+-----+
(5 rows)

!ok

#-------------------------------------------------------------------------
# TESTCASE: test_order_by TEST_ID: A3_B15
#-------------------------------------------------------------------------
SELECT c_str
FROM test_unnest,
     unnest(mv_to_array(c_mv_complex_with_null_and_empty_val)) AS u(c)
ORDER BY c_str ASC;
+-------+
| c_str |
+-------+
|       |
|       |
|       |
|       |
|       |
|       |
|       |
|       |
|       |
|       |
| str2  |
| str2  |
| str2  |
| str2  |
| str2  |
| str3  |
| str3  |
| str3  |
| str3  |
| str3  |
| str4  |
| str4  |
| str4  |
| str4  |
| str4  |
+-------+
(25 rows)

!ok

#-------------------------------------------------------------------------
# TESTCASE: test_order_by TEST_ID: A3_B16
#-------------------------------------------------------------------------
SELECT c_str
FROM test_unnest,
     unnest(mv_to_array(c_mv_complex_with_null_and_empty_val)) AS u(c)
ORDER BY 1 DESC;
+-------+
| c_str |
+-------+
| str4  |
| str4  |
| str4  |
| str4  |
| str4  |
| str3  |
| str3  |
| str3  |
| str3  |
| str3  |
| str2  |
| str2  |
| str2  |
| str2  |
| str2  |
|       |
|       |
|       |
|       |
|       |
|       |
|       |
|       |
|       |
|       |
+-------+
(25 rows)

!ok

#-------------------------------------------------------------------------
# TESTCASE: test_order_by TEST_ID: A3_B17
#-------------------------------------------------------------------------
SELECT c_str
FROM
  (SELECT c_str
   FROM test_unnest,
        unnest(mv_to_array(c_mv_complex_with_null_and_empty_val)) AS u(c)
   ORDER BY c_str ASC);
+-------+
| c_str |
+-------+
|       |
|       |
|       |
|       |
|       |
| str2  |
| str2  |
| str2  |
| str2  |
| str2  |
| str3  |
| str3  |
| str3  |
| str3  |
| str3  |
| str4  |
| str4  |
| str4  |
| str4  |
| str4  |
|       |
|       |
|       |
|       |
|       |
+-------+
(25 rows)

!ok

#-------------------------------------------------------------------------
# TESTCASE: test_order_by TEST_ID: A3_B18
#-------------------------------------------------------------------------
SELECT c_str
FROM
  (SELECT c_str
   FROM test_unnest,
        unnest(mv_to_array(c_mv_complex_with_null_and_empty_val)) AS u(c)
   ORDER BY 1 DESC);
+-------+
| c_str |
+-------+
|       |
|       |
|       |
|       |
|       |
| str2  |
| str2  |
| str2  |
| str2  |
| str2  |
| str3  |
| str3  |
| str3  |
| str3  |
| str3  |
| str4  |
| str4  |
| str4  |
| str4  |
| str4  |
|       |
|       |
|       |
|       |
|       |
+-------+
(25 rows)

!ok

#-------------------------------------------------------------------------
# TESTCASE: test_order_by TEST_ID: A4_B1
#-------------------------------------------------------------------------
SELECT c,
       count(*) cnt
FROM test_unnest,
     unnest(mv_to_array(c_mv_num_with_null_and_empty_val)) AS u(c)
GROUP BY c
ORDER BY c ASC;
+---+-----+
| c | cnt |
+---+-----+
|   |   5 |
|   |   5 |
| 1 |   5 |
| 2 |   5 |
| 3 |   5 |
+---+-----+
(5 rows)

!ok

#-------------------------------------------------------------------------
# TESTCASE: test_order_by TEST_ID: A4_B2
#-------------------------------------------------------------------------
SELECT c,
       count(*) cnt
FROM test_unnest,
     unnest(mv_to_array(c_mv_num_with_null_and_empty_val)) AS u(c)
GROUP BY c
ORDER BY 1 DESC;
+---+-----+
| c | cnt |
+---+-----+
| 3 |   5 |
| 2 |   5 |
| 1 |   5 |
|   |   5 |
|   |   5 |
+---+-----+
(5 rows)

!ok

#-------------------------------------------------------------------------
# TESTCASE: test_order_by TEST_ID: A4_B3
#-------------------------------------------------------------------------
SELECT c
FROM test_unnest,
     unnest(mv_to_array(c_mv_num_with_null_and_empty_val)) AS u(c)
ORDER BY c ASC;
+---+
| c |
+---+
|   |
|   |
|   |
|   |
|   |
|   |
|   |
|   |
|   |
|   |
| 1 |
| 1 |
| 1 |
| 1 |
| 1 |
| 2 |
| 2 |
| 2 |
| 2 |
| 2 |
| 3 |
| 3 |
| 3 |
| 3 |
| 3 |
+---+
(25 rows)

!ok

#-------------------------------------------------------------------------
# TESTCASE: test_order_by TEST_ID: A4_B4
#-------------------------------------------------------------------------
SELECT c
FROM test_unnest,
     unnest(mv_to_array(c_mv_num_with_null_and_empty_val)) AS u(c)
ORDER BY 1 DESC;
+---+
| c |
+---+
| 3 |
| 3 |
| 3 |
| 3 |
| 3 |
| 2 |
| 2 |
| 2 |
| 2 |
| 2 |
| 1 |
| 1 |
| 1 |
| 1 |
| 1 |
|   |
|   |
|   |
|   |
|   |
|   |
|   |
|   |
|   |
|   |
+---+
(25 rows)

!ok

#-------------------------------------------------------------------------
# TESTCASE: test_order_by TEST_ID: A4_B5
#-------------------------------------------------------------------------
SELECT c
FROM
  (SELECT c
   FROM test_unnest,
        unnest(mv_to_array(c_mv_num_with_null_and_empty_val)) AS u(c)
   ORDER BY c ASC);
+---+
| c |
+---+
|   |
|   |
|   |
|   |
|   |
| 1 |
| 1 |
| 1 |
| 1 |
| 1 |
| 2 |
| 2 |
| 2 |
| 2 |
| 2 |
| 3 |
| 3 |
| 3 |
| 3 |
| 3 |
|   |
|   |
|   |
|   |
|   |
+---+
(25 rows)

!ok

#-------------------------------------------------------------------------
# TESTCASE: test_order_by TEST_ID: A4_B6
#-------------------------------------------------------------------------
SELECT c
FROM
  (SELECT c
   FROM test_unnest,
        unnest(mv_to_array(c_mv_num_with_null_and_empty_val)) AS u(c)
   ORDER BY 1 DESC);
+---+
| c |
+---+
|   |
|   |
|   |
|   |
|   |
| 1 |
| 1 |
| 1 |
| 1 |
| 1 |
| 2 |
| 2 |
| 2 |
| 2 |
| 2 |
| 3 |
| 3 |
| 3 |
| 3 |
| 3 |
|   |
|   |
|   |
|   |
|   |
+---+
(25 rows)

!ok

#-------------------------------------------------------------------------
# TESTCASE: test_order_by TEST_ID: A4_B7
#-------------------------------------------------------------------------
SELECT __time,
       count(*) cnt
FROM test_unnest,
     unnest(mv_to_array(c_mv_num_with_null_and_empty_val)) AS u(c)
GROUP BY __time
ORDER BY __time ASC;
+-------------------------+-----+
| __time                  | cnt |
+-------------------------+-----+
| 2022-01-01 00:00:00.000 |  25 |
+-------------------------+-----+
(1 row)

!ok

#-------------------------------------------------------------------------
# TESTCASE: test_order_by TEST_ID: A4_B8
#-------------------------------------------------------------------------
SELECT __time,
       count(*) cnt
FROM test_unnest,
     unnest(mv_to_array(c_mv_num_with_null_and_empty_val)) AS u(c)
GROUP BY __time
ORDER BY __time DESC;
+-------------------------+-----+
| __time                  | cnt |
+-------------------------+-----+
| 2022-01-01 00:00:00.000 |  25 |
+-------------------------+-----+
(1 row)

!ok

#-------------------------------------------------------------------------
# TESTCASE: test_order_by TEST_ID: A4_B9
#-------------------------------------------------------------------------
SELECT __time
FROM test_unnest,
     unnest(mv_to_array(c_mv_num_with_null_and_empty_val)) AS u(c)
ORDER BY __time ASC;
+-------------------------+
| __time                  |
+-------------------------+
| 2022-01-01 00:00:00.000 |
| 2022-01-01 00:00:00.000 |
| 2022-01-01 00:00:00.000 |
| 2022-01-01 00:00:00.000 |
| 2022-01-01 00:00:00.000 |
| 2022-01-01 00:00:00.000 |
| 2022-01-01 00:00:00.000 |
| 2022-01-01 00:00:00.000 |
| 2022-01-01 00:00:00.000 |
| 2022-01-01 00:00:00.000 |
| 2022-01-01 00:00:00.000 |
| 2022-01-01 00:00:00.000 |
| 2022-01-01 00:00:00.000 |
| 2022-01-01 00:00:00.000 |
| 2022-01-01 00:00:00.000 |
| 2022-01-01 00:00:00.000 |
| 2022-01-01 00:00:00.000 |
| 2022-01-01 00:00:00.000 |
| 2022-01-01 00:00:00.000 |
| 2022-01-01 00:00:00.000 |
| 2022-01-01 00:00:00.000 |
| 2022-01-01 00:00:00.000 |
| 2022-01-01 00:00:00.000 |
| 2022-01-01 00:00:00.000 |
| 2022-01-01 00:00:00.000 |
+-------------------------+
(25 rows)

!ok

#-------------------------------------------------------------------------
# TESTCASE: test_order_by TEST_ID: A4_B10
#-------------------------------------------------------------------------
SELECT __time
FROM test_unnest,
     unnest(mv_to_array(c_mv_num_with_null_and_empty_val)) AS u(c)
ORDER BY 1 DESC;
+-------------------------+
| __time                  |
+-------------------------+
| 2022-01-01 00:00:00.000 |
| 2022-01-01 00:00:00.000 |
| 2022-01-01 00:00:00.000 |
| 2022-01-01 00:00:00.000 |
| 2022-01-01 00:00:00.000 |
| 2022-01-01 00:00:00.000 |
| 2022-01-01 00:00:00.000 |
| 2022-01-01 00:00:00.000 |
| 2022-01-01 00:00:00.000 |
| 2022-01-01 00:00:00.000 |
| 2022-01-01 00:00:00.000 |
| 2022-01-01 00:00:00.000 |
| 2022-01-01 00:00:00.000 |
| 2022-01-01 00:00:00.000 |
| 2022-01-01 00:00:00.000 |
| 2022-01-01 00:00:00.000 |
| 2022-01-01 00:00:00.000 |
| 2022-01-01 00:00:00.000 |
| 2022-01-01 00:00:00.000 |
| 2022-01-01 00:00:00.000 |
| 2022-01-01 00:00:00.000 |
| 2022-01-01 00:00:00.000 |
| 2022-01-01 00:00:00.000 |
| 2022-01-01 00:00:00.000 |
| 2022-01-01 00:00:00.000 |
+-------------------------+
(25 rows)

!ok

#-------------------------------------------------------------------------
# TESTCASE: test_order_by TEST_ID: A4_B11
#-------------------------------------------------------------------------
SELECT __time
FROM
  (SELECT __time
   FROM test_unnest,
        unnest(mv_to_array(c_mv_num_with_null_and_empty_val)) AS u(c)
   ORDER BY __time ASC);
+-------------------------+
| __time                  |
+-------------------------+
| 2022-01-01 00:00:00.000 |
| 2022-01-01 00:00:00.000 |
| 2022-01-01 00:00:00.000 |
| 2022-01-01 00:00:00.000 |
| 2022-01-01 00:00:00.000 |
| 2022-01-01 00:00:00.000 |
| 2022-01-01 00:00:00.000 |
| 2022-01-01 00:00:00.000 |
| 2022-01-01 00:00:00.000 |
| 2022-01-01 00:00:00.000 |
| 2022-01-01 00:00:00.000 |
| 2022-01-01 00:00:00.000 |
| 2022-01-01 00:00:00.000 |
| 2022-01-01 00:00:00.000 |
| 2022-01-01 00:00:00.000 |
| 2022-01-01 00:00:00.000 |
| 2022-01-01 00:00:00.000 |
| 2022-01-01 00:00:00.000 |
| 2022-01-01 00:00:00.000 |
| 2022-01-01 00:00:00.000 |
| 2022-01-01 00:00:00.000 |
| 2022-01-01 00:00:00.000 |
| 2022-01-01 00:00:00.000 |
| 2022-01-01 00:00:00.000 |
| 2022-01-01 00:00:00.000 |
+-------------------------+
(25 rows)

!ok

#-------------------------------------------------------------------------
# TESTCASE: test_order_by TEST_ID: A4_B12
#-------------------------------------------------------------------------
SELECT __time
FROM
  (SELECT __time
   FROM test_unnest,
        unnest(mv_to_array(c_mv_num_with_null_and_empty_val)) AS u(c)
   ORDER BY 1 DESC);
+-------------------------+
| __time                  |
+-------------------------+
| 2022-01-01 00:00:00.000 |
| 2022-01-01 00:00:00.000 |
| 2022-01-01 00:00:00.000 |
| 2022-01-01 00:00:00.000 |
| 2022-01-01 00:00:00.000 |
| 2022-01-01 00:00:00.000 |
| 2022-01-01 00:00:00.000 |
| 2022-01-01 00:00:00.000 |
| 2022-01-01 00:00:00.000 |
| 2022-01-01 00:00:00.000 |
| 2022-01-01 00:00:00.000 |
| 2022-01-01 00:00:00.000 |
| 2022-01-01 00:00:00.000 |
| 2022-01-01 00:00:00.000 |
| 2022-01-01 00:00:00.000 |
| 2022-01-01 00:00:00.000 |
| 2022-01-01 00:00:00.000 |
| 2022-01-01 00:00:00.000 |
| 2022-01-01 00:00:00.000 |
| 2022-01-01 00:00:00.000 |
| 2022-01-01 00:00:00.000 |
| 2022-01-01 00:00:00.000 |
| 2022-01-01 00:00:00.000 |
| 2022-01-01 00:00:00.000 |
| 2022-01-01 00:00:00.000 |
+-------------------------+
(25 rows)

!ok

#-------------------------------------------------------------------------
# TESTCASE: test_order_by TEST_ID: A4_B13
#-------------------------------------------------------------------------
SELECT c_str,
       count(*) cnt
FROM test_unnest,
     unnest(mv_to_array(c_mv_num_with_null_and_empty_val)) AS u(c)
GROUP BY c_str
ORDER BY c_str ASC;
+-------+-----+
| c_str | cnt |
+-------+-----+
|       |   5 |
|       |   5 |
| str2  |   5 |
| str3  |   5 |
| str4  |   5 |
+-------+-----+
(5 rows)

!ok

#-------------------------------------------------------------------------
# TESTCASE: test_order_by TEST_ID: A4_B14
#-------------------------------------------------------------------------
SELECT c_str,
       count(*) cnt
FROM test_unnest,
     unnest(mv_to_array(c_mv_num_with_null_and_empty_val)) AS u(c)
GROUP BY c_str
ORDER BY 1 DESC;
+-------+-----+
| c_str | cnt |
+-------+-----+
| str4  |   5 |
| str3  |   5 |
| str2  |   5 |
|       |   5 |
|       |   5 |
+-------+-----+
(5 rows)

!ok

#-------------------------------------------------------------------------
# TESTCASE: test_order_by TEST_ID: A4_B15
#-------------------------------------------------------------------------
SELECT c_str
FROM test_unnest,
     unnest(mv_to_array(c_mv_num_with_null_and_empty_val)) AS u(c)
ORDER BY c_str ASC;
+-------+
| c_str |
+-------+
|       |
|       |
|       |
|       |
|       |
|       |
|       |
|       |
|       |
|       |
| str2  |
| str2  |
| str2  |
| str2  |
| str2  |
| str3  |
| str3  |
| str3  |
| str3  |
| str3  |
| str4  |
| str4  |
| str4  |
| str4  |
| str4  |
+-------+
(25 rows)

!ok

#-------------------------------------------------------------------------
# TESTCASE: test_order_by TEST_ID: A4_B16
#-------------------------------------------------------------------------
SELECT c_str
FROM test_unnest,
     unnest(mv_to_array(c_mv_num_with_null_and_empty_val)) AS u(c)
ORDER BY 1 DESC;
+-------+
| c_str |
+-------+
| str4  |
| str4  |
| str4  |
| str4  |
| str4  |
| str3  |
| str3  |
| str3  |
| str3  |
| str3  |
| str2  |
| str2  |
| str2  |
| str2  |
| str2  |
|       |
|       |
|       |
|       |
|       |
|       |
|       |
|       |
|       |
|       |
+-------+
(25 rows)

!ok

#-------------------------------------------------------------------------
# TESTCASE: test_order_by TEST_ID: A4_B17
#-------------------------------------------------------------------------
SELECT c_str
FROM
  (SELECT c_str
   FROM test_unnest,
        unnest(mv_to_array(c_mv_num_with_null_and_empty_val)) AS u(c)
   ORDER BY c_str ASC);
+-------+
| c_str |
+-------+
|       |
|       |
|       |
|       |
|       |
| str2  |
| str2  |
| str2  |
| str2  |
| str2  |
| str3  |
| str3  |
| str3  |
| str3  |
| str3  |
| str4  |
| str4  |
| str4  |
| str4  |
| str4  |
|       |
|       |
|       |
|       |
|       |
+-------+
(25 rows)

!ok

#-------------------------------------------------------------------------
# TESTCASE: test_order_by TEST_ID: A4_B18
#-------------------------------------------------------------------------
SELECT c_str
FROM
  (SELECT c_str
   FROM test_unnest,
        unnest(mv_to_array(c_mv_num_with_null_and_empty_val)) AS u(c)
   ORDER BY 1 DESC);
+-------+
| c_str |
+-------+
|       |
|       |
|       |
|       |
|       |
| str2  |
| str2  |
| str2  |
| str2  |
| str2  |
| str3  |
| str3  |
| str3  |
| str3  |
| str3  |
| str4  |
| str4  |
| str4  |
| str4  |
| str4  |
|       |
|       |
|       |
|       |
|       |
+-------+
(25 rows)

!ok

#-------------------------------------------------------------------------
# TESTCASE: test_order_by TEST_ID: A5_B1
#-------------------------------------------------------------------------
SELECT c,
       count(*) cnt
FROM test_unnest,
     unnest(mv_to_array(c_mv_complex_with_null_and_empty_row)) AS u(c)
GROUP BY c
ORDER BY c ASC;
+-------------+-----+
| c           | cnt |
+-------------+-----+
|             |   5 |
|             |   3 |
| 1           |   3 |
| [2]         |   3 |
| [3, [4, 5]] |   3 |
+-------------+-----+
(5 rows)

!ok

#-------------------------------------------------------------------------
# TESTCASE: test_order_by TEST_ID: A5_B2
#-------------------------------------------------------------------------
SELECT c,
       count(*) cnt
FROM test_unnest,
     unnest(mv_to_array(c_mv_complex_with_null_and_empty_row)) AS u(c)
GROUP BY c
ORDER BY 1 DESC;
+-------------+-----+
| c           | cnt |
+-------------+-----+
| [3, [4, 5]] |   3 |
| [2]         |   3 |
| 1           |   3 |
|             |   3 |
|             |   5 |
+-------------+-----+
(5 rows)

!ok

#-------------------------------------------------------------------------
# TESTCASE: test_order_by TEST_ID: A5_B3
#-------------------------------------------------------------------------
SELECT c
FROM test_unnest,
     unnest(mv_to_array(c_mv_complex_with_null_and_empty_row)) AS u(c)
ORDER BY c ASC;
+-------------+
| c           |
+-------------+
|             |
|             |
|             |
|             |
|             |
|             |
|             |
|             |
| 1           |
| 1           |
| 1           |
| [2]         |
| [2]         |
| [2]         |
| [3, [4, 5]] |
| [3, [4, 5]] |
| [3, [4, 5]] |
+-------------+
(17 rows)

!ok

#-------------------------------------------------------------------------
# TESTCASE: test_order_by TEST_ID: A5_B4
#-------------------------------------------------------------------------
SELECT c
FROM test_unnest,
     unnest(mv_to_array(c_mv_complex_with_null_and_empty_row)) AS u(c)
ORDER BY 1 DESC;
+-------------+
| c           |
+-------------+
| [3, [4, 5]] |
| [3, [4, 5]] |
| [3, [4, 5]] |
| [2]         |
| [2]         |
| [2]         |
| 1           |
| 1           |
| 1           |
|             |
|             |
|             |
|             |
|             |
|             |
|             |
|             |
+-------------+
(17 rows)

!ok

#-------------------------------------------------------------------------
# TESTCASE: test_order_by TEST_ID: A5_B5
#-------------------------------------------------------------------------
SELECT c
FROM
  (SELECT c
   FROM test_unnest,
        unnest(mv_to_array(c_mv_complex_with_null_and_empty_row)) AS u(c)
   ORDER BY c ASC);
+-------------+
| c           |
+-------------+
|             |
|             |
|             |
| 1           |
| 1           |
| 1           |
| [2]         |
| [2]         |
| [2]         |
| [3, [4, 5]] |
| [3, [4, 5]] |
| [3, [4, 5]] |
|             |
|             |
|             |
|             |
|             |
+-------------+
(17 rows)

!ok

#-------------------------------------------------------------------------
# TESTCASE: test_order_by TEST_ID: A5_B6
#-------------------------------------------------------------------------
SELECT c
FROM
  (SELECT c
   FROM test_unnest,
        unnest(mv_to_array(c_mv_complex_with_null_and_empty_row)) AS u(c)
   ORDER BY 1 DESC);
+-------------+
| c           |
+-------------+
|             |
|             |
|             |
| 1           |
| 1           |
| 1           |
| [2]         |
| [2]         |
| [2]         |
| [3, [4, 5]] |
| [3, [4, 5]] |
| [3, [4, 5]] |
|             |
|             |
|             |
|             |
|             |
+-------------+
(17 rows)

!ok

#-------------------------------------------------------------------------
# TESTCASE: test_order_by TEST_ID: A5_B7
#-------------------------------------------------------------------------
SELECT __time,
       count(*) cnt
FROM test_unnest,
     unnest(mv_to_array(c_mv_complex_with_null_and_empty_row)) AS u(c)
GROUP BY __time
ORDER BY __time ASC;
+-------------------------+-----+
| __time                  | cnt |
+-------------------------+-----+
| 2022-01-01 00:00:00.000 |  17 |
+-------------------------+-----+
(1 row)

!ok

#-------------------------------------------------------------------------
# TESTCASE: test_order_by TEST_ID: A5_B8
#-------------------------------------------------------------------------
SELECT __time,
       count(*) cnt
FROM test_unnest,
     unnest(mv_to_array(c_mv_complex_with_null_and_empty_row)) AS u(c)
GROUP BY __time
ORDER BY __time DESC;
+-------------------------+-----+
| __time                  | cnt |
+-------------------------+-----+
| 2022-01-01 00:00:00.000 |  17 |
+-------------------------+-----+
(1 row)

!ok

#-------------------------------------------------------------------------
# TESTCASE: test_order_by TEST_ID: A5_B9
#-------------------------------------------------------------------------
SELECT __time
FROM test_unnest,
     unnest(mv_to_array(c_mv_complex_with_null_and_empty_row)) AS u(c)
ORDER BY __time ASC;
+-------------------------+
| __time                  |
+-------------------------+
| 2022-01-01 00:00:00.000 |
| 2022-01-01 00:00:00.000 |
| 2022-01-01 00:00:00.000 |
| 2022-01-01 00:00:00.000 |
| 2022-01-01 00:00:00.000 |
| 2022-01-01 00:00:00.000 |
| 2022-01-01 00:00:00.000 |
| 2022-01-01 00:00:00.000 |
| 2022-01-01 00:00:00.000 |
| 2022-01-01 00:00:00.000 |
| 2022-01-01 00:00:00.000 |
| 2022-01-01 00:00:00.000 |
| 2022-01-01 00:00:00.000 |
| 2022-01-01 00:00:00.000 |
| 2022-01-01 00:00:00.000 |
| 2022-01-01 00:00:00.000 |
| 2022-01-01 00:00:00.000 |
+-------------------------+
(17 rows)

!ok

#-------------------------------------------------------------------------
# TESTCASE: test_order_by TEST_ID: A5_B10
#-------------------------------------------------------------------------
SELECT __time
FROM test_unnest,
     unnest(mv_to_array(c_mv_complex_with_null_and_empty_row)) AS u(c)
ORDER BY 1 DESC;
+-------------------------+
| __time                  |
+-------------------------+
| 2022-01-01 00:00:00.000 |
| 2022-01-01 00:00:00.000 |
| 2022-01-01 00:00:00.000 |
| 2022-01-01 00:00:00.000 |
| 2022-01-01 00:00:00.000 |
| 2022-01-01 00:00:00.000 |
| 2022-01-01 00:00:00.000 |
| 2022-01-01 00:00:00.000 |
| 2022-01-01 00:00:00.000 |
| 2022-01-01 00:00:00.000 |
| 2022-01-01 00:00:00.000 |
| 2022-01-01 00:00:00.000 |
| 2022-01-01 00:00:00.000 |
| 2022-01-01 00:00:00.000 |
| 2022-01-01 00:00:00.000 |
| 2022-01-01 00:00:00.000 |
| 2022-01-01 00:00:00.000 |
+-------------------------+
(17 rows)

!ok

#-------------------------------------------------------------------------
# TESTCASE: test_order_by TEST_ID: A5_B11
#-------------------------------------------------------------------------
SELECT __time
FROM
  (SELECT __time
   FROM test_unnest,
        unnest(mv_to_array(c_mv_complex_with_null_and_empty_row)) AS u(c)
   ORDER BY __time ASC);
+-------------------------+
| __time                  |
+-------------------------+
| 2022-01-01 00:00:00.000 |
| 2022-01-01 00:00:00.000 |
| 2022-01-01 00:00:00.000 |
| 2022-01-01 00:00:00.000 |
| 2022-01-01 00:00:00.000 |
| 2022-01-01 00:00:00.000 |
| 2022-01-01 00:00:00.000 |
| 2022-01-01 00:00:00.000 |
| 2022-01-01 00:00:00.000 |
| 2022-01-01 00:00:00.000 |
| 2022-01-01 00:00:00.000 |
| 2022-01-01 00:00:00.000 |
| 2022-01-01 00:00:00.000 |
| 2022-01-01 00:00:00.000 |
| 2022-01-01 00:00:00.000 |
| 2022-01-01 00:00:00.000 |
| 2022-01-01 00:00:00.000 |
+-------------------------+
(17 rows)

!ok

#-------------------------------------------------------------------------
# TESTCASE: test_order_by TEST_ID: A5_B12
#-------------------------------------------------------------------------
SELECT __time
FROM
  (SELECT __time
   FROM test_unnest,
        unnest(mv_to_array(c_mv_complex_with_null_and_empty_row)) AS u(c)
   ORDER BY 1 DESC);
+-------------------------+
| __time                  |
+-------------------------+
| 2022-01-01 00:00:00.000 |
| 2022-01-01 00:00:00.000 |
| 2022-01-01 00:00:00.000 |
| 2022-01-01 00:00:00.000 |
| 2022-01-01 00:00:00.000 |
| 2022-01-01 00:00:00.000 |
| 2022-01-01 00:00:00.000 |
| 2022-01-01 00:00:00.000 |
| 2022-01-01 00:00:00.000 |
| 2022-01-01 00:00:00.000 |
| 2022-01-01 00:00:00.000 |
| 2022-01-01 00:00:00.000 |
| 2022-01-01 00:00:00.000 |
| 2022-01-01 00:00:00.000 |
| 2022-01-01 00:00:00.000 |
| 2022-01-01 00:00:00.000 |
| 2022-01-01 00:00:00.000 |
+-------------------------+
(17 rows)

!ok

#-------------------------------------------------------------------------
# TESTCASE: test_order_by TEST_ID: A5_B13
#-------------------------------------------------------------------------
SELECT c_str,
       count(*) cnt
FROM test_unnest,
     unnest(mv_to_array(c_mv_complex_with_null_and_empty_row)) AS u(c)
GROUP BY c_str
ORDER BY c_str ASC;
+-------+-----+
| c_str | cnt |
+-------+-----+
|       |   1 |
|       |   1 |
| str2  |   5 |
| str3  |   5 |
| str4  |   5 |
+-------+-----+
(5 rows)

!ok

#-------------------------------------------------------------------------
# TESTCASE: test_order_by TEST_ID: A5_B14
#-------------------------------------------------------------------------
SELECT c_str,
       count(*) cnt
FROM test_unnest,
     unnest(mv_to_array(c_mv_complex_with_null_and_empty_row)) AS u(c)
GROUP BY c_str
ORDER BY 1 DESC;
+-------+-----+
| c_str | cnt |
+-------+-----+
| str4  |   5 |
| str3  |   5 |
| str2  |   5 |
|       |   1 |
|       |   1 |
+-------+-----+
(5 rows)

!ok

#-------------------------------------------------------------------------
# TESTCASE: test_order_by TEST_ID: A5_B15
#-------------------------------------------------------------------------
SELECT c_str
FROM test_unnest,
     unnest(mv_to_array(c_mv_complex_with_null_and_empty_row)) AS u(c)
ORDER BY c_str ASC;
+-------+
| c_str |
+-------+
|       |
|       |
| str2  |
| str2  |
| str2  |
| str2  |
| str2  |
| str3  |
| str3  |
| str3  |
| str3  |
| str3  |
| str4  |
| str4  |
| str4  |
| str4  |
| str4  |
+-------+
(17 rows)

!ok

#-------------------------------------------------------------------------
# TESTCASE: test_order_by TEST_ID: A5_B16
#-------------------------------------------------------------------------
SELECT c_str
FROM test_unnest,
     unnest(mv_to_array(c_mv_complex_with_null_and_empty_row)) AS u(c)
ORDER BY 1 DESC;
+-------+
| c_str |
+-------+
| str4  |
| str4  |
| str4  |
| str4  |
| str4  |
| str3  |
| str3  |
| str3  |
| str3  |
| str3  |
| str2  |
| str2  |
| str2  |
| str2  |
| str2  |
|       |
|       |
+-------+
(17 rows)

!ok

#-------------------------------------------------------------------------
# TESTCASE: test_order_by TEST_ID: A5_B17
#-------------------------------------------------------------------------
SELECT c_str
FROM
  (SELECT c_str
   FROM test_unnest,
        unnest(mv_to_array(c_mv_complex_with_null_and_empty_row)) AS u(c)
   ORDER BY c_str ASC);
+-------+
| c_str |
+-------+
|       |
| str2  |
| str2  |
| str2  |
| str2  |
| str2  |
| str3  |
| str3  |
| str3  |
| str3  |
| str3  |
| str4  |
| str4  |
| str4  |
| str4  |
| str4  |
|       |
+-------+
(17 rows)

!ok

#-------------------------------------------------------------------------
# TESTCASE: test_order_by TEST_ID: A5_B18
#-------------------------------------------------------------------------
SELECT c_str
FROM
  (SELECT c_str
   FROM test_unnest,
        unnest(mv_to_array(c_mv_complex_with_null_and_empty_row)) AS u(c)
   ORDER BY 1 DESC);
+-------+
| c_str |
+-------+
|       |
| str2  |
| str2  |
| str2  |
| str2  |
| str2  |
| str3  |
| str3  |
| str3  |
| str3  |
| str3  |
| str4  |
| str4  |
| str4  |
| str4  |
| str4  |
|       |
+-------+
(17 rows)

!ok

#-------------------------------------------------------------------------
# TESTCASE: test_order_by TEST_ID: A6_B1
#-------------------------------------------------------------------------
SELECT c,
       count(*) cnt
FROM test_unnest,
     unnest(mv_to_array(c_mv_num_with_null_and_empty_row)) AS u(c)
GROUP BY c
ORDER BY c ASC;
+---+-----+
| c | cnt |
+---+-----+
|   |   5 |
|   |   3 |
| 1 |   3 |
| 2 |   3 |
| 3 |   3 |
+---+-----+
(5 rows)

!ok

#-------------------------------------------------------------------------
# TESTCASE: test_order_by TEST_ID: A6_B2
#-------------------------------------------------------------------------
SELECT c,
       count(*) cnt
FROM test_unnest,
     unnest(mv_to_array(c_mv_num_with_null_and_empty_row)) AS u(c)
GROUP BY c
ORDER BY 1 DESC;
+---+-----+
| c | cnt |
+---+-----+
| 3 |   3 |
| 2 |   3 |
| 1 |   3 |
|   |   3 |
|   |   5 |
+---+-----+
(5 rows)

!ok

#-------------------------------------------------------------------------
# TESTCASE: test_order_by TEST_ID: A6_B3
#-------------------------------------------------------------------------
SELECT c
FROM test_unnest,
     unnest(mv_to_array(c_mv_num_with_null_and_empty_row)) AS u(c)
ORDER BY c ASC;
+---+
| c |
+---+
|   |
|   |
|   |
|   |
|   |
|   |
|   |
|   |
| 1 |
| 1 |
| 1 |
| 2 |
| 2 |
| 2 |
| 3 |
| 3 |
| 3 |
+---+
(17 rows)

!ok

#-------------------------------------------------------------------------
# TESTCASE: test_order_by TEST_ID: A6_B4
#-------------------------------------------------------------------------
SELECT c
FROM test_unnest,
     unnest(mv_to_array(c_mv_num_with_null_and_empty_row)) AS u(c)
ORDER BY 1 DESC;
+---+
| c |
+---+
| 3 |
| 3 |
| 3 |
| 2 |
| 2 |
| 2 |
| 1 |
| 1 |
| 1 |
|   |
|   |
|   |
|   |
|   |
|   |
|   |
|   |
+---+
(17 rows)

!ok

#-------------------------------------------------------------------------
# TESTCASE: test_order_by TEST_ID: A6_B5
#-------------------------------------------------------------------------
SELECT c
FROM
  (SELECT c
   FROM test_unnest,
        unnest(mv_to_array(c_mv_num_with_null_and_empty_row)) AS u(c)
   ORDER BY c ASC);
+---+
| c |
+---+
|   |
|   |
|   |
| 1 |
| 1 |
| 1 |
| 2 |
| 2 |
| 2 |
| 3 |
| 3 |
| 3 |
|   |
|   |
|   |
|   |
|   |
+---+
(17 rows)

!ok

#-------------------------------------------------------------------------
# TESTCASE: test_order_by TEST_ID: A6_B6
#-------------------------------------------------------------------------
SELECT c
FROM
  (SELECT c
   FROM test_unnest,
        unnest(mv_to_array(c_mv_num_with_null_and_empty_row)) AS u(c)
   ORDER BY 1 DESC);
+---+
| c |
+---+
|   |
|   |
|   |
| 1 |
| 1 |
| 1 |
| 2 |
| 2 |
| 2 |
| 3 |
| 3 |
| 3 |
|   |
|   |
|   |
|   |
|   |
+---+
(17 rows)

!ok

#-------------------------------------------------------------------------
# TESTCASE: test_order_by TEST_ID: A6_B7
#-------------------------------------------------------------------------
SELECT __time,
       count(*) cnt
FROM test_unnest,
     unnest(mv_to_array(c_mv_num_with_null_and_empty_row)) AS u(c)
GROUP BY __time
ORDER BY __time ASC;
+-------------------------+-----+
| __time                  | cnt |
+-------------------------+-----+
| 2022-01-01 00:00:00.000 |  17 |
+-------------------------+-----+
(1 row)

!ok

#-------------------------------------------------------------------------
# TESTCASE: test_order_by TEST_ID: A6_B8
#-------------------------------------------------------------------------
SELECT __time,
       count(*) cnt
FROM test_unnest,
     unnest(mv_to_array(c_mv_num_with_null_and_empty_row)) AS u(c)
GROUP BY __time
ORDER BY __time DESC;
+-------------------------+-----+
| __time                  | cnt |
+-------------------------+-----+
| 2022-01-01 00:00:00.000 |  17 |
+-------------------------+-----+
(1 row)

!ok

#-------------------------------------------------------------------------
# TESTCASE: test_order_by TEST_ID: A6_B9
#-------------------------------------------------------------------------
SELECT __time
FROM test_unnest,
     unnest(mv_to_array(c_mv_num_with_null_and_empty_row)) AS u(c)
ORDER BY __time ASC;
+-------------------------+
| __time                  |
+-------------------------+
| 2022-01-01 00:00:00.000 |
| 2022-01-01 00:00:00.000 |
| 2022-01-01 00:00:00.000 |
| 2022-01-01 00:00:00.000 |
| 2022-01-01 00:00:00.000 |
| 2022-01-01 00:00:00.000 |
| 2022-01-01 00:00:00.000 |
| 2022-01-01 00:00:00.000 |
| 2022-01-01 00:00:00.000 |
| 2022-01-01 00:00:00.000 |
| 2022-01-01 00:00:00.000 |
| 2022-01-01 00:00:00.000 |
| 2022-01-01 00:00:00.000 |
| 2022-01-01 00:00:00.000 |
| 2022-01-01 00:00:00.000 |
| 2022-01-01 00:00:00.000 |
| 2022-01-01 00:00:00.000 |
+-------------------------+
(17 rows)

!ok

