!set useApproximateCountDistinct false
!use druidtest://?componentSupplier=AllDruidEnginesComponentSupplier&datasets=sql/src/test/quidem/qatests/qaUnnest/mv
!set outputformat mysql
#-------------------------------------------------------------------------
# TESTCASE: test_subquery_with_where TEST_ID: A1_B40_C9
#-------------------------------------------------------------------------
SELECT c
FROM
  (SELECT *
   FROM test_unnest), unnest(mv_to_array(c_mv_complex)) AS u(c)
WHERE (c_str=''
       OR c_str='str2'
       OR c_long=0
       OR c_long=1
       OR c_long=2
       OR c_long=999)
  AND NOT c_str='str3'
  AND NOT c_str='str4'
  AND NOT c_long=3
  AND NOT c_long=4
  AND NOT c_long=999;
+-------------+
| c           |
+-------------+
| 1           |
| 1           |
| [2]         |
| [2]         |
| [3, [4, 5]] |
| [3, [4, 5]] |
| my_empty    |
| my_empty    |
| my_null     |
| my_null     |
+-------------+
(10 rows)

!ok

#-------------------------------------------------------------------------
# TESTCASE: test_subquery_with_where TEST_ID: A1_B41_C1
#-------------------------------------------------------------------------
SELECT c
FROM test_unnest,
     unnest(mv_to_array(c_mv_complex)) AS u(c)
WHERE c_str IS NULL;
+-------------+
| c           |
+-------------+
| 1           |
| [2]         |
| [3, [4, 5]] |
| my_empty    |
| my_null     |
+-------------+
(5 rows)

!ok

#-------------------------------------------------------------------------
# TESTCASE: test_subquery_with_where TEST_ID: A1_B41_C3
#-------------------------------------------------------------------------
SELECT c
FROM
  (SELECT *
   FROM test_unnest,
        unnest(mv_to_array(c_mv_complex)) AS u(c)
   WHERE c_str IS NULL);
+-------------+
| c           |
+-------------+
| 1           |
| [2]         |
| [3, [4, 5]] |
| my_empty    |
| my_null     |
+-------------+
(5 rows)

!ok

#-------------------------------------------------------------------------
# TESTCASE: test_subquery_with_where TEST_ID: A1_B41_C5
#-------------------------------------------------------------------------
SELECT c
FROM
  (SELECT *
   FROM test_unnest
   WHERE c_str IS NULL), unnest(mv_to_array(c_mv_complex)) AS u(c);
+-------------+
| c           |
+-------------+
| 1           |
| [2]         |
| [3, [4, 5]] |
| my_empty    |
| my_null     |
+-------------+
(5 rows)

!ok

#-------------------------------------------------------------------------
# TESTCASE: test_subquery_with_where TEST_ID: A1_B41_C7
#-------------------------------------------------------------------------
SELECT c
FROM
  (SELECT *
   FROM test_unnest,
        unnest(mv_to_array(c_mv_complex)) AS u(c))
WHERE c_str IS NULL;
+-------------+
| c           |
+-------------+
| 1           |
| [2]         |
| [3, [4, 5]] |
| my_empty    |
| my_null     |
+-------------+
(5 rows)

!ok

#-------------------------------------------------------------------------
# TESTCASE: test_subquery_with_where TEST_ID: A1_B41_C9
#-------------------------------------------------------------------------
SELECT c
FROM
  (SELECT *
   FROM test_unnest), unnest(mv_to_array(c_mv_complex)) AS u(c)
WHERE c_str IS NULL;
+-------------+
| c           |
+-------------+
| 1           |
| [2]         |
| [3, [4, 5]] |
| my_empty    |
| my_null     |
+-------------+
(5 rows)

!ok

#-------------------------------------------------------------------------
# TESTCASE: test_subquery_with_where TEST_ID: A1_B42_C1
#-------------------------------------------------------------------------
SELECT c
FROM test_unnest,
     unnest(mv_to_array(c_mv_complex)) AS u(c)
WHERE c_str IS NOT NULL;
+-------------+
| c           |
+-------------+
| 1           |
| 1           |
| 1           |
| 1           |
| [2]         |
| [2]         |
| [2]         |
| [2]         |
| [3, [4, 5]] |
| [3, [4, 5]] |
| [3, [4, 5]] |
| [3, [4, 5]] |
| my_empty    |
| my_empty    |
| my_empty    |
| my_empty    |
| my_null     |
| my_null     |
| my_null     |
| my_null     |
+-------------+
(20 rows)

!ok

#-------------------------------------------------------------------------
# TESTCASE: test_subquery_with_where TEST_ID: A1_B42_C3
#-------------------------------------------------------------------------
SELECT c
FROM
  (SELECT *
   FROM test_unnest,
        unnest(mv_to_array(c_mv_complex)) AS u(c)
   WHERE c_str IS NOT NULL);
+-------------+
| c           |
+-------------+
| 1           |
| 1           |
| 1           |
| 1           |
| [2]         |
| [2]         |
| [2]         |
| [2]         |
| [3, [4, 5]] |
| [3, [4, 5]] |
| [3, [4, 5]] |
| [3, [4, 5]] |
| my_empty    |
| my_empty    |
| my_empty    |
| my_empty    |
| my_null     |
| my_null     |
| my_null     |
| my_null     |
+-------------+
(20 rows)

!ok

#-------------------------------------------------------------------------
# TESTCASE: test_subquery_with_where TEST_ID: A1_B42_C5
#-------------------------------------------------------------------------
SELECT c
FROM
  (SELECT *
   FROM test_unnest
   WHERE c_str IS NOT NULL), unnest(mv_to_array(c_mv_complex)) AS u(c);
+-------------+
| c           |
+-------------+
| 1           |
| 1           |
| 1           |
| 1           |
| [2]         |
| [2]         |
| [2]         |
| [2]         |
| [3, [4, 5]] |
| [3, [4, 5]] |
| [3, [4, 5]] |
| [3, [4, 5]] |
| my_empty    |
| my_empty    |
| my_empty    |
| my_empty    |
| my_null     |
| my_null     |
| my_null     |
| my_null     |
+-------------+
(20 rows)

!ok

#-------------------------------------------------------------------------
# TESTCASE: test_subquery_with_where TEST_ID: A1_B42_C7
#-------------------------------------------------------------------------
SELECT c
FROM
  (SELECT *
   FROM test_unnest,
        unnest(mv_to_array(c_mv_complex)) AS u(c))
WHERE c_str IS NOT NULL;
+-------------+
| c           |
+-------------+
| 1           |
| 1           |
| 1           |
| 1           |
| [2]         |
| [2]         |
| [2]         |
| [2]         |
| [3, [4, 5]] |
| [3, [4, 5]] |
| [3, [4, 5]] |
| [3, [4, 5]] |
| my_empty    |
| my_empty    |
| my_empty    |
| my_empty    |
| my_null     |
| my_null     |
| my_null     |
| my_null     |
+-------------+
(20 rows)

!ok

#-------------------------------------------------------------------------
# TESTCASE: test_subquery_with_where TEST_ID: A1_B42_C9
#-------------------------------------------------------------------------
SELECT c
FROM
  (SELECT *
   FROM test_unnest), unnest(mv_to_array(c_mv_complex)) AS u(c)
WHERE c_str IS NOT NULL;
+-------------+
| c           |
+-------------+
| 1           |
| 1           |
| 1           |
| 1           |
| [2]         |
| [2]         |
| [2]         |
| [2]         |
| [3, [4, 5]] |
| [3, [4, 5]] |
| [3, [4, 5]] |
| [3, [4, 5]] |
| my_empty    |
| my_empty    |
| my_empty    |
| my_empty    |
| my_null     |
| my_null     |
| my_null     |
| my_null     |
+-------------+
(20 rows)

!ok

#-------------------------------------------------------------------------
# TESTCASE: test_subquery_with_where TEST_ID: A1_B43_C1
#-------------------------------------------------------------------------
SELECT c
FROM test_unnest,
     unnest(mv_to_array(c_mv_complex)) AS u(c)
WHERE c_str IN ('',
                'str2',
                999) IS TRUE
  AND c_str IN ('str3',
                'str4',
                999) IS NOT TRUE
  AND c_long IN (0,
                 1,
                 2,
                 999) IS TRUE
  AND c_long IN (3,
                 4,
                 999) IS NOT TRUE;
+-------------+
| c           |
+-------------+
| 1           |
| 1           |
| [2]         |
| [2]         |
| [3, [4, 5]] |
| [3, [4, 5]] |
| my_empty    |
| my_empty    |
| my_null     |
| my_null     |
+-------------+
(10 rows)

!ok

#-------------------------------------------------------------------------
# TESTCASE: test_subquery_with_where TEST_ID: A1_B43_C3
#-------------------------------------------------------------------------
SELECT c
FROM
  (SELECT *
   FROM test_unnest,
        unnest(mv_to_array(c_mv_complex)) AS u(c)
   WHERE c_str IN ('',
                   'str2',
                   999) IS TRUE
     AND c_str IN ('str3',
                   'str4',
                   999) IS NOT TRUE
     AND c_long IN (0,
                    1,
                    2,
                    999) IS TRUE
     AND c_long IN (3,
                    4,
                    999) IS NOT TRUE);
+-------------+
| c           |
+-------------+
| 1           |
| 1           |
| [2]         |
| [2]         |
| [3, [4, 5]] |
| [3, [4, 5]] |
| my_empty    |
| my_empty    |
| my_null     |
| my_null     |
+-------------+
(10 rows)

!ok

#-------------------------------------------------------------------------
# TESTCASE: test_subquery_with_where TEST_ID: A1_B43_C5
#-------------------------------------------------------------------------
SELECT c
FROM
  (SELECT *
   FROM test_unnest
   WHERE c_str IN ('',
                   'str2',
                   999) IS TRUE
     AND c_str IN ('str3',
                   'str4',
                   999) IS NOT TRUE
     AND c_long IN (0,
                    1,
                    2,
                    999) IS TRUE
     AND c_long IN (3,
                    4,
                    999) IS NOT TRUE), unnest(mv_to_array(c_mv_complex)) AS u(c);
+-------------+
| c           |
+-------------+
| 1           |
| 1           |
| [2]         |
| [2]         |
| [3, [4, 5]] |
| [3, [4, 5]] |
| my_empty    |
| my_empty    |
| my_null     |
| my_null     |
+-------------+
(10 rows)

!ok

#-------------------------------------------------------------------------
# TESTCASE: test_subquery_with_where TEST_ID: A1_B43_C7
#-------------------------------------------------------------------------
SELECT c
FROM
  (SELECT *
   FROM test_unnest,
        unnest(mv_to_array(c_mv_complex)) AS u(c))
WHERE c_str IN ('',
                'str2',
                999) IS TRUE
  AND c_str IN ('str3',
                'str4',
                999) IS NOT TRUE
  AND c_long IN (0,
                 1,
                 2,
                 999) IS TRUE
  AND c_long IN (3,
                 4,
                 999) IS NOT TRUE;
+-------------+
| c           |
+-------------+
| 1           |
| 1           |
| [2]         |
| [2]         |
| [3, [4, 5]] |
| [3, [4, 5]] |
| my_empty    |
| my_empty    |
| my_null     |
| my_null     |
+-------------+
(10 rows)

!ok

#-------------------------------------------------------------------------
# TESTCASE: test_subquery_with_where TEST_ID: A1_B43_C9
#-------------------------------------------------------------------------
SELECT c
FROM
  (SELECT *
   FROM test_unnest), unnest(mv_to_array(c_mv_complex)) AS u(c)
WHERE c_str IN ('',
                'str2',
                999) IS TRUE
  AND c_str IN ('str3',
                'str4',
                999) IS NOT TRUE
  AND c_long IN (0,
                 1,
                 2,
                 999) IS TRUE
  AND c_long IN (3,
                 4,
                 999) IS NOT TRUE;
+-------------+
| c           |
+-------------+
| 1           |
| 1           |
| [2]         |
| [2]         |
| [3, [4, 5]] |
| [3, [4, 5]] |
| my_empty    |
| my_empty    |
| my_null     |
| my_null     |
+-------------+
(10 rows)

!ok

#-------------------------------------------------------------------------
# TESTCASE: test_subquery_with_where TEST_ID: A1_B44_C1
#-------------------------------------------------------------------------
SELECT c
FROM test_unnest,
     unnest(mv_to_array(c_mv_complex)) AS u(c)
WHERE c_str IN ('',
                'str2',
                999) IS NOT FALSE
  AND c_str IN ('str3',
                'str4',
                999) IS FALSE
  AND c_long IN (0,
                 1,
                 2,
                 999) IS NOT FALSE
  AND c_long IN (3,
                 4,
                 999) IS FALSE;
+-------------+
| c           |
+-------------+
| 1           |
| 1           |
| [2]         |
| [2]         |
| [3, [4, 5]] |
| [3, [4, 5]] |
| my_empty    |
| my_empty    |
| my_null     |
| my_null     |
+-------------+
(10 rows)

!ok

#-------------------------------------------------------------------------
# TESTCASE: test_subquery_with_where TEST_ID: A1_B44_C3
#-------------------------------------------------------------------------
SELECT c
FROM
  (SELECT *
   FROM test_unnest,
        unnest(mv_to_array(c_mv_complex)) AS u(c)
   WHERE c_str IN ('',
                   'str2',
                   999) IS NOT FALSE
     AND c_str IN ('str3',
                   'str4',
                   999) IS FALSE
     AND c_long IN (0,
                    1,
                    2,
                    999) IS NOT FALSE
     AND c_long IN (3,
                    4,
                    999) IS FALSE);
+-------------+
| c           |
+-------------+
| 1           |
| 1           |
| [2]         |
| [2]         |
| [3, [4, 5]] |
| [3, [4, 5]] |
| my_empty    |
| my_empty    |
| my_null     |
| my_null     |
+-------------+
(10 rows)

!ok

#-------------------------------------------------------------------------
# TESTCASE: test_subquery_with_where TEST_ID: A1_B44_C5
#-------------------------------------------------------------------------
SELECT c
FROM
  (SELECT *
   FROM test_unnest
   WHERE c_str IN ('',
                   'str2',
                   999) IS NOT FALSE
     AND c_str IN ('str3',
                   'str4',
                   999) IS FALSE
     AND c_long IN (0,
                    1,
                    2,
                    999) IS NOT FALSE
     AND c_long IN (3,
                    4,
                    999) IS FALSE), unnest(mv_to_array(c_mv_complex)) AS u(c);
+-------------+
| c           |
+-------------+
| 1           |
| 1           |
| [2]         |
| [2]         |
| [3, [4, 5]] |
| [3, [4, 5]] |
| my_empty    |
| my_empty    |
| my_null     |
| my_null     |
+-------------+
(10 rows)

!ok

#-------------------------------------------------------------------------
# TESTCASE: test_subquery_with_where TEST_ID: A1_B44_C7
#-------------------------------------------------------------------------
SELECT c
FROM
  (SELECT *
   FROM test_unnest,
        unnest(mv_to_array(c_mv_complex)) AS u(c))
WHERE c_str IN ('',
                'str2',
                999) IS NOT FALSE
  AND c_str IN ('str3',
                'str4',
                999) IS FALSE
  AND c_long IN (0,
                 1,
                 2,
                 999) IS NOT FALSE
  AND c_long IN (3,
                 4,
                 999) IS FALSE;
+-------------+
| c           |
+-------------+
| 1           |
| 1           |
| [2]         |
| [2]         |
| [3, [4, 5]] |
| [3, [4, 5]] |
| my_empty    |
| my_empty    |
| my_null     |
| my_null     |
+-------------+
(10 rows)

!ok

#-------------------------------------------------------------------------
# TESTCASE: test_subquery_with_where TEST_ID: A1_B44_C9
#-------------------------------------------------------------------------
SELECT c
FROM
  (SELECT *
   FROM test_unnest), unnest(mv_to_array(c_mv_complex)) AS u(c)
WHERE c_str IN ('',
                'str2',
                999) IS NOT FALSE
  AND c_str IN ('str3',
                'str4',
                999) IS FALSE
  AND c_long IN (0,
                 1,
                 2,
                 999) IS NOT FALSE
  AND c_long IN (3,
                 4,
                 999) IS FALSE;
+-------------+
| c           |
+-------------+
| 1           |
| 1           |
| [2]         |
| [2]         |
| [3, [4, 5]] |
| [3, [4, 5]] |
| my_empty    |
| my_empty    |
| my_null     |
| my_null     |
+-------------+
(10 rows)

!ok

#-------------------------------------------------------------------------
# TESTCASE: test_subquery_with_where TEST_ID: A1_B45_C1
#-------------------------------------------------------------------------
SELECT c
FROM test_unnest,
     unnest(mv_to_array(c_mv_complex)) AS u(c)
WHERE (c_long BETWEEN 0 AND 2)
  AND (c_long NOT BETWEEN 3 AND 4);
+-------------+
| c           |
+-------------+
| 1           |
| 1           |
| 1           |
| [2]         |
| [2]         |
| [2]         |
| [3, [4, 5]] |
| [3, [4, 5]] |
| [3, [4, 5]] |
| my_empty    |
| my_empty    |
| my_empty    |
| my_null     |
| my_null     |
| my_null     |
+-------------+
(15 rows)

!ok

#-------------------------------------------------------------------------
# TESTCASE: test_subquery_with_where TEST_ID: A1_B45_C3
#-------------------------------------------------------------------------
SELECT c
FROM
  (SELECT *
   FROM test_unnest,
        unnest(mv_to_array(c_mv_complex)) AS u(c)
   WHERE (c_long BETWEEN 0 AND 2)
     AND (c_long NOT BETWEEN 3 AND 4));
+-------------+
| c           |
+-------------+
| 1           |
| 1           |
| 1           |
| [2]         |
| [2]         |
| [2]         |
| [3, [4, 5]] |
| [3, [4, 5]] |
| [3, [4, 5]] |
| my_empty    |
| my_empty    |
| my_empty    |
| my_null     |
| my_null     |
| my_null     |
+-------------+
(15 rows)

!ok

#-------------------------------------------------------------------------
# TESTCASE: test_subquery_with_where TEST_ID: A1_B45_C5
#-------------------------------------------------------------------------
SELECT c
FROM
  (SELECT *
   FROM test_unnest
   WHERE (c_long BETWEEN 0 AND 2)
     AND (c_long NOT BETWEEN 3 AND 4)), unnest(mv_to_array(c_mv_complex)) AS u(c);
+-------------+
| c           |
+-------------+
| 1           |
| 1           |
| 1           |
| [2]         |
| [2]         |
| [2]         |
| [3, [4, 5]] |
| [3, [4, 5]] |
| [3, [4, 5]] |
| my_empty    |
| my_empty    |
| my_empty    |
| my_null     |
| my_null     |
| my_null     |
+-------------+
(15 rows)

!ok

#-------------------------------------------------------------------------
# TESTCASE: test_subquery_with_where TEST_ID: A1_B45_C7
#-------------------------------------------------------------------------
SELECT c
FROM
  (SELECT *
   FROM test_unnest,
        unnest(mv_to_array(c_mv_complex)) AS u(c))
WHERE (c_long BETWEEN 0 AND 2)
  AND (c_long NOT BETWEEN 3 AND 4);
+-------------+
| c           |
+-------------+
| 1           |
| 1           |
| 1           |
| [2]         |
| [2]         |
| [2]         |
| [3, [4, 5]] |
| [3, [4, 5]] |
| [3, [4, 5]] |
| my_empty    |
| my_empty    |
| my_empty    |
| my_null     |
| my_null     |
| my_null     |
+-------------+
(15 rows)

!ok

#-------------------------------------------------------------------------
# TESTCASE: test_subquery_with_where TEST_ID: A1_B45_C9
#-------------------------------------------------------------------------
SELECT c
FROM
  (SELECT *
   FROM test_unnest), unnest(mv_to_array(c_mv_complex)) AS u(c)
WHERE (c_long BETWEEN 0 AND 2)
  AND (c_long NOT BETWEEN 3 AND 4);
+-------------+
| c           |
+-------------+
| 1           |
| 1           |
| 1           |
| [2]         |
| [2]         |
| [2]         |
| [3, [4, 5]] |
| [3, [4, 5]] |
| [3, [4, 5]] |
| my_empty    |
| my_empty    |
| my_empty    |
| my_null     |
| my_null     |
| my_null     |
+-------------+
(15 rows)

!ok

#-------------------------------------------------------------------------
# TESTCASE: test_subquery_with_where TEST_ID: A1_B46_C1
#-------------------------------------------------------------------------
SELECT c
FROM test_unnest,
     unnest(mv_to_array(c_mv_complex)) AS u(c)
WHERE (c_str like '%2')
  AND (c_str not like '%3')
  AND (c_str not like '%4');
+-------------+
| c           |
+-------------+
| 1           |
| [2]         |
| [3, [4, 5]] |
| my_empty    |
| my_null     |
+-------------+
(5 rows)

!ok

#-------------------------------------------------------------------------
# TESTCASE: test_subquery_with_where TEST_ID: A1_B46_C3
#-------------------------------------------------------------------------
SELECT c
FROM
  (SELECT *
   FROM test_unnest,
        unnest(mv_to_array(c_mv_complex)) AS u(c)
   WHERE (c_str like '%2')
     AND (c_str not like '%3')
     AND (c_str not like '%4'));
+-------------+
| c           |
+-------------+
| 1           |
| [2]         |
| [3, [4, 5]] |
| my_empty    |
| my_null     |
+-------------+
(5 rows)

!ok

#-------------------------------------------------------------------------
# TESTCASE: test_subquery_with_where TEST_ID: A1_B46_C5
#-------------------------------------------------------------------------
SELECT c
FROM
  (SELECT *
   FROM test_unnest
   WHERE (c_str like '%2')
     AND (c_str not like '%3')
     AND (c_str not like '%4')), unnest(mv_to_array(c_mv_complex)) AS u(c);
+-------------+
| c           |
+-------------+
| 1           |
| [2]         |
| [3, [4, 5]] |
| my_empty    |
| my_null     |
+-------------+
(5 rows)

!ok

#-------------------------------------------------------------------------
# TESTCASE: test_subquery_with_where TEST_ID: A1_B46_C7
#-------------------------------------------------------------------------
SELECT c
FROM
  (SELECT *
   FROM test_unnest,
        unnest(mv_to_array(c_mv_complex)) AS u(c))
WHERE (c_str like '%2')
  AND (c_str not like '%3')
  AND (c_str not like '%4');
+-------------+
| c           |
+-------------+
| 1           |
| [2]         |
| [3, [4, 5]] |
| my_empty    |
| my_null     |
+-------------+
(5 rows)

!ok

#-------------------------------------------------------------------------
# TESTCASE: test_subquery_with_where TEST_ID: A1_B46_C9
#-------------------------------------------------------------------------
SELECT c
FROM
  (SELECT *
   FROM test_unnest), unnest(mv_to_array(c_mv_complex)) AS u(c)
WHERE (c_str like '%2')
  AND (c_str not like '%3')
  AND (c_str not like '%4');
+-------------+
| c           |
+-------------+
| 1           |
| [2]         |
| [3, [4, 5]] |
| my_empty    |
| my_null     |
+-------------+
(5 rows)

!ok

#-------------------------------------------------------------------------
# TESTCASE: test_subquery_with_where TEST_ID: A1_B47_C1
#-------------------------------------------------------------------------
SELECT c
FROM test_unnest,
     unnest(mv_to_array(c_mv_complex)) AS u(c)
WHERE c_str IN ('',
                'str2',
                999)
  AND c_str NOT IN ('str3',
                    'str4',
                    999)
  AND c_long IN (0,
                 1,
                 2,
                 999)
  AND c_long NOT IN (3,
                     4,
                     999);
+-------------+
| c           |
+-------------+
| 1           |
| 1           |
| [2]         |
| [2]         |
| [3, [4, 5]] |
| [3, [4, 5]] |
| my_empty    |
| my_empty    |
| my_null     |
| my_null     |
+-------------+
(10 rows)

!ok

#-------------------------------------------------------------------------
# TESTCASE: test_subquery_with_where TEST_ID: A1_B47_C3
#-------------------------------------------------------------------------
SELECT c
FROM
  (SELECT *
   FROM test_unnest,
        unnest(mv_to_array(c_mv_complex)) AS u(c)
   WHERE c_str IN ('',
                   'str2',
                   999)
     AND c_str NOT IN ('str3',
                       'str4',
                       999)
     AND c_long IN (0,
                    1,
                    2,
                    999)
     AND c_long NOT IN (3,
                        4,
                        999));
+-------------+
| c           |
+-------------+
| 1           |
| 1           |
| [2]         |
| [2]         |
| [3, [4, 5]] |
| [3, [4, 5]] |
| my_empty    |
| my_empty    |
| my_null     |
| my_null     |
+-------------+
(10 rows)

!ok

#-------------------------------------------------------------------------
# TESTCASE: test_subquery_with_where TEST_ID: A1_B47_C5
#-------------------------------------------------------------------------
SELECT c
FROM
  (SELECT *
   FROM test_unnest
   WHERE c_str IN ('',
                   'str2',
                   999)
     AND c_str NOT IN ('str3',
                       'str4',
                       999)
     AND c_long IN (0,
                    1,
                    2,
                    999)
     AND c_long NOT IN (3,
                        4,
                        999)), unnest(mv_to_array(c_mv_complex)) AS u(c);
+-------------+
| c           |
+-------------+
| 1           |
| 1           |
| [2]         |
| [2]         |
| [3, [4, 5]] |
| [3, [4, 5]] |
| my_empty    |
| my_empty    |
| my_null     |
| my_null     |
+-------------+
(10 rows)

!ok

#-------------------------------------------------------------------------
# TESTCASE: test_subquery_with_where TEST_ID: A1_B47_C7
#-------------------------------------------------------------------------
SELECT c
FROM
  (SELECT *
   FROM test_unnest,
        unnest(mv_to_array(c_mv_complex)) AS u(c))
WHERE c_str IN ('',
                'str2',
                999)
  AND c_str NOT IN ('str3',
                    'str4',
                    999)
  AND c_long IN (0,
                 1,
                 2,
                 999)
  AND c_long NOT IN (3,
                     4,
                     999);
+-------------+
| c           |
+-------------+
| 1           |
| 1           |
| [2]         |
| [2]         |
| [3, [4, 5]] |
| [3, [4, 5]] |
| my_empty    |
| my_empty    |
| my_null     |
| my_null     |
+-------------+
(10 rows)

!ok

#-------------------------------------------------------------------------
# TESTCASE: test_subquery_with_where TEST_ID: A1_B47_C9
#-------------------------------------------------------------------------
SELECT c
FROM
  (SELECT *
   FROM test_unnest), unnest(mv_to_array(c_mv_complex)) AS u(c)
WHERE c_str IN ('',
                'str2',
                999)
  AND c_str NOT IN ('str3',
                    'str4',
                    999)
  AND c_long IN (0,
                 1,
                 2,
                 999)
  AND c_long NOT IN (3,
                     4,
                     999);
+-------------+
| c           |
+-------------+
| 1           |
| 1           |
| [2]         |
| [2]         |
| [3, [4, 5]] |
| [3, [4, 5]] |
| my_empty    |
| my_empty    |
| my_null     |
| my_null     |
+-------------+
(10 rows)

!ok

#-------------------------------------------------------------------------
# TESTCASE: test_subquery_with_where TEST_ID: A1_B48_C1
#-------------------------------------------------------------------------
SELECT c
FROM test_unnest,
     unnest(mv_to_array(c_mv_complex)) AS u(c)
WHERE c_long IN
    (SELECT col
     FROM (
           VALUES(0),(1),(2),(999)) AS t(col))
  AND c_long NOT IN
    (SELECT col
     FROM (
           VALUES(3),(4),(999)) AS t(col));
+-------------+
| c           |
+-------------+
| 1           |
| 1           |
| 1           |
| [2]         |
| [2]         |
| [2]         |
| [3, [4, 5]] |
| [3, [4, 5]] |
| [3, [4, 5]] |
| my_empty    |
| my_empty    |
| my_empty    |
| my_null     |
| my_null     |
| my_null     |
+-------------+
(15 rows)

!ok

#-------------------------------------------------------------------------
# TESTCASE: test_subquery_with_where TEST_ID: A1_B48_C3
#-------------------------------------------------------------------------
SELECT c
FROM
  (SELECT *
   FROM test_unnest,
        unnest(mv_to_array(c_mv_complex)) AS u(c)
   WHERE c_long IN
       (SELECT col
        FROM (
              VALUES(0),(1),(2),(999)) AS t(col))
     AND c_long NOT IN
       (SELECT col
        FROM (
              VALUES(3),(4),(999)) AS t(col)));
+-------------+
| c           |
+-------------+
| 1           |
| 1           |
| 1           |
| [2]         |
| [2]         |
| [2]         |
| [3, [4, 5]] |
| [3, [4, 5]] |
| [3, [4, 5]] |
| my_empty    |
| my_empty    |
| my_empty    |
| my_null     |
| my_null     |
| my_null     |
+-------------+
(15 rows)

!ok

#-------------------------------------------------------------------------
# TESTCASE: test_subquery_with_where TEST_ID: A1_B48_C5
#-------------------------------------------------------------------------
SELECT c
FROM
  (SELECT *
   FROM test_unnest
   WHERE c_long IN
       (SELECT col
        FROM (
              VALUES(0),(1),(2),(999)) AS t(col))
     AND c_long NOT IN
       (SELECT col
        FROM (
              VALUES(3),(4),(999)) AS t(col))), unnest(mv_to_array(c_mv_complex)) AS u(c);
+-------------+
| c           |
+-------------+
| 1           |
| 1           |
| 1           |
| [2]         |
| [2]         |
| [2]         |
| [3, [4, 5]] |
| [3, [4, 5]] |
| [3, [4, 5]] |
| my_empty    |
| my_empty    |
| my_empty    |
| my_null     |
| my_null     |
| my_null     |
+-------------+
(15 rows)

!ok

#-------------------------------------------------------------------------
# TESTCASE: test_subquery_with_where TEST_ID: A1_B48_C7
#-------------------------------------------------------------------------
SELECT c
FROM
  (SELECT *
   FROM test_unnest,
        unnest(mv_to_array(c_mv_complex)) AS u(c))
WHERE c_long IN
    (SELECT col
     FROM (
           VALUES(0),(1),(2),(999)) AS t(col))
  AND c_long NOT IN
    (SELECT col
     FROM (
           VALUES(3),(4),(999)) AS t(col));
+-------------+
| c           |
+-------------+
| 1           |
| 1           |
| 1           |
| [2]         |
| [2]         |
| [2]         |
| [3, [4, 5]] |
| [3, [4, 5]] |
| [3, [4, 5]] |
| my_empty    |
| my_empty    |
| my_empty    |
| my_null     |
| my_null     |
| my_null     |
+-------------+
(15 rows)

!ok

#-------------------------------------------------------------------------
# TESTCASE: test_subquery_with_where TEST_ID: A1_B48_C9
#-------------------------------------------------------------------------
SELECT c
FROM
  (SELECT *
   FROM test_unnest), unnest(mv_to_array(c_mv_complex)) AS u(c)
WHERE c_long IN
    (SELECT col
     FROM (
           VALUES(0),(1),(2),(999)) AS t(col))
  AND c_long NOT IN
    (SELECT col
     FROM (
           VALUES(3),(4),(999)) AS t(col));
+-------------+
| c           |
+-------------+
| 1           |
| 1           |
| 1           |
| [2]         |
| [2]         |
| [2]         |
| [3, [4, 5]] |
| [3, [4, 5]] |
| [3, [4, 5]] |
| my_empty    |
| my_empty    |
| my_empty    |
| my_null     |
| my_null     |
| my_null     |
+-------------+
(15 rows)

!ok

#-------------------------------------------------------------------------
# TESTCASE: test_subquery_with_where TEST_ID: A2_B1_C1
#-------------------------------------------------------------------------
SELECT c
FROM test_unnest,
     unnest(mv_to_array(c_mv_num)) AS u(c)
WHERE c='1';
+---+
| c |
+---+
| 1 |
| 1 |
| 1 |
| 1 |
| 1 |
+---+
(5 rows)

!ok

#-------------------------------------------------------------------------
# TESTCASE: test_subquery_with_where TEST_ID: A2_B1_C3
#-------------------------------------------------------------------------
SELECT c
FROM
  (SELECT *
   FROM test_unnest,
        unnest(mv_to_array(c_mv_num)) AS u(c)
   WHERE c='1');
+---+
| c |
+---+
| 1 |
| 1 |
| 1 |
| 1 |
| 1 |
+---+
(5 rows)

!ok

#-------------------------------------------------------------------------
# TESTCASE: test_subquery_with_where TEST_ID: A2_B1_C5
#-------------------------------------------------------------------------
SELECT c
FROM
  (SELECT *
   FROM test_unnest
   WHERE c='1'), unnest(mv_to_array(c_mv_num)) AS u(c);
QueryInterruptedException
!error

#-------------------------------------------------------------------------
# TESTCASE: test_subquery_with_where TEST_ID: A2_B1_C7
#-------------------------------------------------------------------------
SELECT c
FROM
  (SELECT *
   FROM test_unnest,
        unnest(mv_to_array(c_mv_num)) AS u(c))
WHERE c='1';
+---+
| c |
+---+
| 1 |
| 1 |
| 1 |
| 1 |
| 1 |
+---+
(5 rows)

!ok

#-------------------------------------------------------------------------
# TESTCASE: test_subquery_with_where TEST_ID: A2_B1_C9
#-------------------------------------------------------------------------
SELECT c
FROM
  (SELECT *
   FROM test_unnest), unnest(mv_to_array(c_mv_num)) AS u(c)
WHERE c='1';
+---+
| c |
+---+
| 1 |
| 1 |
| 1 |
| 1 |
| 1 |
+---+
(5 rows)

!ok

#-------------------------------------------------------------------------
# TESTCASE: test_subquery_with_where TEST_ID: A2_B2_C1
#-------------------------------------------------------------------------
SELECT c
FROM test_unnest,
     unnest(mv_to_array(c_mv_num)) AS u(c)
WHERE c<>'1';
+----+
| c  |
+----+
| -1 |
| -1 |
| -1 |
| -1 |
| -1 |
| 0  |
| 0  |
| 0  |
| 0  |
| 0  |
| 2  |
| 2  |
| 2  |
| 2  |
| 2  |
| 3  |
| 3  |
| 3  |
| 3  |
| 3  |
+----+
(20 rows)

!ok

#-------------------------------------------------------------------------
# TESTCASE: test_subquery_with_where TEST_ID: A2_B2_C3
#-------------------------------------------------------------------------
SELECT c
FROM
  (SELECT *
   FROM test_unnest,
        unnest(mv_to_array(c_mv_num)) AS u(c)
   WHERE c<>'1');
+----+
| c  |
+----+
| -1 |
| -1 |
| -1 |
| -1 |
| -1 |
| 0  |
| 0  |
| 0  |
| 0  |
| 0  |
| 2  |
| 2  |
| 2  |
| 2  |
| 2  |
| 3  |
| 3  |
| 3  |
| 3  |
| 3  |
+----+
(20 rows)

!ok

#-------------------------------------------------------------------------
# TESTCASE: test_subquery_with_where TEST_ID: A2_B2_C5
#-------------------------------------------------------------------------
SELECT c
FROM
  (SELECT *
   FROM test_unnest
   WHERE c<>'1'), unnest(mv_to_array(c_mv_num)) AS u(c);
QueryInterruptedException
!error

#-------------------------------------------------------------------------
# TESTCASE: test_subquery_with_where TEST_ID: A2_B2_C7
#-------------------------------------------------------------------------
SELECT c
FROM
  (SELECT *
   FROM test_unnest,
        unnest(mv_to_array(c_mv_num)) AS u(c))
WHERE c<>'1';
+----+
| c  |
+----+
| -1 |
| -1 |
| -1 |
| -1 |
| -1 |
| 0  |
| 0  |
| 0  |
| 0  |
| 0  |
| 2  |
| 2  |
| 2  |
| 2  |
| 2  |
| 3  |
| 3  |
| 3  |
| 3  |
| 3  |
+----+
(20 rows)

!ok

