!set sqlJoinAlgorithm sortMerge
!set useApproximateCountDistinct false
!use druidtest://?componentSupplier=StandardMSQComponentSupplier&datasets=sql/src/test/quidem/qatests/qaUnnest/mv
!set outputformat mysql
#-------------------------------------------------------------------------
# TESTCASE: test_join TEST_ID: SEL_DATASOURCE
#-------------------------------------------------------------------------
SELECT *
FROM test_unnest;
+-------------------------+-------+--------+---------+----------+------------------------------------------------+------------------------+--------------------------------------+----------------------------------+--------------------------------------+----------------------------------+-----------------------------+
| __time                  | c_str | c_long | c_float | c_double | c_mv_complex                                   | c_mv_num               | c_mv_complex_with_null_and_empty_val | c_mv_num_with_null_and_empty_val | c_mv_complex_with_null_and_empty_row | c_mv_num_with_null_and_empty_row | c_mv_all_null_and_empty_val |
+-------------------------+-------+--------+---------+----------+------------------------------------------------+------------------------+--------------------------------------+----------------------------------+--------------------------------------+----------------------------------+-----------------------------+
| 2022-01-01 00:00:00.000 |       |      1 |     0.1 |      0.1 | ["my_null","my_empty","1","[2]","[3, [4, 5]]"] | ["-1","0","1","2","3"] | [null,"","1","[2]","[3, [4, 5]]"]    | [null,"","1","2","3"]            |                                      |                                  | [null,"",null,"",null]      |
| 2022-01-01 00:00:00.000 | str2  |      2 |     0.2 |      0.2 | ["my_null","my_empty","1","[2]","[3, [4, 5]]"] | ["-1","0","1","2","3"] | [null,"","1","[2]","[3, [4, 5]]"]    | [null,"","1","2","3"]            | [null,"","1","[2]","[3, [4, 5]]"]    | [null,"","1","2","3"]            | [null,"",null,"",null]      |
| 2022-01-01 00:00:00.000 | str3  |      3 |     0.3 |      0.3 | ["my_null","my_empty","1","[2]","[3, [4, 5]]"] | ["-1","0","1","2","3"] | [null,"","1","[2]","[3, [4, 5]]"]    | [null,"","1","2","3"]            | [null,"","1","[2]","[3, [4, 5]]"]    | [null,"","1","2","3"]            | [null,"",null,"",null]      |
| 2022-01-01 00:00:00.000 | str4  |      4 |     0.4 |      0.4 | ["my_null","my_empty","1","[2]","[3, [4, 5]]"] | ["-1","0","1","2","3"] | [null,"","1","[2]","[3, [4, 5]]"]    | [null,"","1","2","3"]            | [null,"","1","[2]","[3, [4, 5]]"]    | [null,"","1","2","3"]            | [null,"",null,"",null]      |
| 2022-01-01 00:00:00.000 |       |      0 |     0.0 |      0.0 | ["my_null","my_empty","1","[2]","[3, [4, 5]]"] | ["-1","0","1","2","3"] | [null,"","1","[2]","[3, [4, 5]]"]    | [null,"","1","2","3"]            |                                      |                                  | [null,"",null,"",null]      |
+-------------------------+-------+--------+---------+----------+------------------------------------------------+------------------------+--------------------------------------+----------------------------------+--------------------------------------+----------------------------------+-----------------------------+
(5 rows)

!ok

#-------------------------------------------------------------------------
# TESTCASE: test_join TEST_ID: A1_B1
#-------------------------------------------------------------------------
SELECT t1.c_str,
       t1.c_long,
       c
FROM test_unnest t1
CROSS JOIN unnest(mv_to_array(c_mv_num_with_null_and_empty_val)) AS u(c)
INNER JOIN test_unnest t2 ON t1.c_long=t2.c_long
WHERE t1.c_long IN (0,
                    1,
                    2,
                    999)
  AND t2.c_long IN (0,
                    1,
                    2,
                    999);
+-------+--------+---+
| c_str | c_long | c |
+-------+--------+---+
|       |      1 |   |
|       |      1 | 1 |
|       |      1 | 2 |
|       |      1 | 3 |
|       |      1 |   |
| str2  |      2 |   |
| str2  |      2 | 1 |
| str2  |      2 | 2 |
| str2  |      2 | 3 |
| str2  |      2 |   |
|       |      0 |   |
|       |      0 | 1 |
|       |      0 | 2 |
|       |      0 | 3 |
|       |      0 |   |
+-------+--------+---+
(15 rows)

!ok

#-------------------------------------------------------------------------
# TESTCASE: test_join TEST_ID: A1_B2
#-------------------------------------------------------------------------
SELECT t1.c_str,
       t1.c_long,
       c
FROM test_unnest t1
CROSS JOIN unnest(mv_to_array(c_mv_num_with_null_and_empty_val)) AS u(c)
INNER JOIN test_unnest t2 ON u.c=cast(t2.c_long AS char)
WHERE t1.c_long IN (0,
                    1,
                    2,
                    999)
  AND t2.c_long IN (0,
                    1,
                    2,
                    999);
+-------+--------+---+
| c_str | c_long | c |
+-------+--------+---+
|       |      1 | 1 |
|       |      1 | 2 |
| str2  |      2 | 1 |
| str2  |      2 | 2 |
|       |      0 | 1 |
|       |      0 | 2 |
+-------+--------+---+
(6 rows)

!ok

#-------------------------------------------------------------------------
# TESTCASE: test_join TEST_ID: A1_B3
#-------------------------------------------------------------------------
SELECT t1.c_str,
       t1.c_long,
       c
FROM test_unnest t1
INNER JOIN test_unnest t2,
           unnest(mv_to_array(t2.c_mv_num_with_null_and_empty_val)) AS u(c) ON cast(t2.c_long AS char)=u.c
WHERE t1.c_long IN (0,
                    1,
                    2,
                    999)
  AND t2.c_long IN (0,
                    1,
                    2,
                    999);
QueryInterruptedException
!error

#-------------------------------------------------------------------------
# TESTCASE: test_join TEST_ID: A1_B4
#-------------------------------------------------------------------------
SELECT t1.c_str,
       t1.c_long,
       c
FROM
  (SELECT *
   FROM test_unnest,
        unnest(mv_to_array(c_mv_num_with_null_and_empty_val)) AS u(c)) t1
INNER JOIN test_unnest t2 ON t1.c_long=t2.c_long
WHERE t1.c_long IN (0,
                    1,
                    2,
                    999)
  AND t2.c_long IN (0,
                    1,
                    2,
                    999);
+-------+--------+---+
| c_str | c_long | c |
+-------+--------+---+
|       |      1 |   |
|       |      1 | 1 |
|       |      1 | 2 |
|       |      1 | 3 |
|       |      1 |   |
| str2  |      2 |   |
| str2  |      2 | 1 |
| str2  |      2 | 2 |
| str2  |      2 | 3 |
| str2  |      2 |   |
|       |      0 |   |
|       |      0 | 1 |
|       |      0 | 2 |
|       |      0 | 3 |
|       |      0 |   |
+-------+--------+---+
(15 rows)

!ok

#-------------------------------------------------------------------------
# TESTCASE: test_join TEST_ID: A1_B5
#-------------------------------------------------------------------------
SELECT t1.c_str,
       t1.c_long,
       c
FROM
  (SELECT *
   FROM test_unnest,
        unnest(mv_to_array(c_mv_num_with_null_and_empty_val)) AS u(c)) t1
INNER JOIN test_unnest t2 ON t1.c=cast(t2.c_long AS char)
WHERE t1.c_long IN (0,
                    1,
                    2,
                    999)
  AND t2.c_long IN (0,
                    1,
                    2,
                    999);
+-------+--------+---+
| c_str | c_long | c |
+-------+--------+---+
|       |      1 | 1 |
|       |      1 | 2 |
| str2  |      2 | 1 |
| str2  |      2 | 2 |
|       |      0 | 1 |
|       |      0 | 2 |
+-------+--------+---+
(6 rows)

!ok

#-------------------------------------------------------------------------
# TESTCASE: test_join TEST_ID: A1_B6
#-------------------------------------------------------------------------
SELECT t1.c_str,
       t1.c_long,
       c
FROM test_unnest t1
INNER JOIN
  (SELECT *
   FROM test_unnest,
        unnest(mv_to_array(c_mv_num_with_null_and_empty_val)) AS u(c)) t2 ON t2.c_long=t1.c_long
WHERE t1.c_long IN (0,
                    1,
                    2,
                    999)
  AND t2.c_long IN (0,
                    1,
                    2,
                    999);
+-------+--------+---+
| c_str | c_long | c |
+-------+--------+---+
|       |      1 |   |
|       |      1 | 1 |
|       |      1 | 2 |
|       |      1 | 3 |
|       |      1 |   |
| str2  |      2 |   |
| str2  |      2 | 1 |
| str2  |      2 | 2 |
| str2  |      2 | 3 |
| str2  |      2 |   |
|       |      0 |   |
|       |      0 | 1 |
|       |      0 | 2 |
|       |      0 | 3 |
|       |      0 |   |
+-------+--------+---+
(15 rows)

!ok

#-------------------------------------------------------------------------
# TESTCASE: test_join TEST_ID: A1_B7
#-------------------------------------------------------------------------
SELECT t1.c_str,
       t1.c_long,
       c
FROM test_unnest t1
INNER JOIN
  (SELECT *
   FROM test_unnest,
        unnest(mv_to_array(c_mv_num_with_null_and_empty_val)) AS u(c)) t2 ON t2.c=cast(t1.c_long AS char)
WHERE t1.c_long IN (0,
                    1,
                    2,
                    999)
  AND t2.c_long IN (0,
                    1,
                    2,
                    999);
+-------+--------+---+
| c_str | c_long | c |
+-------+--------+---+
|       |      1 | 1 |
|       |      1 | 1 |
|       |      1 | 1 |
| str2  |      2 | 2 |
| str2  |      2 | 2 |
| str2  |      2 | 2 |
+-------+--------+---+
(6 rows)

!ok

#-------------------------------------------------------------------------
# TESTCASE: test_join TEST_ID: A1_B8
#-------------------------------------------------------------------------
WITH t1 AS
  (SELECT *
   FROM test_unnest,
        unnest(mv_to_array(c_mv_num_with_null_and_empty_val)) AS u(c))
SELECT t1.c_str,
       t1.c_long,
       c
FROM t1
INNER JOIN test_unnest t2 ON t1.c_long=t2.c_long
WHERE t1.c_long IN (0,
                    1,
                    2,
                    999)
  AND t2.c_long IN (0,
                    1,
                    2,
                    999);
+-------+--------+---+
| c_str | c_long | c |
+-------+--------+---+
|       |      1 |   |
|       |      1 | 1 |
|       |      1 | 2 |
|       |      1 | 3 |
|       |      1 |   |
| str2  |      2 |   |
| str2  |      2 | 1 |
| str2  |      2 | 2 |
| str2  |      2 | 3 |
| str2  |      2 |   |
|       |      0 |   |
|       |      0 | 1 |
|       |      0 | 2 |
|       |      0 | 3 |
|       |      0 |   |
+-------+--------+---+
(15 rows)

!ok

#-------------------------------------------------------------------------
# TESTCASE: test_join TEST_ID: A1_B9
#-------------------------------------------------------------------------
WITH t1 AS
  (SELECT *
   FROM test_unnest,
        unnest(mv_to_array(c_mv_num_with_null_and_empty_val)) AS u(c))
SELECT t1.c_str,
       t1.c_long,
       c
FROM t1
INNER JOIN test_unnest t2 ON t1.c=cast(t2.c_long AS char)
WHERE t1.c_long IN (0,
                    1,
                    2,
                    999)
  AND t2.c_long IN (0,
                    1,
                    2,
                    999);
+-------+--------+---+
| c_str | c_long | c |
+-------+--------+---+
|       |      1 | 1 |
|       |      1 | 2 |
| str2  |      2 | 1 |
| str2  |      2 | 2 |
|       |      0 | 1 |
|       |      0 | 2 |
+-------+--------+---+
(6 rows)

!ok

#-------------------------------------------------------------------------
# TESTCASE: test_join TEST_ID: A1_B10
#-------------------------------------------------------------------------
WITH t2 AS
  (SELECT *
   FROM test_unnest,
        unnest(mv_to_array(c_mv_num_with_null_and_empty_val)) AS u(c))
SELECT t1.c_str,
       t1.c_long,
       c
FROM test_unnest t1
INNER JOIN t2 ON t2.c_long=t1.c_long
WHERE t1.c_long IN (0,
                    1,
                    2,
                    999)
  AND t2.c_long IN (0,
                    1,
                    2,
                    999);
+-------+--------+---+
| c_str | c_long | c |
+-------+--------+---+
|       |      1 |   |
|       |      1 | 1 |
|       |      1 | 2 |
|       |      1 | 3 |
|       |      1 |   |
| str2  |      2 |   |
| str2  |      2 | 1 |
| str2  |      2 | 2 |
| str2  |      2 | 3 |
| str2  |      2 |   |
|       |      0 |   |
|       |      0 | 1 |
|       |      0 | 2 |
|       |      0 | 3 |
|       |      0 |   |
+-------+--------+---+
(15 rows)

!ok

#-------------------------------------------------------------------------
# TESTCASE: test_join TEST_ID: A1_B11
#-------------------------------------------------------------------------
WITH t2 AS
  (SELECT *
   FROM test_unnest,
        unnest(mv_to_array(c_mv_num_with_null_and_empty_val)) AS u(c))
SELECT t1.c_str,
       t1.c_long,
       c
FROM test_unnest t1
INNER JOIN t2 ON t2.c=cast(t1.c_long AS char)
WHERE t1.c_long IN (0,
                    1,
                    2,
                    999)
  AND t2.c_long IN (0,
                    1,
                    2,
                    999);
+-------+--------+---+
| c_str | c_long | c |
+-------+--------+---+
|       |      1 | 1 |
|       |      1 | 1 |
|       |      1 | 1 |
| str2  |      2 | 2 |
| str2  |      2 | 2 |
| str2  |      2 | 2 |
+-------+--------+---+
(6 rows)

!ok

#-------------------------------------------------------------------------
# TESTCASE: test_join TEST_ID: A1_B12
#-------------------------------------------------------------------------
SELECT t1.c_str,
       t1.c_long,
       c
FROM test_unnest t1,
     unnest(mv_to_array(c_mv_num_with_null_and_empty_val)) AS u(c)
INNER JOIN test_unnest t2,
           unnest(mv_to_array(c_mv_num_with_null_and_empty_val)) AS u(c) ON t1.c_long=t2.c_long
WHERE t1.c_long IN (0,
                    1,
                    2,
                    999)
  AND t2.c_long IN (0,
                    1,
                    2,
                    999);
QueryInterruptedException
!error

#-------------------------------------------------------------------------
# TESTCASE: test_join TEST_ID: A1_B13
#-------------------------------------------------------------------------
SELECT t1.c_str,
       t1.c_long,
       c
FROM test_unnest t1,
     unnest(mv_to_array(c_mv_num_with_null_and_empty_val)) AS u(c)
INNER JOIN test_unnest t2,
           unnest(mv_to_array(c_mv_num_with_null_and_empty_val)) AS u(c) ON t1.c=cast(t2.c_long AS char)
WHERE t1.c_long IN (0,
                    1,
                    2,
                    999)
  AND t2.c_long IN (0,
                    1,
                    2,
                    999);
QueryInterruptedException
!error

#-------------------------------------------------------------------------
# TESTCASE: test_join TEST_ID: A1_B14
#-------------------------------------------------------------------------
SELECT t1.c_str,
       t1.c_long,
       c
FROM test_unnest t1,
     unnest(mv_to_array(c_mv_num_with_null_and_empty_val)) AS u(c)
INNER JOIN test_unnest t2,
           unnest(mv_to_array(c_mv_num_with_null_and_empty_val)) AS u(c) ON cast(t1.c_long AS char)=t2.c
WHERE t1.c_long IN (0,
                    1,
                    2,
                    999)
  AND t2.c_long IN (0,
                    1,
                    2,
                    999);
QueryInterruptedException
!error

#-------------------------------------------------------------------------
# TESTCASE: test_join TEST_ID: A1_B15
#-------------------------------------------------------------------------
SELECT t1.c_str,
       t1.c_long,
       c
FROM test_unnest t1,
     unnest(mv_to_array(c_mv_num_with_null_and_empty_val)) AS u(c)
INNER JOIN test_unnest t2,
           unnest(mv_to_array(c_mv_num_with_null_and_empty_val)) AS u(c) ON t1.c=t2.c
WHERE t1.c_long IN (0,
                    1,
                    2,
                    999)
  AND t2.c_long IN (0,
                    1,
                    2,
                    999);
QueryInterruptedException
!error

#-------------------------------------------------------------------------
# TESTCASE: test_join TEST_ID: A1_B16
#-------------------------------------------------------------------------
SELECT t1.c_str,
       t1.c_long,
       c
FROM test_unnest t1,
     unnest(mv_to_array(c_mv_num_with_null_and_empty_val)) AS u(c)
INNER JOIN test_unnest,
           unnest(mv_to_array(c_mv_num_with_null_and_empty_val)) t2 AS u(c) ON t1.c_long=t2.c_long
WHERE t1.c_long IN (0,
                    1,
                    2,
                    999)
  AND t2.c_long IN (0,
                    1,
                    2,
                    999);
QueryInterruptedException
!error

#-------------------------------------------------------------------------
# TESTCASE: test_join TEST_ID: A1_B17
#-------------------------------------------------------------------------
SELECT t1.c_str,
       t1.c_long,
       c
FROM test_unnest t1,
     unnest(mv_to_array(c_mv_num_with_null_and_empty_val)) AS u(c)
INNER JOIN test_unnest,
           unnest(mv_to_array(c_mv_num_with_null_and_empty_val)) t2 AS u(c) ON t1.c=cast(t2.c_long AS char)
WHERE t1.c_long IN (0,
                    1,
                    2,
                    999)
  AND t2.c_long IN (0,
                    1,
                    2,
                    999);
QueryInterruptedException
!error

#-------------------------------------------------------------------------
# TESTCASE: test_join TEST_ID: A1_B18
#-------------------------------------------------------------------------
SELECT t1.c_str,
       t1.c_long,
       c
FROM test_unnest t1,
     unnest(mv_to_array(c_mv_num_with_null_and_empty_val)) AS u(c)
INNER JOIN test_unnest,
           unnest(mv_to_array(c_mv_num_with_null_and_empty_val)) t2 AS u(c) ON cast(t1.c_long AS char)=t2.c
WHERE t1.c_long IN (0,
                    1,
                    2,
                    999)
  AND t2.c_long IN (0,
                    1,
                    2,
                    999);
QueryInterruptedException
!error

#-------------------------------------------------------------------------
# TESTCASE: test_join TEST_ID: A1_B19
#-------------------------------------------------------------------------
SELECT t1.c_str,
       t1.c_long,
       c
FROM test_unnest t1,
     unnest(mv_to_array(c_mv_num_with_null_and_empty_val)) AS u(c)
INNER JOIN test_unnest,
           unnest(mv_to_array(c_mv_num_with_null_and_empty_val)) t2 AS u(c) ON t1.c=t2.c
WHERE t1.c_long IN (0,
                    1,
                    2,
                    999)
  AND t2.c_long IN (0,
                    1,
                    2,
                    999);
QueryInterruptedException
!error

#-------------------------------------------------------------------------
# TESTCASE: test_join TEST_ID: A1_B20
#-------------------------------------------------------------------------
SELECT t1.c_str,
       t1.c_long,
       t1.c
FROM
  (SELECT *
   FROM test_unnest,
        unnest(mv_to_array(c_mv_num_with_null_and_empty_val)) AS u(c)) t1
INNER JOIN
  (SELECT *
   FROM test_unnest,
        unnest(mv_to_array(c_mv_num_with_null_and_empty_val)) AS u(c)) t2 ON t1.c_long=t2.c_long
WHERE t1.c_long IN (0,
                    1,
                    2,
                    999)
  AND t2.c_long IN (0,
                    1,
                    2,
                    999);
+-------+--------+---+
| c_str | c_long | c |
+-------+--------+---+
|       |      1 |   |
|       |      1 |   |
|       |      1 |   |
|       |      1 |   |
|       |      1 |   |
|       |      1 | 1 |
|       |      1 | 1 |
|       |      1 | 1 |
|       |      1 | 1 |
|       |      1 | 1 |
|       |      1 | 2 |
|       |      1 | 2 |
|       |      1 | 2 |
|       |      1 | 2 |
|       |      1 | 2 |
|       |      1 | 3 |
|       |      1 | 3 |
|       |      1 | 3 |
|       |      1 | 3 |
|       |      1 | 3 |
|       |      1 |   |
|       |      1 |   |
|       |      1 |   |
|       |      1 |   |
|       |      1 |   |
| str2  |      2 |   |
| str2  |      2 |   |
| str2  |      2 |   |
| str2  |      2 |   |
| str2  |      2 |   |
| str2  |      2 | 1 |
| str2  |      2 | 1 |
| str2  |      2 | 1 |
| str2  |      2 | 1 |
| str2  |      2 | 1 |
| str2  |      2 | 2 |
| str2  |      2 | 2 |
| str2  |      2 | 2 |
| str2  |      2 | 2 |
| str2  |      2 | 2 |
| str2  |      2 | 3 |
| str2  |      2 | 3 |
| str2  |      2 | 3 |
| str2  |      2 | 3 |
| str2  |      2 | 3 |
| str2  |      2 |   |
| str2  |      2 |   |
| str2  |      2 |   |
| str2  |      2 |   |
| str2  |      2 |   |
|       |      0 |   |
|       |      0 |   |
|       |      0 |   |
|       |      0 |   |
|       |      0 |   |
|       |      0 | 1 |
|       |      0 | 1 |
|       |      0 | 1 |
|       |      0 | 1 |
|       |      0 | 1 |
|       |      0 | 2 |
|       |      0 | 2 |
|       |      0 | 2 |
|       |      0 | 2 |
|       |      0 | 2 |
|       |      0 | 3 |
|       |      0 | 3 |
|       |      0 | 3 |
|       |      0 | 3 |
|       |      0 | 3 |
|       |      0 |   |
|       |      0 |   |
|       |      0 |   |
|       |      0 |   |
|       |      0 |   |
+-------+--------+---+
(75 rows)

!ok

#-------------------------------------------------------------------------
# TESTCASE: test_join TEST_ID: A1_B21
#-------------------------------------------------------------------------
SELECT t1.c_str,
       t1.c_long,
       t1.c
FROM
  (SELECT *
   FROM test_unnest,
        unnest(mv_to_array(c_mv_num_with_null_and_empty_val)) AS u(c)) t1
INNER JOIN
  (SELECT *
   FROM test_unnest,
        unnest(mv_to_array(c_mv_num_with_null_and_empty_val)) AS u(c)) t2 ON t1.c=cast(t2.c_long AS char)
WHERE t1.c_long IN (0,
                    1,
                    2,
                    999)
  AND t2.c_long IN (0,
                    1,
                    2,
                    999);
+-------+--------+---+
| c_str | c_long | c |
+-------+--------+---+
|       |      1 | 1 |
|       |      1 | 1 |
|       |      1 | 1 |
|       |      1 | 1 |
|       |      1 | 1 |
|       |      1 | 2 |
|       |      1 | 2 |
|       |      1 | 2 |
|       |      1 | 2 |
|       |      1 | 2 |
| str2  |      2 | 1 |
| str2  |      2 | 1 |
| str2  |      2 | 1 |
| str2  |      2 | 1 |
| str2  |      2 | 1 |
| str2  |      2 | 2 |
| str2  |      2 | 2 |
| str2  |      2 | 2 |
| str2  |      2 | 2 |
| str2  |      2 | 2 |
|       |      0 | 1 |
|       |      0 | 1 |
|       |      0 | 1 |
|       |      0 | 1 |
|       |      0 | 1 |
|       |      0 | 2 |
|       |      0 | 2 |
|       |      0 | 2 |
|       |      0 | 2 |
|       |      0 | 2 |
+-------+--------+---+
(30 rows)

!ok

#-------------------------------------------------------------------------
# TESTCASE: test_join TEST_ID: A1_B22
#-------------------------------------------------------------------------
SELECT t1.c_str,
       t1.c_long,
       t1.c
FROM
  (SELECT *
   FROM test_unnest,
        unnest(mv_to_array(c_mv_num_with_null_and_empty_val)) AS u(c)) t1
INNER JOIN
  (SELECT *
   FROM test_unnest,
        unnest(mv_to_array(c_mv_num_with_null_and_empty_val)) AS u(c)) t2 ON t1.c_long=t2.c
WHERE t1.c_long IN (0,
                    1,
                    2,
                    999)
  AND t2.c_long IN (0,
                    1,
                    2,
                    999);
+-------+--------+---+
| c_str | c_long | c |
+-------+--------+---+
|       |      1 |   |
|       |      1 |   |
|       |      1 |   |
|       |      1 | 1 |
|       |      1 | 1 |
|       |      1 | 1 |
|       |      1 | 2 |
|       |      1 | 2 |
|       |      1 | 2 |
|       |      1 | 3 |
|       |      1 | 3 |
|       |      1 | 3 |
|       |      1 |   |
|       |      1 |   |
|       |      1 |   |
| str2  |      2 |   |
| str2  |      2 |   |
| str2  |      2 |   |
| str2  |      2 | 1 |
| str2  |      2 | 1 |
| str2  |      2 | 1 |
| str2  |      2 | 2 |
| str2  |      2 | 2 |
| str2  |      2 | 2 |
| str2  |      2 | 3 |
| str2  |      2 | 3 |
| str2  |      2 | 3 |
| str2  |      2 |   |
| str2  |      2 |   |
| str2  |      2 |   |
+-------+--------+---+
(30 rows)

!ok

#-------------------------------------------------------------------------
# TESTCASE: test_join TEST_ID: A1_B23
#-------------------------------------------------------------------------
SELECT t1.c_str,
       t1.c_long,
       t1.c
FROM
  (SELECT *
   FROM test_unnest,
        unnest(mv_to_array(c_mv_num_with_null_and_empty_val)) AS u(c)) t1
INNER JOIN
  (SELECT *
   FROM test_unnest,
        unnest(mv_to_array(c_mv_num_with_null_and_empty_val)) AS u(c)) t2 ON t1.c=t2.c
WHERE t1.c_long IN (0,
                    1,
                    2,
                    999)
  AND t2.c_long IN (0,
                    1,
                    2,
                    999);
+-------+--------+---+
| c_str | c_long | c |
+-------+--------+---+
|       |      1 |   |
|       |      1 |   |
|       |      1 |   |
|       |      1 | 1 |
|       |      1 | 1 |
|       |      1 | 1 |
|       |      1 | 2 |
|       |      1 | 2 |
|       |      1 | 2 |
|       |      1 | 3 |
|       |      1 | 3 |
|       |      1 | 3 |
| str2  |      2 |   |
| str2  |      2 |   |
| str2  |      2 |   |
| str2  |      2 | 1 |
| str2  |      2 | 1 |
| str2  |      2 | 1 |
| str2  |      2 | 2 |
| str2  |      2 | 2 |
| str2  |      2 | 2 |
| str2  |      2 | 3 |
| str2  |      2 | 3 |
| str2  |      2 | 3 |
|       |      0 |   |
|       |      0 |   |
|       |      0 |   |
|       |      0 | 1 |
|       |      0 | 1 |
|       |      0 | 1 |
|       |      0 | 2 |
|       |      0 | 2 |
|       |      0 | 2 |
|       |      0 | 3 |
|       |      0 | 3 |
|       |      0 | 3 |
+-------+--------+---+
(36 rows)

!ok

#-------------------------------------------------------------------------
# TESTCASE: test_join TEST_ID: A1_B24
#-------------------------------------------------------------------------
WITH t1 AS
  (SELECT *
   FROM test_unnest,
        unnest(mv_to_array(c_mv_num_with_null_and_empty_val)) AS u(c))
SELECT t1.c_str,
       t1.c_long,
       t1.c
FROM t1
INNER JOIN
  (SELECT *
   FROM test_unnest,
        unnest(mv_to_array(c_mv_num_with_null_and_empty_val)) AS u(c)) t2 ON t1.c_long=t2.c_long
WHERE t1.c_long IN (0,
                    1,
                    2,
                    999)
  AND t2.c_long IN (0,
                    1,
                    2,
                    999);
+-------+--------+---+
| c_str | c_long | c |
+-------+--------+---+
|       |      1 |   |
|       |      1 |   |
|       |      1 |   |
|       |      1 |   |
|       |      1 |   |
|       |      1 | 1 |
|       |      1 | 1 |
|       |      1 | 1 |
|       |      1 | 1 |
|       |      1 | 1 |
|       |      1 | 2 |
|       |      1 | 2 |
|       |      1 | 2 |
|       |      1 | 2 |
|       |      1 | 2 |
|       |      1 | 3 |
|       |      1 | 3 |
|       |      1 | 3 |
|       |      1 | 3 |
|       |      1 | 3 |
|       |      1 |   |
|       |      1 |   |
|       |      1 |   |
|       |      1 |   |
|       |      1 |   |
| str2  |      2 |   |
| str2  |      2 |   |
| str2  |      2 |   |
| str2  |      2 |   |
| str2  |      2 |   |
| str2  |      2 | 1 |
| str2  |      2 | 1 |
| str2  |      2 | 1 |
| str2  |      2 | 1 |
| str2  |      2 | 1 |
| str2  |      2 | 2 |
| str2  |      2 | 2 |
| str2  |      2 | 2 |
| str2  |      2 | 2 |
| str2  |      2 | 2 |
| str2  |      2 | 3 |
| str2  |      2 | 3 |
| str2  |      2 | 3 |
| str2  |      2 | 3 |
| str2  |      2 | 3 |
| str2  |      2 |   |
| str2  |      2 |   |
| str2  |      2 |   |
| str2  |      2 |   |
| str2  |      2 |   |
|       |      0 |   |
|       |      0 |   |
|       |      0 |   |
|       |      0 |   |
|       |      0 |   |
|       |      0 | 1 |
|       |      0 | 1 |
|       |      0 | 1 |
|       |      0 | 1 |
|       |      0 | 1 |
|       |      0 | 2 |
|       |      0 | 2 |
|       |      0 | 2 |
|       |      0 | 2 |
|       |      0 | 2 |
|       |      0 | 3 |
|       |      0 | 3 |
|       |      0 | 3 |
|       |      0 | 3 |
|       |      0 | 3 |
|       |      0 |   |
|       |      0 |   |
|       |      0 |   |
|       |      0 |   |
|       |      0 |   |
+-------+--------+---+
(75 rows)

!ok

#-------------------------------------------------------------------------
# TESTCASE: test_join TEST_ID: A1_B25
#-------------------------------------------------------------------------
WITH t1 AS
  (SELECT *
   FROM test_unnest,
        unnest(mv_to_array(c_mv_num_with_null_and_empty_val)) AS u(c))
SELECT t1.c_str,
       t1.c_long,
       t1.c
FROM t1
INNER JOIN
  (SELECT *
   FROM test_unnest,
        unnest(mv_to_array(c_mv_num_with_null_and_empty_val)) AS u(c)) t2 ON t1.c=cast(t2.c_long AS char)
WHERE t1.c_long IN (0,
                    1,
                    2,
                    999)
  AND t2.c_long IN (0,
                    1,
                    2,
                    999);
+-------+--------+---+
| c_str | c_long | c |
+-------+--------+---+
|       |      1 | 1 |
|       |      1 | 1 |
|       |      1 | 1 |
|       |      1 | 1 |
|       |      1 | 1 |
|       |      1 | 2 |
|       |      1 | 2 |
|       |      1 | 2 |
|       |      1 | 2 |
|       |      1 | 2 |
| str2  |      2 | 1 |
| str2  |      2 | 1 |
| str2  |      2 | 1 |
| str2  |      2 | 1 |
| str2  |      2 | 1 |
| str2  |      2 | 2 |
| str2  |      2 | 2 |
| str2  |      2 | 2 |
| str2  |      2 | 2 |
| str2  |      2 | 2 |
|       |      0 | 1 |
|       |      0 | 1 |
|       |      0 | 1 |
|       |      0 | 1 |
|       |      0 | 1 |
|       |      0 | 2 |
|       |      0 | 2 |
|       |      0 | 2 |
|       |      0 | 2 |
|       |      0 | 2 |
+-------+--------+---+
(30 rows)

!ok

#-------------------------------------------------------------------------
# TESTCASE: test_join TEST_ID: A1_B26
#-------------------------------------------------------------------------
WITH t1 AS
  (SELECT *
   FROM test_unnest,
        unnest(mv_to_array(c_mv_num_with_null_and_empty_val)) AS u(c))
SELECT t1.c_str,
       t1.c_long,
       t1.c
FROM t1
INNER JOIN
  (SELECT *
   FROM test_unnest,
        unnest(mv_to_array(c_mv_num_with_null_and_empty_val)) AS u(c)) t2 ON t1.c_long=t2.c
WHERE t1.c_long IN (0,
                    1,
                    2,
                    999)
  AND t2.c_long IN (0,
                    1,
                    2,
                    999);
+-------+--------+---+
| c_str | c_long | c |
+-------+--------+---+
|       |      1 |   |
|       |      1 |   |
|       |      1 |   |
|       |      1 | 1 |
|       |      1 | 1 |
|       |      1 | 1 |
|       |      1 | 2 |
|       |      1 | 2 |
|       |      1 | 2 |
|       |      1 | 3 |
|       |      1 | 3 |
|       |      1 | 3 |
|       |      1 |   |
|       |      1 |   |
|       |      1 |   |
| str2  |      2 |   |
| str2  |      2 |   |
| str2  |      2 |   |
| str2  |      2 | 1 |
| str2  |      2 | 1 |
| str2  |      2 | 1 |
| str2  |      2 | 2 |
| str2  |      2 | 2 |
| str2  |      2 | 2 |
| str2  |      2 | 3 |
| str2  |      2 | 3 |
| str2  |      2 | 3 |
| str2  |      2 |   |
| str2  |      2 |   |
| str2  |      2 |   |
+-------+--------+---+
(30 rows)

!ok

#-------------------------------------------------------------------------
# TESTCASE: test_join TEST_ID: A1_B27
#-------------------------------------------------------------------------
WITH t1 AS
  (SELECT *
   FROM test_unnest,
        unnest(mv_to_array(c_mv_num_with_null_and_empty_val)) AS u(c))
SELECT t1.c_str,
       t1.c_long,
       t1.c
FROM t1
INNER JOIN
  (SELECT *
   FROM test_unnest,
        unnest(mv_to_array(c_mv_num_with_null_and_empty_val)) AS u(c)) t2 ON t1.c=t2.c
WHERE t1.c_long IN (0,
                    1,
                    2,
                    999)
  AND t2.c_long IN (0,
                    1,
                    2,
                    999);
+-------+--------+---+
| c_str | c_long | c |
+-------+--------+---+
|       |      1 |   |
|       |      1 |   |
|       |      1 |   |
|       |      1 | 1 |
|       |      1 | 1 |
|       |      1 | 1 |
|       |      1 | 2 |
|       |      1 | 2 |
|       |      1 | 2 |
|       |      1 | 3 |
|       |      1 | 3 |
|       |      1 | 3 |
| str2  |      2 |   |
| str2  |      2 |   |
| str2  |      2 |   |
| str2  |      2 | 1 |
| str2  |      2 | 1 |
| str2  |      2 | 1 |
| str2  |      2 | 2 |
| str2  |      2 | 2 |
| str2  |      2 | 2 |
| str2  |      2 | 3 |
| str2  |      2 | 3 |
| str2  |      2 | 3 |
|       |      0 |   |
|       |      0 |   |
|       |      0 |   |
|       |      0 | 1 |
|       |      0 | 1 |
|       |      0 | 1 |
|       |      0 | 2 |
|       |      0 | 2 |
|       |      0 | 2 |
|       |      0 | 3 |
|       |      0 | 3 |
|       |      0 | 3 |
+-------+--------+---+
(36 rows)

!ok

#-------------------------------------------------------------------------
# TESTCASE: test_join TEST_ID: A1_B28
#-------------------------------------------------------------------------
WITH t1 AS
  (SELECT *
   FROM test_unnest,
        unnest(mv_to_array(c_mv_num_with_null_and_empty_val)) AS u(c))
SELECT t1.c_str,
       t1.c_long,
       t1.c
FROM t1
INNER JOIN t1 t2 ON t1.c_long=t2.c_long
WHERE t1.c_long IN (0,
                    1,
                    2,
                    999)
  AND t2.c_long IN (0,
                    1,
                    2,
                    999);
+-------+--------+---+
| c_str | c_long | c |
+-------+--------+---+
|       |      1 |   |
|       |      1 |   |
|       |      1 |   |
|       |      1 |   |
|       |      1 |   |
|       |      1 | 1 |
|       |      1 | 1 |
|       |      1 | 1 |
|       |      1 | 1 |
|       |      1 | 1 |
|       |      1 | 2 |
|       |      1 | 2 |
|       |      1 | 2 |
|       |      1 | 2 |
|       |      1 | 2 |
|       |      1 | 3 |
|       |      1 | 3 |
|       |      1 | 3 |
|       |      1 | 3 |
|       |      1 | 3 |
|       |      1 |   |
|       |      1 |   |
|       |      1 |   |
|       |      1 |   |
|       |      1 |   |
| str2  |      2 |   |
| str2  |      2 |   |
| str2  |      2 |   |
| str2  |      2 |   |
| str2  |      2 |   |
| str2  |      2 | 1 |
| str2  |      2 | 1 |
| str2  |      2 | 1 |
| str2  |      2 | 1 |
| str2  |      2 | 1 |
| str2  |      2 | 2 |
| str2  |      2 | 2 |
| str2  |      2 | 2 |
| str2  |      2 | 2 |
| str2  |      2 | 2 |
| str2  |      2 | 3 |
| str2  |      2 | 3 |
| str2  |      2 | 3 |
| str2  |      2 | 3 |
| str2  |      2 | 3 |
| str2  |      2 |   |
| str2  |      2 |   |
| str2  |      2 |   |
| str2  |      2 |   |
| str2  |      2 |   |
|       |      0 |   |
|       |      0 |   |
|       |      0 |   |
|       |      0 |   |
|       |      0 |   |
|       |      0 | 1 |
|       |      0 | 1 |
|       |      0 | 1 |
|       |      0 | 1 |
|       |      0 | 1 |
|       |      0 | 2 |
|       |      0 | 2 |
|       |      0 | 2 |
|       |      0 | 2 |
|       |      0 | 2 |
|       |      0 | 3 |
|       |      0 | 3 |
|       |      0 | 3 |
|       |      0 | 3 |
|       |      0 | 3 |
|       |      0 |   |
|       |      0 |   |
|       |      0 |   |
|       |      0 |   |
|       |      0 |   |
+-------+--------+---+
(75 rows)

!ok

#-------------------------------------------------------------------------
# TESTCASE: test_join TEST_ID: A1_B29
#-------------------------------------------------------------------------
WITH t1 AS
  (SELECT *
   FROM test_unnest,
        unnest(mv_to_array(c_mv_num_with_null_and_empty_val)) AS u(c))
SELECT t1.c_str,
       t1.c_long,
       t1.c
FROM t1
INNER JOIN t1 t2 ON t1.c=cast(t2.c_long AS char)
WHERE t1.c_long IN (0,
                    1,
                    2,
                    999)
  AND t2.c_long IN (0,
                    1,
                    2,
                    999);
+-------+--------+---+
| c_str | c_long | c |
+-------+--------+---+
|       |      1 | 1 |
|       |      1 | 1 |
|       |      1 | 1 |
|       |      1 | 1 |
|       |      1 | 1 |
|       |      1 | 2 |
|       |      1 | 2 |
|       |      1 | 2 |
|       |      1 | 2 |
|       |      1 | 2 |
| str2  |      2 | 1 |
| str2  |      2 | 1 |
| str2  |      2 | 1 |
| str2  |      2 | 1 |
| str2  |      2 | 1 |
| str2  |      2 | 2 |
| str2  |      2 | 2 |
| str2  |      2 | 2 |
| str2  |      2 | 2 |
| str2  |      2 | 2 |
|       |      0 | 1 |
|       |      0 | 1 |
|       |      0 | 1 |
|       |      0 | 1 |
|       |      0 | 1 |
|       |      0 | 2 |
|       |      0 | 2 |
|       |      0 | 2 |
|       |      0 | 2 |
|       |      0 | 2 |
+-------+--------+---+
(30 rows)

!ok

#-------------------------------------------------------------------------
# TESTCASE: test_join TEST_ID: A1_B30
#-------------------------------------------------------------------------
WITH t1 AS
  (SELECT *
   FROM test_unnest,
        unnest(mv_to_array(c_mv_num_with_null_and_empty_val)) AS u(c))
SELECT t1.c_str,
       t1.c_long,
       t1.c
FROM t1
INNER JOIN t1 t2 ON t1.c_long=t2.c
WHERE t1.c_long IN (0,
                    1,
                    2,
                    999)
  AND t2.c_long IN (0,
                    1,
                    2,
                    999);
+-------+--------+---+
| c_str | c_long | c |
+-------+--------+---+
|       |      1 |   |
|       |      1 |   |
|       |      1 |   |
|       |      1 | 1 |
|       |      1 | 1 |
|       |      1 | 1 |
|       |      1 | 2 |
|       |      1 | 2 |
|       |      1 | 2 |
|       |      1 | 3 |
|       |      1 | 3 |
|       |      1 | 3 |
|       |      1 |   |
|       |      1 |   |
|       |      1 |   |
| str2  |      2 |   |
| str2  |      2 |   |
| str2  |      2 |   |
| str2  |      2 | 1 |
| str2  |      2 | 1 |
| str2  |      2 | 1 |
| str2  |      2 | 2 |
| str2  |      2 | 2 |
| str2  |      2 | 2 |
| str2  |      2 | 3 |
| str2  |      2 | 3 |
| str2  |      2 | 3 |
| str2  |      2 |   |
| str2  |      2 |   |
| str2  |      2 |   |
+-------+--------+---+
(30 rows)

!ok

#-------------------------------------------------------------------------
# TESTCASE: test_join TEST_ID: A1_B31
#-------------------------------------------------------------------------
WITH t1 AS
  (SELECT *
   FROM test_unnest,
        unnest(mv_to_array(c_mv_num_with_null_and_empty_val)) AS u(c))
SELECT t1.c_str,
       t1.c_long,
       t1.c
FROM t1
INNER JOIN t1 t2 ON t1.c=t2.c
WHERE t1.c_long IN (0,
                    1,
                    2,
                    999)
  AND t2.c_long IN (0,
                    1,
                    2,
                    999);
+-------+--------+---+
| c_str | c_long | c |
+-------+--------+---+
|       |      1 |   |
|       |      1 |   |
|       |      1 |   |
|       |      1 | 1 |
|       |      1 | 1 |
|       |      1 | 1 |
|       |      1 | 2 |
|       |      1 | 2 |
|       |      1 | 2 |
|       |      1 | 3 |
|       |      1 | 3 |
|       |      1 | 3 |
| str2  |      2 |   |
| str2  |      2 |   |
| str2  |      2 |   |
| str2  |      2 | 1 |
| str2  |      2 | 1 |
| str2  |      2 | 1 |
| str2  |      2 | 2 |
| str2  |      2 | 2 |
| str2  |      2 | 2 |
| str2  |      2 | 3 |
| str2  |      2 | 3 |
| str2  |      2 | 3 |
|       |      0 |   |
|       |      0 |   |
|       |      0 |   |
|       |      0 | 1 |
|       |      0 | 1 |
|       |      0 | 1 |
|       |      0 | 2 |
|       |      0 | 2 |
|       |      0 | 2 |
|       |      0 | 3 |
|       |      0 | 3 |
|       |      0 | 3 |
+-------+--------+---+
(36 rows)

!ok

#-------------------------------------------------------------------------
# TESTCASE: test_join TEST_ID: A2_B1
#-------------------------------------------------------------------------
SELECT t1.c_str,
       t1.c_long,
       c
FROM test_unnest t1
CROSS JOIN unnest(mv_to_array(c_mv_num_with_null_and_empty_val)) AS u(c)
JOIN test_unnest t2 ON t1.c_long=t2.c_long
WHERE t1.c_long IN (0,
                    1,
                    2,
                    999)
  AND t2.c_long IN (0,
                    1,
                    2,
                    999);
+-------+--------+---+
| c_str | c_long | c |
+-------+--------+---+
|       |      1 |   |
|       |      1 | 1 |
|       |      1 | 2 |
|       |      1 | 3 |
|       |      1 |   |
| str2  |      2 |   |
| str2  |      2 | 1 |
| str2  |      2 | 2 |
| str2  |      2 | 3 |
| str2  |      2 |   |
|       |      0 |   |
|       |      0 | 1 |
|       |      0 | 2 |
|       |      0 | 3 |
|       |      0 |   |
+-------+--------+---+
(15 rows)

!ok

#-------------------------------------------------------------------------
# TESTCASE: test_join TEST_ID: A2_B2
#-------------------------------------------------------------------------
SELECT t1.c_str,
       t1.c_long,
       c
FROM test_unnest t1
CROSS JOIN unnest(mv_to_array(c_mv_num_with_null_and_empty_val)) AS u(c)
JOIN test_unnest t2 ON u.c=cast(t2.c_long AS char)
WHERE t1.c_long IN (0,
                    1,
                    2,
                    999)
  AND t2.c_long IN (0,
                    1,
                    2,
                    999);
+-------+--------+---+
| c_str | c_long | c |
+-------+--------+---+
|       |      1 | 1 |
|       |      1 | 2 |
| str2  |      2 | 1 |
| str2  |      2 | 2 |
|       |      0 | 1 |
|       |      0 | 2 |
+-------+--------+---+
(6 rows)

!ok

#-------------------------------------------------------------------------
# TESTCASE: test_join TEST_ID: A2_B3
#-------------------------------------------------------------------------
SELECT t1.c_str,
       t1.c_long,
       c
FROM test_unnest t1
JOIN test_unnest t2,
     unnest(mv_to_array(t2.c_mv_num_with_null_and_empty_val)) AS u(c) ON cast(t2.c_long AS char)=u.c
WHERE t1.c_long IN (0,
                    1,
                    2,
                    999)
  AND t2.c_long IN (0,
                    1,
                    2,
                    999);
QueryInterruptedException
!error

#-------------------------------------------------------------------------
# TESTCASE: test_join TEST_ID: A2_B4
#-------------------------------------------------------------------------
SELECT t1.c_str,
       t1.c_long,
       c
FROM
  (SELECT *
   FROM test_unnest,
        unnest(mv_to_array(c_mv_num_with_null_and_empty_val)) AS u(c)) t1
JOIN test_unnest t2 ON t1.c_long=t2.c_long
WHERE t1.c_long IN (0,
                    1,
                    2,
                    999)
  AND t2.c_long IN (0,
                    1,
                    2,
                    999);
+-------+--------+---+
| c_str | c_long | c |
+-------+--------+---+
|       |      1 |   |
|       |      1 | 1 |
|       |      1 | 2 |
|       |      1 | 3 |
|       |      1 |   |
| str2  |      2 |   |
| str2  |      2 | 1 |
| str2  |      2 | 2 |
| str2  |      2 | 3 |
| str2  |      2 |   |
|       |      0 |   |
|       |      0 | 1 |
|       |      0 | 2 |
|       |      0 | 3 |
|       |      0 |   |
+-------+--------+---+
(15 rows)

!ok

#-------------------------------------------------------------------------
# TESTCASE: test_join TEST_ID: A2_B5
#-------------------------------------------------------------------------
SELECT t1.c_str,
       t1.c_long,
       c
FROM
  (SELECT *
   FROM test_unnest,
        unnest(mv_to_array(c_mv_num_with_null_and_empty_val)) AS u(c)) t1
JOIN test_unnest t2 ON t1.c=cast(t2.c_long AS char)
WHERE t1.c_long IN (0,
                    1,
                    2,
                    999)
  AND t2.c_long IN (0,
                    1,
                    2,
                    999);
+-------+--------+---+
| c_str | c_long | c |
+-------+--------+---+
|       |      1 | 1 |
|       |      1 | 2 |
| str2  |      2 | 1 |
| str2  |      2 | 2 |
|       |      0 | 1 |
|       |      0 | 2 |
+-------+--------+---+
(6 rows)

!ok

#-------------------------------------------------------------------------
# TESTCASE: test_join TEST_ID: A2_B6
#-------------------------------------------------------------------------
SELECT t1.c_str,
       t1.c_long,
       c
FROM test_unnest t1
JOIN
  (SELECT *
   FROM test_unnest,
        unnest(mv_to_array(c_mv_num_with_null_and_empty_val)) AS u(c)) t2 ON t2.c_long=t1.c_long
WHERE t1.c_long IN (0,
                    1,
                    2,
                    999)
  AND t2.c_long IN (0,
                    1,
                    2,
                    999);
+-------+--------+---+
| c_str | c_long | c |
+-------+--------+---+
|       |      1 |   |
|       |      1 | 1 |
|       |      1 | 2 |
|       |      1 | 3 |
|       |      1 |   |
| str2  |      2 |   |
| str2  |      2 | 1 |
| str2  |      2 | 2 |
| str2  |      2 | 3 |
| str2  |      2 |   |
|       |      0 |   |
|       |      0 | 1 |
|       |      0 | 2 |
|       |      0 | 3 |
|       |      0 |   |
+-------+--------+---+
(15 rows)

!ok

#-------------------------------------------------------------------------
# TESTCASE: test_join TEST_ID: A2_B7
#-------------------------------------------------------------------------
SELECT t1.c_str,
       t1.c_long,
       c
FROM test_unnest t1
JOIN
  (SELECT *
   FROM test_unnest,
        unnest(mv_to_array(c_mv_num_with_null_and_empty_val)) AS u(c)) t2 ON t2.c=cast(t1.c_long AS char)
WHERE t1.c_long IN (0,
                    1,
                    2,
                    999)
  AND t2.c_long IN (0,
                    1,
                    2,
                    999);
+-------+--------+---+
| c_str | c_long | c |
+-------+--------+---+
|       |      1 | 1 |
|       |      1 | 1 |
|       |      1 | 1 |
| str2  |      2 | 2 |
| str2  |      2 | 2 |
| str2  |      2 | 2 |
+-------+--------+---+
(6 rows)

!ok

#-------------------------------------------------------------------------
# TESTCASE: test_join TEST_ID: A2_B8
#-------------------------------------------------------------------------
WITH t1 AS
  (SELECT *
   FROM test_unnest,
        unnest(mv_to_array(c_mv_num_with_null_and_empty_val)) AS u(c))
SELECT t1.c_str,
       t1.c_long,
       c
FROM t1
JOIN test_unnest t2 ON t1.c_long=t2.c_long
WHERE t1.c_long IN (0,
                    1,
                    2,
                    999)
  AND t2.c_long IN (0,
                    1,
                    2,
                    999);
+-------+--------+---+
| c_str | c_long | c |
+-------+--------+---+
|       |      1 |   |
|       |      1 | 1 |
|       |      1 | 2 |
|       |      1 | 3 |
|       |      1 |   |
| str2  |      2 |   |
| str2  |      2 | 1 |
| str2  |      2 | 2 |
| str2  |      2 | 3 |
| str2  |      2 |   |
|       |      0 |   |
|       |      0 | 1 |
|       |      0 | 2 |
|       |      0 | 3 |
|       |      0 |   |
+-------+--------+---+
(15 rows)

!ok

#-------------------------------------------------------------------------
# TESTCASE: test_join TEST_ID: A2_B9
#-------------------------------------------------------------------------
WITH t1 AS
  (SELECT *
   FROM test_unnest,
        unnest(mv_to_array(c_mv_num_with_null_and_empty_val)) AS u(c))
SELECT t1.c_str,
       t1.c_long,
       c
FROM t1
JOIN test_unnest t2 ON t1.c=cast(t2.c_long AS char)
WHERE t1.c_long IN (0,
                    1,
                    2,
                    999)
  AND t2.c_long IN (0,
                    1,
                    2,
                    999);
+-------+--------+---+
| c_str | c_long | c |
+-------+--------+---+
|       |      1 | 1 |
|       |      1 | 2 |
| str2  |      2 | 1 |
| str2  |      2 | 2 |
|       |      0 | 1 |
|       |      0 | 2 |
+-------+--------+---+
(6 rows)

!ok

#-------------------------------------------------------------------------
# TESTCASE: test_join TEST_ID: A2_B10
#-------------------------------------------------------------------------
WITH t2 AS
  (SELECT *
   FROM test_unnest,
        unnest(mv_to_array(c_mv_num_with_null_and_empty_val)) AS u(c))
SELECT t1.c_str,
       t1.c_long,
       c
FROM test_unnest t1
JOIN t2 ON t2.c_long=t1.c_long
WHERE t1.c_long IN (0,
                    1,
                    2,
                    999)
  AND t2.c_long IN (0,
                    1,
                    2,
                    999);
+-------+--------+---+
| c_str | c_long | c |
+-------+--------+---+
|       |      1 |   |
|       |      1 | 1 |
|       |      1 | 2 |
|       |      1 | 3 |
|       |      1 |   |
| str2  |      2 |   |
| str2  |      2 | 1 |
| str2  |      2 | 2 |
| str2  |      2 | 3 |
| str2  |      2 |   |
|       |      0 |   |
|       |      0 | 1 |
|       |      0 | 2 |
|       |      0 | 3 |
|       |      0 |   |
+-------+--------+---+
(15 rows)

!ok

#-------------------------------------------------------------------------
# TESTCASE: test_join TEST_ID: A2_B11
#-------------------------------------------------------------------------
WITH t2 AS
  (SELECT *
   FROM test_unnest,
        unnest(mv_to_array(c_mv_num_with_null_and_empty_val)) AS u(c))
SELECT t1.c_str,
       t1.c_long,
       c
FROM test_unnest t1
JOIN t2 ON t2.c=cast(t1.c_long AS char)
WHERE t1.c_long IN (0,
                    1,
                    2,
                    999)
  AND t2.c_long IN (0,
                    1,
                    2,
                    999);
+-------+--------+---+
| c_str | c_long | c |
+-------+--------+---+
|       |      1 | 1 |
|       |      1 | 1 |
|       |      1 | 1 |
| str2  |      2 | 2 |
| str2  |      2 | 2 |
| str2  |      2 | 2 |
+-------+--------+---+
(6 rows)

!ok

#-------------------------------------------------------------------------
# TESTCASE: test_join TEST_ID: A2_B12
#-------------------------------------------------------------------------
SELECT t1.c_str,
       t1.c_long,
       c
FROM test_unnest t1,
     unnest(mv_to_array(c_mv_num_with_null_and_empty_val)) AS u(c)
JOIN test_unnest t2,
     unnest(mv_to_array(c_mv_num_with_null_and_empty_val)) AS u(c) ON t1.c_long=t2.c_long
WHERE t1.c_long IN (0,
                    1,
                    2,
                    999)
  AND t2.c_long IN (0,
                    1,
                    2,
                    999);
QueryInterruptedException
!error

#-------------------------------------------------------------------------
# TESTCASE: test_join TEST_ID: A2_B13
#-------------------------------------------------------------------------
SELECT t1.c_str,
       t1.c_long,
       c
FROM test_unnest t1,
     unnest(mv_to_array(c_mv_num_with_null_and_empty_val)) AS u(c)
JOIN test_unnest t2,
     unnest(mv_to_array(c_mv_num_with_null_and_empty_val)) AS u(c) ON t1.c=cast(t2.c_long AS char)
WHERE t1.c_long IN (0,
                    1,
                    2,
                    999)
  AND t2.c_long IN (0,
                    1,
                    2,
                    999);
QueryInterruptedException
!error

#-------------------------------------------------------------------------
# TESTCASE: test_join TEST_ID: A2_B14
#-------------------------------------------------------------------------
SELECT t1.c_str,
       t1.c_long,
       c
FROM test_unnest t1,
     unnest(mv_to_array(c_mv_num_with_null_and_empty_val)) AS u(c)
JOIN test_unnest t2,
     unnest(mv_to_array(c_mv_num_with_null_and_empty_val)) AS u(c) ON cast(t1.c_long AS char)=t2.c
WHERE t1.c_long IN (0,
                    1,
                    2,
                    999)
  AND t2.c_long IN (0,
                    1,
                    2,
                    999);
QueryInterruptedException
!error

#-------------------------------------------------------------------------
# TESTCASE: test_join TEST_ID: A2_B15
#-------------------------------------------------------------------------
SELECT t1.c_str,
       t1.c_long,
       c
FROM test_unnest t1,
     unnest(mv_to_array(c_mv_num_with_null_and_empty_val)) AS u(c)
JOIN test_unnest t2,
     unnest(mv_to_array(c_mv_num_with_null_and_empty_val)) AS u(c) ON t1.c=t2.c
WHERE t1.c_long IN (0,
                    1,
                    2,
                    999)
  AND t2.c_long IN (0,
                    1,
                    2,
                    999);
QueryInterruptedException
!error

#-------------------------------------------------------------------------
# TESTCASE: test_join TEST_ID: A2_B16
#-------------------------------------------------------------------------
SELECT t1.c_str,
       t1.c_long,
       c
FROM test_unnest t1,
     unnest(mv_to_array(c_mv_num_with_null_and_empty_val)) AS u(c)
JOIN test_unnest,
     unnest(mv_to_array(c_mv_num_with_null_and_empty_val)) t2 AS u(c) ON t1.c_long=t2.c_long
WHERE t1.c_long IN (0,
                    1,
                    2,
                    999)
  AND t2.c_long IN (0,
                    1,
                    2,
                    999);
QueryInterruptedException
!error

#-------------------------------------------------------------------------
# TESTCASE: test_join TEST_ID: A2_B17
#-------------------------------------------------------------------------
SELECT t1.c_str,
       t1.c_long,
       c
FROM test_unnest t1,
     unnest(mv_to_array(c_mv_num_with_null_and_empty_val)) AS u(c)
JOIN test_unnest,
     unnest(mv_to_array(c_mv_num_with_null_and_empty_val)) t2 AS u(c) ON t1.c=cast(t2.c_long AS char)
WHERE t1.c_long IN (0,
                    1,
                    2,
                    999)
  AND t2.c_long IN (0,
                    1,
                    2,
                    999);
QueryInterruptedException
!error

#-------------------------------------------------------------------------
# TESTCASE: test_join TEST_ID: A2_B18
#-------------------------------------------------------------------------
SELECT t1.c_str,
       t1.c_long,
       c
FROM test_unnest t1,
     unnest(mv_to_array(c_mv_num_with_null_and_empty_val)) AS u(c)
JOIN test_unnest,
     unnest(mv_to_array(c_mv_num_with_null_and_empty_val)) t2 AS u(c) ON cast(t1.c_long AS char)=t2.c
WHERE t1.c_long IN (0,
                    1,
                    2,
                    999)
  AND t2.c_long IN (0,
                    1,
                    2,
                    999);
QueryInterruptedException
!error

