!set dartQueryId 00000000-0000-0000-0000-000000000000
!set useApproximateCountDistinct false
!use druidtest://?componentSupplier=StandardAndMSQComponentSupplier&datasets=sql/src/test/quidem/qatests/qaUnnest/mv
!set outputformat mysql
#-------------------------------------------------------------------------
# TESTCASE: test_subquery_with_where TEST_ID: A5_B48_C9
#-------------------------------------------------------------------------
SELECT c
FROM
  (SELECT *
   FROM test_unnest), unnest(mv_to_array(c_mv_complex_with_null_and_empty_row)) AS u(c)
WHERE c_long IN
    (SELECT col
     FROM (
           VALUES(0),(1),(2),(999)) AS t(col))
  AND c_long NOT IN
    (SELECT col
     FROM (
           VALUES(3),(4),(999)) AS t(col));
+-------------+
| c           |
+-------------+
|             |
| 1           |
| [2]         |
| [3, [4, 5]] |
|             |
|             |
|             |
+-------------+
(7 rows)

!ok

#-------------------------------------------------------------------------
# TESTCASE: test_subquery_with_where TEST_ID: A6_B1_C1
#-------------------------------------------------------------------------
SELECT c
FROM test_unnest,
     unnest(mv_to_array(c_mv_num_with_null_and_empty_row)) AS u(c)
WHERE c='1';
+---+
| c |
+---+
| 1 |
| 1 |
| 1 |
+---+
(3 rows)

!ok

#-------------------------------------------------------------------------
# TESTCASE: test_subquery_with_where TEST_ID: A6_B1_C3
#-------------------------------------------------------------------------
SELECT c
FROM
  (SELECT *
   FROM test_unnest,
        unnest(mv_to_array(c_mv_num_with_null_and_empty_row)) AS u(c)
   WHERE c='1');
+---+
| c |
+---+
| 1 |
| 1 |
| 1 |
+---+
(3 rows)

!ok

#-------------------------------------------------------------------------
# TESTCASE: test_subquery_with_where TEST_ID: A6_B1_C5
#-------------------------------------------------------------------------
SELECT c
FROM
  (SELECT *
   FROM test_unnest
   WHERE c='1'), unnest(mv_to_array(c_mv_num_with_null_and_empty_row)) AS u(c);
QueryInterruptedException
!error

#-------------------------------------------------------------------------
# TESTCASE: test_subquery_with_where TEST_ID: A6_B1_C7
#-------------------------------------------------------------------------
SELECT c
FROM
  (SELECT *
   FROM test_unnest,
        unnest(mv_to_array(c_mv_num_with_null_and_empty_row)) AS u(c))
WHERE c='1';
+---+
| c |
+---+
| 1 |
| 1 |
| 1 |
+---+
(3 rows)

!ok

#-------------------------------------------------------------------------
# TESTCASE: test_subquery_with_where TEST_ID: A6_B1_C9
#-------------------------------------------------------------------------
SELECT c
FROM
  (SELECT *
   FROM test_unnest), unnest(mv_to_array(c_mv_num_with_null_and_empty_row)) AS u(c)
WHERE c='1';
+---+
| c |
+---+
| 1 |
| 1 |
| 1 |
+---+
(3 rows)

!ok

#-------------------------------------------------------------------------
# TESTCASE: test_subquery_with_where TEST_ID: A6_B2_C1
#-------------------------------------------------------------------------
SELECT c
FROM test_unnest,
     unnest(mv_to_array(c_mv_num_with_null_and_empty_row)) AS u(c)
WHERE c<>'1';
+---+
| c |
+---+
|   |
|   |
|   |
| 2 |
| 2 |
| 2 |
| 3 |
| 3 |
| 3 |
+---+
(9 rows)

!ok

#-------------------------------------------------------------------------
# TESTCASE: test_subquery_with_where TEST_ID: A6_B2_C3
#-------------------------------------------------------------------------
SELECT c
FROM
  (SELECT *
   FROM test_unnest,
        unnest(mv_to_array(c_mv_num_with_null_and_empty_row)) AS u(c)
   WHERE c<>'1');
+---+
| c |
+---+
|   |
|   |
|   |
| 2 |
| 2 |
| 2 |
| 3 |
| 3 |
| 3 |
+---+
(9 rows)

!ok

#-------------------------------------------------------------------------
# TESTCASE: test_subquery_with_where TEST_ID: A6_B2_C5
#-------------------------------------------------------------------------
SELECT c
FROM
  (SELECT *
   FROM test_unnest
   WHERE c<>'1'), unnest(mv_to_array(c_mv_num_with_null_and_empty_row)) AS u(c);
QueryInterruptedException
!error

#-------------------------------------------------------------------------
# TESTCASE: test_subquery_with_where TEST_ID: A6_B2_C7
#-------------------------------------------------------------------------
SELECT c
FROM
  (SELECT *
   FROM test_unnest,
        unnest(mv_to_array(c_mv_num_with_null_and_empty_row)) AS u(c))
WHERE c<>'1';
+---+
| c |
+---+
|   |
|   |
|   |
| 2 |
| 2 |
| 2 |
| 3 |
| 3 |
| 3 |
+---+
(9 rows)

!ok

#-------------------------------------------------------------------------
# TESTCASE: test_subquery_with_where TEST_ID: A6_B2_C9
#-------------------------------------------------------------------------
SELECT c
FROM
  (SELECT *
   FROM test_unnest), unnest(mv_to_array(c_mv_num_with_null_and_empty_row)) AS u(c)
WHERE c<>'1';
+---+
| c |
+---+
|   |
|   |
|   |
| 2 |
| 2 |
| 2 |
| 3 |
| 3 |
| 3 |
+---+
(9 rows)

!ok

#-------------------------------------------------------------------------
# TESTCASE: test_subquery_with_where TEST_ID: A6_B3_C1
#-------------------------------------------------------------------------
SELECT c
FROM test_unnest,
     unnest(mv_to_array(c_mv_num_with_null_and_empty_row)) AS u(c)
WHERE c>'1';
+---+
| c |
+---+
| 2 |
| 2 |
| 2 |
| 3 |
| 3 |
| 3 |
+---+
(6 rows)

!ok

#-------------------------------------------------------------------------
# TESTCASE: test_subquery_with_where TEST_ID: A6_B3_C3
#-------------------------------------------------------------------------
SELECT c
FROM
  (SELECT *
   FROM test_unnest,
        unnest(mv_to_array(c_mv_num_with_null_and_empty_row)) AS u(c)
   WHERE c>'1');
+---+
| c |
+---+
| 2 |
| 2 |
| 2 |
| 3 |
| 3 |
| 3 |
+---+
(6 rows)

!ok

#-------------------------------------------------------------------------
# TESTCASE: test_subquery_with_where TEST_ID: A6_B3_C5
#-------------------------------------------------------------------------
SELECT c
FROM
  (SELECT *
   FROM test_unnest
   WHERE c>'1'), unnest(mv_to_array(c_mv_num_with_null_and_empty_row)) AS u(c);
QueryInterruptedException
!error

#-------------------------------------------------------------------------
# TESTCASE: test_subquery_with_where TEST_ID: A6_B3_C7
#-------------------------------------------------------------------------
SELECT c
FROM
  (SELECT *
   FROM test_unnest,
        unnest(mv_to_array(c_mv_num_with_null_and_empty_row)) AS u(c))
WHERE c>'1';
+---+
| c |
+---+
| 2 |
| 2 |
| 2 |
| 3 |
| 3 |
| 3 |
+---+
(6 rows)

!ok

#-------------------------------------------------------------------------
# TESTCASE: test_subquery_with_where TEST_ID: A6_B3_C9
#-------------------------------------------------------------------------
SELECT c
FROM
  (SELECT *
   FROM test_unnest), unnest(mv_to_array(c_mv_num_with_null_and_empty_row)) AS u(c)
WHERE c>'1';
+---+
| c |
+---+
| 2 |
| 2 |
| 2 |
| 3 |
| 3 |
| 3 |
+---+
(6 rows)

!ok

#-------------------------------------------------------------------------
# TESTCASE: test_subquery_with_where TEST_ID: A6_B4_C1
#-------------------------------------------------------------------------
SELECT c
FROM test_unnest,
     unnest(mv_to_array(c_mv_num_with_null_and_empty_row)) AS u(c)
WHERE c>='1';
+---+
| c |
+---+
| 1 |
| 1 |
| 1 |
| 2 |
| 2 |
| 2 |
| 3 |
| 3 |
| 3 |
+---+
(9 rows)

!ok

#-------------------------------------------------------------------------
# TESTCASE: test_subquery_with_where TEST_ID: A6_B4_C3
#-------------------------------------------------------------------------
SELECT c
FROM
  (SELECT *
   FROM test_unnest,
        unnest(mv_to_array(c_mv_num_with_null_and_empty_row)) AS u(c)
   WHERE c>='1');
+---+
| c |
+---+
| 1 |
| 1 |
| 1 |
| 2 |
| 2 |
| 2 |
| 3 |
| 3 |
| 3 |
+---+
(9 rows)

!ok

#-------------------------------------------------------------------------
# TESTCASE: test_subquery_with_where TEST_ID: A6_B4_C5
#-------------------------------------------------------------------------
SELECT c
FROM
  (SELECT *
   FROM test_unnest
   WHERE c>='1'), unnest(mv_to_array(c_mv_num_with_null_and_empty_row)) AS u(c);
QueryInterruptedException
!error

#-------------------------------------------------------------------------
# TESTCASE: test_subquery_with_where TEST_ID: A6_B4_C7
#-------------------------------------------------------------------------
SELECT c
FROM
  (SELECT *
   FROM test_unnest,
        unnest(mv_to_array(c_mv_num_with_null_and_empty_row)) AS u(c))
WHERE c>='1';
+---+
| c |
+---+
| 1 |
| 1 |
| 1 |
| 2 |
| 2 |
| 2 |
| 3 |
| 3 |
| 3 |
+---+
(9 rows)

!ok

#-------------------------------------------------------------------------
# TESTCASE: test_subquery_with_where TEST_ID: A6_B4_C9
#-------------------------------------------------------------------------
SELECT c
FROM
  (SELECT *
   FROM test_unnest), unnest(mv_to_array(c_mv_num_with_null_and_empty_row)) AS u(c)
WHERE c>='1';
+---+
| c |
+---+
| 1 |
| 1 |
| 1 |
| 2 |
| 2 |
| 2 |
| 3 |
| 3 |
| 3 |
+---+
(9 rows)

!ok

#-------------------------------------------------------------------------
# TESTCASE: test_subquery_with_where TEST_ID: A6_B5_C1
#-------------------------------------------------------------------------
SELECT c
FROM test_unnest,
     unnest(mv_to_array(c_mv_num_with_null_and_empty_row)) AS u(c)
WHERE c<'1';
+---+
| c |
+---+
|   |
|   |
|   |
+---+
(3 rows)

!ok

#-------------------------------------------------------------------------
# TESTCASE: test_subquery_with_where TEST_ID: A6_B5_C3
#-------------------------------------------------------------------------
SELECT c
FROM
  (SELECT *
   FROM test_unnest,
        unnest(mv_to_array(c_mv_num_with_null_and_empty_row)) AS u(c)
   WHERE c<'1');
+---+
| c |
+---+
|   |
|   |
|   |
+---+
(3 rows)

!ok

#-------------------------------------------------------------------------
# TESTCASE: test_subquery_with_where TEST_ID: A6_B5_C5
#-------------------------------------------------------------------------
SELECT c
FROM
  (SELECT *
   FROM test_unnest
   WHERE c<'1'), unnest(mv_to_array(c_mv_num_with_null_and_empty_row)) AS u(c);
QueryInterruptedException
!error

#-------------------------------------------------------------------------
# TESTCASE: test_subquery_with_where TEST_ID: A6_B5_C7
#-------------------------------------------------------------------------
SELECT c
FROM
  (SELECT *
   FROM test_unnest,
        unnest(mv_to_array(c_mv_num_with_null_and_empty_row)) AS u(c))
WHERE c<'1';
+---+
| c |
+---+
|   |
|   |
|   |
+---+
(3 rows)

!ok

#-------------------------------------------------------------------------
# TESTCASE: test_subquery_with_where TEST_ID: A6_B5_C9
#-------------------------------------------------------------------------
SELECT c
FROM
  (SELECT *
   FROM test_unnest), unnest(mv_to_array(c_mv_num_with_null_and_empty_row)) AS u(c)
WHERE c<'1';
+---+
| c |
+---+
|   |
|   |
|   |
+---+
(3 rows)

!ok

#-------------------------------------------------------------------------
# TESTCASE: test_subquery_with_where TEST_ID: A6_B6_C1
#-------------------------------------------------------------------------
SELECT c
FROM test_unnest,
     unnest(mv_to_array(c_mv_num_with_null_and_empty_row)) AS u(c)
WHERE c<='1';
+---+
| c |
+---+
|   |
|   |
|   |
| 1 |
| 1 |
| 1 |
+---+
(6 rows)

!ok

#-------------------------------------------------------------------------
# TESTCASE: test_subquery_with_where TEST_ID: A6_B6_C3
#-------------------------------------------------------------------------
SELECT c
FROM
  (SELECT *
   FROM test_unnest,
        unnest(mv_to_array(c_mv_num_with_null_and_empty_row)) AS u(c)
   WHERE c<='1');
+---+
| c |
+---+
|   |
|   |
|   |
| 1 |
| 1 |
| 1 |
+---+
(6 rows)

!ok

#-------------------------------------------------------------------------
# TESTCASE: test_subquery_with_where TEST_ID: A6_B6_C5
#-------------------------------------------------------------------------
SELECT c
FROM
  (SELECT *
   FROM test_unnest
   WHERE c<='1'), unnest(mv_to_array(c_mv_num_with_null_and_empty_row)) AS u(c);
QueryInterruptedException
!error

#-------------------------------------------------------------------------
# TESTCASE: test_subquery_with_where TEST_ID: A6_B6_C7
#-------------------------------------------------------------------------
SELECT c
FROM
  (SELECT *
   FROM test_unnest,
        unnest(mv_to_array(c_mv_num_with_null_and_empty_row)) AS u(c))
WHERE c<='1';
+---+
| c |
+---+
|   |
|   |
|   |
| 1 |
| 1 |
| 1 |
+---+
(6 rows)

!ok

#-------------------------------------------------------------------------
# TESTCASE: test_subquery_with_where TEST_ID: A6_B6_C9
#-------------------------------------------------------------------------
SELECT c
FROM
  (SELECT *
   FROM test_unnest), unnest(mv_to_array(c_mv_num_with_null_and_empty_row)) AS u(c)
WHERE c<='1';
+---+
| c |
+---+
|   |
|   |
|   |
| 1 |
| 1 |
| 1 |
+---+
(6 rows)

!ok

#-------------------------------------------------------------------------
# TESTCASE: test_subquery_with_where TEST_ID: A6_B7_C1
#-------------------------------------------------------------------------
SELECT c
FROM test_unnest,
     unnest(mv_to_array(c_mv_num_with_null_and_empty_row)) AS u(c)
WHERE (NOT c<>''
       OR NOT c<>'my_null'
       OR NOT c<>'my_empty'
       OR NOT c<>'1'
       OR NOT c<>'-1'
       OR NOT c<>'0'
       OR NOT c<>'999'
       OR NOT c<>999)
  AND (NOT c='[2]'
       OR NOT c='[3, [4, 5]]'
       OR NOT c='2'
       OR NOT c='3'
       OR NOT c='999'
       OR NOT c=999);
+---+
| c |
+---+
|   |
|   |
|   |
| 1 |
| 1 |
| 1 |
+---+
(6 rows)

!ok

#-------------------------------------------------------------------------
# TESTCASE: test_subquery_with_where TEST_ID: A6_B7_C3
#-------------------------------------------------------------------------
SELECT c
FROM
  (SELECT *
   FROM test_unnest,
        unnest(mv_to_array(c_mv_num_with_null_and_empty_row)) AS u(c)
   WHERE (NOT c<>''
          OR NOT c<>'my_null'
          OR NOT c<>'my_empty'
          OR NOT c<>'1'
          OR NOT c<>'-1'
          OR NOT c<>'0'
          OR NOT c<>'999'
          OR NOT c<>999)
     AND (NOT c='[2]'
          OR NOT c='[3, [4, 5]]'
          OR NOT c='2'
          OR NOT c='3'
          OR NOT c='999'
          OR NOT c=999));
+---+
| c |
+---+
|   |
|   |
|   |
| 1 |
| 1 |
| 1 |
+---+
(6 rows)

!ok

#-------------------------------------------------------------------------
# TESTCASE: test_subquery_with_where TEST_ID: A6_B7_C5
#-------------------------------------------------------------------------
SELECT c
FROM
  (SELECT *
   FROM test_unnest
   WHERE (NOT c<>''
          OR NOT c<>'my_null'
          OR NOT c<>'my_empty'
          OR NOT c<>'1'
          OR NOT c<>'-1'
          OR NOT c<>'0'
          OR NOT c<>'999'
          OR NOT c<>999)
     AND (NOT c='[2]'
          OR NOT c='[3, [4, 5]]'
          OR NOT c='2'
          OR NOT c='3'
          OR NOT c='999'
          OR NOT c=999)), unnest(mv_to_array(c_mv_num_with_null_and_empty_row)) AS u(c);
QueryInterruptedException
!error

#-------------------------------------------------------------------------
# TESTCASE: test_subquery_with_where TEST_ID: A6_B7_C7
#-------------------------------------------------------------------------
SELECT c
FROM
  (SELECT *
   FROM test_unnest,
        unnest(mv_to_array(c_mv_num_with_null_and_empty_row)) AS u(c))
WHERE (NOT c<>''
       OR NOT c<>'my_null'
       OR NOT c<>'my_empty'
       OR NOT c<>'1'
       OR NOT c<>'-1'
       OR NOT c<>'0'
       OR NOT c<>'999'
       OR NOT c<>999)
  AND (NOT c='[2]'
       OR NOT c='[3, [4, 5]]'
       OR NOT c='2'
       OR NOT c='3'
       OR NOT c='999'
       OR NOT c=999);
+---+
| c |
+---+
|   |
|   |
|   |
| 1 |
| 1 |
| 1 |
+---+
(6 rows)

!ok

#-------------------------------------------------------------------------
# TESTCASE: test_subquery_with_where TEST_ID: A6_B7_C9
#-------------------------------------------------------------------------
SELECT c
FROM
  (SELECT *
   FROM test_unnest), unnest(mv_to_array(c_mv_num_with_null_and_empty_row)) AS u(c)
WHERE (NOT c<>''
       OR NOT c<>'my_null'
       OR NOT c<>'my_empty'
       OR NOT c<>'1'
       OR NOT c<>'-1'
       OR NOT c<>'0'
       OR NOT c<>'999'
       OR NOT c<>999)
  AND (NOT c='[2]'
       OR NOT c='[3, [4, 5]]'
       OR NOT c='2'
       OR NOT c='3'
       OR NOT c='999'
       OR NOT c=999);
+---+
| c |
+---+
|   |
|   |
|   |
| 1 |
| 1 |
| 1 |
+---+
(6 rows)

!ok

#-------------------------------------------------------------------------
# TESTCASE: test_subquery_with_where TEST_ID: A6_B8_C1
#-------------------------------------------------------------------------
SELECT c
FROM test_unnest,
     unnest(mv_to_array(c_mv_num_with_null_and_empty_row)) AS u(c)
WHERE (c=''
       OR c='my_null'
       OR c='my_empty'
       OR c='1'
       OR c='-1'
       OR c='0'
       OR c='999'
       OR c=999)
  AND NOT c='[2]'
  AND NOT c='[3, [4, 5]]'
  AND NOT c='2'
  AND NOT c='3'
  AND NOT c='999'
  AND NOT c=999;
+---+
| c |
+---+
|   |
|   |
|   |
| 1 |
| 1 |
| 1 |
+---+
(6 rows)

!ok

#-------------------------------------------------------------------------
# TESTCASE: test_subquery_with_where TEST_ID: A6_B8_C3
#-------------------------------------------------------------------------
SELECT c
FROM
  (SELECT *
   FROM test_unnest,
        unnest(mv_to_array(c_mv_num_with_null_and_empty_row)) AS u(c)
   WHERE (c=''
          OR c='my_null'
          OR c='my_empty'
          OR c='1'
          OR c='-1'
          OR c='0'
          OR c='999'
          OR c=999)
     AND NOT c='[2]'
     AND NOT c='[3, [4, 5]]'
     AND NOT c='2'
     AND NOT c='3'
     AND NOT c='999'
     AND NOT c=999);
+---+
| c |
+---+
|   |
|   |
|   |
| 1 |
| 1 |
| 1 |
+---+
(6 rows)

!ok

#-------------------------------------------------------------------------
# TESTCASE: test_subquery_with_where TEST_ID: A6_B8_C5
#-------------------------------------------------------------------------
SELECT c
FROM
  (SELECT *
   FROM test_unnest
   WHERE (c=''
          OR c='my_null'
          OR c='my_empty'
          OR c='1'
          OR c='-1'
          OR c='0'
          OR c='999'
          OR c=999)
     AND NOT c='[2]'
     AND NOT c='[3, [4, 5]]'
     AND NOT c='2'
     AND NOT c='3'
     AND NOT c='999'
     AND NOT c=999), unnest(mv_to_array(c_mv_num_with_null_and_empty_row)) AS u(c);
QueryInterruptedException
!error

#-------------------------------------------------------------------------
# TESTCASE: test_subquery_with_where TEST_ID: A6_B8_C7
#-------------------------------------------------------------------------
SELECT c
FROM
  (SELECT *
   FROM test_unnest,
        unnest(mv_to_array(c_mv_num_with_null_and_empty_row)) AS u(c))
WHERE (c=''
       OR c='my_null'
       OR c='my_empty'
       OR c='1'
       OR c='-1'
       OR c='0'
       OR c='999'
       OR c=999)
  AND NOT c='[2]'
  AND NOT c='[3, [4, 5]]'
  AND NOT c='2'
  AND NOT c='3'
  AND NOT c='999'
  AND NOT c=999;
+---+
| c |
+---+
|   |
|   |
|   |
| 1 |
| 1 |
| 1 |
+---+
(6 rows)

!ok

#-------------------------------------------------------------------------
# TESTCASE: test_subquery_with_where TEST_ID: A6_B8_C9
#-------------------------------------------------------------------------
SELECT c
FROM
  (SELECT *
   FROM test_unnest), unnest(mv_to_array(c_mv_num_with_null_and_empty_row)) AS u(c)
WHERE (c=''
       OR c='my_null'
       OR c='my_empty'
       OR c='1'
       OR c='-1'
       OR c='0'
       OR c='999'
       OR c=999)
  AND NOT c='[2]'
  AND NOT c='[3, [4, 5]]'
  AND NOT c='2'
  AND NOT c='3'
  AND NOT c='999'
  AND NOT c=999;
+---+
| c |
+---+
|   |
|   |
|   |
| 1 |
| 1 |
| 1 |
+---+
(6 rows)

!ok

#-------------------------------------------------------------------------
# TESTCASE: test_subquery_with_where TEST_ID: A6_B9_C1
#-------------------------------------------------------------------------
SELECT c
FROM test_unnest,
     unnest(mv_to_array(c_mv_num_with_null_and_empty_row)) AS u(c)
WHERE c IS NULL;
+---+
| c |
+---+
|   |
|   |
|   |
|   |
|   |
+---+
(5 rows)

!ok

#-------------------------------------------------------------------------
# TESTCASE: test_subquery_with_where TEST_ID: A6_B9_C3
#-------------------------------------------------------------------------
SELECT c
FROM
  (SELECT *
   FROM test_unnest,
        unnest(mv_to_array(c_mv_num_with_null_and_empty_row)) AS u(c)
   WHERE c IS NULL);
+---+
| c |
+---+
|   |
|   |
|   |
|   |
|   |
+---+
(5 rows)

!ok

#-------------------------------------------------------------------------
# TESTCASE: test_subquery_with_where TEST_ID: A6_B9_C5
#-------------------------------------------------------------------------
SELECT c
FROM
  (SELECT *
   FROM test_unnest
   WHERE c IS NULL), unnest(mv_to_array(c_mv_num_with_null_and_empty_row)) AS u(c);
QueryInterruptedException
!error

#-------------------------------------------------------------------------
# TESTCASE: test_subquery_with_where TEST_ID: A6_B9_C7
#-------------------------------------------------------------------------
SELECT c
FROM
  (SELECT *
   FROM test_unnest,
        unnest(mv_to_array(c_mv_num_with_null_and_empty_row)) AS u(c))
WHERE c IS NULL;
+---+
| c |
+---+
|   |
|   |
|   |
|   |
|   |
+---+
(5 rows)

!ok

#-------------------------------------------------------------------------
# TESTCASE: test_subquery_with_where TEST_ID: A6_B9_C9
#-------------------------------------------------------------------------
SELECT c
FROM
  (SELECT *
   FROM test_unnest), unnest(mv_to_array(c_mv_num_with_null_and_empty_row)) AS u(c)
WHERE c IS NULL;
+---+
| c |
+---+
|   |
|   |
|   |
|   |
|   |
+---+
(5 rows)

!ok

#-------------------------------------------------------------------------
# TESTCASE: test_subquery_with_where TEST_ID: A6_B10_C1
#-------------------------------------------------------------------------
SELECT c
FROM test_unnest,
     unnest(mv_to_array(c_mv_num_with_null_and_empty_row)) AS u(c)
WHERE c IS NOT NULL;
+---+
| c |
+---+
|   |
|   |
|   |
| 1 |
| 1 |
| 1 |
| 2 |
| 2 |
| 2 |
| 3 |
| 3 |
| 3 |
+---+
(12 rows)

!ok

#-------------------------------------------------------------------------
# TESTCASE: test_subquery_with_where TEST_ID: A6_B10_C3
#-------------------------------------------------------------------------
SELECT c
FROM
  (SELECT *
   FROM test_unnest,
        unnest(mv_to_array(c_mv_num_with_null_and_empty_row)) AS u(c)
   WHERE c IS NOT NULL);
+---+
| c |
+---+
|   |
|   |
|   |
| 1 |
| 1 |
| 1 |
| 2 |
| 2 |
| 2 |
| 3 |
| 3 |
| 3 |
+---+
(12 rows)

!ok

#-------------------------------------------------------------------------
# TESTCASE: test_subquery_with_where TEST_ID: A6_B10_C5
#-------------------------------------------------------------------------
SELECT c
FROM
  (SELECT *
   FROM test_unnest
   WHERE c IS NOT NULL), unnest(mv_to_array(c_mv_num_with_null_and_empty_row)) AS u(c);
QueryInterruptedException
!error

#-------------------------------------------------------------------------
# TESTCASE: test_subquery_with_where TEST_ID: A6_B10_C7
#-------------------------------------------------------------------------
SELECT c
FROM
  (SELECT *
   FROM test_unnest,
        unnest(mv_to_array(c_mv_num_with_null_and_empty_row)) AS u(c))
WHERE c IS NOT NULL;
+---+
| c |
+---+
|   |
|   |
|   |
| 1 |
| 1 |
| 1 |
| 2 |
| 2 |
| 2 |
| 3 |
| 3 |
| 3 |
+---+
(12 rows)

!ok

