!set dartQueryId 00000000-0000-0000-0000-000000000000
!set useApproximateCountDistinct false
!use druidtest://?componentSupplier=StandardAndMSQComponentSupplier&datasets=sql/src/test/quidem/qatests/qaUnnest/mv
!set outputformat mysql
#-------------------------------------------------------------------------
# TESTCASE: test_scalar_numeric_funcs TEST_ID: A1_B13_C4
#-------------------------------------------------------------------------
SELECT mod(c, c_long+1) AS col
FROM test_unnest,
     unnest(mv_to_array(c_mv_num_with_null_and_empty_val)) AS u(c)
WHERE c_long IN (0,
                 1,
                 2)
  AND mod(c, c_long+1) IN (0,
                           1,
                           2);
+-----+
| col |
+-----+
| 0.0 |
| 0.0 |
| 0.0 |
| 0.0 |
| 0.0 |
| 1.0 |
| 1.0 |
| 1.0 |
| 2.0 |
+-----+
(9 rows)

!ok

#-------------------------------------------------------------------------
# TESTCASE: test_scalar_numeric_funcs TEST_ID: A1_B14_C1
#-------------------------------------------------------------------------
SELECT sin(c)+sin(c) AS col
FROM test_unnest,
     unnest(mv_to_array(c_mv_num_with_null_and_empty_val)) AS u(c)
WHERE c_long IN (0,
                 1,
                 2)
  AND (sin(c)+sin(c))<>99999;
+--------------------+
| col                |
+--------------------+
| 0.2822400161197344 |
| 0.2822400161197344 |
| 0.2822400161197344 |
|  1.682941969615793 |
|  1.682941969615793 |
|  1.682941969615793 |
| 1.8185948536513634 |
| 1.8185948536513634 |
| 1.8185948536513634 |
+--------------------+
(9 rows)

!ok

#-------------------------------------------------------------------------
# TESTCASE: test_scalar_numeric_funcs TEST_ID: A1_B14_C2
#-------------------------------------------------------------------------
SELECT sin(c+c) AS col
FROM test_unnest,
     unnest(mv_to_array(c_mv_num_with_null_and_empty_val)) AS u(c)
WHERE c_long IN (0,
                 1,
                 2)
  AND sin(c+c)<>99999;
+----------------------+
| col                  |
+----------------------+
| -0.27941549819892586 |
| -0.27941549819892586 |
| -0.27941549819892586 |
|  -0.7568024953079282 |
|  -0.7568024953079282 |
|  -0.7568024953079282 |
|   0.9092974268256817 |
|   0.9092974268256817 |
|   0.9092974268256817 |
+----------------------+
(9 rows)

!ok

#-------------------------------------------------------------------------
# TESTCASE: test_scalar_numeric_funcs TEST_ID: A1_B14_C3
#-------------------------------------------------------------------------
SELECT sin(c)+sin(c_long) AS col
FROM test_unnest,
     unnest(mv_to_array(c_mv_num_with_null_and_empty_val)) AS u(c)
WHERE c_long IN (0,
                 1,
                 2)
  AND (sin(c)+sin(c_long))<>99999;
+--------------------+
| col                |
+--------------------+
| 0.1411200080598672 |
| 0.8414709848078965 |
| 0.9092974268256817 |
| 0.9825909928677637 |
| 1.0504174348855488 |
|  1.682941969615793 |
| 1.7507684116335782 |
| 1.7507684116335782 |
| 1.8185948536513634 |
+--------------------+
(9 rows)

!ok

#-------------------------------------------------------------------------
# TESTCASE: test_scalar_numeric_funcs TEST_ID: A1_B14_C4
#-------------------------------------------------------------------------
SELECT sin(c+c_long) AS col
FROM test_unnest,
     unnest(mv_to_array(c_mv_num_with_null_and_empty_val)) AS u(c)
WHERE c_long IN (0,
                 1,
                 2)
  AND sin(c+c_long)<>99999;
+---------------------+
| col                 |
+---------------------+
| -0.7568024953079282 |
| -0.7568024953079282 |
| -0.9589242746631385 |
|  0.1411200080598672 |
|  0.1411200080598672 |
|  0.1411200080598672 |
|  0.8414709848078965 |
|  0.9092974268256817 |
|  0.9092974268256817 |
+---------------------+
(9 rows)

!ok

#-------------------------------------------------------------------------
# TESTCASE: test_scalar_numeric_funcs TEST_ID: A1_B15_C1
#-------------------------------------------------------------------------
SELECT cos(c)+cos(c) AS col
FROM test_unnest,
     unnest(mv_to_array(c_mv_num_with_null_and_empty_val)) AS u(c)
WHERE c_long IN (0,
                 1,
                 2)
  AND (cos(c)+cos(c))<>99999;
+---------------------+
| col                 |
+---------------------+
| -0.8322936730942848 |
| -0.8322936730942848 |
| -0.8322936730942848 |
| -1.9799849932008908 |
| -1.9799849932008908 |
| -1.9799849932008908 |
|  1.0806046117362795 |
|  1.0806046117362795 |
|  1.0806046117362795 |
+---------------------+
(9 rows)

!ok

#-------------------------------------------------------------------------
# TESTCASE: test_scalar_numeric_funcs TEST_ID: A1_B15_C2
#-------------------------------------------------------------------------
SELECT cos(c+c) AS col
FROM test_unnest,
     unnest(mv_to_array(c_mv_num_with_null_and_empty_val)) AS u(c)
WHERE c_long IN (0,
                 1,
                 2)
  AND cos(c+c)<>99999;
+---------------------+
| col                 |
+---------------------+
| -0.4161468365471424 |
| -0.4161468365471424 |
| -0.4161468365471424 |
| -0.6536436208636119 |
| -0.6536436208636119 |
| -0.6536436208636119 |
|   0.960170286650366 |
|   0.960170286650366 |
|   0.960170286650366 |
+---------------------+
(9 rows)

!ok

#-------------------------------------------------------------------------
# TESTCASE: test_scalar_numeric_funcs TEST_ID: A1_B15_C3
#-------------------------------------------------------------------------
SELECT cos(c)+cos(c_long) AS col
FROM test_unnest,
     unnest(mv_to_array(c_mv_num_with_null_and_empty_val)) AS u(c)
WHERE c_long IN (0,
                 1,
                 2)
  AND (cos(c)+cos(c_long))<>99999;
+----------------------+
| col                  |
+----------------------+
| -0.44969019073230565 |
|  -0.8322936730942848 |
|  -1.4061393331475878 |
| 0.010007503399554585 |
|  0.12415546932099736 |
|  0.12415546932099736 |
|   0.5838531634528576 |
|   1.0806046117362795 |
|   1.5403023058681398 |
+----------------------+
(9 rows)

!ok

#-------------------------------------------------------------------------
# TESTCASE: test_scalar_numeric_funcs TEST_ID: A1_B15_C4
#-------------------------------------------------------------------------
SELECT cos(c+c_long) AS col
FROM test_unnest,
     unnest(mv_to_array(c_mv_num_with_null_and_empty_val)) AS u(c)
WHERE c_long IN (0,
                 1,
                 2)
  AND cos(c+c_long)<>99999;
+---------------------+
| col                 |
+---------------------+
| -0.4161468365471424 |
| -0.4161468365471424 |
| -0.6536436208636119 |
| -0.6536436208636119 |
| -0.9899924966004454 |
| -0.9899924966004454 |
| -0.9899924966004454 |
| 0.28366218546322625 |
|  0.5403023058681398 |
+---------------------+
(9 rows)

!ok

#-------------------------------------------------------------------------
# TESTCASE: test_scalar_numeric_funcs TEST_ID: A1_B16_C1
#-------------------------------------------------------------------------
SELECT tan(c)+tan(c) AS col
FROM test_unnest,
     unnest(mv_to_array(c_mv_num_with_null_and_empty_val)) AS u(c)
WHERE c_long IN (0,
                 1,
                 2)
  AND (tan(c)+tan(c))<>99999;
+---------------------+
| col                 |
+---------------------+
| -0.2850930861485556 |
| -0.2850930861485556 |
| -0.2850930861485556 |
|  -4.370079726523038 |
|  -4.370079726523038 |
|  -4.370079726523038 |
|  3.1148154493098046 |
|  3.1148154493098046 |
|  3.1148154493098046 |
+---------------------+
(9 rows)

!ok

#-------------------------------------------------------------------------
# TESTCASE: test_scalar_numeric_funcs TEST_ID: A1_B16_C2
#-------------------------------------------------------------------------
SELECT tan(c+c) AS col
FROM test_unnest,
     unnest(mv_to_array(c_mv_num_with_null_and_empty_val)) AS u(c)
WHERE c_long IN (0,
                 1,
                 2)
  AND tan(c+c)<>99999;
+----------------------+
| col                  |
+----------------------+
| -0.29100619138474915 |
| -0.29100619138474915 |
| -0.29100619138474915 |
|   -2.185039863261519 |
|   -2.185039863261519 |
|   -2.185039863261519 |
|   1.1578212823495775 |
|   1.1578212823495775 |
|   1.1578212823495775 |
+----------------------+
(9 rows)

!ok

#-------------------------------------------------------------------------
# TESTCASE: test_scalar_numeric_funcs TEST_ID: A1_B16_C3
#-------------------------------------------------------------------------
SELECT tan(c)+tan(c_long) AS col
FROM test_unnest,
     unnest(mv_to_array(c_mv_num_with_null_and_empty_val)) AS u(c)
WHERE c_long IN (0,
                 1,
                 2)
  AND (tan(c)+tan(c_long))<>99999;
+---------------------+
| col                 |
+---------------------+
| -0.1425465430742778 |
| -0.6276321386066166 |
| -0.6276321386066166 |
|  -2.185039863261519 |
| -2.3275864063357967 |
|  -4.370079726523038 |
|  1.4148611815806245 |
|  1.5574077246549023 |
|  3.1148154493098046 |
+---------------------+
(9 rows)

!ok

#-------------------------------------------------------------------------
# TESTCASE: test_scalar_numeric_funcs TEST_ID: A1_B16_C4
#-------------------------------------------------------------------------
SELECT tan(c+c_long) AS col
FROM test_unnest,
     unnest(mv_to_array(c_mv_num_with_null_and_empty_val)) AS u(c)
WHERE c_long IN (0,
                 1,
                 2)
  AND tan(c+c_long)<>99999;
+---------------------+
| col                 |
+---------------------+
| -0.1425465430742778 |
| -0.1425465430742778 |
| -0.1425465430742778 |
|  -2.185039863261519 |
|  -2.185039863261519 |
|  -3.380515006246586 |
|  1.1578212823495775 |
|  1.1578212823495775 |
|  1.5574077246549023 |
+---------------------+
(9 rows)

!ok

#-------------------------------------------------------------------------
# TESTCASE: test_scalar_numeric_funcs TEST_ID: A1_B17_C1
#-------------------------------------------------------------------------
SELECT cot(c)+cot(c) AS col
FROM test_unnest,
     unnest(mv_to_array(c_mv_num_with_null_and_empty_val)) AS u(c)
WHERE c_long IN (0,
                 1,
                 2)
  AND (cot(c)+cot(c))<>99999;
+---------------------+
| col                 |
+---------------------+
| -0.9153151087205715 |
| -0.9153151087205715 |
| -0.9153151087205715 |
| -14.030505102869068 |
| -14.030505102869068 |
| -14.030505102869068 |
|  1.2841852318686615 |
|  1.2841852318686615 |
|  1.2841852318686615 |
+---------------------+
(9 rows)

!ok

#-------------------------------------------------------------------------
# TESTCASE: test_scalar_numeric_funcs TEST_ID: A1_B17_C2
#-------------------------------------------------------------------------
SELECT cot(c+c) AS col
FROM test_unnest,
     unnest(mv_to_array(c_mv_num_with_null_and_empty_val)) AS u(c)
WHERE c_long IN (0,
                 1,
                 2)
  AND cot(c+c)<>99999;
+----------------------+
| col                  |
+----------------------+
| -0.45765755436028577 |
| -0.45765755436028577 |
| -0.45765755436028577 |
|   -3.436353004180128 |
|   -3.436353004180128 |
|   -3.436353004180128 |
|   0.8636911544506167 |
|   0.8636911544506167 |
|   0.8636911544506167 |
+----------------------+
(9 rows)

!ok

#-------------------------------------------------------------------------
# TESTCASE: test_scalar_numeric_funcs TEST_ID: A1_B17_C3
#-------------------------------------------------------------------------
SELECT cot(c)+cot(c_long) AS col
FROM test_unnest,
     unnest(mv_to_array(c_mv_num_with_null_and_empty_val)) AS u(c)
WHERE c_long IN (0,
                 1,
                 2)
  AND (cot(c)+cot(c_long))<>99999;
+---------------------+
| col                 |
+---------------------+
| -0.9153151087205715 |
|  -6.373159935500203 |
|   -7.47291010579482 |
|   0.184435061574045 |
|   0.184435061574045 |
|  1.2841852318686615 |
|            Infinity |
|            Infinity |
|            Infinity |
+---------------------+
(9 rows)

!ok

#-------------------------------------------------------------------------
# TESTCASE: test_scalar_numeric_funcs TEST_ID: A1_B17_C4
#-------------------------------------------------------------------------
SELECT cot(c+c_long) AS col
FROM test_unnest,
     unnest(mv_to_array(c_mv_num_with_null_and_empty_val)) AS u(c)
WHERE c_long IN (0,
                 1,
                 2)
  AND cot(c+c_long)<>99999;
+----------------------+
| col                  |
+----------------------+
|  -0.2958129155327455 |
| -0.45765755436028577 |
| -0.45765755436028577 |
|   -7.015252551434534 |
|   -7.015252551434534 |
|   -7.015252551434534 |
|   0.6420926159343308 |
|   0.8636911544506167 |
|   0.8636911544506167 |
+----------------------+
(9 rows)

!ok

#-------------------------------------------------------------------------
# TESTCASE: test_scalar_numeric_funcs TEST_ID: A1_B18_C1
#-------------------------------------------------------------------------
SELECT asin(c)+asin(c) AS col
FROM test_unnest,
     unnest(mv_to_array(c_mv_num_with_null_and_empty_val)) AS u(c)
WHERE c_long IN (0,
                 1,
                 2)
  AND (asin(c)+asin(c))<>99999;
+-------------------+
| col               |
+-------------------+
| 3.141592653589793 |
| 3.141592653589793 |
| 3.141592653589793 |
|               NaN |
|               NaN |
|               NaN |
|               NaN |
|               NaN |
|               NaN |
+-------------------+
(9 rows)

!ok

#-------------------------------------------------------------------------
# TESTCASE: test_scalar_numeric_funcs TEST_ID: A1_B18_C2
#-------------------------------------------------------------------------
SELECT asin(c+c) AS col
FROM test_unnest,
     unnest(mv_to_array(c_mv_num_with_null_and_empty_val)) AS u(c)
WHERE c_long IN (0,
                 1,
                 2)
  AND asin(c+c)<>99999;
+-----+
| col |
+-----+
| NaN |
| NaN |
| NaN |
| NaN |
| NaN |
| NaN |
| NaN |
| NaN |
| NaN |
+-----+
(9 rows)

!ok

#-------------------------------------------------------------------------
# TESTCASE: test_scalar_numeric_funcs TEST_ID: A1_B18_C3
#-------------------------------------------------------------------------
SELECT asin(c)+asin(c_long) AS col
FROM test_unnest,
     unnest(mv_to_array(c_mv_num_with_null_and_empty_val)) AS u(c)
WHERE c_long IN (0,
                 1,
                 2)
  AND (asin(c)+asin(c_long))<>99999;
+--------------------+
| col                |
+--------------------+
| 1.5707963267948966 |
|  3.141592653589793 |
|                NaN |
|                NaN |
|                NaN |
|                NaN |
|                NaN |
|                NaN |
|                NaN |
+--------------------+
(9 rows)

!ok

#-------------------------------------------------------------------------
# TESTCASE: test_scalar_numeric_funcs TEST_ID: A1_B18_C4
#-------------------------------------------------------------------------
SELECT asin(c+c_long) AS col
FROM test_unnest,
     unnest(mv_to_array(c_mv_num_with_null_and_empty_val)) AS u(c)
WHERE c_long IN (0,
                 1,
                 2)
  AND asin(c+c_long)<>99999;
+--------------------+
| col                |
+--------------------+
| 1.5707963267948966 |
|                NaN |
|                NaN |
|                NaN |
|                NaN |
|                NaN |
|                NaN |
|                NaN |
|                NaN |
+--------------------+
(9 rows)

!ok

#-------------------------------------------------------------------------
# TESTCASE: test_scalar_numeric_funcs TEST_ID: A1_B19_C1
#-------------------------------------------------------------------------
SELECT acos(c)+acos(c) AS col
FROM test_unnest,
     unnest(mv_to_array(c_mv_num_with_null_and_empty_val)) AS u(c)
WHERE c_long IN (0,
                 1,
                 2)
  AND (acos(c)+acos(c))<>99999;
+-----+
| col |
+-----+
| 0.0 |
| 0.0 |
| 0.0 |
| NaN |
| NaN |
| NaN |
| NaN |
| NaN |
| NaN |
+-----+
(9 rows)

!ok

#-------------------------------------------------------------------------
# TESTCASE: test_scalar_numeric_funcs TEST_ID: A1_B19_C2
#-------------------------------------------------------------------------
SELECT acos(c+c) AS col
FROM test_unnest,
     unnest(mv_to_array(c_mv_num_with_null_and_empty_val)) AS u(c)
WHERE c_long IN (0,
                 1,
                 2)
  AND acos(c+c)<>99999;
+-----+
| col |
+-----+
| NaN |
| NaN |
| NaN |
| NaN |
| NaN |
| NaN |
| NaN |
| NaN |
| NaN |
+-----+
(9 rows)

!ok

#-------------------------------------------------------------------------
# TESTCASE: test_scalar_numeric_funcs TEST_ID: A1_B19_C3
#-------------------------------------------------------------------------
SELECT acos(c)+acos(c_long) AS col
FROM test_unnest,
     unnest(mv_to_array(c_mv_num_with_null_and_empty_val)) AS u(c)
WHERE c_long IN (0,
                 1,
                 2)
  AND (acos(c)+acos(c_long))<>99999;
+--------------------+
| col                |
+--------------------+
|                0.0 |
| 1.5707963267948966 |
|                NaN |
|                NaN |
|                NaN |
|                NaN |
|                NaN |
|                NaN |
|                NaN |
+--------------------+
(9 rows)

!ok

#-------------------------------------------------------------------------
# TESTCASE: test_scalar_numeric_funcs TEST_ID: A1_B19_C4
#-------------------------------------------------------------------------
SELECT acos(c+c_long) AS col
FROM test_unnest,
     unnest(mv_to_array(c_mv_num_with_null_and_empty_val)) AS u(c)
WHERE c_long IN (0,
                 1,
                 2)
  AND acos(c+c_long)<>99999;
+-----+
| col |
+-----+
| 0.0 |
| NaN |
| NaN |
| NaN |
| NaN |
| NaN |
| NaN |
| NaN |
| NaN |
+-----+
(9 rows)

!ok

#-------------------------------------------------------------------------
# TESTCASE: test_scalar_numeric_funcs TEST_ID: A1_B20_C1
#-------------------------------------------------------------------------
SELECT atan(c)+atan(c) AS col
FROM test_unnest,
     unnest(mv_to_array(c_mv_num_with_null_and_empty_val)) AS u(c)
WHERE c_long IN (0,
                 1,
                 2)
  AND (atan(c)+atan(c))<>99999;
+--------------------+
| col                |
+--------------------+
| 1.5707963267948966 |
| 1.5707963267948966 |
| 1.5707963267948966 |
|  2.214297435588181 |
|  2.214297435588181 |
|  2.214297435588181 |
|  2.498091544796509 |
|  2.498091544796509 |
|  2.498091544796509 |
+--------------------+
(9 rows)

!ok

#-------------------------------------------------------------------------
# TESTCASE: test_scalar_numeric_funcs TEST_ID: A1_B20_C2
#-------------------------------------------------------------------------
SELECT atan(c+c) AS col
FROM test_unnest,
     unnest(mv_to_array(c_mv_num_with_null_and_empty_val)) AS u(c)
WHERE c_long IN (0,
                 1,
                 2)
  AND atan(c+c)<>99999;
+--------------------+
| col                |
+--------------------+
| 1.1071487177940904 |
| 1.1071487177940904 |
| 1.1071487177940904 |
| 1.3258176636680326 |
| 1.3258176636680326 |
| 1.3258176636680326 |
| 1.4056476493802699 |
| 1.4056476493802699 |
| 1.4056476493802699 |
+--------------------+
(9 rows)

!ok

#-------------------------------------------------------------------------
# TESTCASE: test_scalar_numeric_funcs TEST_ID: A1_B20_C3
#-------------------------------------------------------------------------
SELECT atan(c)+atan(c_long) AS col
FROM test_unnest,
     unnest(mv_to_array(c_mv_num_with_null_and_empty_val)) AS u(c)
WHERE c_long IN (0,
                 1,
                 2)
  AND (atan(c)+atan(c_long))<>99999;
+--------------------+
| col                |
+--------------------+
| 0.7853981633974483 |
| 1.1071487177940904 |
| 1.2490457723982544 |
| 1.5707963267948966 |
| 1.8925468811915387 |
| 1.8925468811915387 |
| 2.0344439357957027 |
|  2.214297435588181 |
|  2.356194490192345 |
+--------------------+
(9 rows)

!ok

#-------------------------------------------------------------------------
# TESTCASE: test_scalar_numeric_funcs TEST_ID: A1_B20_C4
#-------------------------------------------------------------------------
SELECT atan(c+c_long) AS col
FROM test_unnest,
     unnest(mv_to_array(c_mv_num_with_null_and_empty_val)) AS u(c)
WHERE c_long IN (0,
                 1,
                 2)
  AND atan(c+c_long)<>99999;
+--------------------+
| col                |
+--------------------+
| 0.7853981633974483 |
| 1.1071487177940904 |
| 1.1071487177940904 |
| 1.2490457723982544 |
| 1.2490457723982544 |
| 1.2490457723982544 |
| 1.3258176636680326 |
| 1.3258176636680326 |
|  1.373400766945016 |
+--------------------+
(9 rows)

!ok

#-------------------------------------------------------------------------
# TESTCASE: test_scalar_numeric_funcs TEST_ID: A1_B21_C1
#-------------------------------------------------------------------------
SELECT atan2(c, 1)+atan2(c, 1) AS col
FROM test_unnest,
     unnest(mv_to_array(c_mv_num_with_null_and_empty_val)) AS u(c)
WHERE c_long IN (0,
                 1,
                 2)
  AND (atan2(c, 1)+atan2(c, 1))<>99999;
+--------------------+
| col                |
+--------------------+
| 1.5707963267948966 |
| 1.5707963267948966 |
| 1.5707963267948966 |
|  2.214297435588181 |
|  2.214297435588181 |
|  2.214297435588181 |
|  2.498091544796509 |
|  2.498091544796509 |
|  2.498091544796509 |
+--------------------+
(9 rows)

!ok

#-------------------------------------------------------------------------
# TESTCASE: test_scalar_numeric_funcs TEST_ID: A1_B21_C2
#-------------------------------------------------------------------------
SELECT atan2(c, c) AS col
FROM test_unnest,
     unnest(mv_to_array(c_mv_num_with_null_and_empty_val)) AS u(c)
WHERE c_long IN (0,
                 1,
                 2)
  AND atan2(c, c)<>99999;
+--------------------+
| col                |
+--------------------+
| 0.7853981633974483 |
| 0.7853981633974483 |
| 0.7853981633974483 |
| 0.7853981633974483 |
| 0.7853981633974483 |
| 0.7853981633974483 |
| 0.7853981633974483 |
| 0.7853981633974483 |
| 0.7853981633974483 |
+--------------------+
(9 rows)

!ok

#-------------------------------------------------------------------------
# TESTCASE: test_scalar_numeric_funcs TEST_ID: A1_B21_C3
#-------------------------------------------------------------------------
SELECT atan2(c, 1)+atan2(c_long, 1) AS col
FROM test_unnest,
     unnest(mv_to_array(c_mv_num_with_null_and_empty_val)) AS u(c)
WHERE c_long IN (0,
                 1,
                 2)
  AND (atan2(c, 1)+atan2(c_long, 1))<>99999;
+--------------------+
| col                |
+--------------------+
| 0.7853981633974483 |
| 1.1071487177940904 |
| 1.2490457723982544 |
| 1.5707963267948966 |
| 1.8925468811915387 |
| 1.8925468811915387 |
| 2.0344439357957027 |
|  2.214297435588181 |
|  2.356194490192345 |
+--------------------+
(9 rows)

!ok

#-------------------------------------------------------------------------
# TESTCASE: test_scalar_numeric_funcs TEST_ID: A1_B21_C4
#-------------------------------------------------------------------------
SELECT atan2(c, c_long) AS col
FROM test_unnest,
     unnest(mv_to_array(c_mv_num_with_null_and_empty_val)) AS u(c)
WHERE c_long IN (0,
                 1,
                 2)
  AND atan2(c, c_long)<>99999;
+--------------------+
| col                |
+--------------------+
| 0.4636476090008061 |
| 0.7853981633974483 |
| 0.7853981633974483 |
|  0.982793723247329 |
| 1.1071487177940904 |
| 1.2490457723982544 |
| 1.5707963267948966 |
| 1.5707963267948966 |
| 1.5707963267948966 |
+--------------------+
(9 rows)

!ok

#-------------------------------------------------------------------------
# TESTCASE: test_scalar_numeric_funcs TEST_ID: A1_B22_C1
#-------------------------------------------------------------------------
SELECT degrees(c)+degrees(c) AS col
FROM test_unnest,
     unnest(mv_to_array(c_mv_num_with_null_and_empty_val)) AS u(c)
WHERE c_long IN (0,
                 1,
                 2)
  AND (degrees(c)+degrees(c))<>99999;
+--------------------+
| col                |
+--------------------+
| 114.59155902616465 |
| 114.59155902616465 |
| 114.59155902616465 |
|  229.1831180523293 |
|  229.1831180523293 |
|  229.1831180523293 |
| 343.77467707849394 |
| 343.77467707849394 |
| 343.77467707849394 |
+--------------------+
(9 rows)

!ok

#-------------------------------------------------------------------------
# TESTCASE: test_scalar_numeric_funcs TEST_ID: A1_B22_C2
#-------------------------------------------------------------------------
SELECT degrees(c+c) AS col
FROM test_unnest,
     unnest(mv_to_array(c_mv_num_with_null_and_empty_val)) AS u(c)
WHERE c_long IN (0,
                 1,
                 2)
  AND degrees(c+c)<>99999;
+--------------------+
| col                |
+--------------------+
| 114.59155902616465 |
| 114.59155902616465 |
| 114.59155902616465 |
|  229.1831180523293 |
|  229.1831180523293 |
|  229.1831180523293 |
| 343.77467707849394 |
| 343.77467707849394 |
| 343.77467707849394 |
+--------------------+
(9 rows)

!ok

#-------------------------------------------------------------------------
# TESTCASE: test_scalar_numeric_funcs TEST_ID: A1_B22_C3
#-------------------------------------------------------------------------
SELECT degrees(c)+degrees(c_long) AS col
FROM test_unnest,
     unnest(mv_to_array(c_mv_num_with_null_and_empty_val)) AS u(c)
WHERE c_long IN (0,
                 1,
                 2)
  AND (degrees(c)+degrees(c_long))<>99999;
+--------------------+
| col                |
+--------------------+
| 114.59155902616465 |
| 114.59155902616465 |
| 171.88733853924697 |
| 171.88733853924697 |
| 171.88733853924697 |
|  229.1831180523293 |
|  229.1831180523293 |
|  286.4788975654116 |
|  57.29577951308232 |
+--------------------+
(9 rows)

!ok

#-------------------------------------------------------------------------
# TESTCASE: test_scalar_numeric_funcs TEST_ID: A1_B22_C4
#-------------------------------------------------------------------------
SELECT degrees(c+c_long) AS col
FROM test_unnest,
     unnest(mv_to_array(c_mv_num_with_null_and_empty_val)) AS u(c)
WHERE c_long IN (0,
                 1,
                 2)
  AND degrees(c+c_long)<>99999;
+--------------------+
| col                |
+--------------------+
| 114.59155902616465 |
| 114.59155902616465 |
| 171.88733853924697 |
| 171.88733853924697 |
| 171.88733853924697 |
|  229.1831180523293 |
|  229.1831180523293 |
|  286.4788975654116 |
|  57.29577951308232 |
+--------------------+
(9 rows)

!ok

#-------------------------------------------------------------------------
# TESTCASE: test_scalar_numeric_funcs TEST_ID: A1_B23_C1
#-------------------------------------------------------------------------
SELECT radians(c)+radians(c) AS col
FROM test_unnest,
     unnest(mv_to_array(c_mv_num_with_null_and_empty_val)) AS u(c)
WHERE c_long IN (0,
                 1,
                 2)
  AND (radians(c)+radians(c))<>99999;
+---------------------+
| col                 |
+---------------------+
| 0.03490658503988659 |
| 0.03490658503988659 |
| 0.03490658503988659 |
| 0.06981317007977318 |
| 0.06981317007977318 |
| 0.06981317007977318 |
| 0.10471975511965978 |
| 0.10471975511965978 |
| 0.10471975511965978 |
+---------------------+
(9 rows)

!ok

#-------------------------------------------------------------------------
# TESTCASE: test_scalar_numeric_funcs TEST_ID: A1_B23_C2
#-------------------------------------------------------------------------
SELECT radians(c+c) AS col
FROM test_unnest,
     unnest(mv_to_array(c_mv_num_with_null_and_empty_val)) AS u(c)
WHERE c_long IN (0,
                 1,
                 2)
  AND radians(c+c)<>99999;
+---------------------+
| col                 |
+---------------------+
| 0.03490658503988659 |
| 0.03490658503988659 |
| 0.03490658503988659 |
| 0.06981317007977318 |
| 0.06981317007977318 |
| 0.06981317007977318 |
| 0.10471975511965978 |
| 0.10471975511965978 |
| 0.10471975511965978 |
+---------------------+
(9 rows)

!ok

#-------------------------------------------------------------------------
# TESTCASE: test_scalar_numeric_funcs TEST_ID: A1_B23_C3
#-------------------------------------------------------------------------
SELECT radians(c)+radians(c_long) AS col
FROM test_unnest,
     unnest(mv_to_array(c_mv_num_with_null_and_empty_val)) AS u(c)
WHERE c_long IN (0,
                 1,
                 2)
  AND (radians(c)+radians(c_long))<>99999;
+----------------------+
| col                  |
+----------------------+
| 0.017453292519943295 |
|  0.03490658503988659 |
|  0.03490658503988659 |
|  0.05235987755982989 |
|  0.05235987755982989 |
|  0.05235987755982989 |
|  0.06981317007977318 |
|  0.06981317007977318 |
|  0.08726646259971649 |
+----------------------+
(9 rows)

!ok

#-------------------------------------------------------------------------
# TESTCASE: test_scalar_numeric_funcs TEST_ID: A1_B23_C4
#-------------------------------------------------------------------------
SELECT radians(c+c_long) AS col
FROM test_unnest,
     unnest(mv_to_array(c_mv_num_with_null_and_empty_val)) AS u(c)
WHERE c_long IN (0,
                 1,
                 2)
  AND radians(c+c_long)<>99999;
+----------------------+
| col                  |
+----------------------+
| 0.017453292519943295 |
|  0.03490658503988659 |
|  0.03490658503988659 |
|  0.05235987755982989 |
|  0.05235987755982989 |
|  0.05235987755982989 |
|  0.06981317007977318 |
|  0.06981317007977318 |
|  0.08726646259971647 |
+----------------------+
(9 rows)

!ok

#-------------------------------------------------------------------------
# TESTCASE: test_scalar_numeric_funcs TEST_ID: A1_B24_C1
#-------------------------------------------------------------------------
SELECT bitwise_and(cast(c AS int), 1)+bitwise_and(cast(c AS int), 1) AS col
FROM test_unnest,
     unnest(mv_to_array(c_mv_num_with_null_and_empty_val)) AS u(c)
WHERE c_long IN (0,
                 1,
                 2)
  AND (bitwise_and(cast(c AS int), 1)+bitwise_and(cast(c AS int), 1)) IN (0,
                                                                          2);
+-----+
| col |
+-----+
|   0 |
|   0 |
|   0 |
|   2 |
|   2 |
|   2 |
|   2 |
|   2 |
|   2 |
+-----+
(9 rows)

!ok

#-------------------------------------------------------------------------
# TESTCASE: test_scalar_numeric_funcs TEST_ID: A1_B24_C2
#-------------------------------------------------------------------------
SELECT bitwise_and(cast(c AS int), cast(c AS int)) AS col
FROM test_unnest,
     unnest(mv_to_array(c_mv_num_with_null_and_empty_val)) AS u(c)
WHERE c_long IN (0,
                 1,
                 2)
  AND bitwise_and(cast(c AS int), cast(c AS int)) IN (0,
                                                      1,
                                                      2,
                                                      3);
+-----+
| col |
+-----+
|   1 |
|   1 |
|   1 |
|   2 |
|   2 |
|   2 |
|   3 |
|   3 |
|   3 |
+-----+
(9 rows)

!ok

#-------------------------------------------------------------------------
# TESTCASE: test_scalar_numeric_funcs TEST_ID: A1_B24_C3
#-------------------------------------------------------------------------
SELECT bitwise_and(cast(c AS int), 1)+bitwise_and(c_long, 1) AS col
FROM test_unnest,
     unnest(mv_to_array(c_mv_num_with_null_and_empty_val)) AS u(c)
WHERE c_long IN (0,
                 1,
                 2)
  AND (bitwise_and(cast(c AS int), 1)+bitwise_and(c_long, 1)) IN (0,
                                                                  1,
                                                                  2);
+-----+
| col |
+-----+
|   0 |
|   0 |
|   1 |
|   1 |
|   1 |
|   1 |
|   1 |
|   2 |
|   2 |
+-----+
(9 rows)

!ok

#-------------------------------------------------------------------------
# TESTCASE: test_scalar_numeric_funcs TEST_ID: A1_B24_C4
#-------------------------------------------------------------------------
SELECT bitwise_and(cast(c AS int), c_long) AS col
FROM test_unnest,
     unnest(mv_to_array(c_mv_num_with_null_and_empty_val)) AS u(c)
WHERE c_long IN (0,
                 1,
                 2)
  AND bitwise_and(cast(c AS int), c_long) IN (0,
                                              1,
                                              2);
+-----+
| col |
+-----+
|   0 |
|   0 |
|   0 |
|   0 |
|   0 |
|   1 |
|   1 |
|   2 |
|   2 |
+-----+
(9 rows)

!ok

#-------------------------------------------------------------------------
# TESTCASE: test_scalar_numeric_funcs TEST_ID: A1_B25_C1
#-------------------------------------------------------------------------
SELECT bitwise_complement(cast(c AS int))+bitwise_complement(cast(c AS int)) AS col
FROM test_unnest,
     unnest(mv_to_array(c_mv_num_with_null_and_empty_val)) AS u(c)
WHERE c_long IN (0,
                 1,
                 2)
  AND (bitwise_complement(cast(c AS int))+bitwise_complement(cast(c AS int))) IN (-2,
                                                                                  -4,
                                                                                  -6,
                                                                                  -8);
+-----+
| col |
+-----+
|  -4 |
|  -4 |
|  -4 |
|  -6 |
|  -6 |
|  -6 |
|  -8 |
|  -8 |
|  -8 |
+-----+
(9 rows)

!ok

#-------------------------------------------------------------------------
# TESTCASE: test_scalar_numeric_funcs TEST_ID: A1_B25_C2
#-------------------------------------------------------------------------
SELECT bitwise_complement(cast(c AS int)+cast(c AS int)) AS col
FROM test_unnest,
     unnest(mv_to_array(c_mv_num_with_null_and_empty_val)) AS u(c)
WHERE c_long IN (0,
                 1,
                 2)
  AND bitwise_complement(cast(c AS int)+cast(c AS int)) IN (-1,
                                                            -3,
                                                            -5,
                                                            -7);
+-----+
| col |
+-----+
|  -3 |
|  -3 |
|  -3 |
|  -5 |
|  -5 |
|  -5 |
|  -7 |
|  -7 |
|  -7 |
+-----+
(9 rows)

!ok

#-------------------------------------------------------------------------
# TESTCASE: test_scalar_numeric_funcs TEST_ID: A1_B25_C3
#-------------------------------------------------------------------------
SELECT bitwise_complement(cast(c AS int))+bitwise_complement(c_long) AS col
FROM test_unnest,
     unnest(mv_to_array(c_mv_num_with_null_and_empty_val)) AS u(c)
WHERE c_long IN (0,
                 1,
                 2)
  AND (bitwise_complement(cast(c AS int))+bitwise_complement(c_long)) IN (-2,
                                                                          -3,
                                                                          -4,
                                                                          -5,
                                                                          -6,
                                                                          -7);
+-----+
| col |
+-----+
|  -3 |
|  -4 |
|  -4 |
|  -5 |
|  -5 |
|  -5 |
|  -6 |
|  -6 |
|  -7 |
+-----+
(9 rows)

!ok

#-------------------------------------------------------------------------
# TESTCASE: test_scalar_numeric_funcs TEST_ID: A1_B25_C4
#-------------------------------------------------------------------------
SELECT bitwise_complement(cast(c AS int)+c_long) AS col
FROM test_unnest,
     unnest(mv_to_array(c_mv_num_with_null_and_empty_val)) AS u(c)
WHERE c_long IN (0,
                 1,
                 2)
  AND bitwise_complement(cast(c AS int)+c_long) IN (-1,
                                                    -2,
                                                    -3,
                                                    -4,
                                                    -5,
                                                    -6);
+-----+
| col |
+-----+
|  -2 |
|  -3 |
|  -3 |
|  -4 |
|  -4 |
|  -4 |
|  -5 |
|  -5 |
|  -6 |
+-----+
(9 rows)

!ok

#-------------------------------------------------------------------------
# TESTCASE: test_scalar_numeric_funcs TEST_ID: A1_B26_C1
#-------------------------------------------------------------------------
SELECT bitwise_convert_double_to_long_bits(cast(c AS DOUBLE))+bitwise_convert_double_to_long_bits(cast(c AS DOUBLE)) AS col
FROM test_unnest,
     unnest(mv_to_array(c_mv_num_with_null_and_empty_val)) AS u(c)
WHERE c_long IN (0,
                 1,
                 2)
  AND (bitwise_convert_double_to_long_bits(cast(c AS DOUBLE))+bitwise_convert_double_to_long_bits(cast(c AS DOUBLE)))<>99999;
+----------------------+
| col                  |
+----------------------+
| -9218868437227405312 |
| -9218868437227405312 |
| -9218868437227405312 |
| -9223372036854775808 |
| -9223372036854775808 |
| -9223372036854775808 |
|  9214364837600034816 |
|  9214364837600034816 |
|  9214364837600034816 |
+----------------------+
(9 rows)

!ok

