!set useApproximateCountDistinct false
!use druidtest://?componentSupplier=AllDruidEnginesComponentSupplier&datasets=sql/src/test/quidem/qatests/qaUnnest/mv
!set outputformat mysql
#-------------------------------------------------------------------------
# TESTCASE: test_subquery_with_where TEST_ID: A5_B28_C9
#-------------------------------------------------------------------------
SELECT c
FROM
  (SELECT *
   FROM test_unnest), unnest(mv_to_array(c_mv_complex_with_null_and_empty_row)) AS u(c)
WHERE c_long IN (0,
                 1,
                 2) IS NOT FALSE
  AND c_long IN (3,
                 4) IS FALSE
  AND c IN ('',
            'my_null',
            'my_empty',
            '1',
            '-1',
            '0',
            '999',
            999) IS NOT FALSE
  AND c IN ('[2]',
            '[3, [4, 5]]',
            '2',
            '3',
            '999',
            999) IS FALSE;
+---+
| c |
+---+
|   |
| 1 |
+---+
(2 rows)

!ok

#-------------------------------------------------------------------------
# TESTCASE: test_subquery_with_where TEST_ID: A5_B29_C1
#-------------------------------------------------------------------------
SELECT c
FROM test_unnest,
     unnest(mv_to_array(c_mv_complex_with_null_and_empty_row)) AS u(c)
WHERE (c_long BETWEEN 0 AND 2)
  AND (c_long NOT BETWEEN 3 AND 4)
  AND (c BETWEEN '1' AND '2')
  AND (c NOT BETWEEN '3' AND '4');
+---+
| c |
+---+
| 1 |
+---+
(1 row)

!ok

#-------------------------------------------------------------------------
# TESTCASE: test_subquery_with_where TEST_ID: A5_B29_C3
#-------------------------------------------------------------------------
SELECT c
FROM
  (SELECT *
   FROM test_unnest,
        unnest(mv_to_array(c_mv_complex_with_null_and_empty_row)) AS u(c)
   WHERE (c_long BETWEEN 0 AND 2)
     AND (c_long NOT BETWEEN 3 AND 4)
     AND (c BETWEEN '1' AND '2')
     AND (c NOT BETWEEN '3' AND '4'));
+---+
| c |
+---+
| 1 |
+---+
(1 row)

!ok

#-------------------------------------------------------------------------
# TESTCASE: test_subquery_with_where TEST_ID: A5_B29_C5
#-------------------------------------------------------------------------
SELECT c
FROM
  (SELECT *
   FROM test_unnest
   WHERE (c_long BETWEEN 0 AND 2)
     AND (c_long NOT BETWEEN 3 AND 4)
     AND (c BETWEEN '1' AND '2')
     AND (c NOT BETWEEN '3' AND '4')), unnest(mv_to_array(c_mv_complex_with_null_and_empty_row)) AS u(c);
QueryInterruptedException
!error

#-------------------------------------------------------------------------
# TESTCASE: test_subquery_with_where TEST_ID: A5_B29_C7
#-------------------------------------------------------------------------
SELECT c
FROM
  (SELECT *
   FROM test_unnest,
        unnest(mv_to_array(c_mv_complex_with_null_and_empty_row)) AS u(c))
WHERE (c_long BETWEEN 0 AND 2)
  AND (c_long NOT BETWEEN 3 AND 4)
  AND (c BETWEEN '1' AND '2')
  AND (c NOT BETWEEN '3' AND '4');
+---+
| c |
+---+
| 1 |
+---+
(1 row)

!ok

#-------------------------------------------------------------------------
# TESTCASE: test_subquery_with_where TEST_ID: A5_B29_C9
#-------------------------------------------------------------------------
SELECT c
FROM
  (SELECT *
   FROM test_unnest), unnest(mv_to_array(c_mv_complex_with_null_and_empty_row)) AS u(c)
WHERE (c_long BETWEEN 0 AND 2)
  AND (c_long NOT BETWEEN 3 AND 4)
  AND (c BETWEEN '1' AND '2')
  AND (c NOT BETWEEN '3' AND '4');
+---+
| c |
+---+
| 1 |
+---+
(1 row)

!ok

#-------------------------------------------------------------------------
# TESTCASE: test_subquery_with_where TEST_ID: A5_B30_C1
#-------------------------------------------------------------------------
SELECT c
FROM test_unnest,
     unnest(mv_to_array(c_mv_complex_with_null_and_empty_row)) AS u(c)
WHERE (c_str like '%2')
  AND (c_str not like '%3')
  AND (c like '1%')
  AND (c not like '3%');
+---+
| c |
+---+
| 1 |
+---+
(1 row)

!ok

#-------------------------------------------------------------------------
# TESTCASE: test_subquery_with_where TEST_ID: A5_B30_C3
#-------------------------------------------------------------------------
SELECT c
FROM
  (SELECT *
   FROM test_unnest,
        unnest(mv_to_array(c_mv_complex_with_null_and_empty_row)) AS u(c)
   WHERE (c_str like '%2')
     AND (c_str not like '%3')
     AND (c like '1%')
     AND (c not like '3%'));
+---+
| c |
+---+
| 1 |
+---+
(1 row)

!ok

#-------------------------------------------------------------------------
# TESTCASE: test_subquery_with_where TEST_ID: A5_B30_C5
#-------------------------------------------------------------------------
SELECT c
FROM
  (SELECT *
   FROM test_unnest
   WHERE (c_str like '%2')
     AND (c_str not like '%3')
     AND (c like '1%')
     AND (c not like '3%')), unnest(mv_to_array(c_mv_complex_with_null_and_empty_row)) AS u(c);
QueryInterruptedException
!error

#-------------------------------------------------------------------------
# TESTCASE: test_subquery_with_where TEST_ID: A5_B30_C7
#-------------------------------------------------------------------------
SELECT c
FROM
  (SELECT *
   FROM test_unnest,
        unnest(mv_to_array(c_mv_complex_with_null_and_empty_row)) AS u(c))
WHERE (c_str like '%2')
  AND (c_str not like '%3')
  AND (c like '1%')
  AND (c not like '3%');
+---+
| c |
+---+
| 1 |
+---+
(1 row)

!ok

#-------------------------------------------------------------------------
# TESTCASE: test_subquery_with_where TEST_ID: A5_B30_C9
#-------------------------------------------------------------------------
SELECT c
FROM
  (SELECT *
   FROM test_unnest), unnest(mv_to_array(c_mv_complex_with_null_and_empty_row)) AS u(c)
WHERE (c_str like '%2')
  AND (c_str not like '%3')
  AND (c like '1%')
  AND (c not like '3%');
+---+
| c |
+---+
| 1 |
+---+
(1 row)

!ok

#-------------------------------------------------------------------------
# TESTCASE: test_subquery_with_where TEST_ID: A5_B31_C1
#-------------------------------------------------------------------------
SELECT c
FROM test_unnest,
     unnest(mv_to_array(c_mv_complex_with_null_and_empty_row)) AS u(c)
WHERE c_long IN (0,
                 1,
                 2)
  AND c_long NOT IN (3,
                     4)
  AND c IN ('',
            'my_null',
            'my_empty',
            '1',
            '-1',
            '0',
            '999',
            999)
  AND c NOT IN ('[2]',
                '[3, [4, 5]]',
                '2',
                '3',
                '999',
                999);
+---+
| c |
+---+
|   |
| 1 |
+---+
(2 rows)

!ok

#-------------------------------------------------------------------------
# TESTCASE: test_subquery_with_where TEST_ID: A5_B31_C3
#-------------------------------------------------------------------------
SELECT c
FROM
  (SELECT *
   FROM test_unnest,
        unnest(mv_to_array(c_mv_complex_with_null_and_empty_row)) AS u(c)
   WHERE c_long IN (0,
                    1,
                    2)
     AND c_long NOT IN (3,
                        4)
     AND c IN ('',
               'my_null',
               'my_empty',
               '1',
               '-1',
               '0',
               '999',
               999)
     AND c NOT IN ('[2]',
                   '[3, [4, 5]]',
                   '2',
                   '3',
                   '999',
                   999));
+---+
| c |
+---+
|   |
| 1 |
+---+
(2 rows)

!ok

#-------------------------------------------------------------------------
# TESTCASE: test_subquery_with_where TEST_ID: A5_B31_C5
#-------------------------------------------------------------------------
SELECT c
FROM
  (SELECT *
   FROM test_unnest
   WHERE c_long IN (0,
                    1,
                    2)
     AND c_long NOT IN (3,
                        4)
     AND c IN ('',
               'my_null',
               'my_empty',
               '1',
               '-1',
               '0',
               '999',
               999)
     AND c NOT IN ('[2]',
                   '[3, [4, 5]]',
                   '2',
                   '3',
                   '999',
                   999)), unnest(mv_to_array(c_mv_complex_with_null_and_empty_row)) AS u(c);
QueryInterruptedException
!error

#-------------------------------------------------------------------------
# TESTCASE: test_subquery_with_where TEST_ID: A5_B31_C7
#-------------------------------------------------------------------------
SELECT c
FROM
  (SELECT *
   FROM test_unnest,
        unnest(mv_to_array(c_mv_complex_with_null_and_empty_row)) AS u(c))
WHERE c_long IN (0,
                 1,
                 2)
  AND c_long NOT IN (3,
                     4)
  AND c IN ('',
            'my_null',
            'my_empty',
            '1',
            '-1',
            '0',
            '999',
            999)
  AND c NOT IN ('[2]',
                '[3, [4, 5]]',
                '2',
                '3',
                '999',
                999);
+---+
| c |
+---+
|   |
| 1 |
+---+
(2 rows)

!ok

#-------------------------------------------------------------------------
# TESTCASE: test_subquery_with_where TEST_ID: A5_B31_C9
#-------------------------------------------------------------------------
SELECT c
FROM
  (SELECT *
   FROM test_unnest), unnest(mv_to_array(c_mv_complex_with_null_and_empty_row)) AS u(c)
WHERE c_long IN (0,
                 1,
                 2)
  AND c_long NOT IN (3,
                     4)
  AND c IN ('',
            'my_null',
            'my_empty',
            '1',
            '-1',
            '0',
            '999',
            999)
  AND c NOT IN ('[2]',
                '[3, [4, 5]]',
                '2',
                '3',
                '999',
                999);
+---+
| c |
+---+
|   |
| 1 |
+---+
(2 rows)

!ok

#-------------------------------------------------------------------------
# TESTCASE: test_subquery_with_where TEST_ID: A5_B32_C1
#-------------------------------------------------------------------------
SELECT c
FROM test_unnest,
     unnest(mv_to_array(c_mv_complex_with_null_and_empty_row)) AS u(c)
WHERE c_long IN
    (SELECT col
     FROM (
           VALUES(0),(1),(2)) AS t(col))
  AND c_long NOT IN
    (SELECT col
     FROM (
           VALUES(3),(4)) AS t(col))
  AND c IN
    (SELECT col
     FROM (
           VALUES(''),('my_null'),('my_empty'),('1'),('-1'),('0'),('999')) AS t(col))
  AND c NOT IN
    (SELECT col
     FROM (
           VALUES('[2]'),('[3, [4, 5]]'),('2'),('3'),('999')) AS t(col));
Unhandled Query Planning Failure
!error

#-------------------------------------------------------------------------
# TESTCASE: test_subquery_with_where TEST_ID: A5_B32_C3
#-------------------------------------------------------------------------
SELECT c
FROM
  (SELECT *
   FROM test_unnest,
        unnest(mv_to_array(c_mv_complex_with_null_and_empty_row)) AS u(c)
   WHERE c_long IN
       (SELECT col
        FROM (
              VALUES(0),(1),(2)) AS t(col))
     AND c_long NOT IN
       (SELECT col
        FROM (
              VALUES(3),(4)) AS t(col))
     AND c IN
       (SELECT col
        FROM (
              VALUES(''),('my_null'),('my_empty'),('1'),('-1'),('0'),('999')) AS t(col))
     AND c NOT IN
       (SELECT col
        FROM (
              VALUES('[2]'),('[3, [4, 5]]'),('2'),('3'),('999')) AS t(col)));
Unhandled Query Planning Failure
!error

#-------------------------------------------------------------------------
# TESTCASE: test_subquery_with_where TEST_ID: A5_B32_C5
#-------------------------------------------------------------------------
SELECT c
FROM
  (SELECT *
   FROM test_unnest
   WHERE c_long IN
       (SELECT col
        FROM (
              VALUES(0),(1),(2)) AS t(col))
     AND c_long NOT IN
       (SELECT col
        FROM (
              VALUES(3),(4)) AS t(col))
     AND c IN
       (SELECT col
        FROM (
              VALUES(''),('my_null'),('my_empty'),('1'),('-1'),('0'),('999')) AS t(col))
     AND c NOT IN
       (SELECT col
        FROM (
              VALUES('[2]'),('[3, [4, 5]]'),('2'),('3'),('999')) AS t(col))), unnest(mv_to_array(c_mv_complex_with_null_and_empty_row)) AS u(c);
QueryInterruptedException
!error

#-------------------------------------------------------------------------
# TESTCASE: test_subquery_with_where TEST_ID: A5_B32_C7
#-------------------------------------------------------------------------
SELECT c
FROM
  (SELECT *
   FROM test_unnest,
        unnest(mv_to_array(c_mv_complex_with_null_and_empty_row)) AS u(c))
WHERE c_long IN
    (SELECT col
     FROM (
           VALUES(0),(1),(2)) AS t(col))
  AND c_long NOT IN
    (SELECT col
     FROM (
           VALUES(3),(4)) AS t(col))
  AND c IN
    (SELECT col
     FROM (
           VALUES(''),('my_null'),('my_empty'),('1'),('-1'),('0'),('999')) AS t(col))
  AND c NOT IN
    (SELECT col
     FROM (
           VALUES('[2]'),('[3, [4, 5]]'),('2'),('3'),('999')) AS t(col));
Unhandled Query Planning Failure
!error

#-------------------------------------------------------------------------
# TESTCASE: test_subquery_with_where TEST_ID: A5_B32_C9
#-------------------------------------------------------------------------
SELECT c
FROM
  (SELECT *
   FROM test_unnest), unnest(mv_to_array(c_mv_complex_with_null_and_empty_row)) AS u(c)
WHERE c_long IN
    (SELECT col
     FROM (
           VALUES(0),(1),(2)) AS t(col))
  AND c_long NOT IN
    (SELECT col
     FROM (
           VALUES(3),(4)) AS t(col))
  AND c IN
    (SELECT col
     FROM (
           VALUES(''),('my_null'),('my_empty'),('1'),('-1'),('0'),('999')) AS t(col))
  AND c NOT IN
    (SELECT col
     FROM (
           VALUES('[2]'),('[3, [4, 5]]'),('2'),('3'),('999')) AS t(col));
Unhandled Query Planning Failure
!error

#-------------------------------------------------------------------------
# TESTCASE: test_subquery_with_where TEST_ID: A5_B33_C1
#-------------------------------------------------------------------------
SELECT c
FROM test_unnest,
     unnest(mv_to_array(c_mv_complex_with_null_and_empty_row)) AS u(c)
WHERE c_long=1;
+---+
| c |
+---+
|   |
+---+
(1 row)

!ok

#-------------------------------------------------------------------------
# TESTCASE: test_subquery_with_where TEST_ID: A5_B33_C3
#-------------------------------------------------------------------------
SELECT c
FROM
  (SELECT *
   FROM test_unnest,
        unnest(mv_to_array(c_mv_complex_with_null_and_empty_row)) AS u(c)
   WHERE c_long=1);
+---+
| c |
+---+
|   |
+---+
(1 row)

!ok

#-------------------------------------------------------------------------
# TESTCASE: test_subquery_with_where TEST_ID: A5_B33_C5
#-------------------------------------------------------------------------
SELECT c
FROM
  (SELECT *
   FROM test_unnest
   WHERE c_long=1), unnest(mv_to_array(c_mv_complex_with_null_and_empty_row)) AS u(c);
+---+
| c |
+---+
|   |
+---+
(1 row)

!ok

#-------------------------------------------------------------------------
# TESTCASE: test_subquery_with_where TEST_ID: A5_B33_C7
#-------------------------------------------------------------------------
SELECT c
FROM
  (SELECT *
   FROM test_unnest,
        unnest(mv_to_array(c_mv_complex_with_null_and_empty_row)) AS u(c))
WHERE c_long=1;
+---+
| c |
+---+
|   |
+---+
(1 row)

!ok

#-------------------------------------------------------------------------
# TESTCASE: test_subquery_with_where TEST_ID: A5_B33_C9
#-------------------------------------------------------------------------
SELECT c
FROM
  (SELECT *
   FROM test_unnest), unnest(mv_to_array(c_mv_complex_with_null_and_empty_row)) AS u(c)
WHERE c_long=1;
+---+
| c |
+---+
|   |
+---+
(1 row)

!ok

#-------------------------------------------------------------------------
# TESTCASE: test_subquery_with_where TEST_ID: A5_B34_C1
#-------------------------------------------------------------------------
SELECT c
FROM test_unnest,
     unnest(mv_to_array(c_mv_complex_with_null_and_empty_row)) AS u(c)
WHERE c_long<>1;
+-------------+
| c           |
+-------------+
|             |
|             |
|             |
| 1           |
| 1           |
| 1           |
| [2]         |
| [2]         |
| [2]         |
| [3, [4, 5]] |
| [3, [4, 5]] |
| [3, [4, 5]] |
|             |
|             |
|             |
|             |
+-------------+
(16 rows)

!ok

#-------------------------------------------------------------------------
# TESTCASE: test_subquery_with_where TEST_ID: A5_B34_C3
#-------------------------------------------------------------------------
SELECT c
FROM
  (SELECT *
   FROM test_unnest,
        unnest(mv_to_array(c_mv_complex_with_null_and_empty_row)) AS u(c)
   WHERE c_long<>1);
+-------------+
| c           |
+-------------+
|             |
|             |
|             |
| 1           |
| 1           |
| 1           |
| [2]         |
| [2]         |
| [2]         |
| [3, [4, 5]] |
| [3, [4, 5]] |
| [3, [4, 5]] |
|             |
|             |
|             |
|             |
+-------------+
(16 rows)

!ok

#-------------------------------------------------------------------------
# TESTCASE: test_subquery_with_where TEST_ID: A5_B34_C5
#-------------------------------------------------------------------------
SELECT c
FROM
  (SELECT *
   FROM test_unnest
   WHERE c_long<>1), unnest(mv_to_array(c_mv_complex_with_null_and_empty_row)) AS u(c);
+-------------+
| c           |
+-------------+
|             |
|             |
|             |
| 1           |
| 1           |
| 1           |
| [2]         |
| [2]         |
| [2]         |
| [3, [4, 5]] |
| [3, [4, 5]] |
| [3, [4, 5]] |
|             |
|             |
|             |
|             |
+-------------+
(16 rows)

!ok

#-------------------------------------------------------------------------
# TESTCASE: test_subquery_with_where TEST_ID: A5_B34_C7
#-------------------------------------------------------------------------
SELECT c
FROM
  (SELECT *
   FROM test_unnest,
        unnest(mv_to_array(c_mv_complex_with_null_and_empty_row)) AS u(c))
WHERE c_long<>1;
+-------------+
| c           |
+-------------+
|             |
|             |
|             |
| 1           |
| 1           |
| 1           |
| [2]         |
| [2]         |
| [2]         |
| [3, [4, 5]] |
| [3, [4, 5]] |
| [3, [4, 5]] |
|             |
|             |
|             |
|             |
+-------------+
(16 rows)

!ok

#-------------------------------------------------------------------------
# TESTCASE: test_subquery_with_where TEST_ID: A5_B34_C9
#-------------------------------------------------------------------------
SELECT c
FROM
  (SELECT *
   FROM test_unnest), unnest(mv_to_array(c_mv_complex_with_null_and_empty_row)) AS u(c)
WHERE c_long<>1;
+-------------+
| c           |
+-------------+
|             |
|             |
|             |
| 1           |
| 1           |
| 1           |
| [2]         |
| [2]         |
| [2]         |
| [3, [4, 5]] |
| [3, [4, 5]] |
| [3, [4, 5]] |
|             |
|             |
|             |
|             |
+-------------+
(16 rows)

!ok

#-------------------------------------------------------------------------
# TESTCASE: test_subquery_with_where TEST_ID: A5_B35_C1
#-------------------------------------------------------------------------
SELECT c
FROM test_unnest,
     unnest(mv_to_array(c_mv_complex_with_null_and_empty_row)) AS u(c)
WHERE c_long>1;
+-------------+
| c           |
+-------------+
|             |
|             |
|             |
| 1           |
| 1           |
| 1           |
| [2]         |
| [2]         |
| [2]         |
| [3, [4, 5]] |
| [3, [4, 5]] |
| [3, [4, 5]] |
|             |
|             |
|             |
+-------------+
(15 rows)

!ok

#-------------------------------------------------------------------------
# TESTCASE: test_subquery_with_where TEST_ID: A5_B35_C3
#-------------------------------------------------------------------------
SELECT c
FROM
  (SELECT *
   FROM test_unnest,
        unnest(mv_to_array(c_mv_complex_with_null_and_empty_row)) AS u(c)
   WHERE c_long>1);
+-------------+
| c           |
+-------------+
|             |
|             |
|             |
| 1           |
| 1           |
| 1           |
| [2]         |
| [2]         |
| [2]         |
| [3, [4, 5]] |
| [3, [4, 5]] |
| [3, [4, 5]] |
|             |
|             |
|             |
+-------------+
(15 rows)

!ok

#-------------------------------------------------------------------------
# TESTCASE: test_subquery_with_where TEST_ID: A5_B35_C5
#-------------------------------------------------------------------------
SELECT c
FROM
  (SELECT *
   FROM test_unnest
   WHERE c_long>1), unnest(mv_to_array(c_mv_complex_with_null_and_empty_row)) AS u(c);
+-------------+
| c           |
+-------------+
|             |
|             |
|             |
| 1           |
| 1           |
| 1           |
| [2]         |
| [2]         |
| [2]         |
| [3, [4, 5]] |
| [3, [4, 5]] |
| [3, [4, 5]] |
|             |
|             |
|             |
+-------------+
(15 rows)

!ok

#-------------------------------------------------------------------------
# TESTCASE: test_subquery_with_where TEST_ID: A5_B35_C7
#-------------------------------------------------------------------------
SELECT c
FROM
  (SELECT *
   FROM test_unnest,
        unnest(mv_to_array(c_mv_complex_with_null_and_empty_row)) AS u(c))
WHERE c_long>1;
+-------------+
| c           |
+-------------+
|             |
|             |
|             |
| 1           |
| 1           |
| 1           |
| [2]         |
| [2]         |
| [2]         |
| [3, [4, 5]] |
| [3, [4, 5]] |
| [3, [4, 5]] |
|             |
|             |
|             |
+-------------+
(15 rows)

!ok

#-------------------------------------------------------------------------
# TESTCASE: test_subquery_with_where TEST_ID: A5_B35_C9
#-------------------------------------------------------------------------
SELECT c
FROM
  (SELECT *
   FROM test_unnest), unnest(mv_to_array(c_mv_complex_with_null_and_empty_row)) AS u(c)
WHERE c_long>1;
+-------------+
| c           |
+-------------+
|             |
|             |
|             |
| 1           |
| 1           |
| 1           |
| [2]         |
| [2]         |
| [2]         |
| [3, [4, 5]] |
| [3, [4, 5]] |
| [3, [4, 5]] |
|             |
|             |
|             |
+-------------+
(15 rows)

!ok

#-------------------------------------------------------------------------
# TESTCASE: test_subquery_with_where TEST_ID: A5_B36_C1
#-------------------------------------------------------------------------
SELECT c
FROM test_unnest,
     unnest(mv_to_array(c_mv_complex_with_null_and_empty_row)) AS u(c)
WHERE c_long>=1;
+-------------+
| c           |
+-------------+
|             |
|             |
|             |
| 1           |
| 1           |
| 1           |
| [2]         |
| [2]         |
| [2]         |
| [3, [4, 5]] |
| [3, [4, 5]] |
| [3, [4, 5]] |
|             |
|             |
|             |
|             |
+-------------+
(16 rows)

!ok

#-------------------------------------------------------------------------
# TESTCASE: test_subquery_with_where TEST_ID: A5_B36_C3
#-------------------------------------------------------------------------
SELECT c
FROM
  (SELECT *
   FROM test_unnest,
        unnest(mv_to_array(c_mv_complex_with_null_and_empty_row)) AS u(c)
   WHERE c_long>=1);
+-------------+
| c           |
+-------------+
|             |
|             |
|             |
| 1           |
| 1           |
| 1           |
| [2]         |
| [2]         |
| [2]         |
| [3, [4, 5]] |
| [3, [4, 5]] |
| [3, [4, 5]] |
|             |
|             |
|             |
|             |
+-------------+
(16 rows)

!ok

#-------------------------------------------------------------------------
# TESTCASE: test_subquery_with_where TEST_ID: A5_B36_C5
#-------------------------------------------------------------------------
SELECT c
FROM
  (SELECT *
   FROM test_unnest
   WHERE c_long>=1), unnest(mv_to_array(c_mv_complex_with_null_and_empty_row)) AS u(c);
+-------------+
| c           |
+-------------+
|             |
|             |
|             |
| 1           |
| 1           |
| 1           |
| [2]         |
| [2]         |
| [2]         |
| [3, [4, 5]] |
| [3, [4, 5]] |
| [3, [4, 5]] |
|             |
|             |
|             |
|             |
+-------------+
(16 rows)

!ok

#-------------------------------------------------------------------------
# TESTCASE: test_subquery_with_where TEST_ID: A5_B36_C7
#-------------------------------------------------------------------------
SELECT c
FROM
  (SELECT *
   FROM test_unnest,
        unnest(mv_to_array(c_mv_complex_with_null_and_empty_row)) AS u(c))
WHERE c_long>=1;
+-------------+
| c           |
+-------------+
|             |
|             |
|             |
| 1           |
| 1           |
| 1           |
| [2]         |
| [2]         |
| [2]         |
| [3, [4, 5]] |
| [3, [4, 5]] |
| [3, [4, 5]] |
|             |
|             |
|             |
|             |
+-------------+
(16 rows)

!ok

#-------------------------------------------------------------------------
# TESTCASE: test_subquery_with_where TEST_ID: A5_B36_C9
#-------------------------------------------------------------------------
SELECT c
FROM
  (SELECT *
   FROM test_unnest), unnest(mv_to_array(c_mv_complex_with_null_and_empty_row)) AS u(c)
WHERE c_long>=1;
+-------------+
| c           |
+-------------+
|             |
|             |
|             |
| 1           |
| 1           |
| 1           |
| [2]         |
| [2]         |
| [2]         |
| [3, [4, 5]] |
| [3, [4, 5]] |
| [3, [4, 5]] |
|             |
|             |
|             |
|             |
+-------------+
(16 rows)

!ok

#-------------------------------------------------------------------------
# TESTCASE: test_subquery_with_where TEST_ID: A5_B37_C1
#-------------------------------------------------------------------------
SELECT c
FROM test_unnest,
     unnest(mv_to_array(c_mv_complex_with_null_and_empty_row)) AS u(c)
WHERE c_long<1;
+---+
| c |
+---+
|   |
+---+
(1 row)

!ok

#-------------------------------------------------------------------------
# TESTCASE: test_subquery_with_where TEST_ID: A5_B37_C3
#-------------------------------------------------------------------------
SELECT c
FROM
  (SELECT *
   FROM test_unnest,
        unnest(mv_to_array(c_mv_complex_with_null_and_empty_row)) AS u(c)
   WHERE c_long<1);
+---+
| c |
+---+
|   |
+---+
(1 row)

!ok

#-------------------------------------------------------------------------
# TESTCASE: test_subquery_with_where TEST_ID: A5_B37_C5
#-------------------------------------------------------------------------
SELECT c
FROM
  (SELECT *
   FROM test_unnest
   WHERE c_long<1), unnest(mv_to_array(c_mv_complex_with_null_and_empty_row)) AS u(c);
+---+
| c |
+---+
|   |
+---+
(1 row)

!ok

#-------------------------------------------------------------------------
# TESTCASE: test_subquery_with_where TEST_ID: A5_B37_C7
#-------------------------------------------------------------------------
SELECT c
FROM
  (SELECT *
   FROM test_unnest,
        unnest(mv_to_array(c_mv_complex_with_null_and_empty_row)) AS u(c))
WHERE c_long<1;
+---+
| c |
+---+
|   |
+---+
(1 row)

!ok

#-------------------------------------------------------------------------
# TESTCASE: test_subquery_with_where TEST_ID: A5_B37_C9
#-------------------------------------------------------------------------
SELECT c
FROM
  (SELECT *
   FROM test_unnest), unnest(mv_to_array(c_mv_complex_with_null_and_empty_row)) AS u(c)
WHERE c_long<1;
+---+
| c |
+---+
|   |
+---+
(1 row)

!ok

#-------------------------------------------------------------------------
# TESTCASE: test_subquery_with_where TEST_ID: A5_B38_C1
#-------------------------------------------------------------------------
SELECT c
FROM test_unnest,
     unnest(mv_to_array(c_mv_complex_with_null_and_empty_row)) AS u(c)
WHERE c_long<=1;
+---+
| c |
+---+
|   |
|   |
+---+
(2 rows)

!ok

#-------------------------------------------------------------------------
# TESTCASE: test_subquery_with_where TEST_ID: A5_B38_C3
#-------------------------------------------------------------------------
SELECT c
FROM
  (SELECT *
   FROM test_unnest,
        unnest(mv_to_array(c_mv_complex_with_null_and_empty_row)) AS u(c)
   WHERE c_long<=1);
+---+
| c |
+---+
|   |
|   |
+---+
(2 rows)

!ok

#-------------------------------------------------------------------------
# TESTCASE: test_subquery_with_where TEST_ID: A5_B38_C5
#-------------------------------------------------------------------------
SELECT c
FROM
  (SELECT *
   FROM test_unnest
   WHERE c_long<=1), unnest(mv_to_array(c_mv_complex_with_null_and_empty_row)) AS u(c);
+---+
| c |
+---+
|   |
|   |
+---+
(2 rows)

!ok

#-------------------------------------------------------------------------
# TESTCASE: test_subquery_with_where TEST_ID: A5_B38_C7
#-------------------------------------------------------------------------
SELECT c
FROM
  (SELECT *
   FROM test_unnest,
        unnest(mv_to_array(c_mv_complex_with_null_and_empty_row)) AS u(c))
WHERE c_long<=1;
+---+
| c |
+---+
|   |
|   |
+---+
(2 rows)

!ok

