!set useApproximateCountDistinct false
!use druidtest://?componentSupplier=DartComponentSupplier&datasets=sql/src/test/quidem/qatests/qaUnnest/mv
!set outputformat mysql
#-------------------------------------------------------------------------
# TESTCASE: test_order_by TEST_ID: SEL_DATASOURCE
#-------------------------------------------------------------------------
SELECT *
FROM test_unnest;
+-------------------------+-------+--------+---------+----------+------------------------------------------------+------------------------+--------------------------------------+----------------------------------+--------------------------------------+----------------------------------+-----------------------------+
| __time                  | c_str | c_long | c_float | c_double | c_mv_complex                                   | c_mv_num               | c_mv_complex_with_null_and_empty_val | c_mv_num_with_null_and_empty_val | c_mv_complex_with_null_and_empty_row | c_mv_num_with_null_and_empty_row | c_mv_all_null_and_empty_val |
+-------------------------+-------+--------+---------+----------+------------------------------------------------+------------------------+--------------------------------------+----------------------------------+--------------------------------------+----------------------------------+-----------------------------+
| 2022-01-01 00:00:00.000 |       |      1 |     0.1 |      0.1 | ["my_null","my_empty","1","[2]","[3, [4, 5]]"] | ["-1","0","1","2","3"] | [null,"","1","[2]","[3, [4, 5]]"]    | [null,"","1","2","3"]            |                                      |                                  | [null,"",null,"",null]      |
| 2022-01-01 00:00:00.000 | str2  |      2 |     0.2 |      0.2 | ["my_null","my_empty","1","[2]","[3, [4, 5]]"] | ["-1","0","1","2","3"] | [null,"","1","[2]","[3, [4, 5]]"]    | [null,"","1","2","3"]            | [null,"","1","[2]","[3, [4, 5]]"]    | [null,"","1","2","3"]            | [null,"",null,"",null]      |
| 2022-01-01 00:00:00.000 | str3  |      3 |     0.3 |      0.3 | ["my_null","my_empty","1","[2]","[3, [4, 5]]"] | ["-1","0","1","2","3"] | [null,"","1","[2]","[3, [4, 5]]"]    | [null,"","1","2","3"]            | [null,"","1","[2]","[3, [4, 5]]"]    | [null,"","1","2","3"]            | [null,"",null,"",null]      |
| 2022-01-01 00:00:00.000 | str4  |      4 |     0.4 |      0.4 | ["my_null","my_empty","1","[2]","[3, [4, 5]]"] | ["-1","0","1","2","3"] | [null,"","1","[2]","[3, [4, 5]]"]    | [null,"","1","2","3"]            | [null,"","1","[2]","[3, [4, 5]]"]    | [null,"","1","2","3"]            | [null,"",null,"",null]      |
| 2022-01-01 00:00:00.000 |       |      0 |     0.0 |      0.0 | ["my_null","my_empty","1","[2]","[3, [4, 5]]"] | ["-1","0","1","2","3"] | [null,"","1","[2]","[3, [4, 5]]"]    | [null,"","1","2","3"]            |                                      |                                  | [null,"",null,"",null]      |
+-------------------------+-------+--------+---------+----------+------------------------------------------------+------------------------+--------------------------------------+----------------------------------+--------------------------------------+----------------------------------+-----------------------------+
(5 rows)

!ok

#-------------------------------------------------------------------------
# TESTCASE: test_order_by TEST_ID: A1_B1
#-------------------------------------------------------------------------
SELECT c,
       count(*) cnt
FROM test_unnest,
     unnest(mv_to_array(c_mv_complex)) AS u(c)
GROUP BY c
ORDER BY c ASC;
+-------------+-----+
| c           | cnt |
+-------------+-----+
| 1           |   5 |
| [2]         |   5 |
| [3, [4, 5]] |   5 |
| my_empty    |   5 |
| my_null     |   5 |
+-------------+-----+
(5 rows)

!ok

#-------------------------------------------------------------------------
# TESTCASE: test_order_by TEST_ID: A1_B2
#-------------------------------------------------------------------------
SELECT c,
       count(*) cnt
FROM test_unnest,
     unnest(mv_to_array(c_mv_complex)) AS u(c)
GROUP BY c
ORDER BY 1 DESC;
+-------------+-----+
| c           | cnt |
+-------------+-----+
| my_null     |   5 |
| my_empty    |   5 |
| [3, [4, 5]] |   5 |
| [2]         |   5 |
| 1           |   5 |
+-------------+-----+
(5 rows)

!ok

#-------------------------------------------------------------------------
# TESTCASE: test_order_by TEST_ID: A1_B3
#-------------------------------------------------------------------------
SELECT c
FROM test_unnest,
     unnest(mv_to_array(c_mv_complex)) AS u(c)
ORDER BY c ASC;
+-------------+
| c           |
+-------------+
| 1           |
| 1           |
| 1           |
| 1           |
| 1           |
| [2]         |
| [2]         |
| [2]         |
| [2]         |
| [2]         |
| [3, [4, 5]] |
| [3, [4, 5]] |
| [3, [4, 5]] |
| [3, [4, 5]] |
| [3, [4, 5]] |
| my_empty    |
| my_empty    |
| my_empty    |
| my_empty    |
| my_empty    |
| my_null     |
| my_null     |
| my_null     |
| my_null     |
| my_null     |
+-------------+
(25 rows)

!ok

#-------------------------------------------------------------------------
# TESTCASE: test_order_by TEST_ID: A1_B4
#-------------------------------------------------------------------------
SELECT c
FROM test_unnest,
     unnest(mv_to_array(c_mv_complex)) AS u(c)
ORDER BY 1 DESC;
+-------------+
| c           |
+-------------+
| my_null     |
| my_null     |
| my_null     |
| my_null     |
| my_null     |
| my_empty    |
| my_empty    |
| my_empty    |
| my_empty    |
| my_empty    |
| [3, [4, 5]] |
| [3, [4, 5]] |
| [3, [4, 5]] |
| [3, [4, 5]] |
| [3, [4, 5]] |
| [2]         |
| [2]         |
| [2]         |
| [2]         |
| [2]         |
| 1           |
| 1           |
| 1           |
| 1           |
| 1           |
+-------------+
(25 rows)

!ok

#-------------------------------------------------------------------------
# TESTCASE: test_order_by TEST_ID: A1_B5
#-------------------------------------------------------------------------
SELECT c
FROM
  (SELECT c
   FROM test_unnest,
        unnest(mv_to_array(c_mv_complex)) AS u(c)
   ORDER BY c ASC);
+-------------+
| c           |
+-------------+
| 1           |
| 1           |
| 1           |
| 1           |
| 1           |
| [2]         |
| [2]         |
| [2]         |
| [2]         |
| [2]         |
| [3, [4, 5]] |
| [3, [4, 5]] |
| [3, [4, 5]] |
| [3, [4, 5]] |
| [3, [4, 5]] |
| my_empty    |
| my_empty    |
| my_empty    |
| my_empty    |
| my_empty    |
| my_null     |
| my_null     |
| my_null     |
| my_null     |
| my_null     |
+-------------+
(25 rows)

!ok

#-------------------------------------------------------------------------
# TESTCASE: test_order_by TEST_ID: A1_B6
#-------------------------------------------------------------------------
SELECT c
FROM
  (SELECT c
   FROM test_unnest,
        unnest(mv_to_array(c_mv_complex)) AS u(c)
   ORDER BY 1 DESC);
+-------------+
| c           |
+-------------+
| 1           |
| 1           |
| 1           |
| 1           |
| 1           |
| [2]         |
| [2]         |
| [2]         |
| [2]         |
| [2]         |
| [3, [4, 5]] |
| [3, [4, 5]] |
| [3, [4, 5]] |
| [3, [4, 5]] |
| [3, [4, 5]] |
| my_empty    |
| my_empty    |
| my_empty    |
| my_empty    |
| my_empty    |
| my_null     |
| my_null     |
| my_null     |
| my_null     |
| my_null     |
+-------------+
(25 rows)

!ok

#-------------------------------------------------------------------------
# TESTCASE: test_order_by TEST_ID: A1_B7
#-------------------------------------------------------------------------
SELECT __time,
       count(*) cnt
FROM test_unnest,
     unnest(mv_to_array(c_mv_complex)) AS u(c)
GROUP BY __time
ORDER BY __time ASC;
+-------------------------+-----+
| __time                  | cnt |
+-------------------------+-----+
| 2022-01-01 00:00:00.000 |  25 |
+-------------------------+-----+
(1 row)

!ok

#-------------------------------------------------------------------------
# TESTCASE: test_order_by TEST_ID: A1_B8
#-------------------------------------------------------------------------
SELECT __time,
       count(*) cnt
FROM test_unnest,
     unnest(mv_to_array(c_mv_complex)) AS u(c)
GROUP BY __time
ORDER BY __time DESC;
+-------------------------+-----+
| __time                  | cnt |
+-------------------------+-----+
| 2022-01-01 00:00:00.000 |  25 |
+-------------------------+-----+
(1 row)

!ok

#-------------------------------------------------------------------------
# TESTCASE: test_order_by TEST_ID: A1_B9
#-------------------------------------------------------------------------
SELECT __time
FROM test_unnest,
     unnest(mv_to_array(c_mv_complex)) AS u(c)
ORDER BY __time ASC;
+-------------------------+
| __time                  |
+-------------------------+
| 2022-01-01 00:00:00.000 |
| 2022-01-01 00:00:00.000 |
| 2022-01-01 00:00:00.000 |
| 2022-01-01 00:00:00.000 |
| 2022-01-01 00:00:00.000 |
| 2022-01-01 00:00:00.000 |
| 2022-01-01 00:00:00.000 |
| 2022-01-01 00:00:00.000 |
| 2022-01-01 00:00:00.000 |
| 2022-01-01 00:00:00.000 |
| 2022-01-01 00:00:00.000 |
| 2022-01-01 00:00:00.000 |
| 2022-01-01 00:00:00.000 |
| 2022-01-01 00:00:00.000 |
| 2022-01-01 00:00:00.000 |
| 2022-01-01 00:00:00.000 |
| 2022-01-01 00:00:00.000 |
| 2022-01-01 00:00:00.000 |
| 2022-01-01 00:00:00.000 |
| 2022-01-01 00:00:00.000 |
| 2022-01-01 00:00:00.000 |
| 2022-01-01 00:00:00.000 |
| 2022-01-01 00:00:00.000 |
| 2022-01-01 00:00:00.000 |
| 2022-01-01 00:00:00.000 |
+-------------------------+
(25 rows)

!ok

#-------------------------------------------------------------------------
# TESTCASE: test_order_by TEST_ID: A1_B10
#-------------------------------------------------------------------------
SELECT __time
FROM test_unnest,
     unnest(mv_to_array(c_mv_complex)) AS u(c)
ORDER BY 1 DESC;
+-------------------------+
| __time                  |
+-------------------------+
| 2022-01-01 00:00:00.000 |
| 2022-01-01 00:00:00.000 |
| 2022-01-01 00:00:00.000 |
| 2022-01-01 00:00:00.000 |
| 2022-01-01 00:00:00.000 |
| 2022-01-01 00:00:00.000 |
| 2022-01-01 00:00:00.000 |
| 2022-01-01 00:00:00.000 |
| 2022-01-01 00:00:00.000 |
| 2022-01-01 00:00:00.000 |
| 2022-01-01 00:00:00.000 |
| 2022-01-01 00:00:00.000 |
| 2022-01-01 00:00:00.000 |
| 2022-01-01 00:00:00.000 |
| 2022-01-01 00:00:00.000 |
| 2022-01-01 00:00:00.000 |
| 2022-01-01 00:00:00.000 |
| 2022-01-01 00:00:00.000 |
| 2022-01-01 00:00:00.000 |
| 2022-01-01 00:00:00.000 |
| 2022-01-01 00:00:00.000 |
| 2022-01-01 00:00:00.000 |
| 2022-01-01 00:00:00.000 |
| 2022-01-01 00:00:00.000 |
| 2022-01-01 00:00:00.000 |
+-------------------------+
(25 rows)

!ok

#-------------------------------------------------------------------------
# TESTCASE: test_order_by TEST_ID: A1_B11
#-------------------------------------------------------------------------
SELECT __time
FROM
  (SELECT __time
   FROM test_unnest,
        unnest(mv_to_array(c_mv_complex)) AS u(c)
   ORDER BY __time ASC);
+-------------------------+
| __time                  |
+-------------------------+
| 2022-01-01 00:00:00.000 |
| 2022-01-01 00:00:00.000 |
| 2022-01-01 00:00:00.000 |
| 2022-01-01 00:00:00.000 |
| 2022-01-01 00:00:00.000 |
| 2022-01-01 00:00:00.000 |
| 2022-01-01 00:00:00.000 |
| 2022-01-01 00:00:00.000 |
| 2022-01-01 00:00:00.000 |
| 2022-01-01 00:00:00.000 |
| 2022-01-01 00:00:00.000 |
| 2022-01-01 00:00:00.000 |
| 2022-01-01 00:00:00.000 |
| 2022-01-01 00:00:00.000 |
| 2022-01-01 00:00:00.000 |
| 2022-01-01 00:00:00.000 |
| 2022-01-01 00:00:00.000 |
| 2022-01-01 00:00:00.000 |
| 2022-01-01 00:00:00.000 |
| 2022-01-01 00:00:00.000 |
| 2022-01-01 00:00:00.000 |
| 2022-01-01 00:00:00.000 |
| 2022-01-01 00:00:00.000 |
| 2022-01-01 00:00:00.000 |
| 2022-01-01 00:00:00.000 |
+-------------------------+
(25 rows)

!ok

#-------------------------------------------------------------------------
# TESTCASE: test_order_by TEST_ID: A1_B12
#-------------------------------------------------------------------------
SELECT __time
FROM
  (SELECT __time
   FROM test_unnest,
        unnest(mv_to_array(c_mv_complex)) AS u(c)
   ORDER BY 1 DESC);
+-------------------------+
| __time                  |
+-------------------------+
| 2022-01-01 00:00:00.000 |
| 2022-01-01 00:00:00.000 |
| 2022-01-01 00:00:00.000 |
| 2022-01-01 00:00:00.000 |
| 2022-01-01 00:00:00.000 |
| 2022-01-01 00:00:00.000 |
| 2022-01-01 00:00:00.000 |
| 2022-01-01 00:00:00.000 |
| 2022-01-01 00:00:00.000 |
| 2022-01-01 00:00:00.000 |
| 2022-01-01 00:00:00.000 |
| 2022-01-01 00:00:00.000 |
| 2022-01-01 00:00:00.000 |
| 2022-01-01 00:00:00.000 |
| 2022-01-01 00:00:00.000 |
| 2022-01-01 00:00:00.000 |
| 2022-01-01 00:00:00.000 |
| 2022-01-01 00:00:00.000 |
| 2022-01-01 00:00:00.000 |
| 2022-01-01 00:00:00.000 |
| 2022-01-01 00:00:00.000 |
| 2022-01-01 00:00:00.000 |
| 2022-01-01 00:00:00.000 |
| 2022-01-01 00:00:00.000 |
| 2022-01-01 00:00:00.000 |
+-------------------------+
(25 rows)

!ok

#-------------------------------------------------------------------------
# TESTCASE: test_order_by TEST_ID: A1_B13
#-------------------------------------------------------------------------
SELECT c_str,
       count(*) cnt
FROM test_unnest,
     unnest(mv_to_array(c_mv_complex)) AS u(c)
GROUP BY c_str
ORDER BY c_str ASC;
+-------+-----+
| c_str | cnt |
+-------+-----+
|       |   5 |
|       |   5 |
| str2  |   5 |
| str3  |   5 |
| str4  |   5 |
+-------+-----+
(5 rows)

!ok

#-------------------------------------------------------------------------
# TESTCASE: test_order_by TEST_ID: A1_B14
#-------------------------------------------------------------------------
SELECT c_str,
       count(*) cnt
FROM test_unnest,
     unnest(mv_to_array(c_mv_complex)) AS u(c)
GROUP BY c_str
ORDER BY 1 DESC;
+-------+-----+
| c_str | cnt |
+-------+-----+
| str4  |   5 |
| str3  |   5 |
| str2  |   5 |
|       |   5 |
|       |   5 |
+-------+-----+
(5 rows)

!ok

#-------------------------------------------------------------------------
# TESTCASE: test_order_by TEST_ID: A1_B15
#-------------------------------------------------------------------------
SELECT c_str
FROM test_unnest,
     unnest(mv_to_array(c_mv_complex)) AS u(c)
ORDER BY c_str ASC;
+-------+
| c_str |
+-------+
|       |
|       |
|       |
|       |
|       |
|       |
|       |
|       |
|       |
|       |
| str2  |
| str2  |
| str2  |
| str2  |
| str2  |
| str3  |
| str3  |
| str3  |
| str3  |
| str3  |
| str4  |
| str4  |
| str4  |
| str4  |
| str4  |
+-------+
(25 rows)

!ok

#-------------------------------------------------------------------------
# TESTCASE: test_order_by TEST_ID: A1_B16
#-------------------------------------------------------------------------
SELECT c_str
FROM test_unnest,
     unnest(mv_to_array(c_mv_complex)) AS u(c)
ORDER BY 1 DESC;
+-------+
| c_str |
+-------+
| str4  |
| str4  |
| str4  |
| str4  |
| str4  |
| str3  |
| str3  |
| str3  |
| str3  |
| str3  |
| str2  |
| str2  |
| str2  |
| str2  |
| str2  |
|       |
|       |
|       |
|       |
|       |
|       |
|       |
|       |
|       |
|       |
+-------+
(25 rows)

!ok

#-------------------------------------------------------------------------
# TESTCASE: test_order_by TEST_ID: A1_B17
#-------------------------------------------------------------------------
SELECT c_str
FROM
  (SELECT c_str
   FROM test_unnest,
        unnest(mv_to_array(c_mv_complex)) AS u(c)
   ORDER BY c_str ASC);
+-------+
| c_str |
+-------+
|       |
|       |
|       |
|       |
|       |
| str2  |
| str2  |
| str2  |
| str2  |
| str2  |
| str3  |
| str3  |
| str3  |
| str3  |
| str3  |
| str4  |
| str4  |
| str4  |
| str4  |
| str4  |
|       |
|       |
|       |
|       |
|       |
+-------+
(25 rows)

!ok

#-------------------------------------------------------------------------
# TESTCASE: test_order_by TEST_ID: A1_B18
#-------------------------------------------------------------------------
SELECT c_str
FROM
  (SELECT c_str
   FROM test_unnest,
        unnest(mv_to_array(c_mv_complex)) AS u(c)
   ORDER BY 1 DESC);
+-------+
| c_str |
+-------+
|       |
|       |
|       |
|       |
|       |
| str2  |
| str2  |
| str2  |
| str2  |
| str2  |
| str3  |
| str3  |
| str3  |
| str3  |
| str3  |
| str4  |
| str4  |
| str4  |
| str4  |
| str4  |
|       |
|       |
|       |
|       |
|       |
+-------+
(25 rows)

!ok

#-------------------------------------------------------------------------
# TESTCASE: test_order_by TEST_ID: A2_B1
#-------------------------------------------------------------------------
SELECT c,
       count(*) cnt
FROM test_unnest,
     unnest(mv_to_array(c_mv_num)) AS u(c)
GROUP BY c
ORDER BY c ASC;
+----+-----+
| c  | cnt |
+----+-----+
| -1 |   5 |
| 0  |   5 |
| 1  |   5 |
| 2  |   5 |
| 3  |   5 |
+----+-----+
(5 rows)

!ok

#-------------------------------------------------------------------------
# TESTCASE: test_order_by TEST_ID: A2_B2
#-------------------------------------------------------------------------
SELECT c,
       count(*) cnt
FROM test_unnest,
     unnest(mv_to_array(c_mv_num)) AS u(c)
GROUP BY c
ORDER BY 1 DESC;
+----+-----+
| c  | cnt |
+----+-----+
| 3  |   5 |
| 2  |   5 |
| 1  |   5 |
| 0  |   5 |
| -1 |   5 |
+----+-----+
(5 rows)

!ok

#-------------------------------------------------------------------------
# TESTCASE: test_order_by TEST_ID: A2_B3
#-------------------------------------------------------------------------
SELECT c
FROM test_unnest,
     unnest(mv_to_array(c_mv_num)) AS u(c)
ORDER BY c ASC;
+----+
| c  |
+----+
| -1 |
| -1 |
| -1 |
| -1 |
| -1 |
| 0  |
| 0  |
| 0  |
| 0  |
| 0  |
| 1  |
| 1  |
| 1  |
| 1  |
| 1  |
| 2  |
| 2  |
| 2  |
| 2  |
| 2  |
| 3  |
| 3  |
| 3  |
| 3  |
| 3  |
+----+
(25 rows)

!ok

#-------------------------------------------------------------------------
# TESTCASE: test_order_by TEST_ID: A2_B4
#-------------------------------------------------------------------------
SELECT c
FROM test_unnest,
     unnest(mv_to_array(c_mv_num)) AS u(c)
ORDER BY 1 DESC;
+----+
| c  |
+----+
| 3  |
| 3  |
| 3  |
| 3  |
| 3  |
| 2  |
| 2  |
| 2  |
| 2  |
| 2  |
| 1  |
| 1  |
| 1  |
| 1  |
| 1  |
| 0  |
| 0  |
| 0  |
| 0  |
| 0  |
| -1 |
| -1 |
| -1 |
| -1 |
| -1 |
+----+
(25 rows)

!ok

#-------------------------------------------------------------------------
# TESTCASE: test_order_by TEST_ID: A2_B5
#-------------------------------------------------------------------------
SELECT c
FROM
  (SELECT c
   FROM test_unnest,
        unnest(mv_to_array(c_mv_num)) AS u(c)
   ORDER BY c ASC);
+----+
| c  |
+----+
| -1 |
| -1 |
| -1 |
| -1 |
| -1 |
| 0  |
| 0  |
| 0  |
| 0  |
| 0  |
| 1  |
| 1  |
| 1  |
| 1  |
| 1  |
| 2  |
| 2  |
| 2  |
| 2  |
| 2  |
| 3  |
| 3  |
| 3  |
| 3  |
| 3  |
+----+
(25 rows)

!ok

#-------------------------------------------------------------------------
# TESTCASE: test_order_by TEST_ID: A2_B6
#-------------------------------------------------------------------------
SELECT c
FROM
  (SELECT c
   FROM test_unnest,
        unnest(mv_to_array(c_mv_num)) AS u(c)
   ORDER BY 1 DESC);
+----+
| c  |
+----+
| -1 |
| -1 |
| -1 |
| -1 |
| -1 |
| 0  |
| 0  |
| 0  |
| 0  |
| 0  |
| 1  |
| 1  |
| 1  |
| 1  |
| 1  |
| 2  |
| 2  |
| 2  |
| 2  |
| 2  |
| 3  |
| 3  |
| 3  |
| 3  |
| 3  |
+----+
(25 rows)

!ok

#-------------------------------------------------------------------------
# TESTCASE: test_order_by TEST_ID: A2_B7
#-------------------------------------------------------------------------
SELECT __time,
       count(*) cnt
FROM test_unnest,
     unnest(mv_to_array(c_mv_num)) AS u(c)
GROUP BY __time
ORDER BY __time ASC;
+-------------------------+-----+
| __time                  | cnt |
+-------------------------+-----+
| 2022-01-01 00:00:00.000 |  25 |
+-------------------------+-----+
(1 row)

!ok

#-------------------------------------------------------------------------
# TESTCASE: test_order_by TEST_ID: A2_B8
#-------------------------------------------------------------------------
SELECT __time,
       count(*) cnt
FROM test_unnest,
     unnest(mv_to_array(c_mv_num)) AS u(c)
GROUP BY __time
ORDER BY __time DESC;
+-------------------------+-----+
| __time                  | cnt |
+-------------------------+-----+
| 2022-01-01 00:00:00.000 |  25 |
+-------------------------+-----+
(1 row)

!ok

#-------------------------------------------------------------------------
# TESTCASE: test_order_by TEST_ID: A2_B9
#-------------------------------------------------------------------------
SELECT __time
FROM test_unnest,
     unnest(mv_to_array(c_mv_num)) AS u(c)
ORDER BY __time ASC;
+-------------------------+
| __time                  |
+-------------------------+
| 2022-01-01 00:00:00.000 |
| 2022-01-01 00:00:00.000 |
| 2022-01-01 00:00:00.000 |
| 2022-01-01 00:00:00.000 |
| 2022-01-01 00:00:00.000 |
| 2022-01-01 00:00:00.000 |
| 2022-01-01 00:00:00.000 |
| 2022-01-01 00:00:00.000 |
| 2022-01-01 00:00:00.000 |
| 2022-01-01 00:00:00.000 |
| 2022-01-01 00:00:00.000 |
| 2022-01-01 00:00:00.000 |
| 2022-01-01 00:00:00.000 |
| 2022-01-01 00:00:00.000 |
| 2022-01-01 00:00:00.000 |
| 2022-01-01 00:00:00.000 |
| 2022-01-01 00:00:00.000 |
| 2022-01-01 00:00:00.000 |
| 2022-01-01 00:00:00.000 |
| 2022-01-01 00:00:00.000 |
| 2022-01-01 00:00:00.000 |
| 2022-01-01 00:00:00.000 |
| 2022-01-01 00:00:00.000 |
| 2022-01-01 00:00:00.000 |
| 2022-01-01 00:00:00.000 |
+-------------------------+
(25 rows)

!ok

#-------------------------------------------------------------------------
# TESTCASE: test_order_by TEST_ID: A2_B10
#-------------------------------------------------------------------------
SELECT __time
FROM test_unnest,
     unnest(mv_to_array(c_mv_num)) AS u(c)
ORDER BY 1 DESC;
+-------------------------+
| __time                  |
+-------------------------+
| 2022-01-01 00:00:00.000 |
| 2022-01-01 00:00:00.000 |
| 2022-01-01 00:00:00.000 |
| 2022-01-01 00:00:00.000 |
| 2022-01-01 00:00:00.000 |
| 2022-01-01 00:00:00.000 |
| 2022-01-01 00:00:00.000 |
| 2022-01-01 00:00:00.000 |
| 2022-01-01 00:00:00.000 |
| 2022-01-01 00:00:00.000 |
| 2022-01-01 00:00:00.000 |
| 2022-01-01 00:00:00.000 |
| 2022-01-01 00:00:00.000 |
| 2022-01-01 00:00:00.000 |
| 2022-01-01 00:00:00.000 |
| 2022-01-01 00:00:00.000 |
| 2022-01-01 00:00:00.000 |
| 2022-01-01 00:00:00.000 |
| 2022-01-01 00:00:00.000 |
| 2022-01-01 00:00:00.000 |
| 2022-01-01 00:00:00.000 |
| 2022-01-01 00:00:00.000 |
| 2022-01-01 00:00:00.000 |
| 2022-01-01 00:00:00.000 |
| 2022-01-01 00:00:00.000 |
+-------------------------+
(25 rows)

!ok

#-------------------------------------------------------------------------
# TESTCASE: test_order_by TEST_ID: A2_B11
#-------------------------------------------------------------------------
SELECT __time
FROM
  (SELECT __time
   FROM test_unnest,
        unnest(mv_to_array(c_mv_num)) AS u(c)
   ORDER BY __time ASC);
+-------------------------+
| __time                  |
+-------------------------+
| 2022-01-01 00:00:00.000 |
| 2022-01-01 00:00:00.000 |
| 2022-01-01 00:00:00.000 |
| 2022-01-01 00:00:00.000 |
| 2022-01-01 00:00:00.000 |
| 2022-01-01 00:00:00.000 |
| 2022-01-01 00:00:00.000 |
| 2022-01-01 00:00:00.000 |
| 2022-01-01 00:00:00.000 |
| 2022-01-01 00:00:00.000 |
| 2022-01-01 00:00:00.000 |
| 2022-01-01 00:00:00.000 |
| 2022-01-01 00:00:00.000 |
| 2022-01-01 00:00:00.000 |
| 2022-01-01 00:00:00.000 |
| 2022-01-01 00:00:00.000 |
| 2022-01-01 00:00:00.000 |
| 2022-01-01 00:00:00.000 |
| 2022-01-01 00:00:00.000 |
| 2022-01-01 00:00:00.000 |
| 2022-01-01 00:00:00.000 |
| 2022-01-01 00:00:00.000 |
| 2022-01-01 00:00:00.000 |
| 2022-01-01 00:00:00.000 |
| 2022-01-01 00:00:00.000 |
+-------------------------+
(25 rows)

!ok

#-------------------------------------------------------------------------
# TESTCASE: test_order_by TEST_ID: A2_B12
#-------------------------------------------------------------------------
SELECT __time
FROM
  (SELECT __time
   FROM test_unnest,
        unnest(mv_to_array(c_mv_num)) AS u(c)
   ORDER BY 1 DESC);
+-------------------------+
| __time                  |
+-------------------------+
| 2022-01-01 00:00:00.000 |
| 2022-01-01 00:00:00.000 |
| 2022-01-01 00:00:00.000 |
| 2022-01-01 00:00:00.000 |
| 2022-01-01 00:00:00.000 |
| 2022-01-01 00:00:00.000 |
| 2022-01-01 00:00:00.000 |
| 2022-01-01 00:00:00.000 |
| 2022-01-01 00:00:00.000 |
| 2022-01-01 00:00:00.000 |
| 2022-01-01 00:00:00.000 |
| 2022-01-01 00:00:00.000 |
| 2022-01-01 00:00:00.000 |
| 2022-01-01 00:00:00.000 |
| 2022-01-01 00:00:00.000 |
| 2022-01-01 00:00:00.000 |
| 2022-01-01 00:00:00.000 |
| 2022-01-01 00:00:00.000 |
| 2022-01-01 00:00:00.000 |
| 2022-01-01 00:00:00.000 |
| 2022-01-01 00:00:00.000 |
| 2022-01-01 00:00:00.000 |
| 2022-01-01 00:00:00.000 |
| 2022-01-01 00:00:00.000 |
| 2022-01-01 00:00:00.000 |
+-------------------------+
(25 rows)

!ok

#-------------------------------------------------------------------------
# TESTCASE: test_order_by TEST_ID: A2_B13
#-------------------------------------------------------------------------
SELECT c_str,
       count(*) cnt
FROM test_unnest,
     unnest(mv_to_array(c_mv_num)) AS u(c)
GROUP BY c_str
ORDER BY c_str ASC;
+-------+-----+
| c_str | cnt |
+-------+-----+
|       |   5 |
|       |   5 |
| str2  |   5 |
| str3  |   5 |
| str4  |   5 |
+-------+-----+
(5 rows)

!ok

#-------------------------------------------------------------------------
# TESTCASE: test_order_by TEST_ID: A2_B14
#-------------------------------------------------------------------------
SELECT c_str,
       count(*) cnt
FROM test_unnest,
     unnest(mv_to_array(c_mv_num)) AS u(c)
GROUP BY c_str
ORDER BY 1 DESC;
+-------+-----+
| c_str | cnt |
+-------+-----+
| str4  |   5 |
| str3  |   5 |
| str2  |   5 |
|       |   5 |
|       |   5 |
+-------+-----+
(5 rows)

!ok

#-------------------------------------------------------------------------
# TESTCASE: test_order_by TEST_ID: A2_B15
#-------------------------------------------------------------------------
SELECT c_str
FROM test_unnest,
     unnest(mv_to_array(c_mv_num)) AS u(c)
ORDER BY c_str ASC;
+-------+
| c_str |
+-------+
|       |
|       |
|       |
|       |
|       |
|       |
|       |
|       |
|       |
|       |
| str2  |
| str2  |
| str2  |
| str2  |
| str2  |
| str3  |
| str3  |
| str3  |
| str3  |
| str3  |
| str4  |
| str4  |
| str4  |
| str4  |
| str4  |
+-------+
(25 rows)

!ok

#-------------------------------------------------------------------------
# TESTCASE: test_order_by TEST_ID: A2_B16
#-------------------------------------------------------------------------
SELECT c_str
FROM test_unnest,
     unnest(mv_to_array(c_mv_num)) AS u(c)
ORDER BY 1 DESC;
+-------+
| c_str |
+-------+
| str4  |
| str4  |
| str4  |
| str4  |
| str4  |
| str3  |
| str3  |
| str3  |
| str3  |
| str3  |
| str2  |
| str2  |
| str2  |
| str2  |
| str2  |
|       |
|       |
|       |
|       |
|       |
|       |
|       |
|       |
|       |
|       |
+-------+
(25 rows)

!ok

#-------------------------------------------------------------------------
# TESTCASE: test_order_by TEST_ID: A2_B17
#-------------------------------------------------------------------------
SELECT c_str
FROM
  (SELECT c_str
   FROM test_unnest,
        unnest(mv_to_array(c_mv_num)) AS u(c)
   ORDER BY c_str ASC);
+-------+
| c_str |
+-------+
|       |
|       |
|       |
|       |
|       |
| str2  |
| str2  |
| str2  |
| str2  |
| str2  |
| str3  |
| str3  |
| str3  |
| str3  |
| str3  |
| str4  |
| str4  |
| str4  |
| str4  |
| str4  |
|       |
|       |
|       |
|       |
|       |
+-------+
(25 rows)

!ok

#-------------------------------------------------------------------------
# TESTCASE: test_order_by TEST_ID: A2_B18
#-------------------------------------------------------------------------
SELECT c_str
FROM
  (SELECT c_str
   FROM test_unnest,
        unnest(mv_to_array(c_mv_num)) AS u(c)
   ORDER BY 1 DESC);
+-------+
| c_str |
+-------+
|       |
|       |
|       |
|       |
|       |
| str2  |
| str2  |
| str2  |
| str2  |
| str2  |
| str3  |
| str3  |
| str3  |
| str3  |
| str3  |
| str4  |
| str4  |
| str4  |
| str4  |
| str4  |
|       |
|       |
|       |
|       |
|       |
+-------+
(25 rows)

!ok

#-------------------------------------------------------------------------
# TESTCASE: test_order_by TEST_ID: A3_B1
#-------------------------------------------------------------------------
SELECT c,
       count(*) cnt
FROM test_unnest,
     unnest(mv_to_array(c_mv_complex_with_null_and_empty_val)) AS u(c)
GROUP BY c
ORDER BY c ASC;
+-------------+-----+
| c           | cnt |
+-------------+-----+
|             |   5 |
|             |   5 |
| 1           |   5 |
| [2]         |   5 |
| [3, [4, 5]] |   5 |
+-------------+-----+
(5 rows)

!ok

#-------------------------------------------------------------------------
# TESTCASE: test_order_by TEST_ID: A3_B2
#-------------------------------------------------------------------------
SELECT c,
       count(*) cnt
FROM test_unnest,
     unnest(mv_to_array(c_mv_complex_with_null_and_empty_val)) AS u(c)
GROUP BY c
ORDER BY 1 DESC;
+-------------+-----+
| c           | cnt |
+-------------+-----+
| [3, [4, 5]] |   5 |
| [2]         |   5 |
| 1           |   5 |
|             |   5 |
|             |   5 |
+-------------+-----+
(5 rows)

!ok

#-------------------------------------------------------------------------
# TESTCASE: test_order_by TEST_ID: A3_B3
#-------------------------------------------------------------------------
SELECT c
FROM test_unnest,
     unnest(mv_to_array(c_mv_complex_with_null_and_empty_val)) AS u(c)
ORDER BY c ASC;
+-------------+
| c           |
+-------------+
|             |
|             |
|             |
|             |
|             |
|             |
|             |
|             |
|             |
|             |
| 1           |
| 1           |
| 1           |
| 1           |
| 1           |
| [2]         |
| [2]         |
| [2]         |
| [2]         |
| [2]         |
| [3, [4, 5]] |
| [3, [4, 5]] |
| [3, [4, 5]] |
| [3, [4, 5]] |
| [3, [4, 5]] |
+-------------+
(25 rows)

!ok

#-------------------------------------------------------------------------
# TESTCASE: test_order_by TEST_ID: A3_B4
#-------------------------------------------------------------------------
SELECT c
FROM test_unnest,
     unnest(mv_to_array(c_mv_complex_with_null_and_empty_val)) AS u(c)
ORDER BY 1 DESC;
+-------------+
| c           |
+-------------+
| [3, [4, 5]] |
| [3, [4, 5]] |
| [3, [4, 5]] |
| [3, [4, 5]] |
| [3, [4, 5]] |
| [2]         |
| [2]         |
| [2]         |
| [2]         |
| [2]         |
| 1           |
| 1           |
| 1           |
| 1           |
| 1           |
|             |
|             |
|             |
|             |
|             |
|             |
|             |
|             |
|             |
|             |
+-------------+
(25 rows)

!ok

#-------------------------------------------------------------------------
# TESTCASE: test_order_by TEST_ID: A3_B5
#-------------------------------------------------------------------------
SELECT c
FROM
  (SELECT c
   FROM test_unnest,
        unnest(mv_to_array(c_mv_complex_with_null_and_empty_val)) AS u(c)
   ORDER BY c ASC);
+-------------+
| c           |
+-------------+
|             |
|             |
|             |
|             |
|             |
| 1           |
| 1           |
| 1           |
| 1           |
| 1           |
| [2]         |
| [2]         |
| [2]         |
| [2]         |
| [2]         |
| [3, [4, 5]] |
| [3, [4, 5]] |
| [3, [4, 5]] |
| [3, [4, 5]] |
| [3, [4, 5]] |
|             |
|             |
|             |
|             |
|             |
+-------------+
(25 rows)

!ok

#-------------------------------------------------------------------------
# TESTCASE: test_order_by TEST_ID: A3_B6
#-------------------------------------------------------------------------
SELECT c
FROM
  (SELECT c
   FROM test_unnest,
        unnest(mv_to_array(c_mv_complex_with_null_and_empty_val)) AS u(c)
   ORDER BY 1 DESC);
+-------------+
| c           |
+-------------+
|             |
|             |
|             |
|             |
|             |
| 1           |
| 1           |
| 1           |
| 1           |
| 1           |
| [2]         |
| [2]         |
| [2]         |
| [2]         |
| [2]         |
| [3, [4, 5]] |
| [3, [4, 5]] |
| [3, [4, 5]] |
| [3, [4, 5]] |
| [3, [4, 5]] |
|             |
|             |
|             |
|             |
|             |
+-------------+
(25 rows)

!ok

#-------------------------------------------------------------------------
# TESTCASE: test_order_by TEST_ID: A3_B7
#-------------------------------------------------------------------------
SELECT __time,
       count(*) cnt
FROM test_unnest,
     unnest(mv_to_array(c_mv_complex_with_null_and_empty_val)) AS u(c)
GROUP BY __time
ORDER BY __time ASC;
+-------------------------+-----+
| __time                  | cnt |
+-------------------------+-----+
| 2022-01-01 00:00:00.000 |  25 |
+-------------------------+-----+
(1 row)

!ok

#-------------------------------------------------------------------------
# TESTCASE: test_order_by TEST_ID: A3_B8
#-------------------------------------------------------------------------
SELECT __time,
       count(*) cnt
FROM test_unnest,
     unnest(mv_to_array(c_mv_complex_with_null_and_empty_val)) AS u(c)
GROUP BY __time
ORDER BY __time DESC;
+-------------------------+-----+
| __time                  | cnt |
+-------------------------+-----+
| 2022-01-01 00:00:00.000 |  25 |
+-------------------------+-----+
(1 row)

!ok

#-------------------------------------------------------------------------
# TESTCASE: test_order_by TEST_ID: A3_B9
#-------------------------------------------------------------------------
SELECT __time
FROM test_unnest,
     unnest(mv_to_array(c_mv_complex_with_null_and_empty_val)) AS u(c)
ORDER BY __time ASC;
+-------------------------+
| __time                  |
+-------------------------+
| 2022-01-01 00:00:00.000 |
| 2022-01-01 00:00:00.000 |
| 2022-01-01 00:00:00.000 |
| 2022-01-01 00:00:00.000 |
| 2022-01-01 00:00:00.000 |
| 2022-01-01 00:00:00.000 |
| 2022-01-01 00:00:00.000 |
| 2022-01-01 00:00:00.000 |
| 2022-01-01 00:00:00.000 |
| 2022-01-01 00:00:00.000 |
| 2022-01-01 00:00:00.000 |
| 2022-01-01 00:00:00.000 |
| 2022-01-01 00:00:00.000 |
| 2022-01-01 00:00:00.000 |
| 2022-01-01 00:00:00.000 |
| 2022-01-01 00:00:00.000 |
| 2022-01-01 00:00:00.000 |
| 2022-01-01 00:00:00.000 |
| 2022-01-01 00:00:00.000 |
| 2022-01-01 00:00:00.000 |
| 2022-01-01 00:00:00.000 |
| 2022-01-01 00:00:00.000 |
| 2022-01-01 00:00:00.000 |
| 2022-01-01 00:00:00.000 |
| 2022-01-01 00:00:00.000 |
+-------------------------+
(25 rows)

!ok

#-------------------------------------------------------------------------
# TESTCASE: test_order_by TEST_ID: A3_B10
#-------------------------------------------------------------------------
SELECT __time
FROM test_unnest,
     unnest(mv_to_array(c_mv_complex_with_null_and_empty_val)) AS u(c)
ORDER BY 1 DESC;
+-------------------------+
| __time                  |
+-------------------------+
| 2022-01-01 00:00:00.000 |
| 2022-01-01 00:00:00.000 |
| 2022-01-01 00:00:00.000 |
| 2022-01-01 00:00:00.000 |
| 2022-01-01 00:00:00.000 |
| 2022-01-01 00:00:00.000 |
| 2022-01-01 00:00:00.000 |
| 2022-01-01 00:00:00.000 |
| 2022-01-01 00:00:00.000 |
| 2022-01-01 00:00:00.000 |
| 2022-01-01 00:00:00.000 |
| 2022-01-01 00:00:00.000 |
| 2022-01-01 00:00:00.000 |
| 2022-01-01 00:00:00.000 |
| 2022-01-01 00:00:00.000 |
| 2022-01-01 00:00:00.000 |
| 2022-01-01 00:00:00.000 |
| 2022-01-01 00:00:00.000 |
| 2022-01-01 00:00:00.000 |
| 2022-01-01 00:00:00.000 |
| 2022-01-01 00:00:00.000 |
| 2022-01-01 00:00:00.000 |
| 2022-01-01 00:00:00.000 |
| 2022-01-01 00:00:00.000 |
| 2022-01-01 00:00:00.000 |
+-------------------------+
(25 rows)

!ok

#-------------------------------------------------------------------------
# TESTCASE: test_order_by TEST_ID: A3_B11
#-------------------------------------------------------------------------
SELECT __time
FROM
  (SELECT __time
   FROM test_unnest,
        unnest(mv_to_array(c_mv_complex_with_null_and_empty_val)) AS u(c)
   ORDER BY __time ASC);
+-------------------------+
| __time                  |
+-------------------------+
| 2022-01-01 00:00:00.000 |
| 2022-01-01 00:00:00.000 |
| 2022-01-01 00:00:00.000 |
| 2022-01-01 00:00:00.000 |
| 2022-01-01 00:00:00.000 |
| 2022-01-01 00:00:00.000 |
| 2022-01-01 00:00:00.000 |
| 2022-01-01 00:00:00.000 |
| 2022-01-01 00:00:00.000 |
| 2022-01-01 00:00:00.000 |
| 2022-01-01 00:00:00.000 |
| 2022-01-01 00:00:00.000 |
| 2022-01-01 00:00:00.000 |
| 2022-01-01 00:00:00.000 |
| 2022-01-01 00:00:00.000 |
| 2022-01-01 00:00:00.000 |
| 2022-01-01 00:00:00.000 |
| 2022-01-01 00:00:00.000 |
| 2022-01-01 00:00:00.000 |
| 2022-01-01 00:00:00.000 |
| 2022-01-01 00:00:00.000 |
| 2022-01-01 00:00:00.000 |
| 2022-01-01 00:00:00.000 |
| 2022-01-01 00:00:00.000 |
| 2022-01-01 00:00:00.000 |
+-------------------------+
(25 rows)

!ok

#-------------------------------------------------------------------------
# TESTCASE: test_order_by TEST_ID: A3_B12
#-------------------------------------------------------------------------
SELECT __time
FROM
  (SELECT __time
   FROM test_unnest,
        unnest(mv_to_array(c_mv_complex_with_null_and_empty_val)) AS u(c)
   ORDER BY 1 DESC);
+-------------------------+
| __time                  |
+-------------------------+
| 2022-01-01 00:00:00.000 |
| 2022-01-01 00:00:00.000 |
| 2022-01-01 00:00:00.000 |
| 2022-01-01 00:00:00.000 |
| 2022-01-01 00:00:00.000 |
| 2022-01-01 00:00:00.000 |
| 2022-01-01 00:00:00.000 |
| 2022-01-01 00:00:00.000 |
| 2022-01-01 00:00:00.000 |
| 2022-01-01 00:00:00.000 |
| 2022-01-01 00:00:00.000 |
| 2022-01-01 00:00:00.000 |
| 2022-01-01 00:00:00.000 |
| 2022-01-01 00:00:00.000 |
| 2022-01-01 00:00:00.000 |
| 2022-01-01 00:00:00.000 |
| 2022-01-01 00:00:00.000 |
| 2022-01-01 00:00:00.000 |
| 2022-01-01 00:00:00.000 |
| 2022-01-01 00:00:00.000 |
| 2022-01-01 00:00:00.000 |
| 2022-01-01 00:00:00.000 |
| 2022-01-01 00:00:00.000 |
| 2022-01-01 00:00:00.000 |
| 2022-01-01 00:00:00.000 |
+-------------------------+
(25 rows)

!ok

#-------------------------------------------------------------------------
# TESTCASE: test_order_by TEST_ID: A3_B13
#-------------------------------------------------------------------------
SELECT c_str,
       count(*) cnt
FROM test_unnest,
     unnest(mv_to_array(c_mv_complex_with_null_and_empty_val)) AS u(c)
GROUP BY c_str
ORDER BY c_str ASC;
+-------+-----+
| c_str | cnt |
+-------+-----+
|       |   5 |
|       |   5 |
| str2  |   5 |
| str3  |   5 |
| str4  |   5 |
+-------+-----+
(5 rows)

!ok

