!set useApproximateCountDistinct false
!use druidtest://?componentSupplier=AllDruidEnginesComponentSupplier&datasets=sql/src/test/quidem/qatests/qaUnnest/mv
!set outputformat mysql
#-------------------------------------------------------------------------
# TESTCASE: test_subquery_with_where TEST_ID: A5_B18_C9
#-------------------------------------------------------------------------
SELECT c
FROM
  (SELECT *
   FROM test_unnest), unnest(mv_to_array(c_mv_complex_with_null_and_empty_row)) AS u(c)
WHERE c_long<>1
  AND c<>'1';
+-------------+
| c           |
+-------------+
|             |
|             |
|             |
| [2]         |
| [2]         |
| [2]         |
| [3, [4, 5]] |
| [3, [4, 5]] |
| [3, [4, 5]] |
+-------------+
(9 rows)

!ok

#-------------------------------------------------------------------------
# TESTCASE: test_subquery_with_where TEST_ID: A5_B19_C1
#-------------------------------------------------------------------------
SELECT c
FROM test_unnest,
     unnest(mv_to_array(c_mv_complex_with_null_and_empty_row)) AS u(c)
WHERE c_long>1
  AND c>'1';
+-------------+
| c           |
+-------------+
| [2]         |
| [2]         |
| [2]         |
| [3, [4, 5]] |
| [3, [4, 5]] |
| [3, [4, 5]] |
+-------------+
(6 rows)

!ok

#-------------------------------------------------------------------------
# TESTCASE: test_subquery_with_where TEST_ID: A5_B19_C3
#-------------------------------------------------------------------------
SELECT c
FROM
  (SELECT *
   FROM test_unnest,
        unnest(mv_to_array(c_mv_complex_with_null_and_empty_row)) AS u(c)
   WHERE c_long>1
     AND c>'1');
+-------------+
| c           |
+-------------+
| [2]         |
| [2]         |
| [2]         |
| [3, [4, 5]] |
| [3, [4, 5]] |
| [3, [4, 5]] |
+-------------+
(6 rows)

!ok

#-------------------------------------------------------------------------
# TESTCASE: test_subquery_with_where TEST_ID: A5_B19_C5
#-------------------------------------------------------------------------
SELECT c
FROM
  (SELECT *
   FROM test_unnest
   WHERE c_long>1
     AND c>'1'), unnest(mv_to_array(c_mv_complex_with_null_and_empty_row)) AS u(c);
QueryInterruptedException
!error

#-------------------------------------------------------------------------
# TESTCASE: test_subquery_with_where TEST_ID: A5_B19_C7
#-------------------------------------------------------------------------
SELECT c
FROM
  (SELECT *
   FROM test_unnest,
        unnest(mv_to_array(c_mv_complex_with_null_and_empty_row)) AS u(c))
WHERE c_long>1
  AND c>'1';
+-------------+
| c           |
+-------------+
| [2]         |
| [2]         |
| [2]         |
| [3, [4, 5]] |
| [3, [4, 5]] |
| [3, [4, 5]] |
+-------------+
(6 rows)

!ok

#-------------------------------------------------------------------------
# TESTCASE: test_subquery_with_where TEST_ID: A5_B19_C9
#-------------------------------------------------------------------------
SELECT c
FROM
  (SELECT *
   FROM test_unnest), unnest(mv_to_array(c_mv_complex_with_null_and_empty_row)) AS u(c)
WHERE c_long>1
  AND c>'1';
+-------------+
| c           |
+-------------+
| [2]         |
| [2]         |
| [2]         |
| [3, [4, 5]] |
| [3, [4, 5]] |
| [3, [4, 5]] |
+-------------+
(6 rows)

!ok

#-------------------------------------------------------------------------
# TESTCASE: test_subquery_with_where TEST_ID: A5_B20_C1
#-------------------------------------------------------------------------
SELECT c
FROM test_unnest,
     unnest(mv_to_array(c_mv_complex_with_null_and_empty_row)) AS u(c)
WHERE c_long>=1
  AND c>='1';
+-------------+
| c           |
+-------------+
| 1           |
| 1           |
| 1           |
| [2]         |
| [2]         |
| [2]         |
| [3, [4, 5]] |
| [3, [4, 5]] |
| [3, [4, 5]] |
+-------------+
(9 rows)

!ok

#-------------------------------------------------------------------------
# TESTCASE: test_subquery_with_where TEST_ID: A5_B20_C3
#-------------------------------------------------------------------------
SELECT c
FROM
  (SELECT *
   FROM test_unnest,
        unnest(mv_to_array(c_mv_complex_with_null_and_empty_row)) AS u(c)
   WHERE c_long>=1
     AND c>='1');
+-------------+
| c           |
+-------------+
| 1           |
| 1           |
| 1           |
| [2]         |
| [2]         |
| [2]         |
| [3, [4, 5]] |
| [3, [4, 5]] |
| [3, [4, 5]] |
+-------------+
(9 rows)

!ok

#-------------------------------------------------------------------------
# TESTCASE: test_subquery_with_where TEST_ID: A5_B20_C5
#-------------------------------------------------------------------------
SELECT c
FROM
  (SELECT *
   FROM test_unnest
   WHERE c_long>=1
     AND c>='1'), unnest(mv_to_array(c_mv_complex_with_null_and_empty_row)) AS u(c);
QueryInterruptedException
!error

#-------------------------------------------------------------------------
# TESTCASE: test_subquery_with_where TEST_ID: A5_B20_C7
#-------------------------------------------------------------------------
SELECT c
FROM
  (SELECT *
   FROM test_unnest,
        unnest(mv_to_array(c_mv_complex_with_null_and_empty_row)) AS u(c))
WHERE c_long>=1
  AND c>='1';
+-------------+
| c           |
+-------------+
| 1           |
| 1           |
| 1           |
| [2]         |
| [2]         |
| [2]         |
| [3, [4, 5]] |
| [3, [4, 5]] |
| [3, [4, 5]] |
+-------------+
(9 rows)

!ok

#-------------------------------------------------------------------------
# TESTCASE: test_subquery_with_where TEST_ID: A5_B20_C9
#-------------------------------------------------------------------------
SELECT c
FROM
  (SELECT *
   FROM test_unnest), unnest(mv_to_array(c_mv_complex_with_null_and_empty_row)) AS u(c)
WHERE c_long>=1
  AND c>='1';
+-------------+
| c           |
+-------------+
| 1           |
| 1           |
| 1           |
| [2]         |
| [2]         |
| [2]         |
| [3, [4, 5]] |
| [3, [4, 5]] |
| [3, [4, 5]] |
+-------------+
(9 rows)

!ok

#-------------------------------------------------------------------------
# TESTCASE: test_subquery_with_where TEST_ID: A5_B21_C1
#-------------------------------------------------------------------------
SELECT c
FROM test_unnest,
     unnest(mv_to_array(c_mv_complex_with_null_and_empty_row)) AS u(c)
WHERE c_long<1
  AND c<'1';
+---+
| c |
+---+
+---+
(0 rows)

!ok

#-------------------------------------------------------------------------
# TESTCASE: test_subquery_with_where TEST_ID: A5_B21_C3
#-------------------------------------------------------------------------
SELECT c
FROM
  (SELECT *
   FROM test_unnest,
        unnest(mv_to_array(c_mv_complex_with_null_and_empty_row)) AS u(c)
   WHERE c_long<1
     AND c<'1');
+---+
| c |
+---+
+---+
(0 rows)

!ok

#-------------------------------------------------------------------------
# TESTCASE: test_subquery_with_where TEST_ID: A5_B21_C5
#-------------------------------------------------------------------------
SELECT c
FROM
  (SELECT *
   FROM test_unnest
   WHERE c_long<1
     AND c<'1'), unnest(mv_to_array(c_mv_complex_with_null_and_empty_row)) AS u(c);
QueryInterruptedException
!error

#-------------------------------------------------------------------------
# TESTCASE: test_subquery_with_where TEST_ID: A5_B21_C7
#-------------------------------------------------------------------------
SELECT c
FROM
  (SELECT *
   FROM test_unnest,
        unnest(mv_to_array(c_mv_complex_with_null_and_empty_row)) AS u(c))
WHERE c_long<1
  AND c<'1';
+---+
| c |
+---+
+---+
(0 rows)

!ok

#-------------------------------------------------------------------------
# TESTCASE: test_subquery_with_where TEST_ID: A5_B21_C9
#-------------------------------------------------------------------------
SELECT c
FROM
  (SELECT *
   FROM test_unnest), unnest(mv_to_array(c_mv_complex_with_null_and_empty_row)) AS u(c)
WHERE c_long<1
  AND c<'1';
+---+
| c |
+---+
+---+
(0 rows)

!ok

#-------------------------------------------------------------------------
# TESTCASE: test_subquery_with_where TEST_ID: A5_B22_C1
#-------------------------------------------------------------------------
SELECT c
FROM test_unnest,
     unnest(mv_to_array(c_mv_complex_with_null_and_empty_row)) AS u(c)
WHERE c_long<=1
  AND c<='1';
+---+
| c |
+---+
+---+
(0 rows)

!ok

#-------------------------------------------------------------------------
# TESTCASE: test_subquery_with_where TEST_ID: A5_B22_C3
#-------------------------------------------------------------------------
SELECT c
FROM
  (SELECT *
   FROM test_unnest,
        unnest(mv_to_array(c_mv_complex_with_null_and_empty_row)) AS u(c)
   WHERE c_long<=1
     AND c<='1');
+---+
| c |
+---+
+---+
(0 rows)

!ok

#-------------------------------------------------------------------------
# TESTCASE: test_subquery_with_where TEST_ID: A5_B22_C5
#-------------------------------------------------------------------------
SELECT c
FROM
  (SELECT *
   FROM test_unnest
   WHERE c_long<=1
     AND c<='1'), unnest(mv_to_array(c_mv_complex_with_null_and_empty_row)) AS u(c);
QueryInterruptedException
!error

#-------------------------------------------------------------------------
# TESTCASE: test_subquery_with_where TEST_ID: A5_B22_C7
#-------------------------------------------------------------------------
SELECT c
FROM
  (SELECT *
   FROM test_unnest,
        unnest(mv_to_array(c_mv_complex_with_null_and_empty_row)) AS u(c))
WHERE c_long<=1
  AND c<='1';
+---+
| c |
+---+
+---+
(0 rows)

!ok

#-------------------------------------------------------------------------
# TESTCASE: test_subquery_with_where TEST_ID: A5_B22_C9
#-------------------------------------------------------------------------
SELECT c
FROM
  (SELECT *
   FROM test_unnest), unnest(mv_to_array(c_mv_complex_with_null_and_empty_row)) AS u(c)
WHERE c_long<=1
  AND c<='1';
+---+
| c |
+---+
+---+
(0 rows)

!ok

#-------------------------------------------------------------------------
# TESTCASE: test_subquery_with_where TEST_ID: A5_B23_C1
#-------------------------------------------------------------------------
SELECT c
FROM test_unnest,
     unnest(mv_to_array(c_mv_complex_with_null_and_empty_row)) AS u(c)
WHERE NOT (c_long<>0
           AND c_long<>1
           AND c_long<>2)
  AND (NOT c<>''
       OR NOT c<>'my_null'
       OR NOT c<>'my_empty'
       OR NOT c<>'1'
       OR NOT c<>'-1'
       OR NOT c<>'0'
       OR NOT c<>'999'
       OR NOT c<>999)
  AND (NOT c='[2]'
       OR NOT c='[3, [4, 5]]'
       OR NOT c='2'
       OR NOT c='3'
       OR NOT c='999'
       OR NOT c=999);
+---+
| c |
+---+
|   |
| 1 |
+---+
(2 rows)

!ok

#-------------------------------------------------------------------------
# TESTCASE: test_subquery_with_where TEST_ID: A5_B23_C3
#-------------------------------------------------------------------------
SELECT c
FROM
  (SELECT *
   FROM test_unnest,
        unnest(mv_to_array(c_mv_complex_with_null_and_empty_row)) AS u(c)
   WHERE NOT (c_long<>0
              AND c_long<>1
              AND c_long<>2)
     AND (NOT c<>''
          OR NOT c<>'my_null'
          OR NOT c<>'my_empty'
          OR NOT c<>'1'
          OR NOT c<>'-1'
          OR NOT c<>'0'
          OR NOT c<>'999'
          OR NOT c<>999)
     AND (NOT c='[2]'
          OR NOT c='[3, [4, 5]]'
          OR NOT c='2'
          OR NOT c='3'
          OR NOT c='999'
          OR NOT c=999));
+---+
| c |
+---+
|   |
| 1 |
+---+
(2 rows)

!ok

#-------------------------------------------------------------------------
# TESTCASE: test_subquery_with_where TEST_ID: A5_B23_C5
#-------------------------------------------------------------------------
SELECT c
FROM
  (SELECT *
   FROM test_unnest
   WHERE NOT (c_long<>0
              AND c_long<>1
              AND c_long<>2)
     AND (NOT c<>''
          OR NOT c<>'my_null'
          OR NOT c<>'my_empty'
          OR NOT c<>'1'
          OR NOT c<>'-1'
          OR NOT c<>'0'
          OR NOT c<>'999'
          OR NOT c<>999)
     AND (NOT c='[2]'
          OR NOT c='[3, [4, 5]]'
          OR NOT c='2'
          OR NOT c='3'
          OR NOT c='999'
          OR NOT c=999)), unnest(mv_to_array(c_mv_complex_with_null_and_empty_row)) AS u(c);
QueryInterruptedException
!error

#-------------------------------------------------------------------------
# TESTCASE: test_subquery_with_where TEST_ID: A5_B23_C7
#-------------------------------------------------------------------------
SELECT c
FROM
  (SELECT *
   FROM test_unnest,
        unnest(mv_to_array(c_mv_complex_with_null_and_empty_row)) AS u(c))
WHERE NOT (c_long<>0
           AND c_long<>1
           AND c_long<>2)
  AND (NOT c<>''
       OR NOT c<>'my_null'
       OR NOT c<>'my_empty'
       OR NOT c<>'1'
       OR NOT c<>'-1'
       OR NOT c<>'0'
       OR NOT c<>'999'
       OR NOT c<>999)
  AND (NOT c='[2]'
       OR NOT c='[3, [4, 5]]'
       OR NOT c='2'
       OR NOT c='3'
       OR NOT c='999'
       OR NOT c=999);
+---+
| c |
+---+
|   |
| 1 |
+---+
(2 rows)

!ok

#-------------------------------------------------------------------------
# TESTCASE: test_subquery_with_where TEST_ID: A5_B23_C9
#-------------------------------------------------------------------------
SELECT c
FROM
  (SELECT *
   FROM test_unnest), unnest(mv_to_array(c_mv_complex_with_null_and_empty_row)) AS u(c)
WHERE NOT (c_long<>0
           AND c_long<>1
           AND c_long<>2)
  AND (NOT c<>''
       OR NOT c<>'my_null'
       OR NOT c<>'my_empty'
       OR NOT c<>'1'
       OR NOT c<>'-1'
       OR NOT c<>'0'
       OR NOT c<>'999'
       OR NOT c<>999)
  AND (NOT c='[2]'
       OR NOT c='[3, [4, 5]]'
       OR NOT c='2'
       OR NOT c='3'
       OR NOT c='999'
       OR NOT c=999);
+---+
| c |
+---+
|   |
| 1 |
+---+
(2 rows)

!ok

#-------------------------------------------------------------------------
# TESTCASE: test_subquery_with_where TEST_ID: A5_B24_C1
#-------------------------------------------------------------------------
SELECT c
FROM test_unnest,
     unnest(mv_to_array(c_mv_complex_with_null_and_empty_row)) AS u(c)
WHERE (c_long=0
       OR c_long=1
       OR c_long=2)
  AND (c=''
       OR c='my_null'
       OR c='my_empty'
       OR c='1'
       OR c='-1'
       OR c='0'
       OR c='999'
       OR c=999)
  AND NOT c='[2]'
  AND NOT c='[3, [4, 5]]'
  AND NOT c='2'
  AND NOT c='3'
  AND NOT c='999'
  AND NOT c=999;
+---+
| c |
+---+
|   |
| 1 |
+---+
(2 rows)

!ok

#-------------------------------------------------------------------------
# TESTCASE: test_subquery_with_where TEST_ID: A5_B24_C3
#-------------------------------------------------------------------------
SELECT c
FROM
  (SELECT *
   FROM test_unnest,
        unnest(mv_to_array(c_mv_complex_with_null_and_empty_row)) AS u(c)
   WHERE (c_long=0
          OR c_long=1
          OR c_long=2)
     AND (c=''
          OR c='my_null'
          OR c='my_empty'
          OR c='1'
          OR c='-1'
          OR c='0'
          OR c='999'
          OR c=999)
     AND NOT c='[2]'
     AND NOT c='[3, [4, 5]]'
     AND NOT c='2'
     AND NOT c='3'
     AND NOT c='999'
     AND NOT c=999);
+---+
| c |
+---+
|   |
| 1 |
+---+
(2 rows)

!ok

#-------------------------------------------------------------------------
# TESTCASE: test_subquery_with_where TEST_ID: A5_B24_C5
#-------------------------------------------------------------------------
SELECT c
FROM
  (SELECT *
   FROM test_unnest
   WHERE (c_long=0
          OR c_long=1
          OR c_long=2)
     AND (c=''
          OR c='my_null'
          OR c='my_empty'
          OR c='1'
          OR c='-1'
          OR c='0'
          OR c='999'
          OR c=999)
     AND NOT c='[2]'
     AND NOT c='[3, [4, 5]]'
     AND NOT c='2'
     AND NOT c='3'
     AND NOT c='999'
     AND NOT c=999), unnest(mv_to_array(c_mv_complex_with_null_and_empty_row)) AS u(c);
QueryInterruptedException
!error

#-------------------------------------------------------------------------
# TESTCASE: test_subquery_with_where TEST_ID: A5_B24_C7
#-------------------------------------------------------------------------
SELECT c
FROM
  (SELECT *
   FROM test_unnest,
        unnest(mv_to_array(c_mv_complex_with_null_and_empty_row)) AS u(c))
WHERE (c_long=0
       OR c_long=1
       OR c_long=2)
  AND (c=''
       OR c='my_null'
       OR c='my_empty'
       OR c='1'
       OR c='-1'
       OR c='0'
       OR c='999'
       OR c=999)
  AND NOT c='[2]'
  AND NOT c='[3, [4, 5]]'
  AND NOT c='2'
  AND NOT c='3'
  AND NOT c='999'
  AND NOT c=999;
+---+
| c |
+---+
|   |
| 1 |
+---+
(2 rows)

!ok

#-------------------------------------------------------------------------
# TESTCASE: test_subquery_with_where TEST_ID: A5_B24_C9
#-------------------------------------------------------------------------
SELECT c
FROM
  (SELECT *
   FROM test_unnest), unnest(mv_to_array(c_mv_complex_with_null_and_empty_row)) AS u(c)
WHERE (c_long=0
       OR c_long=1
       OR c_long=2)
  AND (c=''
       OR c='my_null'
       OR c='my_empty'
       OR c='1'
       OR c='-1'
       OR c='0'
       OR c='999'
       OR c=999)
  AND NOT c='[2]'
  AND NOT c='[3, [4, 5]]'
  AND NOT c='2'
  AND NOT c='3'
  AND NOT c='999'
  AND NOT c=999;
+---+
| c |
+---+
|   |
| 1 |
+---+
(2 rows)

!ok

#-------------------------------------------------------------------------
# TESTCASE: test_subquery_with_where TEST_ID: A5_B25_C1
#-------------------------------------------------------------------------
SELECT c
FROM test_unnest,
     unnest(mv_to_array(c_mv_complex_with_null_and_empty_row)) AS u(c)
WHERE c_str IS NULL
  AND c IS NULL;
+---+
| c |
+---+
|   |
+---+
(1 row)

!ok

#-------------------------------------------------------------------------
# TESTCASE: test_subquery_with_where TEST_ID: A5_B25_C3
#-------------------------------------------------------------------------
SELECT c
FROM
  (SELECT *
   FROM test_unnest,
        unnest(mv_to_array(c_mv_complex_with_null_and_empty_row)) AS u(c)
   WHERE c_str IS NULL
     AND c IS NULL);
+---+
| c |
+---+
|   |
+---+
(1 row)

!ok

#-------------------------------------------------------------------------
# TESTCASE: test_subquery_with_where TEST_ID: A5_B25_C5
#-------------------------------------------------------------------------
SELECT c
FROM
  (SELECT *
   FROM test_unnest
   WHERE c_str IS NULL
     AND c IS NULL), unnest(mv_to_array(c_mv_complex_with_null_and_empty_row)) AS u(c);
QueryInterruptedException
!error

#-------------------------------------------------------------------------
# TESTCASE: test_subquery_with_where TEST_ID: A5_B25_C7
#-------------------------------------------------------------------------
SELECT c
FROM
  (SELECT *
   FROM test_unnest,
        unnest(mv_to_array(c_mv_complex_with_null_and_empty_row)) AS u(c))
WHERE c_str IS NULL
  AND c IS NULL;
+---+
| c |
+---+
|   |
+---+
(1 row)

!ok

#-------------------------------------------------------------------------
# TESTCASE: test_subquery_with_where TEST_ID: A5_B25_C9
#-------------------------------------------------------------------------
SELECT c
FROM
  (SELECT *
   FROM test_unnest), unnest(mv_to_array(c_mv_complex_with_null_and_empty_row)) AS u(c)
WHERE c_str IS NULL
  AND c IS NULL;
+---+
| c |
+---+
|   |
+---+
(1 row)

!ok

#-------------------------------------------------------------------------
# TESTCASE: test_subquery_with_where TEST_ID: A5_B26_C1
#-------------------------------------------------------------------------
SELECT c
FROM test_unnest,
     unnest(mv_to_array(c_mv_complex_with_null_and_empty_row)) AS u(c)
WHERE c_str IS NOT NULL
  AND c IS NOT NULL;
+-------------+
| c           |
+-------------+
|             |
|             |
|             |
| 1           |
| 1           |
| 1           |
| [2]         |
| [2]         |
| [2]         |
| [3, [4, 5]] |
| [3, [4, 5]] |
| [3, [4, 5]] |
+-------------+
(12 rows)

!ok

#-------------------------------------------------------------------------
# TESTCASE: test_subquery_with_where TEST_ID: A5_B26_C3
#-------------------------------------------------------------------------
SELECT c
FROM
  (SELECT *
   FROM test_unnest,
        unnest(mv_to_array(c_mv_complex_with_null_and_empty_row)) AS u(c)
   WHERE c_str IS NOT NULL
     AND c IS NOT NULL);
+-------------+
| c           |
+-------------+
|             |
|             |
|             |
| 1           |
| 1           |
| 1           |
| [2]         |
| [2]         |
| [2]         |
| [3, [4, 5]] |
| [3, [4, 5]] |
| [3, [4, 5]] |
+-------------+
(12 rows)

!ok

#-------------------------------------------------------------------------
# TESTCASE: test_subquery_with_where TEST_ID: A5_B26_C5
#-------------------------------------------------------------------------
SELECT c
FROM
  (SELECT *
   FROM test_unnest
   WHERE c_str IS NOT NULL
     AND c IS NOT NULL), unnest(mv_to_array(c_mv_complex_with_null_and_empty_row)) AS u(c);
QueryInterruptedException
!error

#-------------------------------------------------------------------------
# TESTCASE: test_subquery_with_where TEST_ID: A5_B26_C7
#-------------------------------------------------------------------------
SELECT c
FROM
  (SELECT *
   FROM test_unnest,
        unnest(mv_to_array(c_mv_complex_with_null_and_empty_row)) AS u(c))
WHERE c_str IS NOT NULL
  AND c IS NOT NULL;
+-------------+
| c           |
+-------------+
|             |
|             |
|             |
| 1           |
| 1           |
| 1           |
| [2]         |
| [2]         |
| [2]         |
| [3, [4, 5]] |
| [3, [4, 5]] |
| [3, [4, 5]] |
+-------------+
(12 rows)

!ok

#-------------------------------------------------------------------------
# TESTCASE: test_subquery_with_where TEST_ID: A5_B26_C9
#-------------------------------------------------------------------------
SELECT c
FROM
  (SELECT *
   FROM test_unnest), unnest(mv_to_array(c_mv_complex_with_null_and_empty_row)) AS u(c)
WHERE c_str IS NOT NULL
  AND c IS NOT NULL;
+-------------+
| c           |
+-------------+
|             |
|             |
|             |
| 1           |
| 1           |
| 1           |
| [2]         |
| [2]         |
| [2]         |
| [3, [4, 5]] |
| [3, [4, 5]] |
| [3, [4, 5]] |
+-------------+
(12 rows)

!ok

#-------------------------------------------------------------------------
# TESTCASE: test_subquery_with_where TEST_ID: A5_B27_C1
#-------------------------------------------------------------------------
SELECT c
FROM test_unnest,
     unnest(mv_to_array(c_mv_complex_with_null_and_empty_row)) AS u(c)
WHERE c_long IN (0,
                 1,
                 2) IS TRUE
  AND c_long IN (3,
                 4) IS NOT TRUE
  AND c IN ('',
            'my_null',
            'my_empty',
            '1',
            '-1',
            '0',
            '999',
            999) IS TRUE
  AND c IN ('[2]',
            '[3, [4, 5]]',
            '2',
            '3',
            '999',
            999) IS NOT TRUE;
+---+
| c |
+---+
|   |
| 1 |
+---+
(2 rows)

!ok

#-------------------------------------------------------------------------
# TESTCASE: test_subquery_with_where TEST_ID: A5_B27_C3
#-------------------------------------------------------------------------
SELECT c
FROM
  (SELECT *
   FROM test_unnest,
        unnest(mv_to_array(c_mv_complex_with_null_and_empty_row)) AS u(c)
   WHERE c_long IN (0,
                    1,
                    2) IS TRUE
     AND c_long IN (3,
                    4) IS NOT TRUE
     AND c IN ('',
               'my_null',
               'my_empty',
               '1',
               '-1',
               '0',
               '999',
               999) IS TRUE
     AND c IN ('[2]',
               '[3, [4, 5]]',
               '2',
               '3',
               '999',
               999) IS NOT TRUE);
+---+
| c |
+---+
|   |
| 1 |
+---+
(2 rows)

!ok

#-------------------------------------------------------------------------
# TESTCASE: test_subquery_with_where TEST_ID: A5_B27_C5
#-------------------------------------------------------------------------
SELECT c
FROM
  (SELECT *
   FROM test_unnest
   WHERE c_long IN (0,
                    1,
                    2) IS TRUE
     AND c_long IN (3,
                    4) IS NOT TRUE
     AND c IN ('',
               'my_null',
               'my_empty',
               '1',
               '-1',
               '0',
               '999',
               999) IS TRUE
     AND c IN ('[2]',
               '[3, [4, 5]]',
               '2',
               '3',
               '999',
               999) IS NOT TRUE), unnest(mv_to_array(c_mv_complex_with_null_and_empty_row)) AS u(c);
QueryInterruptedException
!error

#-------------------------------------------------------------------------
# TESTCASE: test_subquery_with_where TEST_ID: A5_B27_C7
#-------------------------------------------------------------------------
SELECT c
FROM
  (SELECT *
   FROM test_unnest,
        unnest(mv_to_array(c_mv_complex_with_null_and_empty_row)) AS u(c))
WHERE c_long IN (0,
                 1,
                 2) IS TRUE
  AND c_long IN (3,
                 4) IS NOT TRUE
  AND c IN ('',
            'my_null',
            'my_empty',
            '1',
            '-1',
            '0',
            '999',
            999) IS TRUE
  AND c IN ('[2]',
            '[3, [4, 5]]',
            '2',
            '3',
            '999',
            999) IS NOT TRUE;
+---+
| c |
+---+
|   |
| 1 |
+---+
(2 rows)

!ok

#-------------------------------------------------------------------------
# TESTCASE: test_subquery_with_where TEST_ID: A5_B27_C9
#-------------------------------------------------------------------------
SELECT c
FROM
  (SELECT *
   FROM test_unnest), unnest(mv_to_array(c_mv_complex_with_null_and_empty_row)) AS u(c)
WHERE c_long IN (0,
                 1,
                 2) IS TRUE
  AND c_long IN (3,
                 4) IS NOT TRUE
  AND c IN ('',
            'my_null',
            'my_empty',
            '1',
            '-1',
            '0',
            '999',
            999) IS TRUE
  AND c IN ('[2]',
            '[3, [4, 5]]',
            '2',
            '3',
            '999',
            999) IS NOT TRUE;
+---+
| c |
+---+
|   |
| 1 |
+---+
(2 rows)

!ok

#-------------------------------------------------------------------------
# TESTCASE: test_subquery_with_where TEST_ID: A5_B28_C1
#-------------------------------------------------------------------------
SELECT c
FROM test_unnest,
     unnest(mv_to_array(c_mv_complex_with_null_and_empty_row)) AS u(c)
WHERE c_long IN (0,
                 1,
                 2) IS NOT FALSE
  AND c_long IN (3,
                 4) IS FALSE
  AND c IN ('',
            'my_null',
            'my_empty',
            '1',
            '-1',
            '0',
            '999',
            999) IS NOT FALSE
  AND c IN ('[2]',
            '[3, [4, 5]]',
            '2',
            '3',
            '999',
            999) IS FALSE;
+---+
| c |
+---+
|   |
| 1 |
+---+
(2 rows)

!ok

#-------------------------------------------------------------------------
# TESTCASE: test_subquery_with_where TEST_ID: A5_B28_C3
#-------------------------------------------------------------------------
SELECT c
FROM
  (SELECT *
   FROM test_unnest,
        unnest(mv_to_array(c_mv_complex_with_null_and_empty_row)) AS u(c)
   WHERE c_long IN (0,
                    1,
                    2) IS NOT FALSE
     AND c_long IN (3,
                    4) IS FALSE
     AND c IN ('',
               'my_null',
               'my_empty',
               '1',
               '-1',
               '0',
               '999',
               999) IS NOT FALSE
     AND c IN ('[2]',
               '[3, [4, 5]]',
               '2',
               '3',
               '999',
               999) IS FALSE);
+---+
| c |
+---+
|   |
| 1 |
+---+
(2 rows)

!ok

#-------------------------------------------------------------------------
# TESTCASE: test_subquery_with_where TEST_ID: A5_B28_C5
#-------------------------------------------------------------------------
SELECT c
FROM
  (SELECT *
   FROM test_unnest
   WHERE c_long IN (0,
                    1,
                    2) IS NOT FALSE
     AND c_long IN (3,
                    4) IS FALSE
     AND c IN ('',
               'my_null',
               'my_empty',
               '1',
               '-1',
               '0',
               '999',
               999) IS NOT FALSE
     AND c IN ('[2]',
               '[3, [4, 5]]',
               '2',
               '3',
               '999',
               999) IS FALSE), unnest(mv_to_array(c_mv_complex_with_null_and_empty_row)) AS u(c);
QueryInterruptedException
!error

#-------------------------------------------------------------------------
# TESTCASE: test_subquery_with_where TEST_ID: A5_B28_C7
#-------------------------------------------------------------------------
SELECT c
FROM
  (SELECT *
   FROM test_unnest,
        unnest(mv_to_array(c_mv_complex_with_null_and_empty_row)) AS u(c))
WHERE c_long IN (0,
                 1,
                 2) IS NOT FALSE
  AND c_long IN (3,
                 4) IS FALSE
  AND c IN ('',
            'my_null',
            'my_empty',
            '1',
            '-1',
            '0',
            '999',
            999) IS NOT FALSE
  AND c IN ('[2]',
            '[3, [4, 5]]',
            '2',
            '3',
            '999',
            999) IS FALSE;
+---+
| c |
+---+
|   |
| 1 |
+---+
(2 rows)

!ok

