!set useApproximateCountDistinct false
!use druidtest://?componentSupplier=AllDruidEnginesComponentSupplier&datasets=sql/src/test/quidem/qatests/qaUnnest/mv
!set outputformat mysql
#-------------------------------------------------------------------------
# TESTCASE: test_scalar_numeric_funcs TEST_ID: A1_B13_C4
#-------------------------------------------------------------------------
SELECT mod(c, c_long+1) AS col
FROM test_unnest,
     unnest(mv_to_array(c_mv_num_with_null_and_empty_val)) AS u(c)
WHERE c_long IN (0,
                 1,
                 2)
  AND mod(c, c_long+1) IN (0,
                           1,
                           2);
+-----+
| col |
+-----+
| 0.0 |
| 0.0 |
| 0.0 |
| 0.0 |
| 0.0 |
| 1.0 |
| 1.0 |
| 1.0 |
| 2.0 |
+-----+
(9 rows)

!ok

#-------------------------------------------------------------------------
# TESTCASE: test_scalar_numeric_funcs TEST_ID: A1_B14_C1
#-------------------------------------------------------------------------
SELECT trunc(sin(c),11)+trunc(sin(c),11) AS col
FROM test_unnest,
     unnest(mv_to_array(c_mv_num_with_null_and_empty_val)) AS u(c)
WHERE c_long IN (0,
                 1,
                 2)
  AND (sin(c)+sin(c))<>99999;
+---------------+
| col           |
+---------------+
|  0.2822400161 |
|  0.2822400161 |
|  0.2822400161 |
|  1.6829419696 |
|  1.6829419696 |
|  1.6829419696 |
| 1.81859485364 |
| 1.81859485364 |
| 1.81859485364 |
+---------------+
(9 rows)

!ok

#-------------------------------------------------------------------------
# TESTCASE: test_scalar_numeric_funcs TEST_ID: A1_B14_C2
#-------------------------------------------------------------------------
SELECT trunc(sin(c+c),11) AS col
FROM test_unnest,
     unnest(mv_to_array(c_mv_num_with_null_and_empty_val)) AS u(c)
WHERE c_long IN (0,
                 1,
                 2)
  AND sin(c+c)<>99999;
+----------------+
| col            |
+----------------+
| -0.27941549819 |
| -0.27941549819 |
| -0.27941549819 |
|  -0.7568024953 |
|  -0.7568024953 |
|  -0.7568024953 |
|  0.90929742682 |
|  0.90929742682 |
|  0.90929742682 |
+----------------+
(9 rows)

!ok

#-------------------------------------------------------------------------
# TESTCASE: test_scalar_numeric_funcs TEST_ID: A1_B14_C3
#-------------------------------------------------------------------------
SELECT trunc(sin(c),11)+trunc(sin(c_long),11) AS col
FROM test_unnest,
     unnest(mv_to_array(c_mv_num_with_null_and_empty_val)) AS u(c)
WHERE c_long IN (0,
                 1,
                 2)
  AND (sin(c)+sin(c_long))<>99999;
+--------------------+
| col                |
+--------------------+
|      0.14112000805 |
|       0.8414709848 |
|      0.90929742682 |
| 0.9825909928500001 |
|      1.05041743487 |
|       1.6829419696 |
| 1.7507684116200002 |
| 1.7507684116200002 |
|      1.81859485364 |
+--------------------+
(9 rows)

!ok

#-------------------------------------------------------------------------
# TESTCASE: test_scalar_numeric_funcs TEST_ID: A1_B14_C4
#-------------------------------------------------------------------------
SELECT trunc(sin(c+c_long),11) AS col
FROM test_unnest,
     unnest(mv_to_array(c_mv_num_with_null_and_empty_val)) AS u(c)
WHERE c_long IN (0,
                 1,
                 2)
  AND sin(c+c_long)<>99999;
+----------------+
| col            |
+----------------+
|  -0.7568024953 |
|  -0.7568024953 |
| -0.95892427466 |
|  0.14112000805 |
|  0.14112000805 |
|  0.14112000805 |
|   0.8414709848 |
|  0.90929742682 |
|  0.90929742682 |
+----------------+
(9 rows)

!ok

#-------------------------------------------------------------------------
# TESTCASE: test_scalar_numeric_funcs TEST_ID: A1_B15_C1
#-------------------------------------------------------------------------
SELECT trunc(cos(c),11)+trunc(cos(c),11) AS col
FROM test_unnest,
     unnest(mv_to_array(c_mv_num_with_null_and_empty_val)) AS u(c)
WHERE c_long IN (0,
                 1,
                 2)
  AND (cos(c)+cos(c))<>99999;
+----------------+
| col            |
+----------------+
| -0.83229367308 |
| -0.83229367308 |
| -0.83229367308 |
|  -1.9799849932 |
|  -1.9799849932 |
|  -1.9799849932 |
|  1.08060461172 |
|  1.08060461172 |
|  1.08060461172 |
+----------------+
(9 rows)

!ok

#-------------------------------------------------------------------------
# TESTCASE: test_scalar_numeric_funcs TEST_ID: A1_B15_C2
#-------------------------------------------------------------------------
SELECT trunc(cos(c+c), 11) AS col
FROM test_unnest,
     unnest(mv_to_array(c_mv_num_with_null_and_empty_val)) AS u(c)
WHERE c_long IN (0,
                 1,
                 2)
  AND cos(c+c)<>99999;
+----------------+
| col            |
+----------------+
| -0.41614683654 |
| -0.41614683654 |
| -0.41614683654 |
| -0.65364362086 |
| -0.65364362086 |
| -0.65364362086 |
|  0.96017028665 |
|  0.96017028665 |
|  0.96017028665 |
+----------------+
(9 rows)

!ok

#-------------------------------------------------------------------------
# TESTCASE: test_scalar_numeric_funcs TEST_ID: A1_B15_C3
#-------------------------------------------------------------------------
SELECT trunc(cos(c),11)+trunc(cos(c_long),11) AS col
FROM test_unnest,
     unnest(mv_to_array(c_mv_num_with_null_and_empty_val)) AS u(c)
WHERE c_long IN (0,
                 1,
                 2)
  AND (cos(c)+cos(c_long))<>99999;
+----------------------+
| col                  |
+----------------------+
| -0.44969019073999994 |
|       -0.83229367308 |
|       -1.40613933314 |
| 0.010007503400000006 |
|  0.12415546932000004 |
|  0.12415546932000004 |
|   0.5838531634599999 |
|        1.08060461172 |
|        1.54030230586 |
+----------------------+
(9 rows)

!ok

#-------------------------------------------------------------------------
# TESTCASE: test_scalar_numeric_funcs TEST_ID: A1_B15_C4
#-------------------------------------------------------------------------
SELECT trunc(cos(c+c_long),11) AS col
FROM test_unnest,
     unnest(mv_to_array(c_mv_num_with_null_and_empty_val)) AS u(c)
WHERE c_long IN (0,
                 1,
                 2)
  AND cos(c+c_long)<>99999;
+----------------+
| col            |
+----------------+
| -0.41614683654 |
| -0.41614683654 |
| -0.65364362086 |
| -0.65364362086 |
|  -0.9899924966 |
|  -0.9899924966 |
|  -0.9899924966 |
|  0.28366218546 |
|  0.54030230586 |
+----------------+
(9 rows)

!ok

#-------------------------------------------------------------------------
# TESTCASE: test_scalar_numeric_funcs TEST_ID: A1_B16_C1
#-------------------------------------------------------------------------
SELECT trunc(tan(c),11)+trunc(tan(c),11) AS col
FROM test_unnest,
     unnest(mv_to_array(c_mv_num_with_null_and_empty_val)) AS u(c)
WHERE c_long IN (0,
                 1,
                 2)
  AND (tan(c)+tan(c))<>99999;
+----------------+
| col            |
+----------------+
| -0.28509308614 |
| -0.28509308614 |
| -0.28509308614 |
| -4.37007972652 |
| -4.37007972652 |
| -4.37007972652 |
|   3.1148154493 |
|   3.1148154493 |
|   3.1148154493 |
+----------------+
(9 rows)

!ok

#-------------------------------------------------------------------------
# TESTCASE: test_scalar_numeric_funcs TEST_ID: A1_B16_C2
#-------------------------------------------------------------------------
SELECT trunc(tan(c+c),11) AS col
FROM test_unnest,
     unnest(mv_to_array(c_mv_num_with_null_and_empty_val)) AS u(c)
WHERE c_long IN (0,
                 1,
                 2)
  AND tan(c+c)<>99999;
+----------------+
| col            |
+----------------+
| -0.29100619138 |
| -0.29100619138 |
| -0.29100619138 |
| -2.18503986326 |
| -2.18503986326 |
| -2.18503986326 |
|  1.15782128234 |
|  1.15782128234 |
|  1.15782128234 |
+----------------+
(9 rows)

!ok

#-------------------------------------------------------------------------
# TESTCASE: test_scalar_numeric_funcs TEST_ID: A1_B16_C3
#-------------------------------------------------------------------------
SELECT trunc(tan(c),11)+trunc(tan(c_long),11) AS col
FROM test_unnest,
     unnest(mv_to_array(c_mv_num_with_null_and_empty_val)) AS u(c)
WHERE c_long IN (0,
                 1,
                 2)
  AND (tan(c)+tan(c_long))<>99999;
+---------------------+
| col                 |
+---------------------+
|      -0.14254654307 |
| -0.6276321386100001 |
| -0.6276321386100001 |
|      -2.18503986326 |
|      -2.32758640633 |
|      -4.37007972652 |
|       1.41486118158 |
|       1.55740772465 |
|        3.1148154493 |
+---------------------+
(9 rows)

!ok

#-------------------------------------------------------------------------
# TESTCASE: test_scalar_numeric_funcs TEST_ID: A1_B16_C4
#-------------------------------------------------------------------------
SELECT trunc(tan(c+c_long),11) AS col
FROM test_unnest,
     unnest(mv_to_array(c_mv_num_with_null_and_empty_val)) AS u(c)
WHERE c_long IN (0,
                 1,
                 2)
  AND tan(c+c_long)<>99999;
+----------------+
| col            |
+----------------+
| -0.14254654307 |
| -0.14254654307 |
| -0.14254654307 |
| -2.18503986326 |
| -2.18503986326 |
| -3.38051500624 |
|  1.15782128234 |
|  1.15782128234 |
|  1.55740772465 |
+----------------+
(9 rows)

!ok

#-------------------------------------------------------------------------
# TESTCASE: test_scalar_numeric_funcs TEST_ID: A1_B17_C1
#-------------------------------------------------------------------------
SELECT trunc(cot(c),11)+trunc(cot(c),11) AS col
FROM test_unnest,
     unnest(mv_to_array(c_mv_num_with_null_and_empty_val)) AS u(c)
WHERE c_long IN (0,
                 1,
                 2)
  AND (cot(c)+cot(c))<>99999;
+-----------------+
| col             |
+-----------------+
|  -0.91531510872 |
|  -0.91531510872 |
|  -0.91531510872 |
| -14.03050510286 |
| -14.03050510286 |
| -14.03050510286 |
|   1.28418523186 |
|   1.28418523186 |
|   1.28418523186 |
+-----------------+
(9 rows)

!ok

#-------------------------------------------------------------------------
# TESTCASE: test_scalar_numeric_funcs TEST_ID: A1_B17_C2
#-------------------------------------------------------------------------
SELECT trunc(cot(c+c),11) AS col
FROM test_unnest,
     unnest(mv_to_array(c_mv_num_with_null_and_empty_val)) AS u(c)
WHERE c_long IN (0,
                 1,
                 2)
  AND cot(c+c)<>99999;
+----------------+
| col            |
+----------------+
| -0.45765755436 |
| -0.45765755436 |
| -0.45765755436 |
| -3.43635300418 |
| -3.43635300418 |
| -3.43635300418 |
|  0.86369115445 |
|  0.86369115445 |
|  0.86369115445 |
+----------------+
(9 rows)

!ok

#-------------------------------------------------------------------------
# TESTCASE: test_scalar_numeric_funcs TEST_ID: A1_B17_C3
#-------------------------------------------------------------------------
SELECT trunc(cot(c),11)+trunc(cot(c_long),11) AS col
FROM test_unnest,
     unnest(mv_to_array(c_mv_num_with_null_and_empty_val)) AS u(c)
WHERE c_long IN (0,
                 1,
                 2)
  AND (cot(c)+cot(c_long))<>99999;
+---------------------+
| col                 |
+---------------------+
|      -0.91531510872 |
| -6.3731599354999995 |
|      -7.47291010579 |
|       0.18443506157 |
|       0.18443506157 |
|       1.28418523186 |
|    92233713.3532952 |
|   92233719.91089019 |
|   92233721.01064037 |
+---------------------+
(9 rows)

!ok

#-------------------------------------------------------------------------
# TESTCASE: test_scalar_numeric_funcs TEST_ID: A1_B17_C4
#-------------------------------------------------------------------------
SELECT trunc(cot(c+c_long),11) AS col
FROM test_unnest,
     unnest(mv_to_array(c_mv_num_with_null_and_empty_val)) AS u(c)
WHERE c_long IN (0,
                 1,
                 2)
  AND cot(c+c_long)<>99999;
+----------------+
| col            |
+----------------+
| -0.29581291553 |
| -0.45765755436 |
| -0.45765755436 |
| -7.01525255143 |
| -7.01525255143 |
| -7.01525255143 |
|  0.64209261593 |
|  0.86369115445 |
|  0.86369115445 |
+----------------+
(9 rows)

!ok

#-------------------------------------------------------------------------
# TESTCASE: test_scalar_numeric_funcs TEST_ID: A1_B18_C1
#-------------------------------------------------------------------------
SELECT trunc(asin(c),11)+trunc(asin(c),11) AS col
FROM test_unnest,
     unnest(mv_to_array(c_mv_num_with_null_and_empty_val)) AS u(c)
WHERE c_long IN (0,
                 1,
                 2)
  AND (asin(c)+asin(c))<>99999;
+---------------+
| col           |
+---------------+
|           0.0 |
|           0.0 |
|           0.0 |
|           0.0 |
|           0.0 |
|           0.0 |
| 3.14159265358 |
| 3.14159265358 |
| 3.14159265358 |
+---------------+
(9 rows)

!ok

#-------------------------------------------------------------------------
# TESTCASE: test_scalar_numeric_funcs TEST_ID: A1_B18_C2
#-------------------------------------------------------------------------
SELECT asin(c+c) AS col
FROM test_unnest,
     unnest(mv_to_array(c_mv_num_with_null_and_empty_val)) AS u(c)
WHERE c_long IN (0,
                 1,
                 2)
  AND asin(c+c)<>99999;
+-----+
| col |
+-----+
| NaN |
| NaN |
| NaN |
| NaN |
| NaN |
| NaN |
| NaN |
| NaN |
| NaN |
+-----+
(9 rows)

!ok

#-------------------------------------------------------------------------
# TESTCASE: test_scalar_numeric_funcs TEST_ID: A1_B18_C3
#-------------------------------------------------------------------------
SELECT trunc(asin(c),11)+trunc(asin(c_long),11) AS col
FROM test_unnest,
     unnest(mv_to_array(c_mv_num_with_null_and_empty_val)) AS u(c)
WHERE c_long IN (0,
                 1,
                 2)
  AND (asin(c)+asin(c_long))<>99999;
+---------------+
| col           |
+---------------+
|           0.0 |
|           0.0 |
|           0.0 |
|           0.0 |
| 1.57079632679 |
| 1.57079632679 |
| 1.57079632679 |
| 1.57079632679 |
| 3.14159265358 |
+---------------+
(9 rows)

!ok

#-------------------------------------------------------------------------
# TESTCASE: test_scalar_numeric_funcs TEST_ID: A1_B18_C4
#-------------------------------------------------------------------------
SELECT trunc(asin(c+c_long),11) AS col
FROM test_unnest,
     unnest(mv_to_array(c_mv_num_with_null_and_empty_val)) AS u(c)
WHERE c_long IN (0,
                 1,
                 2)
  AND asin(c+c_long)<>99999;
+---------------+
| col           |
+---------------+
|           0.0 |
|           0.0 |
|           0.0 |
|           0.0 |
|           0.0 |
|           0.0 |
|           0.0 |
|           0.0 |
| 1.57079632679 |
+---------------+
(9 rows)

!ok

#-------------------------------------------------------------------------
# TESTCASE: test_scalar_numeric_funcs TEST_ID: A1_B19_C1
#-------------------------------------------------------------------------
SELECT acos(c)+acos(c) AS col
FROM test_unnest,
     unnest(mv_to_array(c_mv_num_with_null_and_empty_val)) AS u(c)
WHERE c_long IN (0,
                 1,
                 2)
  AND (acos(c)+acos(c))<>99999;
+-----+
| col |
+-----+
| 0.0 |
| 0.0 |
| 0.0 |
| NaN |
| NaN |
| NaN |
| NaN |
| NaN |
| NaN |
+-----+
(9 rows)

!ok

#-------------------------------------------------------------------------
# TESTCASE: test_scalar_numeric_funcs TEST_ID: A1_B19_C2
#-------------------------------------------------------------------------
SELECT acos(c+c) AS col
FROM test_unnest,
     unnest(mv_to_array(c_mv_num_with_null_and_empty_val)) AS u(c)
WHERE c_long IN (0,
                 1,
                 2)
  AND acos(c+c)<>99999;
+-----+
| col |
+-----+
| NaN |
| NaN |
| NaN |
| NaN |
| NaN |
| NaN |
| NaN |
| NaN |
| NaN |
+-----+
(9 rows)

!ok

#-------------------------------------------------------------------------
# TESTCASE: test_scalar_numeric_funcs TEST_ID: A1_B19_C3
#-------------------------------------------------------------------------
SELECT trunc(acos(c),11)+trunc(acos(c_long),11) AS col
FROM test_unnest,
     unnest(mv_to_array(c_mv_num_with_null_and_empty_val)) AS u(c)
WHERE c_long IN (0,
                 1,
                 2)
  AND (acos(c)+acos(c_long))<>99999;
+---------------+
| col           |
+---------------+
|           0.0 |
|           0.0 |
|           0.0 |
|           0.0 |
|           0.0 |
|           0.0 |
| 1.57079632679 |
| 1.57079632679 |
| 1.57079632679 |
+---------------+
(9 rows)

!ok

#-------------------------------------------------------------------------
# TESTCASE: test_scalar_numeric_funcs TEST_ID: A1_B19_C4
#-------------------------------------------------------------------------
SELECT acos(c+c_long) AS col
FROM test_unnest,
     unnest(mv_to_array(c_mv_num_with_null_and_empty_val)) AS u(c)
WHERE c_long IN (0,
                 1,
                 2)
  AND acos(c+c_long)<>99999;
+-----+
| col |
+-----+
| 0.0 |
| NaN |
| NaN |
| NaN |
| NaN |
| NaN |
| NaN |
| NaN |
| NaN |
+-----+
(9 rows)

!ok

#-------------------------------------------------------------------------
# TESTCASE: test_scalar_numeric_funcs TEST_ID: A1_B20_C1
#-------------------------------------------------------------------------
SELECT trunc(atan(c),11)+trunc(atan(c),11) AS col
FROM test_unnest,
     unnest(mv_to_array(c_mv_num_with_null_and_empty_val)) AS u(c)
WHERE c_long IN (0,
                 1,
                 2)
  AND (atan(c)+atan(c))<>99999;
+---------------+
| col           |
+---------------+
| 1.57079632678 |
| 1.57079632678 |
| 1.57079632678 |
| 2.21429743558 |
| 2.21429743558 |
| 2.21429743558 |
| 2.49809154478 |
| 2.49809154478 |
| 2.49809154478 |
+---------------+
(9 rows)

!ok

#-------------------------------------------------------------------------
# TESTCASE: test_scalar_numeric_funcs TEST_ID: A1_B20_C2
#-------------------------------------------------------------------------
SELECT trunc(atan(c+c),11) AS col
FROM test_unnest,
     unnest(mv_to_array(c_mv_num_with_null_and_empty_val)) AS u(c)
WHERE c_long IN (0,
                 1,
                 2)
  AND atan(c+c)<>99999;
+---------------+
| col           |
+---------------+
| 1.10714871779 |
| 1.10714871779 |
| 1.10714871779 |
| 1.32581766366 |
| 1.32581766366 |
| 1.32581766366 |
| 1.40564764938 |
| 1.40564764938 |
| 1.40564764938 |
+---------------+
(9 rows)

!ok

#-------------------------------------------------------------------------
# TESTCASE: test_scalar_numeric_funcs TEST_ID: A1_B20_C3
#-------------------------------------------------------------------------
SELECT trunc(atan(c),11)+trunc(atan(c_long),11) AS col
FROM test_unnest,
     unnest(mv_to_array(c_mv_num_with_null_and_empty_val)) AS u(c)
WHERE c_long IN (0,
                 1,
                 2)
  AND (atan(c)+atan(c_long))<>99999;
+--------------------+
| col                |
+--------------------+
|      0.78539816339 |
|      1.10714871779 |
|      1.24904577239 |
|      1.57079632678 |
|      1.89254688118 |
|      1.89254688118 |
| 2.0344439357799997 |
|      2.21429743558 |
|      2.35619449018 |
+--------------------+
(9 rows)

!ok

#-------------------------------------------------------------------------
# TESTCASE: test_scalar_numeric_funcs TEST_ID: A1_B20_C4
#-------------------------------------------------------------------------
SELECT trunc(atan(c+c_long),11) AS col
FROM test_unnest,
     unnest(mv_to_array(c_mv_num_with_null_and_empty_val)) AS u(c)
WHERE c_long IN (0,
                 1,
                 2)
  AND atan(c+c_long)<>99999;
+---------------+
| col           |
+---------------+
| 0.78539816339 |
| 1.10714871779 |
| 1.10714871779 |
| 1.24904577239 |
| 1.24904577239 |
| 1.24904577239 |
| 1.32581766366 |
| 1.32581766366 |
| 1.37340076694 |
+---------------+
(9 rows)

!ok

#-------------------------------------------------------------------------
# TESTCASE: test_scalar_numeric_funcs TEST_ID: A1_B21_C1
#-------------------------------------------------------------------------
SELECT trunc(atan2(c, 1),11)+trunc(atan2(c, 1),11) AS col
FROM test_unnest,
     unnest(mv_to_array(c_mv_num_with_null_and_empty_val)) AS u(c)
WHERE c_long IN (0,
                 1,
                 2)
  AND (atan2(c, 1)+atan2(c, 1))<>99999;
+---------------+
| col           |
+---------------+
| 1.57079632678 |
| 1.57079632678 |
| 1.57079632678 |
| 2.21429743558 |
| 2.21429743558 |
| 2.21429743558 |
| 2.49809154478 |
| 2.49809154478 |
| 2.49809154478 |
+---------------+
(9 rows)

!ok

#-------------------------------------------------------------------------
# TESTCASE: test_scalar_numeric_funcs TEST_ID: A1_B21_C2
#-------------------------------------------------------------------------
SELECT trunc(atan2(c, c),11) AS col
FROM test_unnest,
     unnest(mv_to_array(c_mv_num_with_null_and_empty_val)) AS u(c)
WHERE c_long IN (0,
                 1,
                 2)
  AND atan2(c, c)<>99999;
+---------------+
| col           |
+---------------+
| 0.78539816339 |
| 0.78539816339 |
| 0.78539816339 |
| 0.78539816339 |
| 0.78539816339 |
| 0.78539816339 |
| 0.78539816339 |
| 0.78539816339 |
| 0.78539816339 |
+---------------+
(9 rows)

!ok

#-------------------------------------------------------------------------
# TESTCASE: test_scalar_numeric_funcs TEST_ID: A1_B21_C3
#-------------------------------------------------------------------------
SELECT trunc(atan2(c, 1),11)+trunc(atan2(c_long, 1),11) AS col
FROM test_unnest,
     unnest(mv_to_array(c_mv_num_with_null_and_empty_val)) AS u(c)
WHERE c_long IN (0,
                 1,
                 2)
  AND (atan2(c, 1)+atan2(c_long, 1))<>99999;
+--------------------+
| col                |
+--------------------+
|      0.78539816339 |
|      1.10714871779 |
|      1.24904577239 |
|      1.57079632678 |
|      1.89254688118 |
|      1.89254688118 |
| 2.0344439357799997 |
|      2.21429743558 |
|      2.35619449018 |
+--------------------+
(9 rows)

!ok

#-------------------------------------------------------------------------
# TESTCASE: test_scalar_numeric_funcs TEST_ID: A1_B21_C4
#-------------------------------------------------------------------------
SELECT trunc(atan2(c, c_long),11) AS col
FROM test_unnest,
     unnest(mv_to_array(c_mv_num_with_null_and_empty_val)) AS u(c)
WHERE c_long IN (0,
                 1,
                 2)
  AND atan2(c, c_long)<>99999;
+---------------+
| col           |
+---------------+
|   0.463647609 |
| 0.78539816339 |
| 0.78539816339 |
| 0.98279372324 |
| 1.10714871779 |
| 1.24904577239 |
| 1.57079632679 |
| 1.57079632679 |
| 1.57079632679 |
+---------------+
(9 rows)

!ok

#-------------------------------------------------------------------------
# TESTCASE: test_scalar_numeric_funcs TEST_ID: A1_B22_C1
#-------------------------------------------------------------------------
SELECT degrees(c)+degrees(c) AS col
FROM test_unnest,
     unnest(mv_to_array(c_mv_num_with_null_and_empty_val)) AS u(c)
WHERE c_long IN (0,
                 1,
                 2)
  AND (degrees(c)+degrees(c))<>99999;
+--------------------+
| col                |
+--------------------+
| 114.59155902616465 |
| 114.59155902616465 |
| 114.59155902616465 |
|  229.1831180523293 |
|  229.1831180523293 |
|  229.1831180523293 |
| 343.77467707849394 |
| 343.77467707849394 |
| 343.77467707849394 |
+--------------------+
(9 rows)

!ok

#-------------------------------------------------------------------------
# TESTCASE: test_scalar_numeric_funcs TEST_ID: A1_B22_C2
#-------------------------------------------------------------------------
SELECT degrees(c+c) AS col
FROM test_unnest,
     unnest(mv_to_array(c_mv_num_with_null_and_empty_val)) AS u(c)
WHERE c_long IN (0,
                 1,
                 2)
  AND degrees(c+c)<>99999;
+--------------------+
| col                |
+--------------------+
| 114.59155902616465 |
| 114.59155902616465 |
| 114.59155902616465 |
|  229.1831180523293 |
|  229.1831180523293 |
|  229.1831180523293 |
| 343.77467707849394 |
| 343.77467707849394 |
| 343.77467707849394 |
+--------------------+
(9 rows)

!ok

#-------------------------------------------------------------------------
# TESTCASE: test_scalar_numeric_funcs TEST_ID: A1_B22_C3
#-------------------------------------------------------------------------
SELECT degrees(c)+degrees(c_long) AS col
FROM test_unnest,
     unnest(mv_to_array(c_mv_num_with_null_and_empty_val)) AS u(c)
WHERE c_long IN (0,
                 1,
                 2)
  AND (degrees(c)+degrees(c_long))<>99999;
+--------------------+
| col                |
+--------------------+
| 114.59155902616465 |
| 114.59155902616465 |
| 171.88733853924697 |
| 171.88733853924697 |
| 171.88733853924697 |
|  229.1831180523293 |
|  229.1831180523293 |
|  286.4788975654116 |
|  57.29577951308232 |
+--------------------+
(9 rows)

!ok

#-------------------------------------------------------------------------
# TESTCASE: test_scalar_numeric_funcs TEST_ID: A1_B22_C4
#-------------------------------------------------------------------------
SELECT degrees(c+c_long) AS col
FROM test_unnest,
     unnest(mv_to_array(c_mv_num_with_null_and_empty_val)) AS u(c)
WHERE c_long IN (0,
                 1,
                 2)
  AND degrees(c+c_long)<>99999;
+--------------------+
| col                |
+--------------------+
| 114.59155902616465 |
| 114.59155902616465 |
| 171.88733853924697 |
| 171.88733853924697 |
| 171.88733853924697 |
|  229.1831180523293 |
|  229.1831180523293 |
|  286.4788975654116 |
|  57.29577951308232 |
+--------------------+
(9 rows)

!ok

#-------------------------------------------------------------------------
# TESTCASE: test_scalar_numeric_funcs TEST_ID: A1_B23_C1
#-------------------------------------------------------------------------
SELECT radians(c)+radians(c) AS col
FROM test_unnest,
     unnest(mv_to_array(c_mv_num_with_null_and_empty_val)) AS u(c)
WHERE c_long IN (0,
                 1,
                 2)
  AND (radians(c)+radians(c))<>99999;
+---------------------+
| col                 |
+---------------------+
| 0.03490658503988659 |
| 0.03490658503988659 |
| 0.03490658503988659 |
| 0.06981317007977318 |
| 0.06981317007977318 |
| 0.06981317007977318 |
| 0.10471975511965978 |
| 0.10471975511965978 |
| 0.10471975511965978 |
+---------------------+
(9 rows)

!ok

#-------------------------------------------------------------------------
# TESTCASE: test_scalar_numeric_funcs TEST_ID: A1_B23_C2
#-------------------------------------------------------------------------
SELECT radians(c+c) AS col
FROM test_unnest,
     unnest(mv_to_array(c_mv_num_with_null_and_empty_val)) AS u(c)
WHERE c_long IN (0,
                 1,
                 2)
  AND radians(c+c)<>99999;
+---------------------+
| col                 |
+---------------------+
| 0.03490658503988659 |
| 0.03490658503988659 |
| 0.03490658503988659 |
| 0.06981317007977318 |
| 0.06981317007977318 |
| 0.06981317007977318 |
| 0.10471975511965978 |
| 0.10471975511965978 |
| 0.10471975511965978 |
+---------------------+
(9 rows)

!ok

#-------------------------------------------------------------------------
# TESTCASE: test_scalar_numeric_funcs TEST_ID: A1_B23_C3
#-------------------------------------------------------------------------
SELECT radians(c)+radians(c_long) AS col
FROM test_unnest,
     unnest(mv_to_array(c_mv_num_with_null_and_empty_val)) AS u(c)
WHERE c_long IN (0,
                 1,
                 2)
  AND (radians(c)+radians(c_long))<>99999;
+----------------------+
| col                  |
+----------------------+
| 0.017453292519943295 |
|  0.03490658503988659 |
|  0.03490658503988659 |
|  0.05235987755982989 |
|  0.05235987755982989 |
|  0.05235987755982989 |
|  0.06981317007977318 |
|  0.06981317007977318 |
|  0.08726646259971649 |
+----------------------+
(9 rows)

!ok

#-------------------------------------------------------------------------
# TESTCASE: test_scalar_numeric_funcs TEST_ID: A1_B23_C4
#-------------------------------------------------------------------------
SELECT radians(c+c_long) AS col
FROM test_unnest,
     unnest(mv_to_array(c_mv_num_with_null_and_empty_val)) AS u(c)
WHERE c_long IN (0,
                 1,
                 2)
  AND radians(c+c_long)<>99999;
+----------------------+
| col                  |
+----------------------+
| 0.017453292519943295 |
|  0.03490658503988659 |
|  0.03490658503988659 |
|  0.05235987755982989 |
|  0.05235987755982989 |
|  0.05235987755982989 |
|  0.06981317007977318 |
|  0.06981317007977318 |
|  0.08726646259971647 |
+----------------------+
(9 rows)

!ok

#-------------------------------------------------------------------------
# TESTCASE: test_scalar_numeric_funcs TEST_ID: A1_B24_C1
#-------------------------------------------------------------------------
SELECT bitwise_and(cast(c AS int), 1)+bitwise_and(cast(c AS int), 1) AS col
FROM test_unnest,
     unnest(mv_to_array(c_mv_num_with_null_and_empty_val)) AS u(c)
WHERE c_long IN (0,
                 1,
                 2)
  AND (bitwise_and(cast(c AS int), 1)+bitwise_and(cast(c AS int), 1)) IN (0,
                                                                          2);
+-----+
| col |
+-----+
|   0 |
|   0 |
|   0 |
|   2 |
|   2 |
|   2 |
|   2 |
|   2 |
|   2 |
+-----+
(9 rows)

!ok

#-------------------------------------------------------------------------
# TESTCASE: test_scalar_numeric_funcs TEST_ID: A1_B24_C2
#-------------------------------------------------------------------------
SELECT bitwise_and(cast(c AS int), cast(c AS int)) AS col
FROM test_unnest,
     unnest(mv_to_array(c_mv_num_with_null_and_empty_val)) AS u(c)
WHERE c_long IN (0,
                 1,
                 2)
  AND bitwise_and(cast(c AS int), cast(c AS int)) IN (0,
                                                      1,
                                                      2,
                                                      3);
+-----+
| col |
+-----+
|   1 |
|   1 |
|   1 |
|   2 |
|   2 |
|   2 |
|   3 |
|   3 |
|   3 |
+-----+
(9 rows)

!ok

#-------------------------------------------------------------------------
# TESTCASE: test_scalar_numeric_funcs TEST_ID: A1_B24_C3
#-------------------------------------------------------------------------
SELECT bitwise_and(cast(c AS int), 1)+bitwise_and(c_long, 1) AS col
FROM test_unnest,
     unnest(mv_to_array(c_mv_num_with_null_and_empty_val)) AS u(c)
WHERE c_long IN (0,
                 1,
                 2)
  AND (bitwise_and(cast(c AS int), 1)+bitwise_and(c_long, 1)) IN (0,
                                                                  1,
                                                                  2);
+-----+
| col |
+-----+
|   0 |
|   0 |
|   1 |
|   1 |
|   1 |
|   1 |
|   1 |
|   2 |
|   2 |
+-----+
(9 rows)

!ok

#-------------------------------------------------------------------------
# TESTCASE: test_scalar_numeric_funcs TEST_ID: A1_B24_C4
#-------------------------------------------------------------------------
SELECT bitwise_and(cast(c AS int), c_long) AS col
FROM test_unnest,
     unnest(mv_to_array(c_mv_num_with_null_and_empty_val)) AS u(c)
WHERE c_long IN (0,
                 1,
                 2)
  AND bitwise_and(cast(c AS int), c_long) IN (0,
                                              1,
                                              2);
+-----+
| col |
+-----+
|   0 |
|   0 |
|   0 |
|   0 |
|   0 |
|   1 |
|   1 |
|   2 |
|   2 |
+-----+
(9 rows)

!ok

#-------------------------------------------------------------------------
# TESTCASE: test_scalar_numeric_funcs TEST_ID: A1_B25_C1
#-------------------------------------------------------------------------
SELECT bitwise_complement(cast(c AS int))+bitwise_complement(cast(c AS int)) AS col
FROM test_unnest,
     unnest(mv_to_array(c_mv_num_with_null_and_empty_val)) AS u(c)
WHERE c_long IN (0,
                 1,
                 2)
  AND (bitwise_complement(cast(c AS int))+bitwise_complement(cast(c AS int))) IN (-2,
                                                                                  -4,
                                                                                  -6,
                                                                                  -8);
+-----+
| col |
+-----+
|  -4 |
|  -4 |
|  -4 |
|  -6 |
|  -6 |
|  -6 |
|  -8 |
|  -8 |
|  -8 |
+-----+
(9 rows)

!ok

#-------------------------------------------------------------------------
# TESTCASE: test_scalar_numeric_funcs TEST_ID: A1_B25_C2
#-------------------------------------------------------------------------
SELECT bitwise_complement(cast(c AS int)+cast(c AS int)) AS col
FROM test_unnest,
     unnest(mv_to_array(c_mv_num_with_null_and_empty_val)) AS u(c)
WHERE c_long IN (0,
                 1,
                 2)
  AND bitwise_complement(cast(c AS int)+cast(c AS int)) IN (-1,
                                                            -3,
                                                            -5,
                                                            -7);
+-----+
| col |
+-----+
|  -3 |
|  -3 |
|  -3 |
|  -5 |
|  -5 |
|  -5 |
|  -7 |
|  -7 |
|  -7 |
+-----+
(9 rows)

!ok

#-------------------------------------------------------------------------
# TESTCASE: test_scalar_numeric_funcs TEST_ID: A1_B25_C3
#-------------------------------------------------------------------------
SELECT bitwise_complement(cast(c AS int))+bitwise_complement(c_long) AS col
FROM test_unnest,
     unnest(mv_to_array(c_mv_num_with_null_and_empty_val)) AS u(c)
WHERE c_long IN (0,
                 1,
                 2)
  AND (bitwise_complement(cast(c AS int))+bitwise_complement(c_long)) IN (-2,
                                                                          -3,
                                                                          -4,
                                                                          -5,
                                                                          -6,
                                                                          -7);
+-----+
| col |
+-----+
|  -3 |
|  -4 |
|  -4 |
|  -5 |
|  -5 |
|  -5 |
|  -6 |
|  -6 |
|  -7 |
+-----+
(9 rows)

!ok

#-------------------------------------------------------------------------
# TESTCASE: test_scalar_numeric_funcs TEST_ID: A1_B25_C4
#-------------------------------------------------------------------------
SELECT bitwise_complement(cast(c AS int)+c_long) AS col
FROM test_unnest,
     unnest(mv_to_array(c_mv_num_with_null_and_empty_val)) AS u(c)
WHERE c_long IN (0,
                 1,
                 2)
  AND bitwise_complement(cast(c AS int)+c_long) IN (-1,
                                                    -2,
                                                    -3,
                                                    -4,
                                                    -5,
                                                    -6);
+-----+
| col |
+-----+
|  -2 |
|  -3 |
|  -3 |
|  -4 |
|  -4 |
|  -4 |
|  -5 |
|  -5 |
|  -6 |
+-----+
(9 rows)

!ok

#-------------------------------------------------------------------------
# TESTCASE: test_scalar_numeric_funcs TEST_ID: A1_B26_C1
#-------------------------------------------------------------------------
SELECT bitwise_convert_double_to_long_bits(cast(c AS DOUBLE))+bitwise_convert_double_to_long_bits(cast(c AS DOUBLE)) AS col
FROM test_unnest,
     unnest(mv_to_array(c_mv_num_with_null_and_empty_val)) AS u(c)
WHERE c_long IN (0,
                 1,
                 2)
  AND (bitwise_convert_double_to_long_bits(cast(c AS DOUBLE))+bitwise_convert_double_to_long_bits(cast(c AS DOUBLE)))<>99999;
+----------------------+
| col                  |
+----------------------+
| -9218868437227405312 |
| -9218868437227405312 |
| -9218868437227405312 |
| -9223372036854775808 |
| -9223372036854775808 |
| -9223372036854775808 |
|  9214364837600034816 |
|  9214364837600034816 |
|  9214364837600034816 |
+----------------------+
(9 rows)

!ok

