!set useApproximateCountDistinct false
!use druidtest://?componentSupplier=AllDruidEnginesComponentSupplier&datasets=sql/src/test/quidem/qatests/qaAggFuncs
!set outputformat mysql
#-------------------------------------------------------------------------
# TESTCASE: test004 TEST_ID: A50
#-------------------------------------------------------------------------
SELECT repeat(string_agg(tab0l0, '|', 100000), 2) AS col
FROM test_agg_funcs
WHERE tab0l0=1111111111;
+------------------------------------------------------------------------------------------------------------------------------------+
| col                                                                                                                                |
+------------------------------------------------------------------------------------------------------------------------------------+
| 1111111111|1111111111|1111111111|1111111111|1111111111|11111111111111111111|1111111111|1111111111|1111111111|1111111111|1111111111 |
+------------------------------------------------------------------------------------------------------------------------------------+
(1 row)

!ok

#-------------------------------------------------------------------------
# TESTCASE: test004 TEST_ID: A52
#-------------------------------------------------------------------------
SELECT lpad(string_agg(tab0l0, '|', 100000), 11) AS col
FROM test_agg_funcs
WHERE tab0l0=1111111111;
+-------------+
| col         |
+-------------+
| 1111111111| |
+-------------+
(1 row)

!ok

#-------------------------------------------------------------------------
# TESTCASE: test004 TEST_ID: A52
#-------------------------------------------------------------------------
SELECT lpad(string_agg(tab0l0, '|', 100000), 11, '3') AS col
FROM test_agg_funcs
WHERE tab0l0=1111111111;
+-------------+
| col         |
+-------------+
| 1111111111| |
+-------------+
(1 row)

!ok

#-------------------------------------------------------------------------
# TESTCASE: test004 TEST_ID: A53
#-------------------------------------------------------------------------
SELECT lpad(string_agg(tab0l0, '|', 100000), 75) AS col
FROM test_agg_funcs
WHERE tab0l0=1111111111;
+-----------------------------------------------------------------------------+
| col                                                                         |
+-----------------------------------------------------------------------------+
|           1111111111|1111111111|1111111111|1111111111|1111111111|1111111111 |
+-----------------------------------------------------------------------------+
(1 row)

!ok

#-------------------------------------------------------------------------
# TESTCASE: test004 TEST_ID: A54
#-------------------------------------------------------------------------
SELECT lpad(string_agg(tab0l0, '|', 100000), 75, '3') AS col
FROM test_agg_funcs
WHERE tab0l0=1111111111;
+-----------------------------------------------------------------------------+
| col                                                                         |
+-----------------------------------------------------------------------------+
| 33333333331111111111|1111111111|1111111111|1111111111|1111111111|1111111111 |
+-----------------------------------------------------------------------------+
(1 row)

!ok

#-------------------------------------------------------------------------
# TESTCASE: test004 TEST_ID: A55
#-------------------------------------------------------------------------
SELECT rpad(string_agg(tab0l0, '|', 100000), 11) AS col
FROM test_agg_funcs
WHERE tab0l0=1111111111;
+-------------+
| col         |
+-------------+
| 1111111111| |
+-------------+
(1 row)

!ok

#-------------------------------------------------------------------------
# TESTCASE: test004 TEST_ID: A56
#-------------------------------------------------------------------------
SELECT rpad(string_agg(tab0l0, '|', 100000), 11, '3') AS col
FROM test_agg_funcs
WHERE tab0l0=1111111111;
+-------------+
| col         |
+-------------+
| 1111111111| |
+-------------+
(1 row)

!ok

#-------------------------------------------------------------------------
# TESTCASE: test004 TEST_ID: A57
#-------------------------------------------------------------------------
SELECT rpad(string_agg(tab0l0, '|', 100000), 75) AS col
FROM test_agg_funcs
WHERE tab0l0=1111111111;
+-----------------------------------------------------------------------------+
| col                                                                         |
+-----------------------------------------------------------------------------+
| 1111111111|1111111111|1111111111|1111111111|1111111111|1111111111           |
+-----------------------------------------------------------------------------+
(1 row)

!ok

#-------------------------------------------------------------------------
# TESTCASE: test004 TEST_ID: A58
#-------------------------------------------------------------------------
SELECT rpad(string_agg(tab0l0, '|', 100000), 75, '3') AS col
FROM test_agg_funcs
WHERE tab0l0=1111111111;
+-----------------------------------------------------------------------------+
| col                                                                         |
+-----------------------------------------------------------------------------+
| 1111111111|1111111111|1111111111|1111111111|1111111111|11111111113333333333 |
+-----------------------------------------------------------------------------+
(1 row)

!ok

#-------------------------------------------------------------------------
# TESTCASE: test004 TEST_ID: A59
#-------------------------------------------------------------------------
SELECT strlen(col) LEN
FROM
  (SELECT string_agg(t0.tab0l0, '|', 100000) AS col
   FROM test_agg_funcs t0,
        test_agg_funcs t1,
        test_agg_funcs t2
   WHERE t0.tab0l0 IS NOT NULL);
+-------+
| LEN   |
+-------+
| 42767 |
+-------+
(1 row)

!ok

#-------------------------------------------------------------------------
# TESTCASE: test004 TEST_ID: A60
#-------------------------------------------------------------------------
SELECT length(string_agg(t0.tab0l0, '|', 100000)) AS col
FROM test_agg_funcs t0,
     test_agg_funcs t1,
     test_agg_funcs t2
WHERE t0.tab0l0 IS NOT NULL;
+-------+
| col   |
+-------+
| 42767 |
+-------+
(1 row)

!ok

#-------------------------------------------------------------------------
# TESTCASE: test004 TEST_ID: A61
#-------------------------------------------------------------------------
SELECT strlen(col) LEN
FROM
  (SELECT string_agg(t0.tab0l0, '|', 100000) AS col
   FROM test_agg_funcs t0,
        test_agg_funcs t1,
        test_agg_funcs t2
   GROUP BY t0.tab0l0);
+-------+
| LEN   |
+-------+
| 21383 |
| 21383 |
|       |
+-------+
(3 rows)

!ok

#-------------------------------------------------------------------------
# TESTCASE: test004 TEST_ID: A62
#-------------------------------------------------------------------------
SELECT length(string_agg(t0.tab0l0, '|', 100000)) AS col
FROM test_agg_funcs t0,
     test_agg_funcs t1,
     test_agg_funcs t2
GROUP BY t0.tab0l0;
+-------+
| col   |
+-------+
| 21383 |
| 21383 |
|       |
+-------+
(3 rows)

!ok

