!set useApproximateCountDistinct false
!use druidtest://?componentSupplier=AllDruidEnginesComponentSupplier&datasets=sql/src/test/quidem/qatests/qaAggFuncs
!set outputformat mysql
#-------------------------------------------------------------------------
# TESTCASE: test001 TEST_ID: SEL_DATASOURCE
#-------------------------------------------------------------------------
SELECT count(*) cnt
FROM test_agg_funcs;
+-----+
| cnt |
+-----+
|  18 |
+-----+
(1 row)

!ok

#-------------------------------------------------------------------------
# TESTCASE: test001 TEST_ID: A01
#-------------------------------------------------------------------------
SELECT string_agg('AAAAAAAAAA', '|') AS col;
QueryInterruptedException
!error

#-------------------------------------------------------------------------
# TESTCASE: test001 TEST_ID: A02
#-------------------------------------------------------------------------
SELECT strlen(col) LEN
FROM
  (SELECT string_agg(tab0s0, '|') AS col
   FROM test_agg_funcs);
+-----+
| LEN |
+-----+
| 131 |
+-----+
(1 row)

!ok

#-------------------------------------------------------------------------
# TESTCASE: test001 TEST_ID: A03
#-------------------------------------------------------------------------
SELECT string_agg(tab0s0, '|') AS col
FROM test_agg_funcs
WHERE tab0s0 IS NULL;
+-----+
| col |
+-----+
|     |
+-----+
(1 row)

!ok

#-------------------------------------------------------------------------
# TESTCASE: test001 TEST_ID: A04
#-------------------------------------------------------------------------
SELECT string_agg(tab0s0, '|') || '-CCCCCCCCCC' AS col
FROM test_agg_funcs
WHERE tab0s0='AAAAAAAAAA';
+------------------------------------------------------------------------------+
| col                                                                          |
+------------------------------------------------------------------------------+
| AAAAAAAAAA|AAAAAAAAAA|AAAAAAAAAA|AAAAAAAAAA|AAAAAAAAAA|AAAAAAAAAA-CCCCCCCCCC |
+------------------------------------------------------------------------------+
(1 row)

!ok

#-------------------------------------------------------------------------
# TESTCASE: test001 TEST_ID: A05
#-------------------------------------------------------------------------
SELECT 'CCCCCCCCCC-' || string_agg(tab0s0, '|') AS col
FROM test_agg_funcs
WHERE tab0s0='AAAAAAAAAA';
+------------------------------------------------------------------------------+
| col                                                                          |
+------------------------------------------------------------------------------+
| CCCCCCCCCC-AAAAAAAAAA|AAAAAAAAAA|AAAAAAAAAA|AAAAAAAAAA|AAAAAAAAAA|AAAAAAAAAA |
+------------------------------------------------------------------------------+
(1 row)

!ok

#-------------------------------------------------------------------------
# TESTCASE: test001 TEST_ID: A06
#-------------------------------------------------------------------------
SELECT string_agg(tab0s0, ',') || '-' || string_agg(tab0s0, '|') AS col
FROM test_agg_funcs
WHERE tab0s0='AAAAAAAAAA';
+-------------------------------------------------------------------------------------------------------------------------------------+
| col                                                                                                                                 |
+-------------------------------------------------------------------------------------------------------------------------------------+
| AAAAAAAAAA,AAAAAAAAAA,AAAAAAAAAA,AAAAAAAAAA,AAAAAAAAAA,AAAAAAAAAA-AAAAAAAAAA|AAAAAAAAAA|AAAAAAAAAA|AAAAAAAAAA|AAAAAAAAAA|AAAAAAAAAA |
+-------------------------------------------------------------------------------------------------------------------------------------+
(1 row)

!ok

#-------------------------------------------------------------------------
# TESTCASE: test001 TEST_ID: A07
#-------------------------------------------------------------------------
SELECT concat(string_agg(tab0s0, ','), '-', string_agg(tab0s0, '|')) AS col
FROM test_agg_funcs
WHERE tab0s0='AAAAAAAAAA';
+-------------------------------------------------------------------------------------------------------------------------------------+
| col                                                                                                                                 |
+-------------------------------------------------------------------------------------------------------------------------------------+
| AAAAAAAAAA,AAAAAAAAAA,AAAAAAAAAA,AAAAAAAAAA,AAAAAAAAAA,AAAAAAAAAA-AAAAAAAAAA|AAAAAAAAAA|AAAAAAAAAA|AAAAAAAAAA|AAAAAAAAAA|AAAAAAAAAA |
+-------------------------------------------------------------------------------------------------------------------------------------+
(1 row)

!ok

#-------------------------------------------------------------------------
# TESTCASE: test001 TEST_ID: A08
#-------------------------------------------------------------------------
SELECT textcat(string_agg(tab0s0, '|'), '-CCCCCCCCCC') AS col
FROM test_agg_funcs
WHERE tab0s0='AAAAAAAAAA';
+------------------------------------------------------------------------------+
| col                                                                          |
+------------------------------------------------------------------------------+
| AAAAAAAAAA|AAAAAAAAAA|AAAAAAAAAA|AAAAAAAAAA|AAAAAAAAAA|AAAAAAAAAA-CCCCCCCCCC |
+------------------------------------------------------------------------------+
(1 row)

!ok

#-------------------------------------------------------------------------
# TESTCASE: test001 TEST_ID: A09
#-------------------------------------------------------------------------
SELECT textcat('CCCCCCCCCC-', string_agg(tab0s0, '|')) AS col
FROM test_agg_funcs
WHERE tab0s0='AAAAAAAAAA';
+------------------------------------------------------------------------------+
| col                                                                          |
+------------------------------------------------------------------------------+
| CCCCCCCCCC-AAAAAAAAAA|AAAAAAAAAA|AAAAAAAAAA|AAAAAAAAAA|AAAAAAAAAA|AAAAAAAAAA |
+------------------------------------------------------------------------------+
(1 row)

!ok

#-------------------------------------------------------------------------
# TESTCASE: test001 TEST_ID: A10
#-------------------------------------------------------------------------
SELECT textcat(string_agg(tab0s0, ','), string_agg(tab0s0, '|')) AS col
FROM test_agg_funcs
WHERE tab0s0='AAAAAAAAAA';
+------------------------------------------------------------------------------------------------------------------------------------+
| col                                                                                                                                |
+------------------------------------------------------------------------------------------------------------------------------------+
| AAAAAAAAAA,AAAAAAAAAA,AAAAAAAAAA,AAAAAAAAAA,AAAAAAAAAA,AAAAAAAAAAAAAAAAAAAA|AAAAAAAAAA|AAAAAAAAAA|AAAAAAAAAA|AAAAAAAAAA|AAAAAAAAAA |
+------------------------------------------------------------------------------------------------------------------------------------+
(1 row)

!ok

#-------------------------------------------------------------------------
# TESTCASE: test001 TEST_ID: A11
#-------------------------------------------------------------------------
SELECT string_format('%s-%s', string_agg(tab0s0, ','), string_agg(tab0s0, '|')) AS col
FROM test_agg_funcs
WHERE tab0s0='AAAAAAAAAA';
+-------------------------------------------------------------------------------------------------------------------------------------+
| col                                                                                                                                 |
+-------------------------------------------------------------------------------------------------------------------------------------+
| AAAAAAAAAA,AAAAAAAAAA,AAAAAAAAAA,AAAAAAAAAA,AAAAAAAAAA,AAAAAAAAAA-AAAAAAAAAA|AAAAAAAAAA|AAAAAAAAAA|AAAAAAAAAA|AAAAAAAAAA|AAAAAAAAAA |
+-------------------------------------------------------------------------------------------------------------------------------------+
(1 row)

!ok

#-------------------------------------------------------------------------
# TESTCASE: test001 TEST_ID: A12
#-------------------------------------------------------------------------
SELECT length(string_agg(tab0s0, '|')) AS col
FROM test_agg_funcs;
+-----+
| col |
+-----+
| 131 |
+-----+
(1 row)

!ok

#-------------------------------------------------------------------------
# TESTCASE: test001 TEST_ID: A13
#-------------------------------------------------------------------------
SELECT char_length(string_agg(tab0s0, '|')) AS col
FROM test_agg_funcs;
+-----+
| col |
+-----+
| 131 |
+-----+
(1 row)

!ok

#-------------------------------------------------------------------------
# TESTCASE: test001 TEST_ID: A14
#-------------------------------------------------------------------------
SELECT character_length(string_agg(tab0s0, '|')) AS col
FROM test_agg_funcs;
+-----+
| col |
+-----+
| 131 |
+-----+
(1 row)

!ok

#-------------------------------------------------------------------------
# TESTCASE: test001 TEST_ID: A15
#-------------------------------------------------------------------------
SELECT character_length(string_agg(tab0s0, '|')) AS col
FROM test_agg_funcs;
+-----+
| col |
+-----+
| 131 |
+-----+
(1 row)

!ok

#-------------------------------------------------------------------------
# TESTCASE: test001 TEST_ID: A16
#-------------------------------------------------------------------------
SELECT lower(string_agg(tab0s0, '|')) AS col
FROM test_agg_funcs
WHERE tab0s0='AAAAAAAAAA';
+-------------------------------------------------------------------+
| col                                                               |
+-------------------------------------------------------------------+
| aaaaaaaaaa|aaaaaaaaaa|aaaaaaaaaa|aaaaaaaaaa|aaaaaaaaaa|aaaaaaaaaa |
+-------------------------------------------------------------------+
(1 row)

!ok

#-------------------------------------------------------------------------
# TESTCASE: test001 TEST_ID: A17
#-------------------------------------------------------------------------
SELECT parse_long(string_agg(tab0s0, '|'), 16) AS col
FROM test_agg_funcs
WHERE tab0s0='AAAAAAAAAA';
+-----+
| col |
+-----+
|     |
+-----+
(1 row)

!ok

#-------------------------------------------------------------------------
# TESTCASE: test001 TEST_ID: A18
#-------------------------------------------------------------------------
SELECT position('|A' IN string_agg(tab0s0, '|')) AS col
FROM test_agg_funcs
WHERE tab0s0='AAAAAAAAAA';
+-----+
| col |
+-----+
|  11 |
+-----+
(1 row)

!ok

#-------------------------------------------------------------------------
# TESTCASE: test001 TEST_ID: A19
#-------------------------------------------------------------------------
SELECT position('|A' IN string_agg(tab0s0, '|')
                FROM 12) AS col
FROM test_agg_funcs
WHERE tab0s0='AAAAAAAAAA';
+-----+
| col |
+-----+
|  22 |
+-----+
(1 row)

!ok

#-------------------------------------------------------------------------
# TESTCASE: test001 TEST_ID: A20
#-------------------------------------------------------------------------
SELECT regexp_extract(string_agg(tab0s0, '|'), 'A10\|') AS col
FROM test_agg_funcs
WHERE tab0s0='AAAAAAAAAA';
+-----+
| col |
+-----+
|     |
+-----+
(1 row)

!ok

#-------------------------------------------------------------------------
# TESTCASE: test001 TEST_ID: A21
#-------------------------------------------------------------------------
SELECT regexp_extract(string_agg(tab0s0, '|'), 'B10\|') AS col
FROM test_agg_funcs
WHERE tab0s0='AAAAAAAAAA';
+-----+
| col |
+-----+
|     |
+-----+
(1 row)

!ok

#-------------------------------------------------------------------------
# TESTCASE: test001 TEST_ID: A22
#-------------------------------------------------------------------------
SELECT regexp_like(string_agg(tab0s0, '|'), 'A10\|') AS col
FROM test_agg_funcs
WHERE tab0s0='AAAAAAAAAA';
+-------+
| col   |
+-------+
| false |
+-------+
(1 row)

!ok

#-------------------------------------------------------------------------
# TESTCASE: test001 TEST_ID: A23
#-------------------------------------------------------------------------
SELECT regexp_like(string_agg(tab0s0, '|'), 'B10\|') AS col
FROM test_agg_funcs
WHERE tab0s0='AAAAAAAAAA';
+-------+
| col   |
+-------+
| false |
+-------+
(1 row)

!ok

#-------------------------------------------------------------------------
# TESTCASE: test001 TEST_ID: A24
#-------------------------------------------------------------------------
SELECT contains_string(string_agg(tab0s0, '|'), 'AAAAAAAAAA|') AS col
FROM test_agg_funcs
WHERE tab0s0='AAAAAAAAAA';
+------+
| col  |
+------+
| true |
+------+
(1 row)

!ok

#-------------------------------------------------------------------------
# TESTCASE: test001 TEST_ID: A25
#-------------------------------------------------------------------------
SELECT contains_string(string_agg(tab0s0, '|'), 'aaaaaaaaaa|') AS col
FROM test_agg_funcs
WHERE tab0s0='AAAAAAAAAA';
+-------+
| col   |
+-------+
| false |
+-------+
(1 row)

!ok

#-------------------------------------------------------------------------
# TESTCASE: test001 TEST_ID: A26
#-------------------------------------------------------------------------
SELECT icontains_string(string_agg(tab0s0, '|'), 'aaaaaaaaaa|') AS col
FROM test_agg_funcs
WHERE tab0s0='AAAAAAAAAA';
+------+
| col  |
+------+
| true |
+------+
(1 row)

!ok

#-------------------------------------------------------------------------
# TESTCASE: test001 TEST_ID: A27
#-------------------------------------------------------------------------
SELECT icontains_string(string_agg(tab0s0, '|'), 'BBBBBBBBBB|') AS col
FROM test_agg_funcs
WHERE tab0s0='AAAAAAAAAA';
+-------+
| col   |
+-------+
| false |
+-------+
(1 row)

!ok

#-------------------------------------------------------------------------
# TESTCASE: test001 TEST_ID: A28
#-------------------------------------------------------------------------
SELECT replace(string_agg(tab0s0, '|'), 'AAAAAAAAAA', 'CCCCCCCCCC') AS col
FROM test_agg_funcs
WHERE tab0s0='AAAAAAAAAA';
+-------------------------------------------------------------------+
| col                                                               |
+-------------------------------------------------------------------+
| CCCCCCCCCC|CCCCCCCCCC|CCCCCCCCCC|CCCCCCCCCC|CCCCCCCCCC|CCCCCCCCCC |
+-------------------------------------------------------------------+
(1 row)

!ok

#-------------------------------------------------------------------------
# TESTCASE: test001 TEST_ID: A29
#-------------------------------------------------------------------------
SELECT replace(string_agg(tab0s0, '|'), 'aaaaaaaaaa', 'CCCCCCCCCC') AS col
FROM test_agg_funcs
WHERE tab0s0='AAAAAAAAAA';
+-------------------------------------------------------------------+
| col                                                               |
+-------------------------------------------------------------------+
| AAAAAAAAAA|AAAAAAAAAA|AAAAAAAAAA|AAAAAAAAAA|AAAAAAAAAA|AAAAAAAAAA |
+-------------------------------------------------------------------+
(1 row)

!ok

#-------------------------------------------------------------------------
# TESTCASE: test001 TEST_ID: A30
#-------------------------------------------------------------------------
SELECT strpos(string_agg(tab0s0, '|'), '|AAAAAAAAAA') AS col
FROM test_agg_funcs
WHERE tab0s0='AAAAAAAAAA';
+-----+
| col |
+-----+
|  11 |
+-----+
(1 row)

!ok

#-------------------------------------------------------------------------
# TESTCASE: test001 TEST_ID: A31
#-------------------------------------------------------------------------
SELECT strpos(string_agg(tab0s0, '|'), '|aaaaaaaaaa') AS col
FROM test_agg_funcs
WHERE tab0s0='AAAAAAAAAA';
+-----+
| col |
+-----+
|   0 |
+-----+
(1 row)

!ok

#-------------------------------------------------------------------------
# TESTCASE: test001 TEST_ID: A32
#-------------------------------------------------------------------------
SELECT substring(string_agg(tab0s0, '|'), 12) AS col
FROM test_agg_funcs
WHERE tab0s0='AAAAAAAAAA';
+--------------------------------------------------------+
| col                                                    |
+--------------------------------------------------------+
| AAAAAAAAAA|AAAAAAAAAA|AAAAAAAAAA|AAAAAAAAAA|AAAAAAAAAA |
+--------------------------------------------------------+
(1 row)

!ok

#-------------------------------------------------------------------------
# TESTCASE: test001 TEST_ID: A33
#-------------------------------------------------------------------------
SELECT substring(string_agg(tab0s0, '|'), 12, 11) AS col
FROM test_agg_funcs
WHERE tab0s0='AAAAAAAAAA';
+-------------+
| col         |
+-------------+
| AAAAAAAAAA| |
+-------------+
(1 row)

!ok

#-------------------------------------------------------------------------
# TESTCASE: test001 TEST_ID: A34
#-------------------------------------------------------------------------
SELECT trim(BOTH
            FROM string_agg(tab0s0, '|')) AS col
FROM test_agg_funcs
WHERE tab0s0='AAAAAAAAAA';
+-------------------------------------------------------------------+
| col                                                               |
+-------------------------------------------------------------------+
| AAAAAAAAAA|AAAAAAAAAA|AAAAAAAAAA|AAAAAAAAAA|AAAAAAAAAA|AAAAAAAAAA |
+-------------------------------------------------------------------+
(1 row)

!ok

#-------------------------------------------------------------------------
# TESTCASE: test001 TEST_ID: A35
#-------------------------------------------------------------------------
SELECT trim(LEADING
            FROM string_agg(tab0s0, '|')) AS col
FROM test_agg_funcs
WHERE tab0s0='AAAAAAAAAA';
+-------------------------------------------------------------------+
| col                                                               |
+-------------------------------------------------------------------+
| AAAAAAAAAA|AAAAAAAAAA|AAAAAAAAAA|AAAAAAAAAA|AAAAAAAAAA|AAAAAAAAAA |
+-------------------------------------------------------------------+
(1 row)

!ok

#-------------------------------------------------------------------------
# TESTCASE: test001 TEST_ID: A36
#-------------------------------------------------------------------------
SELECT trim(TRAILING
            FROM string_agg(tab0s0, '|')) AS col
FROM test_agg_funcs
WHERE tab0s0='AAAAAAAAAA';
+-------------------------------------------------------------------+
| col                                                               |
+-------------------------------------------------------------------+
| AAAAAAAAAA|AAAAAAAAAA|AAAAAAAAAA|AAAAAAAAAA|AAAAAAAAAA|AAAAAAAAAA |
+-------------------------------------------------------------------+
(1 row)

!ok

#-------------------------------------------------------------------------
# TESTCASE: test001 TEST_ID: A37
#-------------------------------------------------------------------------
SELECT trim(BOTH 'A'
            FROM string_agg(tab0s0, '|')) AS col
FROM test_agg_funcs
WHERE tab0s0='AAAAAAAAAA';
+-----------------------------------------------+
| col                                           |
+-----------------------------------------------+
| |AAAAAAAAAA|AAAAAAAAAA|AAAAAAAAAA|AAAAAAAAAA| |
+-----------------------------------------------+
(1 row)

!ok

#-------------------------------------------------------------------------
# TESTCASE: test001 TEST_ID: A38
#-------------------------------------------------------------------------
SELECT trim(LEADING 'A'
            FROM string_agg(tab0s0, '|')) AS col
FROM test_agg_funcs
WHERE tab0s0='AAAAAAAAAA';
+---------------------------------------------------------+
| col                                                     |
+---------------------------------------------------------+
| |AAAAAAAAAA|AAAAAAAAAA|AAAAAAAAAA|AAAAAAAAAA|AAAAAAAAAA |
+---------------------------------------------------------+
(1 row)

!ok

#-------------------------------------------------------------------------
# TESTCASE: test001 TEST_ID: A39
#-------------------------------------------------------------------------
SELECT trim(TRAILING 'A'
            FROM string_agg(tab0s0, '|')) AS col
FROM test_agg_funcs
WHERE tab0s0='AAAAAAAAAA';
+---------------------------------------------------------+
| col                                                     |
+---------------------------------------------------------+
| AAAAAAAAAA|AAAAAAAAAA|AAAAAAAAAA|AAAAAAAAAA|AAAAAAAAAA| |
+---------------------------------------------------------+
(1 row)

!ok

#-------------------------------------------------------------------------
# TESTCASE: test001 TEST_ID: A40
#-------------------------------------------------------------------------
SELECT btrim(string_agg(tab0s0, '|')) AS col
FROM test_agg_funcs
WHERE tab0s0='AAAAAAAAAA';
+-------------------------------------------------------------------+
| col                                                               |
+-------------------------------------------------------------------+
| AAAAAAAAAA|AAAAAAAAAA|AAAAAAAAAA|AAAAAAAAAA|AAAAAAAAAA|AAAAAAAAAA |
+-------------------------------------------------------------------+
(1 row)

!ok

#-------------------------------------------------------------------------
# TESTCASE: test001 TEST_ID: A41
#-------------------------------------------------------------------------
SELECT btrim(string_agg(tab0s0, '|'), 'A') AS col
FROM test_agg_funcs
WHERE tab0s0='AAAAAAAAAA';
+-----------------------------------------------+
| col                                           |
+-----------------------------------------------+
| |AAAAAAAAAA|AAAAAAAAAA|AAAAAAAAAA|AAAAAAAAAA| |
+-----------------------------------------------+
(1 row)

!ok

#-------------------------------------------------------------------------
# TESTCASE: test001 TEST_ID: A42
#-------------------------------------------------------------------------
SELECT ltrim(string_agg(tab0s0, '|')) AS col
FROM test_agg_funcs
WHERE tab0s0='AAAAAAAAAA';
+-------------------------------------------------------------------+
| col                                                               |
+-------------------------------------------------------------------+
| AAAAAAAAAA|AAAAAAAAAA|AAAAAAAAAA|AAAAAAAAAA|AAAAAAAAAA|AAAAAAAAAA |
+-------------------------------------------------------------------+
(1 row)

!ok

#-------------------------------------------------------------------------
# TESTCASE: test001 TEST_ID: A43
#-------------------------------------------------------------------------
SELECT ltrim(string_agg(tab0s0, '|'), 'A') AS col
FROM test_agg_funcs
WHERE tab0s0='AAAAAAAAAA';
+---------------------------------------------------------+
| col                                                     |
+---------------------------------------------------------+
| |AAAAAAAAAA|AAAAAAAAAA|AAAAAAAAAA|AAAAAAAAAA|AAAAAAAAAA |
+---------------------------------------------------------+
(1 row)

!ok

#-------------------------------------------------------------------------
# TESTCASE: test001 TEST_ID: A44
#-------------------------------------------------------------------------
SELECT rtrim(string_agg(tab0s0, '|')) AS col
FROM test_agg_funcs
WHERE tab0s0='AAAAAAAAAA';
+-------------------------------------------------------------------+
| col                                                               |
+-------------------------------------------------------------------+
| AAAAAAAAAA|AAAAAAAAAA|AAAAAAAAAA|AAAAAAAAAA|AAAAAAAAAA|AAAAAAAAAA |
+-------------------------------------------------------------------+
(1 row)

!ok

#-------------------------------------------------------------------------
# TESTCASE: test001 TEST_ID: A45
#-------------------------------------------------------------------------
SELECT rtrim(string_agg(tab0s0, '|'), 'A') AS col
FROM test_agg_funcs
WHERE tab0s0='AAAAAAAAAA';
+---------------------------------------------------------+
| col                                                     |
+---------------------------------------------------------+
| AAAAAAAAAA|AAAAAAAAAA|AAAAAAAAAA|AAAAAAAAAA|AAAAAAAAAA| |
+---------------------------------------------------------+
(1 row)

!ok

#-------------------------------------------------------------------------
# TESTCASE: test001 TEST_ID: A46
#-------------------------------------------------------------------------
SELECT upper(string_agg(tab0s0, '|')) AS col
FROM test_agg_funcs
WHERE tab0s0='AAAAAAAAAA';
+-------------------------------------------------------------------+
| col                                                               |
+-------------------------------------------------------------------+
| AAAAAAAAAA|AAAAAAAAAA|AAAAAAAAAA|AAAAAAAAAA|AAAAAAAAAA|AAAAAAAAAA |
+-------------------------------------------------------------------+
(1 row)

!ok

#-------------------------------------------------------------------------
# TESTCASE: test001 TEST_ID: A47
#-------------------------------------------------------------------------
SELECT reverse(string_agg(tab0s0, '|')) AS col
FROM test_agg_funcs
WHERE tab0s0='AAAAAAAAAA';
+-------------------------------------------------------------------+
| col                                                               |
+-------------------------------------------------------------------+
| AAAAAAAAAA|AAAAAAAAAA|AAAAAAAAAA|AAAAAAAAAA|AAAAAAAAAA|AAAAAAAAAA |
+-------------------------------------------------------------------+
(1 row)

!ok

#-------------------------------------------------------------------------
# TESTCASE: test001 TEST_ID: A48
#-------------------------------------------------------------------------
SELECT repeat(string_agg(tab0s0, '|'), -1) AS col
FROM test_agg_funcs
WHERE tab0s0='AAAAAAAAAA';
+-----+
| col |
+-----+
|     |
+-----+
(1 row)

!ok

#-------------------------------------------------------------------------
# TESTCASE: test001 TEST_ID: A49
#-------------------------------------------------------------------------
SELECT repeat(string_agg(tab0s0, '|'), 0) AS col
FROM test_agg_funcs
WHERE tab0s0='AAAAAAAAAA';
+-----+
| col |
+-----+
|     |
+-----+
(1 row)

!ok

