!set useApproximateCountDistinct false
!use druidtest://?componentSupplier=AllDruidEnginesComponentSupplier&datasets=sql/src/test/quidem/qatests/qaAggFuncs
!set outputformat mysql
#-------------------------------------------------------------------------
# TESTCASE: test001 TEST_ID: A50
#-------------------------------------------------------------------------
SELECT count(*) cnt
FROM
  (SELECT repeat(string_agg(tab0d0, '|'), 2) AS col
   FROM test_agg_funcs
   WHERE tab0d0>111
     AND tab0d0<222)
WHERE col != 'ABCD'
  OR col IS NULL;
+-----+
| cnt |
+-----+
|   1 |
+-----+
(1 row)

!ok

#-------------------------------------------------------------------------
# TESTCASE: test001 TEST_ID: A51
#-------------------------------------------------------------------------
SELECT count(*) cnt
FROM
  (SELECT lpad(string_agg(tab0d0, '|'), 4) AS col
   FROM test_agg_funcs
   WHERE tab0d0>111
     AND tab0d0<222)
WHERE col != 'ABCD'
  OR col IS NULL;
+-----+
| cnt |
+-----+
|   1 |
+-----+
(1 row)

!ok

#-------------------------------------------------------------------------
# TESTCASE: test001 TEST_ID: A52
#-------------------------------------------------------------------------
SELECT count(*) cnt
FROM
  (SELECT lpad(string_agg(tab0d0, '|'), 4, '3') AS col
   FROM test_agg_funcs
   WHERE tab0d0>111
     AND tab0d0<222)
WHERE col != 'ABCD'
  OR col IS NULL;
+-----+
| cnt |
+-----+
|   1 |
+-----+
(1 row)

!ok

#-------------------------------------------------------------------------
# TESTCASE: test001 TEST_ID: A53
#-------------------------------------------------------------------------
SELECT count(*) cnt
FROM
  (SELECT lpad(string_agg(tab0d0, '|'), 500) AS col
   FROM test_agg_funcs
   WHERE tab0d0>111
     AND tab0d0<222)
WHERE col != 'ABCD'
  OR col IS NULL;
+-----+
| cnt |
+-----+
|   1 |
+-----+
(1 row)

!ok

#-------------------------------------------------------------------------
# TESTCASE: test001 TEST_ID: A54
#-------------------------------------------------------------------------
SELECT count(*) cnt
FROM
  (SELECT lpad(string_agg(tab0d0, '|'), 500, '3') AS col
   FROM test_agg_funcs
   WHERE tab0d0>111
     AND tab0d0<222)
WHERE col != 'ABCD'
  OR col IS NULL;
+-----+
| cnt |
+-----+
|   1 |
+-----+
(1 row)

!ok

#-------------------------------------------------------------------------
# TESTCASE: test001 TEST_ID: A55
#-------------------------------------------------------------------------
SELECT count(*) cnt
FROM
  (SELECT rpad(string_agg(tab0d0, '|'), 4) AS col
   FROM test_agg_funcs
   WHERE tab0d0>111
     AND tab0d0<222)
WHERE col != 'ABCD'
  OR col IS NULL;
+-----+
| cnt |
+-----+
|   1 |
+-----+
(1 row)

!ok

#-------------------------------------------------------------------------
# TESTCASE: test001 TEST_ID: A56
#-------------------------------------------------------------------------
SELECT count(*) cnt
FROM
  (SELECT rpad(string_agg(tab0d0, '|'), 4, '3') AS col
   FROM test_agg_funcs
   WHERE tab0d0>111
     AND tab0d0<222)
WHERE col != 'ABCD'
  OR col IS NULL;
+-----+
| cnt |
+-----+
|   1 |
+-----+
(1 row)

!ok

#-------------------------------------------------------------------------
# TESTCASE: test001 TEST_ID: A57
#-------------------------------------------------------------------------
SELECT count(*) cnt
FROM
  (SELECT rpad(string_agg(tab0d0, '|'), 500) AS col
   FROM test_agg_funcs
   WHERE tab0d0>111
     AND tab0d0<222)
WHERE col != 'ABCD'
  OR col IS NULL;
+-----+
| cnt |
+-----+
|   1 |
+-----+
(1 row)

!ok

#-------------------------------------------------------------------------
# TESTCASE: test001 TEST_ID: A58
#-------------------------------------------------------------------------
SELECT count(*) cnt
FROM
  (SELECT rpad(string_agg(tab0d0, '|'), 500, '3') AS col
   FROM test_agg_funcs
   WHERE tab0d0>111
     AND tab0d0<222)
WHERE col != 'ABCD'
  OR col IS NULL;
+-----+
| cnt |
+-----+
|   1 |
+-----+
(1 row)

!ok

#-------------------------------------------------------------------------
# TESTCASE: test001 TEST_ID: A59
#-------------------------------------------------------------------------
SELECT string_agg(t0.tab0d0, '|') AS col
FROM test_agg_funcs t0,
     test_agg_funcs t1,
     test_agg_funcs t2
WHERE t0.tab0d0 IS NOT NULL;
size
!error

#-------------------------------------------------------------------------
# TESTCASE: test001 TEST_ID: A60
#-------------------------------------------------------------------------
SELECT length(string_agg(t0.tab0d0, '|')) AS col
FROM test_agg_funcs t0,
     test_agg_funcs t1,
     test_agg_funcs t2
WHERE t0.tab0d0 IS NOT NULL;
size
!error

#-------------------------------------------------------------------------
# TESTCASE: test001 TEST_ID: A61
#-------------------------------------------------------------------------
SELECT string_agg(t0.tab0d0, '|') AS col
FROM test_agg_funcs t0,
     test_agg_funcs t1,
     test_agg_funcs t2
GROUP BY t0.tab0d0;
size
!error

#-------------------------------------------------------------------------
# TESTCASE: test001 TEST_ID: A62
#-------------------------------------------------------------------------
SELECT length(string_agg(t0.tab0d0, '|')) AS col
FROM test_agg_funcs t0,
     test_agg_funcs t1,
     test_agg_funcs t2
GROUP BY t0.tab0d0;
size
!error

