!set dartQueryId 00000000-0000-0000-0000-000000000000
!set useApproximateCountDistinct false
!use druidtest://?componentSupplier=StandardAndMSQComponentSupplier&datasets=sql/src/test/quidem/qatests/qaAggFuncs
!set outputformat mysql
#-------------------------------------------------------------------------
# TESTCASE: test002 TEST_ID: SEL_DATASOURCE
#-------------------------------------------------------------------------
SELECT count(*) cnt
FROM test_agg_funcs;
+-----+
| cnt |
+-----+
|  18 |
+-----+
(1 row)

!ok

#-------------------------------------------------------------------------
# TESTCASE: test002 TEST_ID: A01
#-------------------------------------------------------------------------
SELECT string_agg(DISTINCT 1111111111, '|') AS col;
QueryInterruptedException
!error

#-------------------------------------------------------------------------
# TESTCASE: test002 TEST_ID: A02
#-------------------------------------------------------------------------
SELECT strlen(col) LEN
FROM
  (SELECT string_agg(DISTINCT tab0l0, '|') AS col
   FROM test_agg_funcs);
+-----+
| LEN |
+-----+
|  21 |
+-----+
(1 row)

!ok

#-------------------------------------------------------------------------
# TESTCASE: test002 TEST_ID: A03
#-------------------------------------------------------------------------
SELECT string_agg(tab0l0, '|') AS col
FROM test_agg_funcs
WHERE tab0l0 IS NULL;
+-----+
| col |
+-----+
|     |
+-----+
(1 row)

!ok

#-------------------------------------------------------------------------
# TESTCASE: test002 TEST_ID: A04
#-------------------------------------------------------------------------
SELECT string_agg(DISTINCT tab0l0, '|') || '-3333333333' AS col
FROM test_agg_funcs
WHERE tab0l0=1111111111;
+-----------------------+
| col                   |
+-----------------------+
| 1111111111-3333333333 |
+-----------------------+
(1 row)

!ok

#-------------------------------------------------------------------------
# TESTCASE: test002 TEST_ID: A05
#-------------------------------------------------------------------------
SELECT '3333333333-' || string_agg(DISTINCT tab0l0, '|') AS col
FROM test_agg_funcs
WHERE tab0l0=1111111111;
+-----------------------+
| col                   |
+-----------------------+
| 3333333333-1111111111 |
+-----------------------+
(1 row)

!ok

#-------------------------------------------------------------------------
# TESTCASE: test002 TEST_ID: A06
#-------------------------------------------------------------------------
SELECT string_agg(DISTINCT tab0l0, ',') || '-' || string_agg(tab0l0, '|') AS col
FROM test_agg_funcs
WHERE tab0l0=1111111111;
+------------------------------------------------------------------------------+
| col                                                                          |
+------------------------------------------------------------------------------+
| 1111111111-1111111111|1111111111|1111111111|1111111111|1111111111|1111111111 |
+------------------------------------------------------------------------------+
(1 row)

!ok

#-------------------------------------------------------------------------
# TESTCASE: test002 TEST_ID: A07
#-------------------------------------------------------------------------
SELECT concat(string_agg(tab0l0, ','), '-', string_agg(DISTINCT tab0l0, '|')) AS col
FROM test_agg_funcs
WHERE tab0l0=1111111111;
+------------------------------------------------------------------------------+
| col                                                                          |
+------------------------------------------------------------------------------+
| 1111111111,1111111111,1111111111,1111111111,1111111111,1111111111-1111111111 |
+------------------------------------------------------------------------------+
(1 row)

!ok

#-------------------------------------------------------------------------
# TESTCASE: test002 TEST_ID: A08
#-------------------------------------------------------------------------
SELECT textcat(string_agg(DISTINCT tab0l0, '|'), '-3333333333') AS col
FROM test_agg_funcs
WHERE tab0l0=1111111111;
+-----------------------+
| col                   |
+-----------------------+
| 1111111111-3333333333 |
+-----------------------+
(1 row)

!ok

#-------------------------------------------------------------------------
# TESTCASE: test002 TEST_ID: A09
#-------------------------------------------------------------------------
SELECT textcat('3333333333-', string_agg(DISTINCT tab0l0, '|')) AS col
FROM test_agg_funcs
WHERE tab0l0=1111111111;
+-----------------------+
| col                   |
+-----------------------+
| 3333333333-1111111111 |
+-----------------------+
(1 row)

!ok

#-------------------------------------------------------------------------
# TESTCASE: test002 TEST_ID: A10
#-------------------------------------------------------------------------
SELECT textcat(string_agg(tab0l0, ','), string_agg(DISTINCT tab0l0, '|')) AS col
FROM test_agg_funcs
WHERE tab0l0=1111111111;
+-----------------------------------------------------------------------------+
| col                                                                         |
+-----------------------------------------------------------------------------+
| 1111111111,1111111111,1111111111,1111111111,1111111111,11111111111111111111 |
+-----------------------------------------------------------------------------+
(1 row)

!ok

#-------------------------------------------------------------------------
# TESTCASE: test002 TEST_ID: A11
#-------------------------------------------------------------------------
SELECT string_format('%s-%s', string_agg(DISTINCT tab0l0, ','), string_agg(tab0l0, '|')) AS col
FROM test_agg_funcs
WHERE tab0l0=1111111111;
+------------------------------------------------------------------------------+
| col                                                                          |
+------------------------------------------------------------------------------+
| 1111111111-1111111111|1111111111|1111111111|1111111111|1111111111|1111111111 |
+------------------------------------------------------------------------------+
(1 row)

!ok

#-------------------------------------------------------------------------
# TESTCASE: test002 TEST_ID: A12
#-------------------------------------------------------------------------
SELECT length(string_agg(DISTINCT tab0l0, '|')) AS col
FROM test_agg_funcs;
+-----+
| col |
+-----+
|  21 |
+-----+
(1 row)

!ok

#-------------------------------------------------------------------------
# TESTCASE: test002 TEST_ID: A13
#-------------------------------------------------------------------------
SELECT char_length(string_agg(DISTINCT tab0l0, '|')) AS col
FROM test_agg_funcs;
+-----+
| col |
+-----+
|  21 |
+-----+
(1 row)

!ok

#-------------------------------------------------------------------------
# TESTCASE: test002 TEST_ID: A14
#-------------------------------------------------------------------------
SELECT character_length(string_agg(DISTINCT tab0l0, '|')) AS col
FROM test_agg_funcs;
+-----+
| col |
+-----+
|  21 |
+-----+
(1 row)

!ok

#-------------------------------------------------------------------------
# TESTCASE: test002 TEST_ID: A15
#-------------------------------------------------------------------------
SELECT character_length(string_agg(DISTINCT tab0l0, '|')) AS col
FROM test_agg_funcs;
+-----+
| col |
+-----+
|  21 |
+-----+
(1 row)

!ok

#-------------------------------------------------------------------------
# TESTCASE: test002 TEST_ID: A16
#-------------------------------------------------------------------------
SELECT lower(string_agg(DISTINCT tab0l0, '|')) AS col
FROM test_agg_funcs
WHERE tab0l0=1111111111;
+------------+
| col        |
+------------+
| 1111111111 |
+------------+
(1 row)

!ok

#-------------------------------------------------------------------------
# TESTCASE: test002 TEST_ID: A17
#-------------------------------------------------------------------------
SELECT parse_long(string_agg(DISTINCT tab0l0, '|'), 16) AS col
FROM test_agg_funcs
WHERE tab0l0=1111111111;
+-------------+
| col         |
+-------------+
| 73300775185 |
+-------------+
(1 row)

!ok

#-------------------------------------------------------------------------
# TESTCASE: test002 TEST_ID: A18
#-------------------------------------------------------------------------
SELECT position('1' IN string_agg(DISTINCT tab0l0, '|')) AS col
FROM test_agg_funcs
WHERE tab0l0=1111111111;
+-----+
| col |
+-----+
|   1 |
+-----+
(1 row)

!ok

#-------------------------------------------------------------------------
# TESTCASE: test002 TEST_ID: A19
#-------------------------------------------------------------------------
SELECT position('1' IN string_agg(DISTINCT tab0l0, '|')
                FROM 2) AS col
FROM test_agg_funcs
WHERE tab0l0=1111111111;
+-----+
| col |
+-----+
|   2 |
+-----+
(1 row)

!ok

#-------------------------------------------------------------------------
# TESTCASE: test002 TEST_ID: A20
#-------------------------------------------------------------------------
SELECT regexp_extract(string_agg(DISTINCT tab0l0, '|'), '110') AS col
FROM test_agg_funcs
WHERE tab0l0=1111111111;
+-----+
| col |
+-----+
|     |
+-----+
(1 row)

!ok

#-------------------------------------------------------------------------
# TESTCASE: test002 TEST_ID: A21
#-------------------------------------------------------------------------
SELECT regexp_extract(string_agg(DISTINCT tab0l0, '|'), '210') AS col
FROM test_agg_funcs
WHERE tab0l0=1111111111;
+-----+
| col |
+-----+
|     |
+-----+
(1 row)

!ok

#-------------------------------------------------------------------------
# TESTCASE: test002 TEST_ID: A22
#-------------------------------------------------------------------------
SELECT regexp_like(string_agg(DISTINCT tab0l0, '|'), '110') AS col
FROM test_agg_funcs
WHERE tab0l0=1111111111;
+-------+
| col   |
+-------+
| false |
+-------+
(1 row)

!ok

#-------------------------------------------------------------------------
# TESTCASE: test002 TEST_ID: A23
#-------------------------------------------------------------------------
SELECT regexp_like(string_agg(DISTINCT tab0l0, '|'), '210') AS col
FROM test_agg_funcs
WHERE tab0l0=1111111111;
+-------+
| col   |
+-------+
| false |
+-------+
(1 row)

!ok

#-------------------------------------------------------------------------
# TESTCASE: test002 TEST_ID: A24
#-------------------------------------------------------------------------
SELECT contains_string(string_agg(DISTINCT tab0l0, '|'), '1111111111') AS col
FROM test_agg_funcs
WHERE tab0l0=1111111111;
+------+
| col  |
+------+
| true |
+------+
(1 row)

!ok

#-------------------------------------------------------------------------
# TESTCASE: test002 TEST_ID: A25
#-------------------------------------------------------------------------
SELECT contains_string(string_agg(DISTINCT tab0l0, '|'), '2222222222') AS col
FROM test_agg_funcs
WHERE tab0l0=1111111111;
+-------+
| col   |
+-------+
| false |
+-------+
(1 row)

!ok

#-------------------------------------------------------------------------
# TESTCASE: test002 TEST_ID: A26
#-------------------------------------------------------------------------
SELECT icontains_string(string_agg(DISTINCT tab0l0, '|'), '1111111111') AS col
FROM test_agg_funcs
WHERE tab0l0=1111111111;
+------+
| col  |
+------+
| true |
+------+
(1 row)

!ok

#-------------------------------------------------------------------------
# TESTCASE: test002 TEST_ID: A27
#-------------------------------------------------------------------------
SELECT icontains_string(string_agg(DISTINCT tab0l0, '|'), '2222222222') AS col
FROM test_agg_funcs
WHERE tab0l0=1111111111;
+-------+
| col   |
+-------+
| false |
+-------+
(1 row)

!ok

#-------------------------------------------------------------------------
# TESTCASE: test002 TEST_ID: A28
#-------------------------------------------------------------------------
SELECT replace(string_agg(DISTINCT tab0l0, '|'), '1111111111', '3333333333') AS col
FROM test_agg_funcs
WHERE tab0l0=1111111111;
+------------+
| col        |
+------------+
| 3333333333 |
+------------+
(1 row)

!ok

#-------------------------------------------------------------------------
# TESTCASE: test002 TEST_ID: A29
#-------------------------------------------------------------------------
SELECT replace(string_agg(DISTINCT tab0l0, '|'), '4444444444', '3333333333') AS col
FROM test_agg_funcs
WHERE tab0l0=1111111111;
+------------+
| col        |
+------------+
| 1111111111 |
+------------+
(1 row)

!ok

#-------------------------------------------------------------------------
# TESTCASE: test002 TEST_ID: A30
#-------------------------------------------------------------------------
SELECT strpos(string_agg(DISTINCT tab0l0, '|'), '1111111111') AS col
FROM test_agg_funcs
WHERE tab0l0=1111111111;
+-----+
| col |
+-----+
|   1 |
+-----+
(1 row)

!ok

#-------------------------------------------------------------------------
# TESTCASE: test002 TEST_ID: A31
#-------------------------------------------------------------------------
SELECT strpos(string_agg(DISTINCT tab0l0, '|'), '4444444444') AS col
FROM test_agg_funcs
WHERE tab0l0=1111111111;
+-----+
| col |
+-----+
|   0 |
+-----+
(1 row)

!ok

#-------------------------------------------------------------------------
# TESTCASE: test002 TEST_ID: A32
#-------------------------------------------------------------------------
SELECT substring(string_agg(DISTINCT tab0l0, '|'), 10) AS col
FROM test_agg_funcs
WHERE tab0l0=1111111111;
+-----+
| col |
+-----+
| 1   |
+-----+
(1 row)

!ok

#-------------------------------------------------------------------------
# TESTCASE: test002 TEST_ID: A33
#-------------------------------------------------------------------------
SELECT substring(string_agg(DISTINCT tab0l0, '|'), 10, 100) AS col
FROM test_agg_funcs
WHERE tab0l0=1111111111;
+-----+
| col |
+-----+
| 1   |
+-----+
(1 row)

!ok

#-------------------------------------------------------------------------
# TESTCASE: test002 TEST_ID: A34
#-------------------------------------------------------------------------
SELECT trim(BOTH
            FROM string_agg(DISTINCT tab0l0, '|')) AS col
FROM test_agg_funcs
WHERE tab0l0=1111111111;
+------------+
| col        |
+------------+
| 1111111111 |
+------------+
(1 row)

!ok

#-------------------------------------------------------------------------
# TESTCASE: test002 TEST_ID: A35
#-------------------------------------------------------------------------
SELECT trim(LEADING
            FROM string_agg(DISTINCT tab0l0, '|')) AS col
FROM test_agg_funcs
WHERE tab0l0=1111111111;
+------------+
| col        |
+------------+
| 1111111111 |
+------------+
(1 row)

!ok

#-------------------------------------------------------------------------
# TESTCASE: test002 TEST_ID: A36
#-------------------------------------------------------------------------
SELECT trim(TRAILING
            FROM string_agg(DISTINCT tab0l0, '|')) AS col
FROM test_agg_funcs
WHERE tab0l0=1111111111;
+------------+
| col        |
+------------+
| 1111111111 |
+------------+
(1 row)

!ok

#-------------------------------------------------------------------------
# TESTCASE: test002 TEST_ID: A37
#-------------------------------------------------------------------------
SELECT trim(BOTH '1'
            FROM string_agg(DISTINCT tab0l0, '|')) AS col
FROM test_agg_funcs
WHERE tab0l0=1111111111;
+-----+
| col |
+-----+
|     |
+-----+
(1 row)

!ok

#-------------------------------------------------------------------------
# TESTCASE: test002 TEST_ID: A38
#-------------------------------------------------------------------------
SELECT trim(LEADING '1'
            FROM string_agg(DISTINCT tab0l0, '|')) AS col
FROM test_agg_funcs
WHERE tab0l0=1111111111;
+-----+
| col |
+-----+
|     |
+-----+
(1 row)

!ok

#-------------------------------------------------------------------------
# TESTCASE: test002 TEST_ID: A39
#-------------------------------------------------------------------------
SELECT trim(TRAILING '1'
            FROM string_agg(DISTINCT tab0l0, '|')) AS col
FROM test_agg_funcs
WHERE tab0l0=1111111111;
+-----+
| col |
+-----+
|     |
+-----+
(1 row)

!ok

#-------------------------------------------------------------------------
# TESTCASE: test002 TEST_ID: A40
#-------------------------------------------------------------------------
SELECT btrim(string_agg(DISTINCT tab0l0, '|')) AS col
FROM test_agg_funcs
WHERE tab0l0=1111111111;
+------------+
| col        |
+------------+
| 1111111111 |
+------------+
(1 row)

!ok

#-------------------------------------------------------------------------
# TESTCASE: test002 TEST_ID: A41
#-------------------------------------------------------------------------
SELECT btrim(string_agg(DISTINCT tab0l0, '|'), '1') AS col
FROM test_agg_funcs
WHERE tab0l0=1111111111;
+-----+
| col |
+-----+
|     |
+-----+
(1 row)

!ok

#-------------------------------------------------------------------------
# TESTCASE: test002 TEST_ID: A42
#-------------------------------------------------------------------------
SELECT ltrim(string_agg(DISTINCT tab0l0, '|')) AS col
FROM test_agg_funcs
WHERE tab0l0=1111111111;
+------------+
| col        |
+------------+
| 1111111111 |
+------------+
(1 row)

!ok

#-------------------------------------------------------------------------
# TESTCASE: test002 TEST_ID: A43
#-------------------------------------------------------------------------
SELECT ltrim(string_agg(DISTINCT tab0l0, '|'), '1') AS col
FROM test_agg_funcs
WHERE tab0l0=1111111111;
+-----+
| col |
+-----+
|     |
+-----+
(1 row)

!ok

#-------------------------------------------------------------------------
# TESTCASE: test002 TEST_ID: A44
#-------------------------------------------------------------------------
SELECT rtrim(string_agg(DISTINCT tab0l0, '|')) AS col
FROM test_agg_funcs
WHERE tab0l0=1111111111;
+------------+
| col        |
+------------+
| 1111111111 |
+------------+
(1 row)

!ok

#-------------------------------------------------------------------------
# TESTCASE: test002 TEST_ID: A45
#-------------------------------------------------------------------------
SELECT rtrim(string_agg(DISTINCT tab0l0, '|'), '1') AS col
FROM test_agg_funcs
WHERE tab0l0=1111111111;
+-----+
| col |
+-----+
|     |
+-----+
(1 row)

!ok

#-------------------------------------------------------------------------
# TESTCASE: test002 TEST_ID: A46
#-------------------------------------------------------------------------
SELECT upper(string_agg(DISTINCT tab0l0, '|')) AS col
FROM test_agg_funcs
WHERE tab0l0=1111111111;
+------------+
| col        |
+------------+
| 1111111111 |
+------------+
(1 row)

!ok

#-------------------------------------------------------------------------
# TESTCASE: test002 TEST_ID: A47
#-------------------------------------------------------------------------
SELECT reverse(string_agg(DISTINCT tab0l0, '|')) AS col
FROM test_agg_funcs
WHERE tab0l0=1111111111;
+------------+
| col        |
+------------+
| 1111111111 |
+------------+
(1 row)

!ok

#-------------------------------------------------------------------------
# TESTCASE: test002 TEST_ID: A48
#-------------------------------------------------------------------------
SELECT repeat(string_agg(DISTINCT tab0l0, '|'), -1) AS col
FROM test_agg_funcs
WHERE tab0l0=1111111111;
+-----+
| col |
+-----+
|     |
+-----+
(1 row)

!ok

#-------------------------------------------------------------------------
# TESTCASE: test002 TEST_ID: A49
#-------------------------------------------------------------------------
SELECT repeat(string_agg(DISTINCT tab0l0, '|'), 0) AS col
FROM test_agg_funcs
WHERE tab0l0=1111111111;
+-----+
| col |
+-----+
|     |
+-----+
(1 row)

!ok

