!set useApproximateCountDistinct false
!use druidtest://?componentSupplier=AllDruidEnginesComponentSupplier&datasets=sql/src/test/quidem/qatests/qaAggFuncs
!set outputformat mysql
#-------------------------------------------------------------------------
# TESTCASE: test002 TEST_ID: A50
#-------------------------------------------------------------------------
SELECT repeat(string_agg(DISTINCT tab0s0, '|'), 2) AS col
FROM test_agg_funcs
WHERE tab0s0='AAAAAAAAAA';
+----------------------+
| col                  |
+----------------------+
| AAAAAAAAAAAAAAAAAAAA |
+----------------------+
(1 row)

!ok

#-------------------------------------------------------------------------
# TESTCASE: test002 TEST_ID: A51
#-------------------------------------------------------------------------
SELECT lpad(string_agg(DISTINCT tab0s0, '|'), 5) AS col
FROM test_agg_funcs
WHERE tab0s0='AAAAAAAAAA';
+-------+
| col   |
+-------+
| AAAAA |
+-------+
(1 row)

!ok

#-------------------------------------------------------------------------
# TESTCASE: test002 TEST_ID: A52
#-------------------------------------------------------------------------
SELECT lpad(string_agg(DISTINCT tab0s0, '|'), 5, 'C') AS col
FROM test_agg_funcs
WHERE tab0s0='AAAAAAAAAA';
+-------+
| col   |
+-------+
| AAAAA |
+-------+
(1 row)

!ok

#-------------------------------------------------------------------------
# TESTCASE: test002 TEST_ID: A53
#-------------------------------------------------------------------------
SELECT lpad(string_agg(DISTINCT tab0s0, '|'), 20) AS col
FROM test_agg_funcs
WHERE tab0s0='AAAAAAAAAA';
+----------------------+
| col                  |
+----------------------+
|           AAAAAAAAAA |
+----------------------+
(1 row)

!ok

#-------------------------------------------------------------------------
# TESTCASE: test002 TEST_ID: A54
#-------------------------------------------------------------------------
SELECT lpad(string_agg(DISTINCT tab0s0, '|'), 20, 'C') AS col
FROM test_agg_funcs
WHERE tab0s0='AAAAAAAAAA';
+----------------------+
| col                  |
+----------------------+
| CCCCCCCCCCAAAAAAAAAA |
+----------------------+
(1 row)

!ok

#-------------------------------------------------------------------------
# TESTCASE: test002 TEST_ID: A55
#-------------------------------------------------------------------------
SELECT rpad(string_agg(DISTINCT tab0s0, '|'), 5) AS col
FROM test_agg_funcs
WHERE tab0s0='AAAAAAAAAA';
+-------+
| col   |
+-------+
| AAAAA |
+-------+
(1 row)

!ok

#-------------------------------------------------------------------------
# TESTCASE: test002 TEST_ID: A56
#-------------------------------------------------------------------------
SELECT rpad(string_agg(DISTINCT tab0s0, '|'), 5, 'C') AS col
FROM test_agg_funcs
WHERE tab0s0='AAAAAAAAAA';
+-------+
| col   |
+-------+
| AAAAA |
+-------+
(1 row)

!ok

#-------------------------------------------------------------------------
# TESTCASE: test002 TEST_ID: A57
#-------------------------------------------------------------------------
SELECT rpad(string_agg(DISTINCT tab0s0, '|'), 20) AS col
FROM test_agg_funcs
WHERE tab0s0='AAAAAAAAAA';
+----------------------+
| col                  |
+----------------------+
| AAAAAAAAAA           |
+----------------------+
(1 row)

!ok

#-------------------------------------------------------------------------
# TESTCASE: test002 TEST_ID: A58
#-------------------------------------------------------------------------
SELECT rpad(string_agg(DISTINCT tab0s0, '|'), 20, 'C') AS col
FROM test_agg_funcs
WHERE tab0s0='AAAAAAAAAA';
+----------------------+
| col                  |
+----------------------+
| AAAAAAAAAACCCCCCCCCC |
+----------------------+
(1 row)

!ok

#-------------------------------------------------------------------------
# TESTCASE: test002 TEST_ID: A59
#-------------------------------------------------------------------------
SELECT strlen(col) LEN
FROM
  (SELECT string_agg(DISTINCT t0.tab0s0, '|') AS col
   FROM test_agg_funcs t0,
        test_agg_funcs t1,
        test_agg_funcs t2
   WHERE t0.tab0s0 IS NOT NULL);
+-----+
| LEN |
+-----+
|  21 |
+-----+
(1 row)

!ok

#-------------------------------------------------------------------------
# TESTCASE: test002 TEST_ID: A60
#-------------------------------------------------------------------------
SELECT length(string_agg(DISTINCT t0.tab0s0, '|')) AS col
FROM test_agg_funcs t0,
     test_agg_funcs t1,
     test_agg_funcs t2
WHERE t0.tab0s0 IS NOT NULL;
+-----+
| col |
+-----+
|  21 |
+-----+
(1 row)

!ok

#-------------------------------------------------------------------------
# TESTCASE: test002 TEST_ID: A61
#-------------------------------------------------------------------------
SELECT strlen(col) LEN
FROM
  (SELECT string_agg(DISTINCT t0.tab0s0, '|') AS col
   FROM test_agg_funcs t0,
        test_agg_funcs t1,
        test_agg_funcs t2
   GROUP BY t0.tab0s0);
+-----+
| LEN |
+-----+
|  10 |
|  10 |
|     |
+-----+
(3 rows)

!ok

#-------------------------------------------------------------------------
# TESTCASE: test002 TEST_ID: A62
#-------------------------------------------------------------------------
SELECT length(string_agg(DISTINCT t0.tab0s0, '|')) AS col
FROM test_agg_funcs t0,
     test_agg_funcs t1,
     test_agg_funcs t2
GROUP BY t0.tab0s0;
+-----+
| col |
+-----+
|  10 |
|  10 |
|     |
+-----+
(3 rows)

!ok

